{
  "source": "notebooks/15_mz_masked_tsz_power_spectrum.ipynb (+ GPU masked theory)",
  "git_hash": "e0cc699a6df275fd8a86b63c474d8d0da4ecb0ec",
  "map_cache": "data/nb15_mz_masked_ps.npz",
  "theory_cache": "data/nb15_mz_theory_ps.npz",
  "mass_cuts": [
    1000000000000000.0,
    500000000000000.0,
    200000000000000.0
  ],
  "z_cuts": [
    0.01,
    0.05,
    0.1,
    0.25
  ],
  "n_clusters": 1555542,
  "C_white": {
    "fullsky": 2.942672902344751e-16,
    "M>1e+15": 2.796335975794885e-16,
    "M>5e+14": 2.531651860605463e-16,
    "M>2e+14": 8.89726897281591e-17,
    "z<0.01": 1.0156448807335897e-16,
    "z<0.05": 3.554072220855275e-17,
    "z<0.1": 1.8131181192529947e-17,
    "z<0.25": 6.090503357825085e-18
  },
  "median_cat_over_map": {
    "fullsky": 1.0276483551284423,
    "M>1e+15": 1.053819740869431,
    "M>5e+14": 1.113573832275621,
    "M>2e+14": 1.1893448282332322,
    "z<0.01": 1.0289377090587393,
    "z<0.05": 1.031343856848519,
    "z<0.1": 1.015177338038868,
    "z<0.25": 0.9628803494285848
  }
}