
=== fullsky (q_cat=None) ===
Authorization required, but no authorization protocol specified

Authorization required, but no authorization protocol specified

Authorization required, but no authorization protocol specified

Authorization required, but no authorization protocol specified

[output] Output to be read-from/written-into folder '/scratch/scratch-lxu/flamingo_repo/chains/l1_m9_qfrommap_asz_only/fullsky', with prefix 'chain'
[mcmc] Getting initial point... (this may take a few seconds)
[mcmc] Initial point: A_SZ:-4.105448
[model] Measuring speeds... (this may take a few seconds)
[model] Setting measured speeds (per sec): {flamingo.inference.masked_ps.MaskedBandPowerLikelihood: 15800.0, flamingo.inference.masked_ps.MaskedTSZTheory: 60.6}
[mcmc] Covariance matrix not present. We will start learning the covariance of the proposal earlier: R-1 = 100 (would be 100 if all params loaded).
[mcmc] Sampling! (NB: no accepted step will be saved until 50 burn-in samples have been obtained)
[mcmc] Progress @ 2026-08-03 02:15:51 : 1 steps taken -- still burning in, 51 accepted steps left.
[mcmc] Finished burn-in phase: discarded 50 accepted steps.
[mcmc] Learn + convergence test @ 40 samples accepted.
[likelihoodcollection] Average computation time:
   flamingo.inference.masked_ps.MaskedBandPowerLikelihood : 5.32619e-05 s (274 evaluations, 0.0145938 s total)
[theorycollection] Average computation time:
   flamingo.inference.masked_ps.MaskedTSZTheory : 0.016059 s (274 evaluations, 4.40016 s total)
[mcmc]  - Acceptance rate: 0.330
[mcmc]  - Convergence of means: R-1 = 0.480566 after 32 accepted steps
[mcmc]  - Updated covariance matrix of proposal pdf.
[mcmc] Learn + convergence test @ 80 samples accepted.
[likelihoodcollection] Average computation time:
   flamingo.inference.masked_ps.MaskedBandPowerLikelihood : 5.30167e-05 s (343 evaluations, 0.0181847 s total)
[theorycollection] Average computation time:
   flamingo.inference.masked_ps.MaskedTSZTheory : 0.0160361 s (343 evaluations, 5.50039 s total)
[mcmc]  - Acceptance rate: 0.464
[mcmc]  - Convergence of means: R-1 = 0.040905 after 64 accepted steps
[mcmc]  - Updated covariance matrix of proposal pdf.
[mcmc] Learn + convergence test @ 120 samples accepted.
[likelihoodcollection] Average computation time:
   flamingo.inference.masked_ps.MaskedBandPowerLikelihood : 5.27193e-05 s (408 evaluations, 0.0215095 s total)
[theorycollection] Average computation time:
   flamingo.inference.masked_ps.MaskedTSZTheory : 0.0160441 s (408 evaluations, 6.54598 s total)
[mcmc]  - Acceptance rate: 0.525
[mcmc]  - Convergence of means: R-1 = 0.260167 after 96 accepted steps
[mcmc]  - Updated covariance matrix of proposal pdf.
[mcmc] Learn + convergence test @ 160 samples accepted.
[likelihoodcollection] Average computation time:
   flamingo.inference.masked_ps.MaskedBandPowerLikelihood : 5.26431e-05 s (466 evaluations, 0.0245317 s total)
[theorycollection] Average computation time:
   flamingo.inference.masked_ps.MaskedTSZTheory : 0.0159876 s (466 evaluations, 7.45023 s total)
[mcmc]  - Acceptance rate: 0.590
[mcmc]  - Convergence of means: R-1 = 0.065496 after 128 accepted steps
[mcmc]  - Updated covariance matrix of proposal pdf.
[mcmc] Learn + convergence test @ 200 samples accepted.
[likelihoodcollection] Average computation time:
   flamingo.inference.masked_ps.MaskedBandPowerLikelihood : 5.27098e-05 s (533 evaluations, 0.0280943 s total)
[theorycollection] Average computation time:
   flamingo.inference.masked_ps.MaskedTSZTheory : 0.0160565 s (533 evaluations, 8.5581 s total)
[mcmc]  - Acceptance rate: 0.618
[mcmc]  - Convergence of means: R-1 = 0.060435 after 160 accepted steps
[mcmc]  - Updated covariance matrix of proposal pdf.
[mcmc] Learn + convergence test @ 240 samples accepted.
[likelihoodcollection] Average computation time:
   flamingo.inference.masked_ps.MaskedBandPowerLikelihood : 5.38144e-05 s (602 evaluations, 0.0323963 s total)
[theorycollection] Average computation time:
   flamingo.inference.masked_ps.MaskedTSZTheory : 0.0160934 s (602 evaluations, 9.68825 s total)
[mcmc]  - Acceptance rate: 0.613
[mcmc]  - Convergence of means: R-1 = 0.068413 after 192 accepted steps
[mcmc]  - Updated covariance matrix of proposal pdf.
[mcmc] Learn + convergence test @ 280 samples accepted.
[likelihoodcollection] Average computation time:
   flamingo.inference.masked_ps.MaskedBandPowerLikelihood : 5.37864e-05 s (666 evaluations, 0.0358218 s total)
[theorycollection] Average computation time:
   flamingo.inference.masked_ps.MaskedTSZTheory : 0.0160814 s (666 evaluations, 10.7102 s total)
[mcmc]  - Acceptance rate: 0.614
[mcmc]  - Convergence of means: R-1 = 0.025906 after 224 accepted steps
[mcmc]  - Updated covariance matrix of proposal pdf.
[mcmc] Learn + convergence test @ 320 samples accepted.
[likelihoodcollection] Average computation time:
   flamingo.inference.masked_ps.MaskedBandPowerLikelihood : 5.4709e-05 s (734 evaluations, 0.0401564 s total)
[theorycollection] Average computation time:
   flamingo.inference.masked_ps.MaskedTSZTheory : 0.0161154 s (734 evaluations, 11.8287 s total)
[mcmc]  - Acceptance rate: 0.617
[mcmc]  - Convergence of means: R-1 = 0.066282 after 256 accepted steps
[mcmc]  - Updated covariance matrix of proposal pdf.
[mcmc] Learn + convergence test @ 360 samples accepted.
[likelihoodcollection] Average computation time:
   flamingo.inference.masked_ps.MaskedBandPowerLikelihood : 5.48967e-05 s (806 evaluations, 0.0442467 s total)
[theorycollection] Average computation time:
   flamingo.inference.masked_ps.MaskedTSZTheory : 0.0161675 s (806 evaluations, 13.031 s total)
[mcmc]  - Acceptance rate: 0.603
[mcmc]  - Convergence of means: R-1 = 0.040461 after 288 accepted steps
[mcmc]  - Updated covariance matrix of proposal pdf.
[mcmc] Learn + convergence test @ 400 samples accepted.
[likelihoodcollection] Average computation time:
   flamingo.inference.masked_ps.MaskedBandPowerLikelihood : 5.50307e-05 s (865 evaluations, 0.0476016 s total)
[theorycollection] Average computation time:
   flamingo.inference.masked_ps.MaskedTSZTheory : 0.0161891 s (865 evaluations, 14.0036 s total)
[mcmc]  - Acceptance rate: 0.613
[mcmc]  - Convergence of means: R-1 = 0.051301 after 320 accepted steps
[mcmc]  - Updated covariance matrix of proposal pdf.
[mcmc] Learn + convergence test @ 440 samples accepted.
[likelihoodcollection] Average computation time:
   flamingo.inference.masked_ps.MaskedBandPowerLikelihood : 5.5006e-05 s (939 evaluations, 0.0516506 s total)
[theorycollection] Average computation time:
   flamingo.inference.masked_ps.MaskedTSZTheory : 0.016203 s (939 evaluations, 15.2146 s total)
[mcmc]  - Acceptance rate: 0.599
[mcmc]  - Convergence of means: R-1 = 0.040792 after 352 accepted steps
[mcmc]  - Updated covariance matrix of proposal pdf.
[mcmc] Learn + convergence test @ 480 samples accepted.
[likelihoodcollection] Average computation time:
   flamingo.inference.masked_ps.MaskedBandPowerLikelihood : 5.52302e-05 s (1003 evaluations, 0.0553959 s total)
[theorycollection] Average computation time:
   flamingo.inference.masked_ps.MaskedTSZTheory : 0.0162062 s (1003 evaluations, 16.2549 s total)
[mcmc]  - Acceptance rate: 0.600
[mcmc]  - Convergence of means: R-1 = 0.037056 after 384 accepted steps
[mcmc]  - Updated covariance matrix of proposal pdf.
[mcmc] Learn + convergence test @ 520 samples accepted.
[likelihoodcollection] Average computation time:
   flamingo.inference.masked_ps.MaskedBandPowerLikelihood : 5.4971e-05 s (1063 evaluations, 0.0584342 s total)
[theorycollection] Average computation time:
   flamingo.inference.masked_ps.MaskedTSZTheory : 0.0161979 s (1063 evaluations, 17.2184 s total)
[mcmc]  - Acceptance rate: 0.606
[mcmc]  - Convergence of means: R-1 = 0.008284 after 416 accepted steps
[mcmc]  - Updated covariance matrix of proposal pdf.
[mcmc] Learn + convergence test @ 560 samples accepted.
[likelihoodcollection] Average computation time:
   flamingo.inference.masked_ps.MaskedBandPowerLikelihood : 5.46312e-05 s (1141 evaluations, 0.0623342 s total)
[theorycollection] Average computation time:
   flamingo.inference.masked_ps.MaskedTSZTheory : 0.0161944 s (1141 evaluations, 18.4778 s total)
[mcmc]  - Acceptance rate: 0.599
[mcmc]  - Convergence of means: R-1 = 0.042420 after 448 accepted steps
[mcmc]  - Updated covariance matrix of proposal pdf.
[mcmc] Learn + convergence test @ 600 samples accepted.
[likelihoodcollection] Average computation time:
   flamingo.inference.masked_ps.MaskedBandPowerLikelihood : 5.46129e-05 s (1221 evaluations, 0.0666824 s total)
[theorycollection] Average computation time:
   flamingo.inference.masked_ps.MaskedTSZTheory : 0.0162168 s (1221 evaluations, 19.8008 s total)
[mcmc]  - Acceptance rate: 0.590
[mcmc]  - Convergence of means: R-1 = 0.013798 after 480 accepted steps
[mcmc]  - Updated covariance matrix of proposal pdf.
[mcmc] Learn + convergence test @ 640 samples accepted.
[likelihoodcollection] Average computation time:
   flamingo.inference.masked_ps.MaskedBandPowerLikelihood : 5.47078e-05 s (1286 evaluations, 0.0703542 s total)
[theorycollection] Average computation time:
   flamingo.inference.masked_ps.MaskedTSZTheory : 0.016218 s (1286 evaluations, 20.8564 s total)
[mcmc]  - Acceptance rate: 0.591
[mcmc]  - Convergence of means: R-1 = 0.003445 after 512 accepted steps
[mcmc]  - Updated covariance matrix of proposal pdf.
[mcmc] Learn + convergence test @ 680 samples accepted.
[likelihoodcollection] Average computation time:
   flamingo.inference.masked_ps.MaskedBandPowerLikelihood : 5.456e-05 s (1343 evaluations, 0.0732741 s total)
[theorycollection] Average computation time:
   flamingo.inference.masked_ps.MaskedTSZTheory : 0.0162139 s (1343 evaluations, 21.7752 s total)
[mcmc]  - Acceptance rate: 0.596
[mcmc]  - Convergence of means: R-1 = 0.010644 after 544 accepted steps
[mcmc]  - Updated covariance matrix of proposal pdf.
[mcmc] Learn + convergence test @ 720 samples accepted.
[likelihoodcollection] Average computation time:
   flamingo.inference.masked_ps.MaskedBandPowerLikelihood : 5.47232e-05 s (1411 evaluations, 0.0772144 s total)
[theorycollection] Average computation time:
   flamingo.inference.masked_ps.MaskedTSZTheory : 0.016239 s (1411 evaluations, 22.9132 s total)
[mcmc]  - Acceptance rate: 0.594
[mcmc]  - Convergence of means: R-1 = 0.012356 after 576 accepted steps
[mcmc]  - Updated covariance matrix of proposal pdf.
[mcmc] Learn + convergence test @ 760 samples accepted.
[likelihoodcollection] Average computation time:
   flamingo.inference.masked_ps.MaskedBandPowerLikelihood : 5.44354e-05 s (1482 evaluations, 0.0806733 s total)
[theorycollection] Average computation time:
   flamingo.inference.masked_ps.MaskedTSZTheory : 0.016223 s (1482 evaluations, 24.0425 s total)
[mcmc]  - Acceptance rate: 0.590
[mcmc]  - Convergence of means: R-1 = 0.008724 after 608 accepted steps
[mcmc]  - Updated covariance matrix of proposal pdf.
[mcmc] Learn + convergence test @ 800 samples accepted.
[likelihoodcollection] Average computation time:
   flamingo.inference.masked_ps.MaskedBandPowerLikelihood : 5.43836e-05 s (1546 evaluations, 0.0840771 s total)
[theorycollection] Average computation time:
   flamingo.inference.masked_ps.MaskedTSZTheory : 0.0162355 s (1546 evaluations, 25.1001 s total)
[mcmc]  - Acceptance rate: 0.593
[mcmc]  - Convergence of means: R-1 = 0.005295 after 640 accepted steps
[mcmc]  - Updated covariance matrix of proposal pdf.
[mcmc] Learn + convergence test @ 840 samples accepted.
[likelihoodcollection] Average computation time:
   flamingo.inference.masked_ps.MaskedBandPowerLikelihood : 5.4667e-05 s (1610 evaluations, 0.0880138 s total)
[theorycollection] Average computation time:
   flamingo.inference.masked_ps.MaskedTSZTheory : 0.0162684 s (1610 evaluations, 26.1921 s total)
[mcmc]  - Acceptance rate: 0.593
[mcmc]  - Convergence of means: R-1 = 0.001252 after 672 accepted steps
[mcmc]  - Updated covariance matrix of proposal pdf.
[mcmc] Learn + convergence test @ 880 samples accepted.
[likelihoodcollection] Average computation time:
   flamingo.inference.masked_ps.MaskedBandPowerLikelihood : 5.45006e-05 s (1678 evaluations, 0.091452 s total)
[theorycollection] Average computation time:
   flamingo.inference.masked_ps.MaskedTSZTheory : 0.016272 s (1678 evaluations, 27.3045 s total)
[mcmc]  - Acceptance rate: 0.593
[mcmc]  - Convergence of means: R-1 = 0.007693 after 704 accepted steps
[mcmc]  - Updated covariance matrix of proposal pdf.
[mcmc] Learn + convergence test @ 920 samples accepted.
[likelihoodcollection] Average computation time:
   flamingo.inference.masked_ps.MaskedBandPowerLikelihood : 5.44531e-05 s (1739 evaluations, 0.0946939 s total)
[theorycollection] Average computation time:
   flamingo.inference.masked_ps.MaskedTSZTheory : 0.0162763 s (1739 evaluations, 28.3044 s total)
[mcmc]  - Acceptance rate: 0.595
[mcmc]  - Convergence of means: R-1 = 0.024205 after 736 accepted steps
[mcmc]  - Updated covariance matrix of proposal pdf.
[mcmc] Learn + convergence test @ 960 samples accepted.
[likelihoodcollection] Average computation time:
   flamingo.inference.masked_ps.MaskedBandPowerLikelihood : 5.48215e-05 s (1804 evaluations, 0.0988981 s total)
[theorycollection] Average computation time:
   flamingo.inference.masked_ps.MaskedTSZTheory : 0.016274 s (1804 evaluations, 29.3583 s total)
[mcmc]  - Acceptance rate: 0.598
[mcmc]  - Convergence of means: R-1 = 0.014507 after 768 accepted steps
[mcmc]  - Updated covariance matrix of proposal pdf.
[mcmc] Learn + convergence test @ 1000 samples accepted.
[likelihoodcollection] Average computation time:
   flamingo.inference.masked_ps.MaskedBandPowerLikelihood : 5.47317e-05 s (1871 evaluations, 0.102403 s total)
[theorycollection] Average computation time:
   flamingo.inference.masked_ps.MaskedTSZTheory : 0.0162664 s (1871 evaluations, 30.4344 s total)
[mcmc]  - Acceptance rate: 0.598
[mcmc]  - Convergence of means: R-1 = 0.030742 after 800 accepted steps
[mcmc]  - Updated covariance matrix of proposal pdf.
[mcmc] Learn + convergence test @ 1040 samples accepted.
[likelihoodcollection] Average computation time:
   flamingo.inference.masked_ps.MaskedBandPowerLikelihood : 5.47195e-05 s (1927 evaluations, 0.105444 s total)
[theorycollection] Average computation time:
   flamingo.inference.masked_ps.MaskedTSZTheory : 0.0162675 s (1927 evaluations, 31.3475 s total)
[mcmc]  - Acceptance rate: 0.604
[mcmc]  - Convergence of means: R-1 = 0.010265 after 832 accepted steps
[mcmc]  - Updated covariance matrix of proposal pdf.
[mcmc] Learn + convergence test @ 1080 samples accepted.
[likelihoodcollection] Average computation time:
   flamingo.inference.masked_ps.MaskedBandPowerLikelihood : 5.47507e-05 s (1985 evaluations, 0.10868 s total)
[theorycollection] Average computation time:
   flamingo.inference.masked_ps.MaskedTSZTheory : 0.0162791 s (1985 evaluations, 32.3141 s total)
[mcmc]  - Acceptance rate: 0.607
[mcmc]  - Convergence of means: R-1 = 0.003532 after 864 accepted steps
[mcmc]  - Updated covariance matrix of proposal pdf.
[mcmc] Learn + convergence test @ 1120 samples accepted.
[likelihoodcollection] Average computation time:
   flamingo.inference.masked_ps.MaskedBandPowerLikelihood : 5.45194e-05 s (2054 evaluations, 0.111983 s total)
[theorycollection] Average computation time:
   flamingo.inference.masked_ps.MaskedTSZTheory : 0.0162859 s (2054 evaluations, 33.4513 s total)
[mcmc]  - Acceptance rate: 0.605
[mcmc]  - Convergence of means: R-1 = 0.009902 after 896 accepted steps
[mcmc]  - Updated covariance matrix of proposal pdf.
[mcmc] Learn + convergence test @ 1160 samples accepted.
[likelihoodcollection] Average computation time:
   flamingo.inference.masked_ps.MaskedBandPowerLikelihood : 5.43996e-05 s (2125 evaluations, 0.115599 s total)
[theorycollection] Average computation time:
   flamingo.inference.masked_ps.MaskedTSZTheory : 0.0162708 s (2125 evaluations, 34.5755 s total)
[mcmc]  - Acceptance rate: 0.605
[mcmc]  - Convergence of means: R-1 = 0.010573 after 928 accepted steps
[mcmc]  - Updated covariance matrix of proposal pdf.
[mcmc] Learn + convergence test @ 1200 samples accepted.
[likelihoodcollection] Average computation time:
   flamingo.inference.masked_ps.MaskedBandPowerLikelihood : 5.43462e-05 s (2205 evaluations, 0.119833 s total)
[theorycollection] Average computation time:
   flamingo.inference.masked_ps.MaskedTSZTheory : 0.0162796 s (2205 evaluations, 35.8964 s total)
[mcmc]  - Acceptance rate: 0.599
[mcmc]  - Convergence of means: R-1 = 0.009325 after 960 accepted steps
[mcmc]  - Updated covariance matrix of proposal pdf.
[mcmc] Learn + convergence test @ 1240 samples accepted.
[likelihoodcollection] Average computation time:
   flamingo.inference.masked_ps.MaskedBandPowerLikelihood : 5.42932e-05 s (2281 evaluations, 0.123843 s total)
[theorycollection] Average computation time:
   flamingo.inference.masked_ps.MaskedTSZTheory : 0.0162833 s (2281 evaluations, 37.1421 s total)
[mcmc]  - Acceptance rate: 0.595
[mcmc]  - Convergence of means: R-1 = 0.017583 after 992 accepted steps
[mcmc]  - Updated covariance matrix of proposal pdf.
[mcmc] Learn + convergence test @ 1280 samples accepted.
[likelihoodcollection] Average computation time:
   flamingo.inference.masked_ps.MaskedBandPowerLikelihood : 5.42578e-05 s (2344 evaluations, 0.12718 s total)
[theorycollection] Average computation time:
   flamingo.inference.masked_ps.MaskedTSZTheory : 0.0162826 s (2344 evaluations, 38.1665 s total)
[mcmc]  - Acceptance rate: 0.596
[mcmc]  - Convergence of means: R-1 = 0.003320 after 1024 accepted steps
[mcmc]  - Updated covariance matrix of proposal pdf.
[mcmc] Learn + convergence test @ 1320 samples accepted.
[likelihoodcollection] Average computation time:
   flamingo.inference.masked_ps.MaskedBandPowerLikelihood : 5.41788e-05 s (2423 evaluations, 0.131275 s total)
[theorycollection] Average computation time:
   flamingo.inference.masked_ps.MaskedTSZTheory : 0.0162739 s (2423 evaluations, 39.4316 s total)
[mcmc]  - Acceptance rate: 0.593
[mcmc]  - Convergence of means: R-1 = 0.008662 after 1056 accepted steps
[mcmc]  - Updated covariance matrix of proposal pdf.
[mcmc] Learn + convergence test @ 1360 samples accepted.
[likelihoodcollection] Average computation time:
   flamingo.inference.masked_ps.MaskedBandPowerLikelihood : 5.43183e-05 s (2487 evaluations, 0.13509 s total)
[theorycollection] Average computation time:
   flamingo.inference.masked_ps.MaskedTSZTheory : 0.0162838 s (2487 evaluations, 40.4979 s total)
[mcmc]  - Acceptance rate: 0.592
[mcmc]  - Convergence of means: R-1 = 0.009224 after 1088 accepted steps
[mcmc]  - Updated covariance matrix of proposal pdf.
[mcmc] Learn + convergence test @ 1400 samples accepted.
[likelihoodcollection] Average computation time:
   flamingo.inference.masked_ps.MaskedBandPowerLikelihood : 5.45142e-05 s (2551 evaluations, 0.139066 s total)
[theorycollection] Average computation time:
   flamingo.inference.masked_ps.MaskedTSZTheory : 0.0162854 s (2551 evaluations, 41.5441 s total)
[mcmc]  - Acceptance rate: 0.594
[mcmc]  - Convergence of means: R-1 = 0.011346 after 1120 accepted steps
[mcmc]  - Updated covariance matrix of proposal pdf.
[mcmc] Learn + convergence test @ 1440 samples accepted.
[likelihoodcollection] Average computation time:
   flamingo.inference.masked_ps.MaskedBandPowerLikelihood : 5.44038e-05 s (2620 evaluations, 0.142538 s total)
[theorycollection] Average computation time:
   flamingo.inference.masked_ps.MaskedTSZTheory : 0.016284 s (2620 evaluations, 42.664 s total)
[mcmc]  - Acceptance rate: 0.595
[mcmc]  - Convergence of means: R-1 = 0.006590 after 1152 accepted steps
[mcmc]  - Updated covariance matrix of proposal pdf.
[mcmc] Learn + convergence test @ 1480 samples accepted.
[likelihoodcollection] Average computation time:
   flamingo.inference.masked_ps.MaskedBandPowerLikelihood : 5.44688e-05 s (2679 evaluations, 0.145922 s total)
[theorycollection] Average computation time:
   flamingo.inference.masked_ps.MaskedTSZTheory : 0.0162895 s (2679 evaluations, 43.6397 s total)
[mcmc]  - Acceptance rate: 0.597
[mcmc]  - Convergence of means: R-1 = 0.006189 after 1184 accepted steps
[mcmc]  - Updated covariance matrix of proposal pdf.
[mcmc] Learn + convergence test @ 1520 samples accepted.
[likelihoodcollection] Average computation time:
   flamingo.inference.masked_ps.MaskedBandPowerLikelihood : 5.44459e-05 s (2751 evaluations, 0.149781 s total)
[theorycollection] Average computation time:
   flamingo.inference.masked_ps.MaskedTSZTheory : 0.0162932 s (2751 evaluations, 44.8225 s total)
[mcmc]  - Acceptance rate: 0.595
[mcmc]  - Convergence of means: R-1 = 0.004792 after 1216 accepted steps
[mcmc]  - Updated covariance matrix of proposal pdf.
[mcmc] Learn + convergence test @ 1560 samples accepted.
[likelihoodcollection] Average computation time:
   flamingo.inference.masked_ps.MaskedBandPowerLikelihood : 5.44742e-05 s (2830 evaluations, 0.154162 s total)
[theorycollection] Average computation time:
   flamingo.inference.masked_ps.MaskedTSZTheory : 0.0162899 s (2830 evaluations, 46.1004 s total)
[mcmc]  - Acceptance rate: 0.592
[mcmc]  - Convergence of means: R-1 = 0.007128 after 1248 accepted steps
[mcmc]  - Updated covariance matrix of proposal pdf.
[mcmc] Learn + convergence test @ 1600 samples accepted.
[likelihoodcollection] Average computation time:
   flamingo.inference.masked_ps.MaskedBandPowerLikelihood : 5.44914e-05 s (2906 evaluations, 0.158352 s total)
[theorycollection] Average computation time:
   flamingo.inference.masked_ps.MaskedTSZTheory : 0.0162957 s (2906 evaluations, 47.3554 s total)
[mcmc]  - Acceptance rate: 0.589
[mcmc]  - Convergence of means: R-1 = 0.003895 after 1280 accepted steps
[mcmc]  - Updated covariance matrix of proposal pdf.
[mcmc] Learn + convergence test @ 1640 samples accepted.
[likelihoodcollection] Average computation time:
   flamingo.inference.masked_ps.MaskedBandPowerLikelihood : 5.44542e-05 s (2980 evaluations, 0.162274 s total)
[theorycollection] Average computation time:
   flamingo.inference.masked_ps.MaskedTSZTheory : 0.0163012 s (2980 evaluations, 48.5776 s total)
[mcmc]  - Acceptance rate: 0.589
[mcmc]  - Convergence of means: R-1 = 0.004258 after 1312 accepted steps
[mcmc]  - Convergence of bounds: R-1 = 0.078382 after 1640 accepted steps
[mcmc] The run has converged!
[mcmc] Sampling complete after 1640 accepted steps.
[flamingo.inference.masked_ps.maskedbandpowerlikelihood] Average evaluation time for flamingo.inference.masked_ps.MaskedBandPowerLikelihood: 5.44542e-05 s  (2980 evaluations)
[flamingo.inference.masked_ps.maskedtsztheory] Average evaluation time for flamingo.inference.masked_ps.MaskedTSZTheory: 0.0163012 s  (2980 evaluations)

=== qgt50 (q_cat=50.0) ===
[output] Output to be read-from/written-into folder '/scratch/scratch-lxu/flamingo_repo/chains/l1_m9_qfrommap_asz_only/qgt50', with prefix 'chain'
[mcmc] Getting initial point... (this may take a few seconds)
[mcmc] Initial point: A_SZ:-4.097671
[model] Measuring speeds... (this may take a few seconds)
[model] Setting measured speeds (per sec): {flamingo.inference.masked_ps.MaskedBandPowerLikelihood: 14500.0, flamingo.inference.masked_ps.MaskedTSZTheory: 52.1}
[mcmc] Covariance matrix not present. We will start learning the covariance of the proposal earlier: R-1 = 100 (would be 100 if all params loaded).
[mcmc] Sampling! (NB: no accepted step will be saved until 50 burn-in samples have been obtained)
[mcmc] Progress @ 2026-08-03 02:16:48 : 1 steps taken -- still burning in, 50 accepted steps left.
[mcmc] Finished burn-in phase: discarded 50 accepted steps.
[mcmc] Learn + convergence test @ 40 samples accepted.
[likelihoodcollection] Average computation time:
   flamingo.inference.masked_ps.MaskedBandPowerLikelihood : 5.67173e-05 s (336 evaluations, 0.019057 s total)
[theorycollection] Average computation time:
   flamingo.inference.masked_ps.MaskedTSZTheory : 0.0166574 s (336 evaluations, 5.59689 s total)
[mcmc]  - Acceptance rate: 0.274
[mcmc]  - Convergence of means: R-1 = 0.065085 after 32 accepted steps
[mcmc]  - Updated covariance matrix of proposal pdf.
[mcmc] Learn + convergence test @ 80 samples accepted.
[likelihoodcollection] Average computation time:
   flamingo.inference.masked_ps.MaskedBandPowerLikelihood : 5.53991e-05 s (386 evaluations, 0.021384 s total)
[theorycollection] Average computation time:
   flamingo.inference.masked_ps.MaskedTSZTheory : 0.0166127 s (386 evaluations, 6.41251 s total)
[mcmc]  - Acceptance rate: 0.478
[mcmc]  - Convergence of means: R-1 = 0.057847 after 64 accepted steps
[mcmc]  - Updated covariance matrix of proposal pdf.
[mcmc] Learn + convergence test @ 120 samples accepted.
[likelihoodcollection] Average computation time:
   flamingo.inference.masked_ps.MaskedBandPowerLikelihood : 5.53559e-05 s (450 evaluations, 0.0249102 s total)
[theorycollection] Average computation time:
   flamingo.inference.masked_ps.MaskedTSZTheory : 0.0166228 s (450 evaluations, 7.48028 s total)
[mcmc]  - Acceptance rate: 0.593
[mcmc]  - Convergence of means: R-1 = 0.005131 after 96 accepted steps
[mcmc]  - Updated covariance matrix of proposal pdf.
[mcmc] Learn + convergence test @ 160 samples accepted.
[likelihoodcollection] Average computation time:
   flamingo.inference.masked_ps.MaskedBandPowerLikelihood : 5.50117e-05 s (519 evaluations, 0.0285511 s total)
[theorycollection] Average computation time:
   flamingo.inference.masked_ps.MaskedTSZTheory : 0.0166422 s (519 evaluations, 8.63731 s total)
[mcmc]  - Acceptance rate: 0.587
[mcmc]  - Convergence of means: R-1 = 0.047516 after 128 accepted steps
[mcmc]  - Updated covariance matrix of proposal pdf.
[mcmc] Learn + convergence test @ 200 samples accepted.
[likelihoodcollection] Average computation time:
   flamingo.inference.masked_ps.MaskedBandPowerLikelihood : 5.48503e-05 s (587 evaluations, 0.0321971 s total)
[theorycollection] Average computation time:
   flamingo.inference.masked_ps.MaskedTSZTheory : 0.0165922 s (587 evaluations, 9.73965 s total)
[mcmc]  - Acceptance rate: 0.637
[mcmc]  - Convergence of means: R-1 = 0.093573 after 160 accepted steps
[mcmc]  - Updated covariance matrix of proposal pdf.
[mcmc] Learn + convergence test @ 240 samples accepted.
[likelihoodcollection] Average computation time:
   flamingo.inference.masked_ps.MaskedBandPowerLikelihood : 5.46147e-05 s (638 evaluations, 0.0348442 s total)
[theorycollection] Average computation time:
   flamingo.inference.masked_ps.MaskedTSZTheory : 0.0165789 s (638 evaluations, 10.5773 s total)
[mcmc]  - Acceptance rate: 0.660
[mcmc]  - Convergence of means: R-1 = 0.115776 after 192 accepted steps
[mcmc]  - Updated covariance matrix of proposal pdf.
[mcmc] Learn + convergence test @ 280 samples accepted.
[likelihoodcollection] Average computation time:
   flamingo.inference.masked_ps.MaskedBandPowerLikelihood : 5.47319e-05 s (693 evaluations, 0.0379292 s total)
[theorycollection] Average computation time:
   flamingo.inference.masked_ps.MaskedTSZTheory : 0.0165758 s (693 evaluations, 11.487 s total)
[mcmc]  - Acceptance rate: 0.667
[mcmc]  - Convergence of means: R-1 = 0.045777 after 224 accepted steps
[mcmc]  - Updated covariance matrix of proposal pdf.
[mcmc] Learn + convergence test @ 320 samples accepted.
[likelihoodcollection] Average computation time:
   flamingo.inference.masked_ps.MaskedBandPowerLikelihood : 5.46984e-05 s (772 evaluations, 0.0422272 s total)
[theorycollection] Average computation time:
   flamingo.inference.masked_ps.MaskedTSZTheory : 0.016555 s (772 evaluations, 12.7804 s total)
[mcmc]  - Acceptance rate: 0.632
[mcmc]  - Convergence of means: R-1 = 0.064592 after 256 accepted steps
[mcmc]  - Updated covariance matrix of proposal pdf.
[mcmc] Learn + convergence test @ 360 samples accepted.
[likelihoodcollection] Average computation time:
   flamingo.inference.masked_ps.MaskedBandPowerLikelihood : 5.49911e-05 s (833 evaluations, 0.0458076 s total)
[theorycollection] Average computation time:
   flamingo.inference.masked_ps.MaskedTSZTheory : 0.01657 s (833 evaluations, 13.8028 s total)
[mcmc]  - Acceptance rate: 0.629
[mcmc]  - Convergence of means: R-1 = 0.098161 after 288 accepted steps
[mcmc]  - Updated covariance matrix of proposal pdf.
[mcmc] Learn + convergence test @ 400 samples accepted.
[likelihoodcollection] Average computation time:
   flamingo.inference.masked_ps.MaskedBandPowerLikelihood : 5.52323e-05 s (891 evaluations, 0.049212 s total)
[theorycollection] Average computation time:
   flamingo.inference.masked_ps.MaskedTSZTheory : 0.0165226 s (891 evaluations, 14.7217 s total)
[mcmc]  - Acceptance rate: 0.634
[mcmc]  - Convergence of means: R-1 = 0.033606 after 320 accepted steps
[mcmc]  - Updated covariance matrix of proposal pdf.
[mcmc] Learn + convergence test @ 440 samples accepted.
[likelihoodcollection] Average computation time:
   flamingo.inference.masked_ps.MaskedBandPowerLikelihood : 5.5093e-05 s (974 evaluations, 0.0536606 s total)
[theorycollection] Average computation time:
   flamingo.inference.masked_ps.MaskedTSZTheory : 0.0165221 s (974 evaluations, 16.0925 s total)
[mcmc]  - Acceptance rate: 0.609
[mcmc]  - Convergence of means: R-1 = 0.039024 after 352 accepted steps
[mcmc]  - Updated covariance matrix of proposal pdf.
[mcmc] Learn + convergence test @ 480 samples accepted.
[likelihoodcollection] Average computation time:
   flamingo.inference.masked_ps.MaskedBandPowerLikelihood : 5.50774e-05 s (1041 evaluations, 0.0573355 s total)
[theorycollection] Average computation time:
   flamingo.inference.masked_ps.MaskedTSZTheory : 0.0165393 s (1041 evaluations, 17.2174 s total)
[mcmc]  - Acceptance rate: 0.607
[mcmc]  - Convergence of means: R-1 = 0.039176 after 384 accepted steps
[mcmc]  - Updated covariance matrix of proposal pdf.
[mcmc] Learn + convergence test @ 520 samples accepted.
[likelihoodcollection] Average computation time:
   flamingo.inference.masked_ps.MaskedBandPowerLikelihood : 5.52348e-05 s (1104 evaluations, 0.0609793 s total)
[theorycollection] Average computation time:
   flamingo.inference.masked_ps.MaskedTSZTheory : 0.0165297 s (1104 evaluations, 18.2488 s total)
[mcmc]  - Acceptance rate: 0.613
[mcmc]  - Convergence of means: R-1 = 0.034479 after 416 accepted steps
[mcmc]  - Updated covariance matrix of proposal pdf.
[mcmc] Learn + convergence test @ 560 samples accepted.
[likelihoodcollection] Average computation time:
   flamingo.inference.masked_ps.MaskedBandPowerLikelihood : 5.5599e-05 s (1195 evaluations, 0.0664408 s total)
[theorycollection] Average computation time:
   flamingo.inference.masked_ps.MaskedTSZTheory : 0.0165296 s (1195 evaluations, 19.7529 s total)
[mcmc]  - Acceptance rate: 0.593
[mcmc]  - Convergence of means: R-1 = 0.020583 after 448 accepted steps
[mcmc]  - Updated covariance matrix of proposal pdf.
[mcmc] Learn + convergence test @ 600 samples accepted.
[likelihoodcollection] Average computation time:
   flamingo.inference.masked_ps.MaskedBandPowerLikelihood : 5.54692e-05 s (1268 evaluations, 0.0703349 s total)
[theorycollection] Average computation time:
   flamingo.inference.masked_ps.MaskedTSZTheory : 0.0165102 s (1268 evaluations, 20.9349 s total)
[mcmc]  - Acceptance rate: 0.587
[mcmc]  - Convergence of means: R-1 = 0.033336 after 480 accepted steps
[mcmc]  - Updated covariance matrix of proposal pdf.
[mcmc] Learn + convergence test @ 640 samples accepted.
[likelihoodcollection] Average computation time:
   flamingo.inference.masked_ps.MaskedBandPowerLikelihood : 5.54918e-05 s (1341 evaluations, 0.0744145 s total)
[theorycollection] Average computation time:
   flamingo.inference.masked_ps.MaskedTSZTheory : 0.016517 s (1341 evaluations, 22.1494 s total)
[mcmc]  - Acceptance rate: 0.584
[mcmc]  - Convergence of means: R-1 = 0.051168 after 512 accepted steps
[mcmc]  - Updated covariance matrix of proposal pdf.
[mcmc] Learn + convergence test @ 680 samples accepted.
[likelihoodcollection] Average computation time:
   flamingo.inference.masked_ps.MaskedBandPowerLikelihood : 5.55261e-05 s (1401 evaluations, 0.0777921 s total)
[theorycollection] Average computation time:
   flamingo.inference.masked_ps.MaskedTSZTheory : 0.0165041 s (1401 evaluations, 23.1223 s total)
[mcmc]  - Acceptance rate: 0.589
[mcmc]  - Convergence of means: R-1 = 0.078183 after 544 accepted steps
[mcmc]  - Updated covariance matrix of proposal pdf.
[mcmc] Learn + convergence test @ 720 samples accepted.
[likelihoodcollection] Average computation time:
   flamingo.inference.masked_ps.MaskedBandPowerLikelihood : 5.54405e-05 s (1473 evaluations, 0.0816638 s total)
[theorycollection] Average computation time:
   flamingo.inference.masked_ps.MaskedTSZTheory : 0.0165018 s (1473 evaluations, 24.3071 s total)
[mcmc]  - Acceptance rate: 0.587
[mcmc]  - Convergence of means: R-1 = 0.083397 after 576 accepted steps
[mcmc]  - Updated covariance matrix of proposal pdf.
[mcmc] Learn + convergence test @ 760 samples accepted.
[likelihoodcollection] Average computation time:
   flamingo.inference.masked_ps.MaskedBandPowerLikelihood : 5.52456e-05 s (1536 evaluations, 0.0848573 s total)
[theorycollection] Average computation time:
   flamingo.inference.masked_ps.MaskedTSZTheory : 0.0164877 s (1536 evaluations, 25.3251 s total)
[mcmc]  - Acceptance rate: 0.593
[mcmc]  - Convergence of means: R-1 = 0.055809 after 608 accepted steps
[mcmc]  - Updated covariance matrix of proposal pdf.
[mcmc] Learn + convergence test @ 800 samples accepted.
[likelihoodcollection] Average computation time:
   flamingo.inference.masked_ps.MaskedBandPowerLikelihood : 5.54064e-05 s (1608 evaluations, 0.0890934 s total)
[theorycollection] Average computation time:
   flamingo.inference.masked_ps.MaskedTSZTheory : 0.0164866 s (1608 evaluations, 26.5105 s total)
[mcmc]  - Acceptance rate: 0.588
[mcmc]  - Convergence of means: R-1 = 0.025507 after 640 accepted steps
[mcmc]  - Updated covariance matrix of proposal pdf.
[mcmc] Learn + convergence test @ 840 samples accepted.
[likelihoodcollection] Average computation time:
   flamingo.inference.masked_ps.MaskedBandPowerLikelihood : 5.50769e-05 s (1683 evaluations, 0.0926944 s total)
[theorycollection] Average computation time:
   flamingo.inference.masked_ps.MaskedTSZTheory : 0.0164589 s (1683 evaluations, 27.7003 s total)
[mcmc]  - Acceptance rate: 0.583
[mcmc]  - Convergence of means: R-1 = 0.009762 after 672 accepted steps
[mcmc]  - Updated covariance matrix of proposal pdf.
[mcmc] Learn + convergence test @ 880 samples accepted.
[likelihoodcollection] Average computation time:
   flamingo.inference.masked_ps.MaskedBandPowerLikelihood : 5.48884e-05 s (1749 evaluations, 0.0959998 s total)
[theorycollection] Average computation time:
   flamingo.inference.masked_ps.MaskedTSZTheory : 0.0164577 s (1749 evaluations, 28.7845 s total)
[mcmc]  - Acceptance rate: 0.585
[mcmc]  - Convergence of means: R-1 = 0.009252 after 704 accepted steps
[mcmc]  - Updated covariance matrix of proposal pdf.
[mcmc] Learn + convergence test @ 920 samples accepted.
[likelihoodcollection] Average computation time:
   flamingo.inference.masked_ps.MaskedBandPowerLikelihood : 5.48322e-05 s (1813 evaluations, 0.0994108 s total)
[theorycollection] Average computation time:
   flamingo.inference.masked_ps.MaskedTSZTheory : 0.0164681 s (1813 evaluations, 29.8567 s total)
[mcmc]  - Acceptance rate: 0.586
[mcmc]  - Convergence of means: R-1 = 0.028799 after 736 accepted steps
[mcmc]  - Updated covariance matrix of proposal pdf.
[mcmc] Learn + convergence test @ 960 samples accepted.
[likelihoodcollection] Average computation time:
   flamingo.inference.masked_ps.MaskedBandPowerLikelihood : 5.48697e-05 s (1889 evaluations, 0.103649 s total)
[theorycollection] Average computation time:
   flamingo.inference.masked_ps.MaskedTSZTheory : 0.0164697 s (1889 evaluations, 31.1113 s total)
[mcmc]  - Acceptance rate: 0.585
[mcmc]  - Convergence of means: R-1 = 0.009965 after 768 accepted steps
[mcmc]  - Updated covariance matrix of proposal pdf.
[mcmc] Learn + convergence test @ 1000 samples accepted.
[likelihoodcollection] Average computation time:
   flamingo.inference.masked_ps.MaskedBandPowerLikelihood : 5.47958e-05 s (1970 evaluations, 0.107948 s total)
[theorycollection] Average computation time:
   flamingo.inference.masked_ps.MaskedTSZTheory : 0.0164687 s (1970 evaluations, 32.4434 s total)
[mcmc]  - Acceptance rate: 0.578
[mcmc]  - Convergence of means: R-1 = 0.011549 after 800 accepted steps
[mcmc]  - Updated covariance matrix of proposal pdf.
[mcmc] Learn + convergence test @ 1040 samples accepted.
[likelihoodcollection] Average computation time:
   flamingo.inference.masked_ps.MaskedBandPowerLikelihood : 5.49524e-05 s (2042 evaluations, 0.112213 s total)
[theorycollection] Average computation time:
   flamingo.inference.masked_ps.MaskedTSZTheory : 0.0164585 s (2042 evaluations, 33.6083 s total)
[mcmc]  - Acceptance rate: 0.575
[mcmc]  - Convergence of means: R-1 = 0.030114 after 832 accepted steps
[mcmc]  - Updated covariance matrix of proposal pdf.
[mcmc] Learn + convergence test @ 1080 samples accepted.
[likelihoodcollection] Average computation time:
   flamingo.inference.masked_ps.MaskedBandPowerLikelihood : 5.49873e-05 s (2099 evaluations, 0.115418 s total)
[theorycollection] Average computation time:
   flamingo.inference.masked_ps.MaskedTSZTheory : 0.0164741 s (2099 evaluations, 34.5791 s total)
[mcmc]  - Acceptance rate: 0.579
[mcmc]  - Convergence of means: R-1 = 0.027520 after 864 accepted steps
[mcmc]  - Updated covariance matrix of proposal pdf.
[mcmc] Learn + convergence test @ 1120 samples accepted.
[likelihoodcollection] Average computation time:
   flamingo.inference.masked_ps.MaskedBandPowerLikelihood : 5.50147e-05 s (2178 evaluations, 0.119822 s total)
[theorycollection] Average computation time:
   flamingo.inference.masked_ps.MaskedTSZTheory : 0.0164703 s (2178 evaluations, 35.8723 s total)
[mcmc]  - Acceptance rate: 0.574
[mcmc]  - Convergence of means: R-1 = 0.014787 after 896 accepted steps
[mcmc]  - Updated covariance matrix of proposal pdf.
[mcmc] Learn + convergence test @ 1160 samples accepted.
[likelihoodcollection] Average computation time:
   flamingo.inference.masked_ps.MaskedBandPowerLikelihood : 5.49841e-05 s (2268 evaluations, 0.124704 s total)
[theorycollection] Average computation time:
   flamingo.inference.masked_ps.MaskedTSZTheory : 0.0164644 s (2268 evaluations, 37.3413 s total)
[mcmc]  - Acceptance rate: 0.565
[mcmc]  - Convergence of means: R-1 = 0.008973 after 928 accepted steps
[mcmc]  - Updated covariance matrix of proposal pdf.
[mcmc] Learn + convergence test @ 1200 samples accepted.
[likelihoodcollection] Average computation time:
   flamingo.inference.masked_ps.MaskedBandPowerLikelihood : 5.48354e-05 s (2350 evaluations, 0.128863 s total)
[theorycollection] Average computation time:
   flamingo.inference.masked_ps.MaskedTSZTheory : 0.0164573 s (2350 evaluations, 38.6747 s total)
[mcmc]  - Acceptance rate: 0.561
[mcmc]  - Convergence of means: R-1 = 0.007466 after 960 accepted steps
[mcmc]  - Updated covariance matrix of proposal pdf.
[mcmc] Learn + convergence test @ 1240 samples accepted.
[likelihoodcollection] Average computation time:
   flamingo.inference.masked_ps.MaskedBandPowerLikelihood : 5.47774e-05 s (2425 evaluations, 0.132835 s total)
[theorycollection] Average computation time:
   flamingo.inference.masked_ps.MaskedTSZTheory : 0.0164685 s (2425 evaluations, 39.936 s total)
[mcmc]  - Acceptance rate: 0.559
[mcmc]  - Convergence of means: R-1 = 0.004374 after 992 accepted steps
[mcmc]  - Updated covariance matrix of proposal pdf.
[mcmc] Learn + convergence test @ 1280 samples accepted.
[likelihoodcollection] Average computation time:
   flamingo.inference.masked_ps.MaskedBandPowerLikelihood : 5.47817e-05 s (2484 evaluations, 0.136078 s total)
[theorycollection] Average computation time:
   flamingo.inference.masked_ps.MaskedTSZTheory : 0.0164763 s (2484 evaluations, 40.9271 s total)
[mcmc]  - Acceptance rate: 0.562
[mcmc]  - Convergence of means: R-1 = 0.008792 after 1024 accepted steps
[mcmc]  - Updated covariance matrix of proposal pdf.
[mcmc] Learn + convergence test @ 1320 samples accepted.
[likelihoodcollection] Average computation time:
   flamingo.inference.masked_ps.MaskedBandPowerLikelihood : 5.49174e-05 s (2545 evaluations, 0.139765 s total)
[theorycollection] Average computation time:
   flamingo.inference.masked_ps.MaskedTSZTheory : 0.0164795 s (2545 evaluations, 41.9404 s total)
[mcmc]  - Acceptance rate: 0.564
[mcmc]  - Convergence of means: R-1 = 0.019852 after 1056 accepted steps
[mcmc]  - Updated covariance matrix of proposal pdf.
[mcmc] Learn + convergence test @ 1360 samples accepted.
[likelihoodcollection] Average computation time:
   flamingo.inference.masked_ps.MaskedBandPowerLikelihood : 5.48451e-05 s (2602 evaluations, 0.142707 s total)
[theorycollection] Average computation time:
   flamingo.inference.masked_ps.MaskedTSZTheory : 0.0164847 s (2602 evaluations, 42.8933 s total)
[mcmc]  - Acceptance rate: 0.567
[mcmc]  - Convergence of means: R-1 = 0.011928 after 1088 accepted steps
[mcmc]  - Updated covariance matrix of proposal pdf.
[mcmc] Learn + convergence test @ 1400 samples accepted.
[likelihoodcollection] Average computation time:
   flamingo.inference.masked_ps.MaskedBandPowerLikelihood : 5.48932e-05 s (2688 evaluations, 0.147553 s total)
[theorycollection] Average computation time:
   flamingo.inference.masked_ps.MaskedTSZTheory : 0.0164767 s (2688 evaluations, 44.2895 s total)
[mcmc]  - Acceptance rate: 0.561
[mcmc]  - Convergence of means: R-1 = 0.013254 after 1120 accepted steps
[mcmc]  - Updated covariance matrix of proposal pdf.
[mcmc] Learn + convergence test @ 1440 samples accepted.
[likelihoodcollection] Average computation time:
   flamingo.inference.masked_ps.MaskedBandPowerLikelihood : 5.48415e-05 s (2757 evaluations, 0.151198 s total)
[theorycollection] Average computation time:
   flamingo.inference.masked_ps.MaskedTSZTheory : 0.0164696 s (2757 evaluations, 45.4067 s total)
[mcmc]  - Acceptance rate: 0.562
[mcmc]  - Convergence of means: R-1 = 0.003311 after 1152 accepted steps
[mcmc]  - Updated covariance matrix of proposal pdf.
[mcmc] Learn + convergence test @ 1480 samples accepted.
[likelihoodcollection] Average computation time:
   flamingo.inference.masked_ps.MaskedBandPowerLikelihood : 5.47837e-05 s (2816 evaluations, 0.154271 s total)
[theorycollection] Average computation time:
   flamingo.inference.masked_ps.MaskedTSZTheory : 0.0164657 s (2816 evaluations, 46.3674 s total)
[mcmc]  - Acceptance rate: 0.567
[mcmc]  - Convergence of means: R-1 = 0.005026 after 1184 accepted steps
[mcmc]  - Updated covariance matrix of proposal pdf.
[mcmc] Learn + convergence test @ 1520 samples accepted.
[likelihoodcollection] Average computation time:
   flamingo.inference.masked_ps.MaskedBandPowerLikelihood : 5.48095e-05 s (2890 evaluations, 0.158399 s total)
[theorycollection] Average computation time:
   flamingo.inference.masked_ps.MaskedTSZTheory : 0.0164624 s (2890 evaluations, 47.5765 s total)
[mcmc]  - Acceptance rate: 0.566
[mcmc]  - Convergence of means: R-1 = 0.008304 after 1216 accepted steps
[mcmc]  - Updated covariance matrix of proposal pdf.
[mcmc] Learn + convergence test @ 1560 samples accepted.
[likelihoodcollection] Average computation time:
   flamingo.inference.masked_ps.MaskedBandPowerLikelihood : 5.47871e-05 s (2955 evaluations, 0.161896 s total)
[theorycollection] Average computation time:
   flamingo.inference.masked_ps.MaskedTSZTheory : 0.0164651 s (2955 evaluations, 48.6543 s total)
[mcmc]  - Acceptance rate: 0.568
[mcmc]  - Convergence of means: R-1 = 0.007910 after 1248 accepted steps
[mcmc]  - Updated covariance matrix of proposal pdf.
[mcmc] Learn + convergence test @ 1600 samples accepted.
[likelihoodcollection] Average computation time:
   flamingo.inference.masked_ps.MaskedBandPowerLikelihood : 5.47154e-05 s (3022 evaluations, 0.16535 s total)
[theorycollection] Average computation time:
   flamingo.inference.masked_ps.MaskedTSZTheory : 0.0164557 s (3022 evaluations, 49.7291 s total)
[mcmc]  - Acceptance rate: 0.569
[mcmc]  - Convergence of means: R-1 = 0.002269 after 1280 accepted steps
[mcmc]  - Updated covariance matrix of proposal pdf.
[mcmc] Learn + convergence test @ 1640 samples accepted.
[likelihoodcollection] Average computation time:
   flamingo.inference.masked_ps.MaskedBandPowerLikelihood : 5.46886e-05 s (3094 evaluations, 0.169206 s total)
[theorycollection] Average computation time:
   flamingo.inference.masked_ps.MaskedTSZTheory : 0.0164531 s (3094 evaluations, 50.9058 s total)
[mcmc]  - Acceptance rate: 0.567
[mcmc]  - Convergence of means: R-1 = 0.003380 after 1312 accepted steps
[mcmc]  - Convergence of bounds: R-1 = 0.091218 after 1640 accepted steps
[mcmc] The run has converged!
[mcmc] Sampling complete after 1640 accepted steps.
[flamingo.inference.masked_ps.maskedbandpowerlikelihood] Average evaluation time for flamingo.inference.masked_ps.MaskedBandPowerLikelihood: 5.46886e-05 s  (3094 evaluations)
[flamingo.inference.masked_ps.maskedtsztheory] Average evaluation time for flamingo.inference.masked_ps.MaskedTSZTheory: 0.0164531 s  (3094 evaluations)

=== qgt20 (q_cat=20.0) ===
[output] Output to be read-from/written-into folder '/scratch/scratch-lxu/flamingo_repo/chains/l1_m9_qfrommap_asz_only/qgt20', with prefix 'chain'
[mcmc] Getting initial point... (this may take a few seconds)
[mcmc] Initial point: A_SZ:-4.096234
[model] Measuring speeds... (this may take a few seconds)
[model] Setting measured speeds (per sec): {flamingo.inference.masked_ps.MaskedBandPowerLikelihood: 18100.0, flamingo.inference.masked_ps.MaskedTSZTheory: 59.7}
[mcmc] Covariance matrix not present. We will start learning the covariance of the proposal earlier: R-1 = 100 (would be 100 if all params loaded).
[mcmc] Sampling! (NB: no accepted step will be saved until 50 burn-in samples have been obtained)
[mcmc] Progress @ 2026-08-03 02:17:48 : 1 steps taken -- still burning in, 51 accepted steps left.
[mcmc] Finished burn-in phase: discarded 50 accepted steps.
[mcmc] Learn + convergence test @ 40 samples accepted.
[likelihoodcollection] Average computation time:
   flamingo.inference.masked_ps.MaskedBandPowerLikelihood : 5.45515e-05 s (415 evaluations, 0.0226389 s total)
[theorycollection] Average computation time:
   flamingo.inference.masked_ps.MaskedTSZTheory : 0.016296 s (415 evaluations, 6.76282 s total)
[mcmc]  - Acceptance rate: 0.244
[mcmc]  - Convergence of means: R-1 = 0.655818 after 32 accepted steps
[mcmc]  - Updated covariance matrix of proposal pdf.
[mcmc] Learn + convergence test @ 80 samples accepted.
[likelihoodcollection] Average computation time:
   flamingo.inference.masked_ps.MaskedBandPowerLikelihood : 5.39827e-05 s (477 evaluations, 0.0257498 s total)
[theorycollection] Average computation time:
   flamingo.inference.masked_ps.MaskedTSZTheory : 0.0162515 s (477 evaluations, 7.75198 s total)
[mcmc]  - Acceptance rate: 0.383
[mcmc]  - Convergence of means: R-1 = 0.117550 after 64 accepted steps
[mcmc]  - Updated covariance matrix of proposal pdf.
[mcmc] Learn + convergence test @ 120 samples accepted.
[likelihoodcollection] Average computation time:
   flamingo.inference.masked_ps.MaskedBandPowerLikelihood : 5.36136e-05 s (549 evaluations, 0.0294338 s total)
[theorycollection] Average computation time:
   flamingo.inference.masked_ps.MaskedTSZTheory : 0.016245 s (549 evaluations, 8.9185 s total)
[mcmc]  - Acceptance rate: 0.429
[mcmc]  - Convergence of means: R-1 = 0.238184 after 96 accepted steps
[mcmc]  - Updated covariance matrix of proposal pdf.
[mcmc] Learn + convergence test @ 160 samples accepted.
[likelihoodcollection] Average computation time:
   flamingo.inference.masked_ps.MaskedBandPowerLikelihood : 5.35371e-05 s (613 evaluations, 0.0328183 s total)
[theorycollection] Average computation time:
   flamingo.inference.masked_ps.MaskedTSZTheory : 0.0162348 s (613 evaluations, 9.95194 s total)
[mcmc]  - Acceptance rate: 0.542
[mcmc]  - Convergence of means: R-1 = 0.068141 after 128 accepted steps
[mcmc]  - Updated covariance matrix of proposal pdf.
[mcmc] Learn + convergence test @ 200 samples accepted.
[likelihoodcollection] Average computation time:
   flamingo.inference.masked_ps.MaskedBandPowerLikelihood : 5.35951e-05 s (679 evaluations, 0.036391 s total)
[theorycollection] Average computation time:
   flamingo.inference.masked_ps.MaskedTSZTheory : 0.0162919 s (679 evaluations, 11.0622 s total)
[mcmc]  - Acceptance rate: 0.606
[mcmc]  - Convergence of means: R-1 = 0.233819 after 160 accepted steps
[mcmc]  - Updated covariance matrix of proposal pdf.
[mcmc] Learn + convergence test @ 240 samples accepted.
[likelihoodcollection] Average computation time:
   flamingo.inference.masked_ps.MaskedBandPowerLikelihood : 5.32829e-05 s (742 evaluations, 0.0395359 s total)
[theorycollection] Average computation time:
   flamingo.inference.masked_ps.MaskedTSZTheory : 0.0162704 s (742 evaluations, 12.0726 s total)
[mcmc]  - Acceptance rate: 0.608
[mcmc]  - Convergence of means: R-1 = 0.084990 after 192 accepted steps
[mcmc]  - Updated covariance matrix of proposal pdf.
[mcmc] Learn + convergence test @ 280 samples accepted.
[likelihoodcollection] Average computation time:
   flamingo.inference.masked_ps.MaskedBandPowerLikelihood : 5.30923e-05 s (810 evaluations, 0.0430048 s total)
[theorycollection] Average computation time:
   flamingo.inference.masked_ps.MaskedTSZTheory : 0.0162826 s (810 evaluations, 13.1889 s total)
[mcmc]  - Acceptance rate: 0.602
[mcmc]  - Convergence of means: R-1 = 0.034848 after 224 accepted steps
[mcmc]  - Updated covariance matrix of proposal pdf.
[mcmc] Learn + convergence test @ 320 samples accepted.
[likelihoodcollection] Average computation time:
   flamingo.inference.masked_ps.MaskedBandPowerLikelihood : 5.33798e-05 s (887 evaluations, 0.0473479 s total)
[theorycollection] Average computation time:
   flamingo.inference.masked_ps.MaskedTSZTheory : 0.0163259 s (887 evaluations, 14.4811 s total)
[mcmc]  - Acceptance rate: 0.589
[mcmc]  - Convergence of means: R-1 = 0.106323 after 256 accepted steps
[mcmc]  - Updated covariance matrix of proposal pdf.
[mcmc] Learn + convergence test @ 360 samples accepted.
[likelihoodcollection] Average computation time:
   flamingo.inference.masked_ps.MaskedBandPowerLikelihood : 5.35166e-05 s (953 evaluations, 0.0510013 s total)
[theorycollection] Average computation time:
   flamingo.inference.masked_ps.MaskedTSZTheory : 0.0163053 s (953 evaluations, 15.5389 s total)
[mcmc]  - Acceptance rate: 0.591
[mcmc]  - Convergence of means: R-1 = 0.016386 after 288 accepted steps
[mcmc]  - Updated covariance matrix of proposal pdf.
[mcmc] Learn + convergence test @ 400 samples accepted.
[likelihoodcollection] Average computation time:
   flamingo.inference.masked_ps.MaskedBandPowerLikelihood : 5.36411e-05 s (1021 evaluations, 0.0547675 s total)
[theorycollection] Average computation time:
   flamingo.inference.masked_ps.MaskedTSZTheory : 0.0163029 s (1021 evaluations, 16.6453 s total)
[mcmc]  - Acceptance rate: 0.588
[mcmc]  - Convergence of means: R-1 = 0.064251 after 320 accepted steps
[mcmc]  - Updated covariance matrix of proposal pdf.
[mcmc] Learn + convergence test @ 440 samples accepted.
[likelihoodcollection] Average computation time:
   flamingo.inference.masked_ps.MaskedBandPowerLikelihood : 5.38265e-05 s (1094 evaluations, 0.0588861 s total)
[theorycollection] Average computation time:
   flamingo.inference.masked_ps.MaskedTSZTheory : 0.0163345 s (1094 evaluations, 17.8699 s total)
[mcmc]  - Acceptance rate: 0.585
[mcmc]  - Convergence of means: R-1 = 0.017262 after 352 accepted steps
[mcmc]  - Updated covariance matrix of proposal pdf.
[mcmc] Learn + convergence test @ 480 samples accepted.
[likelihoodcollection] Average computation time:
   flamingo.inference.masked_ps.MaskedBandPowerLikelihood : 5.36728e-05 s (1160 evaluations, 0.0622605 s total)
[theorycollection] Average computation time:
   flamingo.inference.masked_ps.MaskedTSZTheory : 0.0163266 s (1160 evaluations, 18.9388 s total)
[mcmc]  - Acceptance rate: 0.588
[mcmc]  - Convergence of means: R-1 = 0.016152 after 384 accepted steps
[mcmc]  - Updated covariance matrix of proposal pdf.
[mcmc] Learn + convergence test @ 520 samples accepted.
[likelihoodcollection] Average computation time:
   flamingo.inference.masked_ps.MaskedBandPowerLikelihood : 5.35245e-05 s (1241 evaluations, 0.0664239 s total)
[theorycollection] Average computation time:
   flamingo.inference.masked_ps.MaskedTSZTheory : 0.0163329 s (1241 evaluations, 20.2691 s total)
[mcmc]  - Acceptance rate: 0.576
[mcmc]  - Convergence of means: R-1 = 0.040982 after 416 accepted steps
[mcmc]  - Updated covariance matrix of proposal pdf.
[mcmc] Learn + convergence test @ 560 samples accepted.
[likelihoodcollection] Average computation time:
   flamingo.inference.masked_ps.MaskedBandPowerLikelihood : 5.36697e-05 s (1307 evaluations, 0.0701463 s total)
[theorycollection] Average computation time:
   flamingo.inference.masked_ps.MaskedTSZTheory : 0.0163278 s (1307 evaluations, 21.3405 s total)
[mcmc]  - Acceptance rate: 0.579
[mcmc]  - Convergence of means: R-1 = 0.012338 after 448 accepted steps
[mcmc]  - Updated covariance matrix of proposal pdf.
[mcmc] Learn + convergence test @ 600 samples accepted.
[likelihoodcollection] Average computation time:
   flamingo.inference.masked_ps.MaskedBandPowerLikelihood : 5.3988e-05 s (1398 evaluations, 0.0754752 s total)
[theorycollection] Average computation time:
   flamingo.inference.masked_ps.MaskedTSZTheory : 0.0163458 s (1398 evaluations, 22.8515 s total)
[mcmc]  - Acceptance rate: 0.565
[mcmc]  - Convergence of means: R-1 = 0.019846 after 480 accepted steps
[mcmc]  - Updated covariance matrix of proposal pdf.
[mcmc] Learn + convergence test @ 640 samples accepted.
[likelihoodcollection] Average computation time:
   flamingo.inference.masked_ps.MaskedBandPowerLikelihood : 5.41771e-05 s (1466 evaluations, 0.0794236 s total)
[theorycollection] Average computation time:
   flamingo.inference.masked_ps.MaskedTSZTheory : 0.0163388 s (1466 evaluations, 23.9526 s total)
[mcmc]  - Acceptance rate: 0.566
[mcmc]  - Convergence of means: R-1 = 0.001550 after 512 accepted steps
[mcmc]  - Updated covariance matrix of proposal pdf.
[mcmc] Learn + convergence test @ 680 samples accepted.
[likelihoodcollection] Average computation time:
   flamingo.inference.masked_ps.MaskedBandPowerLikelihood : 5.40043e-05 s (1530 evaluations, 0.0826266 s total)
[theorycollection] Average computation time:
   flamingo.inference.masked_ps.MaskedTSZTheory : 0.0163178 s (1530 evaluations, 24.9662 s total)
[mcmc]  - Acceptance rate: 0.569
[mcmc]  - Convergence of means: R-1 = 0.001956 after 544 accepted steps
[mcmc]  - Convergence of bounds: R-1 = 0.064819 after 680 accepted steps
[mcmc] The run has converged!
[mcmc] Sampling complete after 680 accepted steps.
[flamingo.inference.masked_ps.maskedbandpowerlikelihood] Average evaluation time for flamingo.inference.masked_ps.MaskedBandPowerLikelihood: 5.40043e-05 s  (1530 evaluations)
[flamingo.inference.masked_ps.maskedtsztheory] Average evaluation time for flamingo.inference.masked_ps.MaskedTSZTheory: 0.0163178 s  (1530 evaluations)

=== qgt10 (q_cat=10.0) ===
[output] Output to be read-from/written-into folder '/scratch/scratch-lxu/flamingo_repo/chains/l1_m9_qfrommap_asz_only/qgt10', with prefix 'chain'
[mcmc] Getting initial point... (this may take a few seconds)
[mcmc] Initial point: A_SZ:-4.106029
[model] Measuring speeds... (this may take a few seconds)
[model] Setting measured speeds (per sec): {flamingo.inference.masked_ps.MaskedBandPowerLikelihood: 20100.0, flamingo.inference.masked_ps.MaskedTSZTheory: 56.0}
[mcmc] Covariance matrix not present. We will start learning the covariance of the proposal earlier: R-1 = 100 (would be 100 if all params loaded).
[mcmc] Sampling! (NB: no accepted step will be saved until 50 burn-in samples have been obtained)
[mcmc] Progress @ 2026-08-03 02:18:21 : 1 steps taken -- still burning in, 51 accepted steps left.
[mcmc] Finished burn-in phase: discarded 50 accepted steps.
[mcmc] Learn + convergence test @ 40 samples accepted.
[likelihoodcollection] Average computation time:
   flamingo.inference.masked_ps.MaskedBandPowerLikelihood : 5.43911e-05 s (486 evaluations, 0.0264341 s total)
[theorycollection] Average computation time:
   flamingo.inference.masked_ps.MaskedTSZTheory : 0.0164902 s (486 evaluations, 8.01423 s total)
[mcmc]  - Acceptance rate: 0.151
[mcmc]  - Convergence of means: R-1 = 0.136495 after 32 accepted steps
[mcmc]  - Updated covariance matrix of proposal pdf.
[mcmc] Learn + convergence test @ 80 samples accepted.
[likelihoodcollection] Average computation time:
   flamingo.inference.masked_ps.MaskedBandPowerLikelihood : 5.47061e-05 s (551 evaluations, 0.0301431 s total)
[theorycollection] Average computation time:
   flamingo.inference.masked_ps.MaskedTSZTheory : 0.0165029 s (551 evaluations, 9.09308 s total)
[mcmc]  - Acceptance rate: 0.315
[mcmc]  - Convergence of means: R-1 = 0.015735 after 64 accepted steps
[mcmc]  - Updated covariance matrix of proposal pdf.
[mcmc] Learn + convergence test @ 120 samples accepted.
[likelihoodcollection] Average computation time:
   flamingo.inference.masked_ps.MaskedBandPowerLikelihood : 5.39196e-05 s (611 evaluations, 0.0329449 s total)
[theorycollection] Average computation time:
   flamingo.inference.masked_ps.MaskedTSZTheory : 0.0165051 s (611 evaluations, 10.0846 s total)
[mcmc]  - Acceptance rate: 0.468
[mcmc]  - Convergence of means: R-1 = 0.158324 after 96 accepted steps
[mcmc]  - Updated covariance matrix of proposal pdf.
[mcmc] Learn + convergence test @ 160 samples accepted.
[likelihoodcollection] Average computation time:
   flamingo.inference.masked_ps.MaskedBandPowerLikelihood : 5.39348e-05 s (678 evaluations, 0.0365678 s total)
[theorycollection] Average computation time:
   flamingo.inference.masked_ps.MaskedTSZTheory : 0.0165137 s (678 evaluations, 11.1963 s total)
[mcmc]  - Acceptance rate: 0.561
[mcmc]  - Convergence of means: R-1 = 0.387207 after 128 accepted steps
[mcmc]  - Updated covariance matrix of proposal pdf.
[mcmc] Learn + convergence test @ 200 samples accepted.
[likelihoodcollection] Average computation time:
   flamingo.inference.masked_ps.MaskedBandPowerLikelihood : 5.44202e-05 s (741 evaluations, 0.0403254 s total)
[theorycollection] Average computation time:
   flamingo.inference.masked_ps.MaskedTSZTheory : 0.016492 s (741 evaluations, 12.2206 s total)
[mcmc]  - Acceptance rate: 0.627
[mcmc]  - Convergence of means: R-1 = 0.206830 after 160 accepted steps
[mcmc]  - Updated covariance matrix of proposal pdf.
[mcmc] Learn + convergence test @ 240 samples accepted.
[likelihoodcollection] Average computation time:
   flamingo.inference.masked_ps.MaskedBandPowerLikelihood : 5.42305e-05 s (813 evaluations, 0.0440894 s total)
[theorycollection] Average computation time:
   flamingo.inference.masked_ps.MaskedTSZTheory : 0.0164924 s (813 evaluations, 13.4083 s total)
[mcmc]  - Acceptance rate: 0.617
[mcmc]  - Convergence of means: R-1 = 0.210152 after 192 accepted steps
[mcmc]  - Updated covariance matrix of proposal pdf.
[mcmc] Learn + convergence test @ 280 samples accepted.
[likelihoodcollection] Average computation time:
   flamingo.inference.masked_ps.MaskedBandPowerLikelihood : 5.42961e-05 s (877 evaluations, 0.0476177 s total)
[theorycollection] Average computation time:
   flamingo.inference.masked_ps.MaskedTSZTheory : 0.016525 s (877 evaluations, 14.4924 s total)
[mcmc]  - Acceptance rate: 0.620
[mcmc]  - Convergence of means: R-1 = 0.086441 after 224 accepted steps
[mcmc]  - Updated covariance matrix of proposal pdf.
[mcmc] Learn + convergence test @ 320 samples accepted.
[likelihoodcollection] Average computation time:
   flamingo.inference.masked_ps.MaskedBandPowerLikelihood : 5.4069e-05 s (944 evaluations, 0.0510411 s total)
[theorycollection] Average computation time:
   flamingo.inference.masked_ps.MaskedTSZTheory : 0.0165302 s (944 evaluations, 15.6045 s total)
[mcmc]  - Acceptance rate: 0.615
[mcmc]  - Convergence of means: R-1 = 0.137968 after 256 accepted steps
[mcmc]  - Updated covariance matrix of proposal pdf.
[mcmc] Learn + convergence test @ 360 samples accepted.
[likelihoodcollection] Average computation time:
   flamingo.inference.masked_ps.MaskedBandPowerLikelihood : 5.42511e-05 s (1015 evaluations, 0.0550649 s total)
[theorycollection] Average computation time:
   flamingo.inference.masked_ps.MaskedTSZTheory : 0.0165482 s (1015 evaluations, 16.7964 s total)
[mcmc]  - Acceptance rate: 0.601
[mcmc]  - Convergence of means: R-1 = 0.108906 after 288 accepted steps
[mcmc]  - Updated covariance matrix of proposal pdf.
[mcmc] Learn + convergence test @ 400 samples accepted.
[likelihoodcollection] Average computation time:
   flamingo.inference.masked_ps.MaskedBandPowerLikelihood : 5.44433e-05 s (1087 evaluations, 0.0591799 s total)
[theorycollection] Average computation time:
   flamingo.inference.masked_ps.MaskedTSZTheory : 0.0165486 s (1087 evaluations, 17.9883 s total)
[mcmc]  - Acceptance rate: 0.597
[mcmc]  - Convergence of means: R-1 = 0.131242 after 320 accepted steps
[mcmc]  - Updated covariance matrix of proposal pdf.
[mcmc] Learn + convergence test @ 440 samples accepted.
[likelihoodcollection] Average computation time:
   flamingo.inference.masked_ps.MaskedBandPowerLikelihood : 5.44714e-05 s (1157 evaluations, 0.0630234 s total)
[theorycollection] Average computation time:
   flamingo.inference.masked_ps.MaskedTSZTheory : 0.0165471 s (1157 evaluations, 19.145 s total)
[mcmc]  - Acceptance rate: 0.591
[mcmc]  - Convergence of means: R-1 = 0.024108 after 352 accepted steps
[mcmc]  - Updated covariance matrix of proposal pdf.
[mcmc] Learn + convergence test @ 480 samples accepted.
[likelihoodcollection] Average computation time:
   flamingo.inference.masked_ps.MaskedBandPowerLikelihood : 5.46502e-05 s (1223 evaluations, 0.0668372 s total)
[theorycollection] Average computation time:
   flamingo.inference.masked_ps.MaskedTSZTheory : 0.0165385 s (1223 evaluations, 20.2266 s total)
[mcmc]  - Acceptance rate: 0.596
[mcmc]  - Convergence of means: R-1 = 0.033079 after 384 accepted steps
[mcmc]  - Updated covariance matrix of proposal pdf.
[mcmc] Learn + convergence test @ 520 samples accepted.
[likelihoodcollection] Average computation time:
   flamingo.inference.masked_ps.MaskedBandPowerLikelihood : 5.45596e-05 s (1293 evaluations, 0.0705456 s total)
[theorycollection] Average computation time:
   flamingo.inference.masked_ps.MaskedTSZTheory : 0.0165212 s (1293 evaluations, 21.362 s total)
[mcmc]  - Acceptance rate: 0.592
[mcmc]  - Convergence of means: R-1 = 0.041126 after 416 accepted steps
[mcmc]  - Updated covariance matrix of proposal pdf.
[mcmc] Learn + convergence test @ 560 samples accepted.
[likelihoodcollection] Average computation time:
   flamingo.inference.masked_ps.MaskedBandPowerLikelihood : 5.46131e-05 s (1355 evaluations, 0.0740008 s total)
[theorycollection] Average computation time:
   flamingo.inference.masked_ps.MaskedTSZTheory : 0.0165254 s (1355 evaluations, 22.3919 s total)
[mcmc]  - Acceptance rate: 0.592
[mcmc]  - Convergence of means: R-1 = 0.018189 after 448 accepted steps
[mcmc]  - Updated covariance matrix of proposal pdf.
[mcmc] Learn + convergence test @ 600 samples accepted.
[likelihoodcollection] Average computation time:
   flamingo.inference.masked_ps.MaskedBandPowerLikelihood : 5.46539e-05 s (1431 evaluations, 0.0782097 s total)
[theorycollection] Average computation time:
   flamingo.inference.masked_ps.MaskedTSZTheory : 0.0165288 s (1431 evaluations, 23.6527 s total)
[mcmc]  - Acceptance rate: 0.585
[mcmc]  - Convergence of means: R-1 = 0.004908 after 480 accepted steps
[mcmc]  - Updated covariance matrix of proposal pdf.
[mcmc] Learn + convergence test @ 640 samples accepted.
[likelihoodcollection] Average computation time:
   flamingo.inference.masked_ps.MaskedBandPowerLikelihood : 5.46322e-05 s (1500 evaluations, 0.0819483 s total)
[theorycollection] Average computation time:
   flamingo.inference.masked_ps.MaskedTSZTheory : 0.0165126 s (1500 evaluations, 24.769 s total)
[mcmc]  - Acceptance rate: 0.584
[mcmc]  - Convergence of means: R-1 = 0.002083 after 512 accepted steps
[mcmc]  - Convergence of bounds: R-1 = 0.081913 after 640 accepted steps
[mcmc] The run has converged!
[mcmc] Sampling complete after 640 accepted steps.
[flamingo.inference.masked_ps.maskedbandpowerlikelihood] Average evaluation time for flamingo.inference.masked_ps.MaskedBandPowerLikelihood: 5.46322e-05 s  (1500 evaluations)
[flamingo.inference.masked_ps.maskedtsztheory] Average evaluation time for flamingo.inference.masked_ps.MaskedTSZTheory: 0.0165126 s  (1500 evaluations)

=== qgt5 (q_cat=5.0) ===
[output] Output to be read-from/written-into folder '/scratch/scratch-lxu/flamingo_repo/chains/l1_m9_qfrommap_asz_only/qgt5', with prefix 'chain'
[mcmc] Getting initial point... (this may take a few seconds)
[mcmc] Initial point: A_SZ:-4.110995
[model] Measuring speeds... (this may take a few seconds)
[model] Setting measured speeds (per sec): {flamingo.inference.masked_ps.MaskedBandPowerLikelihood: 16100.0, flamingo.inference.masked_ps.MaskedTSZTheory: 63.2}
[mcmc] Covariance matrix not present. We will start learning the covariance of the proposal earlier: R-1 = 100 (would be 100 if all params loaded).
[mcmc] Sampling! (NB: no accepted step will be saved until 50 burn-in samples have been obtained)
[mcmc] Progress @ 2026-08-03 02:18:54 : 1 steps taken -- still burning in, 51 accepted steps left.
[mcmc] Finished burn-in phase: discarded 50 accepted steps.
[mcmc] Learn + convergence test @ 40 samples accepted.
[likelihoodcollection] Average computation time:
   flamingo.inference.masked_ps.MaskedBandPowerLikelihood : 5.51022e-05 s (584 evaluations, 0.0321797 s total)
[theorycollection] Average computation time:
   flamingo.inference.masked_ps.MaskedTSZTheory : 0.0164743 s (584 evaluations, 9.62099 s total)
[mcmc]  - Acceptance rate: 0.162
[mcmc]  - Convergence of means: R-1 = 0.290662 after 32 accepted steps
[mcmc]  - Updated covariance matrix of proposal pdf.
[mcmc] Learn + convergence test @ 80 samples accepted.
[likelihoodcollection] Average computation time:
   flamingo.inference.masked_ps.MaskedBandPowerLikelihood : 5.49093e-05 s (645 evaluations, 0.0354165 s total)
[theorycollection] Average computation time:
   flamingo.inference.masked_ps.MaskedTSZTheory : 0.0165081 s (645 evaluations, 10.6477 s total)
[mcmc]  - Acceptance rate: 0.308
[mcmc]  - Convergence of means: R-1 = 0.059770 after 64 accepted steps
[mcmc]  - Updated covariance matrix of proposal pdf.
[mcmc] Learn + convergence test @ 120 samples accepted.
[likelihoodcollection] Average computation time:
   flamingo.inference.masked_ps.MaskedBandPowerLikelihood : 5.52055e-05 s (706 evaluations, 0.0389751 s total)
[theorycollection] Average computation time:
   flamingo.inference.masked_ps.MaskedTSZTheory : 0.0165199 s (706 evaluations, 11.6631 s total)
[mcmc]  - Acceptance rate: 0.398
[mcmc]  - Convergence of means: R-1 = 0.114575 after 96 accepted steps
[mcmc]  - Updated covariance matrix of proposal pdf.
[mcmc] Learn + convergence test @ 160 samples accepted.
[likelihoodcollection] Average computation time:
   flamingo.inference.masked_ps.MaskedBandPowerLikelihood : 5.50315e-05 s (762 evaluations, 0.041934 s total)
[theorycollection] Average computation time:
   flamingo.inference.masked_ps.MaskedTSZTheory : 0.0164997 s (762 evaluations, 12.5728 s total)
[mcmc]  - Acceptance rate: 0.545
[mcmc]  - Convergence of means: R-1 = 0.180788 after 128 accepted steps
[mcmc]  - Updated covariance matrix of proposal pdf.
[mcmc] Learn + convergence test @ 200 samples accepted.
[likelihoodcollection] Average computation time:
   flamingo.inference.masked_ps.MaskedBandPowerLikelihood : 5.46886e-05 s (828 evaluations, 0.0452822 s total)
[theorycollection] Average computation time:
   flamingo.inference.masked_ps.MaskedTSZTheory : 0.0164673 s (828 evaluations, 13.6349 s total)
[mcmc]  - Acceptance rate: 0.656
[mcmc]  - Convergence of means: R-1 = 0.400856 after 160 accepted steps
[mcmc]  - Updated covariance matrix of proposal pdf.
[mcmc] Learn + convergence test @ 240 samples accepted.
[likelihoodcollection] Average computation time:
   flamingo.inference.masked_ps.MaskedBandPowerLikelihood : 5.46465e-05 s (904 evaluations, 0.0494004 s total)
[theorycollection] Average computation time:
   flamingo.inference.masked_ps.MaskedTSZTheory : 0.0164663 s (904 evaluations, 14.8856 s total)
[mcmc]  - Acceptance rate: 0.621
[mcmc]  - Convergence of means: R-1 = 0.095385 after 192 accepted steps
[mcmc]  - Updated covariance matrix of proposal pdf.
[mcmc] Learn + convergence test @ 280 samples accepted.
[likelihoodcollection] Average computation time:
   flamingo.inference.masked_ps.MaskedBandPowerLikelihood : 5.42647e-05 s (965 evaluations, 0.0523655 s total)
[theorycollection] Average computation time:
   flamingo.inference.masked_ps.MaskedTSZTheory : 0.0164489 s (965 evaluations, 15.8732 s total)
[mcmc]  - Acceptance rate: 0.622
[mcmc]  - Convergence of means: R-1 = 0.174790 after 224 accepted steps
[mcmc]  - Updated covariance matrix of proposal pdf.
[mcmc] Learn + convergence test @ 320 samples accepted.
[likelihoodcollection] Average computation time:
   flamingo.inference.masked_ps.MaskedBandPowerLikelihood : 5.44684e-05 s (1035 evaluations, 0.0563748 s total)
[theorycollection] Average computation time:
   flamingo.inference.masked_ps.MaskedTSZTheory : 0.0164581 s (1035 evaluations, 17.0342 s total)
[mcmc]  - Acceptance rate: 0.614
[mcmc]  - Convergence of means: R-1 = 0.042162 after 256 accepted steps
[mcmc]  - Updated covariance matrix of proposal pdf.
[mcmc] Learn + convergence test @ 360 samples accepted.
[likelihoodcollection] Average computation time:
   flamingo.inference.masked_ps.MaskedBandPowerLikelihood : 5.44237e-05 s (1098 evaluations, 0.0597573 s total)
[theorycollection] Average computation time:
   flamingo.inference.masked_ps.MaskedTSZTheory : 0.0164695 s (1098 evaluations, 18.0835 s total)
[mcmc]  - Acceptance rate: 0.619
[mcmc]  - Convergence of means: R-1 = 0.030453 after 288 accepted steps
[mcmc]  - Updated covariance matrix of proposal pdf.
[mcmc] Learn + convergence test @ 400 samples accepted.
[likelihoodcollection] Average computation time:
   flamingo.inference.masked_ps.MaskedBandPowerLikelihood : 5.42008e-05 s (1160 evaluations, 0.062873 s total)
[theorycollection] Average computation time:
   flamingo.inference.masked_ps.MaskedTSZTheory : 0.0164541 s (1160 evaluations, 19.0867 s total)
[mcmc]  - Acceptance rate: 0.621
[mcmc]  - Convergence of means: R-1 = 0.065519 after 320 accepted steps
[mcmc]  - Updated covariance matrix of proposal pdf.
[mcmc] Learn + convergence test @ 440 samples accepted.
[likelihoodcollection] Average computation time:
   flamingo.inference.masked_ps.MaskedBandPowerLikelihood : 5.41457e-05 s (1236 evaluations, 0.0669241 s total)
[theorycollection] Average computation time:
   flamingo.inference.masked_ps.MaskedTSZTheory : 0.0164607 s (1236 evaluations, 20.3455 s total)
[mcmc]  - Acceptance rate: 0.607
[mcmc]  - Convergence of means: R-1 = 0.059337 after 352 accepted steps
[mcmc]  - Updated covariance matrix of proposal pdf.
[mcmc] Learn + convergence test @ 480 samples accepted.
[likelihoodcollection] Average computation time:
   flamingo.inference.masked_ps.MaskedBandPowerLikelihood : 5.41855e-05 s (1297 evaluations, 0.0702786 s total)
[theorycollection] Average computation time:
   flamingo.inference.masked_ps.MaskedTSZTheory : 0.016459 s (1297 evaluations, 21.3474 s total)
[mcmc]  - Acceptance rate: 0.613
[mcmc]  - Convergence of means: R-1 = 0.022404 after 384 accepted steps
[mcmc]  - Updated covariance matrix of proposal pdf.
[mcmc] Learn + convergence test @ 520 samples accepted.
[likelihoodcollection] Average computation time:
   flamingo.inference.masked_ps.MaskedBandPowerLikelihood : 5.42474e-05 s (1362 evaluations, 0.073885 s total)
[theorycollection] Average computation time:
   flamingo.inference.masked_ps.MaskedTSZTheory : 0.0164623 s (1362 evaluations, 22.4217 s total)
[mcmc]  - Acceptance rate: 0.613
[mcmc]  - Convergence of means: R-1 = 0.037489 after 416 accepted steps
[mcmc]  - Updated covariance matrix of proposal pdf.
[mcmc] Learn + convergence test @ 560 samples accepted.
[likelihoodcollection] Average computation time:
   flamingo.inference.masked_ps.MaskedBandPowerLikelihood : 5.4455e-05 s (1424 evaluations, 0.0775439 s total)
[theorycollection] Average computation time:
   flamingo.inference.masked_ps.MaskedTSZTheory : 0.0164515 s (1424 evaluations, 23.4269 s total)
[mcmc]  - Acceptance rate: 0.615
[mcmc]  - Convergence of means: R-1 = 0.040329 after 448 accepted steps
[mcmc]  - Updated covariance matrix of proposal pdf.
[mcmc] Learn + convergence test @ 600 samples accepted.
[likelihoodcollection] Average computation time:
   flamingo.inference.masked_ps.MaskedBandPowerLikelihood : 5.44581e-05 s (1486 evaluations, 0.0809247 s total)
[theorycollection] Average computation time:
   flamingo.inference.masked_ps.MaskedTSZTheory : 0.0164562 s (1486 evaluations, 24.4539 s total)
[mcmc]  - Acceptance rate: 0.615
[mcmc]  - Convergence of means: R-1 = 0.007517 after 480 accepted steps
[mcmc]  - Updated covariance matrix of proposal pdf.
[mcmc] Learn + convergence test @ 640 samples accepted.
[likelihoodcollection] Average computation time:
   flamingo.inference.masked_ps.MaskedBandPowerLikelihood : 5.44237e-05 s (1559 evaluations, 0.0848466 s total)
[theorycollection] Average computation time:
   flamingo.inference.masked_ps.MaskedTSZTheory : 0.0164651 s (1559 evaluations, 25.6692 s total)
[mcmc]  - Acceptance rate: 0.607
[mcmc]  - Convergence of means: R-1 = 0.015032 after 512 accepted steps
[mcmc]  - Updated covariance matrix of proposal pdf.
[mcmc] Learn + convergence test @ 680 samples accepted.
[likelihoodcollection] Average computation time:
   flamingo.inference.masked_ps.MaskedBandPowerLikelihood : 5.43505e-05 s (1622 evaluations, 0.0881565 s total)
[theorycollection] Average computation time:
   flamingo.inference.masked_ps.MaskedTSZTheory : 0.0164592 s (1622 evaluations, 26.6968 s total)
[mcmc]  - Acceptance rate: 0.609
[mcmc]  - Convergence of means: R-1 = 0.019207 after 544 accepted steps
[mcmc]  - Updated covariance matrix of proposal pdf.
[mcmc] Learn + convergence test @ 720 samples accepted.
[likelihoodcollection] Average computation time:
   flamingo.inference.masked_ps.MaskedBandPowerLikelihood : 5.42138e-05 s (1693 evaluations, 0.091784 s total)
[theorycollection] Average computation time:
   flamingo.inference.masked_ps.MaskedTSZTheory : 0.0164509 s (1693 evaluations, 27.8514 s total)
[mcmc]  - Acceptance rate: 0.604
[mcmc]  - Convergence of means: R-1 = 0.017260 after 576 accepted steps
[mcmc]  - Updated covariance matrix of proposal pdf.
[mcmc] Learn + convergence test @ 760 samples accepted.
[likelihoodcollection] Average computation time:
   flamingo.inference.masked_ps.MaskedBandPowerLikelihood : 5.43182e-05 s (1763 evaluations, 0.095763 s total)
[theorycollection] Average computation time:
   flamingo.inference.masked_ps.MaskedTSZTheory : 0.0164659 s (1763 evaluations, 29.0293 s total)
[mcmc]  - Acceptance rate: 0.602
[mcmc]  - Convergence of means: R-1 = 0.018139 after 608 accepted steps
[mcmc]  - Updated covariance matrix of proposal pdf.
[mcmc] Learn + convergence test @ 800 samples accepted.
[likelihoodcollection] Average computation time:
   flamingo.inference.masked_ps.MaskedBandPowerLikelihood : 5.4158e-05 s (1814 evaluations, 0.0982426 s total)
[theorycollection] Average computation time:
   flamingo.inference.masked_ps.MaskedTSZTheory : 0.0164538 s (1814 evaluations, 29.8471 s total)
[mcmc]  - Acceptance rate: 0.608
[mcmc]  - Convergence of means: R-1 = 0.024528 after 640 accepted steps
[mcmc]  - Updated covariance matrix of proposal pdf.
[mcmc] Learn + convergence test @ 840 samples accepted.
[likelihoodcollection] Average computation time:
   flamingo.inference.masked_ps.MaskedBandPowerLikelihood : 5.3931e-05 s (1881 evaluations, 0.101444 s total)
[theorycollection] Average computation time:
   flamingo.inference.masked_ps.MaskedTSZTheory : 0.0163992 s (1881 evaluations, 30.8469 s total)
[mcmc]  - Acceptance rate: 0.607
[mcmc]  - Convergence of means: R-1 = 0.026354 after 672 accepted steps
[mcmc]  - Updated covariance matrix of proposal pdf.
[mcmc] Learn + convergence test @ 880 samples accepted.
[likelihoodcollection] Average computation time:
   flamingo.inference.masked_ps.MaskedBandPowerLikelihood : 5.40085e-05 s (1947 evaluations, 0.105155 s total)
[theorycollection] Average computation time:
   flamingo.inference.masked_ps.MaskedTSZTheory : 0.0164069 s (1947 evaluations, 31.9442 s total)
[mcmc]  - Acceptance rate: 0.606
[mcmc]  - Convergence of means: R-1 = 0.028851 after 704 accepted steps
[mcmc]  - Updated covariance matrix of proposal pdf.
[mcmc] Learn + convergence test @ 920 samples accepted.
[likelihoodcollection] Average computation time:
   flamingo.inference.masked_ps.MaskedBandPowerLikelihood : 5.40555e-05 s (2021 evaluations, 0.109246 s total)
[theorycollection] Average computation time:
   flamingo.inference.masked_ps.MaskedTSZTheory : 0.0164234 s (2021 evaluations, 33.1917 s total)
[mcmc]  - Acceptance rate: 0.605
[mcmc]  - Convergence of means: R-1 = 0.015297 after 736 accepted steps
[mcmc]  - Updated covariance matrix of proposal pdf.
[mcmc] Learn + convergence test @ 960 samples accepted.
[likelihoodcollection] Average computation time:
   flamingo.inference.masked_ps.MaskedBandPowerLikelihood : 5.41779e-05 s (2086 evaluations, 0.113015 s total)
[theorycollection] Average computation time:
   flamingo.inference.masked_ps.MaskedTSZTheory : 0.0164171 s (2086 evaluations, 34.246 s total)
[mcmc]  - Acceptance rate: 0.605
[mcmc]  - Convergence of means: R-1 = 0.016391 after 768 accepted steps
[mcmc]  - Updated covariance matrix of proposal pdf.
[mcmc] Learn + convergence test @ 1000 samples accepted.
[likelihoodcollection] Average computation time:
   flamingo.inference.masked_ps.MaskedBandPowerLikelihood : 5.41036e-05 s (2154 evaluations, 0.116539 s total)
[theorycollection] Average computation time:
   flamingo.inference.masked_ps.MaskedTSZTheory : 0.016415 s (2154 evaluations, 35.358 s total)
[mcmc]  - Acceptance rate: 0.603
[mcmc]  - Convergence of means: R-1 = 0.012800 after 800 accepted steps
[mcmc]  - Updated covariance matrix of proposal pdf.
[mcmc] Learn + convergence test @ 1040 samples accepted.
[likelihoodcollection] Average computation time:
   flamingo.inference.masked_ps.MaskedBandPowerLikelihood : 5.41788e-05 s (2229 evaluations, 0.120765 s total)
[theorycollection] Average computation time:
   flamingo.inference.masked_ps.MaskedTSZTheory : 0.0164056 s (2229 evaluations, 36.568 s total)
[mcmc]  - Acceptance rate: 0.599
[mcmc]  - Convergence of means: R-1 = 0.024613 after 832 accepted steps
[mcmc]  - Updated covariance matrix of proposal pdf.
[mcmc] Learn + convergence test @ 1080 samples accepted.
[likelihoodcollection] Average computation time:
   flamingo.inference.masked_ps.MaskedBandPowerLikelihood : 5.42047e-05 s (2288 evaluations, 0.12402 s total)
[theorycollection] Average computation time:
   flamingo.inference.masked_ps.MaskedTSZTheory : 0.0163938 s (2288 evaluations, 37.5091 s total)
[mcmc]  - Acceptance rate: 0.601
[mcmc]  - Convergence of means: R-1 = 0.022133 after 864 accepted steps
[mcmc]  - Updated covariance matrix of proposal pdf.
[mcmc] Learn + convergence test @ 1120 samples accepted.
[likelihoodcollection] Average computation time:
   flamingo.inference.masked_ps.MaskedBandPowerLikelihood : 5.42004e-05 s (2369 evaluations, 0.128401 s total)
[theorycollection] Average computation time:
   flamingo.inference.masked_ps.MaskedTSZTheory : 0.016387 s (2369 evaluations, 38.8208 s total)
[mcmc]  - Acceptance rate: 0.596
[mcmc]  - Convergence of means: R-1 = 0.017227 after 896 accepted steps
[mcmc]  - Updated covariance matrix of proposal pdf.
[mcmc] Learn + convergence test @ 1160 samples accepted.
[likelihoodcollection] Average computation time:
   flamingo.inference.masked_ps.MaskedBandPowerLikelihood : 5.4279e-05 s (2428 evaluations, 0.131789 s total)
[theorycollection] Average computation time:
   flamingo.inference.masked_ps.MaskedTSZTheory : 0.0163966 s (2428 evaluations, 39.811 s total)
[mcmc]  - Acceptance rate: 0.603
[mcmc]  - Convergence of means: R-1 = 0.021830 after 928 accepted steps
[mcmc]  - Updated covariance matrix of proposal pdf.
[mcmc] Learn + convergence test @ 1200 samples accepted.
[likelihoodcollection] Average computation time:
   flamingo.inference.masked_ps.MaskedBandPowerLikelihood : 5.41843e-05 s (2495 evaluations, 0.13519 s total)
[theorycollection] Average computation time:
   flamingo.inference.masked_ps.MaskedTSZTheory : 0.0163951 s (2495 evaluations, 40.9058 s total)
[mcmc]  - Acceptance rate: 0.603
[mcmc]  - Convergence of means: R-1 = 0.017736 after 960 accepted steps
[mcmc]  - Updated covariance matrix of proposal pdf.
[mcmc] Learn + convergence test @ 1240 samples accepted.
[likelihoodcollection] Average computation time:
   flamingo.inference.masked_ps.MaskedBandPowerLikelihood : 5.42895e-05 s (2575 evaluations, 0.139795 s total)
[theorycollection] Average computation time:
   flamingo.inference.masked_ps.MaskedTSZTheory : 0.016389 s (2575 evaluations, 42.2016 s total)
[mcmc]  - Acceptance rate: 0.598
[mcmc]  - Convergence of means: R-1 = 0.018464 after 992 accepted steps
[mcmc]  - Updated covariance matrix of proposal pdf.
[mcmc] Learn + convergence test @ 1280 samples accepted.
[likelihoodcollection] Average computation time:
   flamingo.inference.masked_ps.MaskedBandPowerLikelihood : 5.42889e-05 s (2639 evaluations, 0.143268 s total)
[theorycollection] Average computation time:
   flamingo.inference.masked_ps.MaskedTSZTheory : 0.0163941 s (2639 evaluations, 43.2641 s total)
[mcmc]  - Acceptance rate: 0.598
[mcmc]  - Convergence of means: R-1 = 0.008138 after 1024 accepted steps
[mcmc]  - Updated covariance matrix of proposal pdf.
[mcmc] Learn + convergence test @ 1320 samples accepted.
[likelihoodcollection] Average computation time:
   flamingo.inference.masked_ps.MaskedBandPowerLikelihood : 5.4367e-05 s (2714 evaluations, 0.147552 s total)
[theorycollection] Average computation time:
   flamingo.inference.masked_ps.MaskedTSZTheory : 0.0164007 s (2714 evaluations, 44.5116 s total)
[mcmc]  - Acceptance rate: 0.596
[mcmc]  - Convergence of means: R-1 = 0.009062 after 1056 accepted steps
[mcmc]  - Updated covariance matrix of proposal pdf.
[mcmc] Learn + convergence test @ 1360 samples accepted.
[likelihoodcollection] Average computation time:
   flamingo.inference.masked_ps.MaskedBandPowerLikelihood : 5.43966e-05 s (2781 evaluations, 0.151277 s total)
[theorycollection] Average computation time:
   flamingo.inference.masked_ps.MaskedTSZTheory : 0.0163979 s (2781 evaluations, 45.6026 s total)
[mcmc]  - Acceptance rate: 0.596
[mcmc]  - Convergence of means: R-1 = 0.012393 after 1088 accepted steps
[mcmc]  - Updated covariance matrix of proposal pdf.
[mcmc] Learn + convergence test @ 1400 samples accepted.
[likelihoodcollection] Average computation time:
   flamingo.inference.masked_ps.MaskedBandPowerLikelihood : 5.43541e-05 s (2868 evaluations, 0.155888 s total)
[theorycollection] Average computation time:
   flamingo.inference.masked_ps.MaskedTSZTheory : 0.0164012 s (2868 evaluations, 47.0388 s total)
[mcmc]  - Acceptance rate: 0.589
[mcmc]  - Convergence of means: R-1 = 0.023457 after 1120 accepted steps
[mcmc]  - Updated covariance matrix of proposal pdf.
[mcmc] Learn + convergence test @ 1440 samples accepted.
[likelihoodcollection] Average computation time:
   flamingo.inference.masked_ps.MaskedBandPowerLikelihood : 5.42895e-05 s (2923 evaluations, 0.158688 s total)
[theorycollection] Average computation time:
   flamingo.inference.masked_ps.MaskedTSZTheory : 0.0163984 s (2923 evaluations, 47.9326 s total)
[mcmc]  - Acceptance rate: 0.593
[mcmc]  - Convergence of means: R-1 = 0.019716 after 1152 accepted steps
[mcmc]  - Updated covariance matrix of proposal pdf.
[mcmc] Learn + convergence test @ 1480 samples accepted.
[likelihoodcollection] Average computation time:
   flamingo.inference.masked_ps.MaskedBandPowerLikelihood : 5.4279e-05 s (2993 evaluations, 0.162457 s total)
[theorycollection] Average computation time:
   flamingo.inference.masked_ps.MaskedTSZTheory : 0.0164011 s (2993 evaluations, 49.0885 s total)
[mcmc]  - Acceptance rate: 0.591
[mcmc]  - Convergence of means: R-1 = 0.017285 after 1184 accepted steps
[mcmc]  - Updated covariance matrix of proposal pdf.
[mcmc] Learn + convergence test @ 1520 samples accepted.
[likelihoodcollection] Average computation time:
   flamingo.inference.masked_ps.MaskedBandPowerLikelihood : 5.44312e-05 s (3069 evaluations, 0.167049 s total)
[theorycollection] Average computation time:
   flamingo.inference.masked_ps.MaskedTSZTheory : 0.016399 s (3069 evaluations, 50.3286 s total)
[mcmc]  - Acceptance rate: 0.588
[mcmc]  - Convergence of means: R-1 = 0.019856 after 1216 accepted steps
[mcmc]  - Updated covariance matrix of proposal pdf.
[mcmc] Learn + convergence test @ 1560 samples accepted.
[likelihoodcollection] Average computation time:
   flamingo.inference.masked_ps.MaskedBandPowerLikelihood : 5.44134e-05 s (3140 evaluations, 0.170858 s total)
[theorycollection] Average computation time:
   flamingo.inference.masked_ps.MaskedTSZTheory : 0.0163945 s (3140 evaluations, 51.4786 s total)
[mcmc]  - Acceptance rate: 0.589
[mcmc]  - Convergence of means: R-1 = 0.015140 after 1248 accepted steps
[mcmc]  - Updated covariance matrix of proposal pdf.
[mcmc] Learn + convergence test @ 1600 samples accepted.
[likelihoodcollection] Average computation time:
   flamingo.inference.masked_ps.MaskedBandPowerLikelihood : 5.44593e-05 s (3221 evaluations, 0.175414 s total)
[theorycollection] Average computation time:
   flamingo.inference.masked_ps.MaskedTSZTheory : 0.0164034 s (3221 evaluations, 52.8355 s total)
[mcmc]  - Acceptance rate: 0.586
[mcmc]  - Convergence of means: R-1 = 0.016567 after 1280 accepted steps
[mcmc]  - Updated covariance matrix of proposal pdf.
[mcmc] Learn + convergence test @ 1640 samples accepted.
[likelihoodcollection] Average computation time:
   flamingo.inference.masked_ps.MaskedBandPowerLikelihood : 5.44758e-05 s (3299 evaluations, 0.179716 s total)
[theorycollection] Average computation time:
   flamingo.inference.masked_ps.MaskedTSZTheory : 0.0164132 s (3299 evaluations, 54.1471 s total)
[mcmc]  - Acceptance rate: 0.583
[mcmc]  - Convergence of means: R-1 = 0.017014 after 1312 accepted steps
[mcmc]  - Updated covariance matrix of proposal pdf.
[mcmc] Learn + convergence test @ 1680 samples accepted.
[likelihoodcollection] Average computation time:
   flamingo.inference.masked_ps.MaskedBandPowerLikelihood : 5.45288e-05 s (3369 evaluations, 0.183707 s total)
[theorycollection] Average computation time:
   flamingo.inference.masked_ps.MaskedTSZTheory : 0.0164148 s (3369 evaluations, 55.3014 s total)
[mcmc]  - Acceptance rate: 0.583
[mcmc]  - Convergence of means: R-1 = 0.015311 after 1344 accepted steps
[mcmc]  - Updated covariance matrix of proposal pdf.
[mcmc] Learn + convergence test @ 1720 samples accepted.
[likelihoodcollection] Average computation time:
   flamingo.inference.masked_ps.MaskedBandPowerLikelihood : 5.45452e-05 s (3430 evaluations, 0.18709 s total)
[theorycollection] Average computation time:
   flamingo.inference.masked_ps.MaskedTSZTheory : 0.0164113 s (3430 evaluations, 56.2909 s total)
[mcmc]  - Acceptance rate: 0.584
[mcmc]  - Convergence of means: R-1 = 0.019065 after 1376 accepted steps
[mcmc]  - Updated covariance matrix of proposal pdf.
[mcmc] Learn + convergence test @ 1760 samples accepted.
[likelihoodcollection] Average computation time:
   flamingo.inference.masked_ps.MaskedBandPowerLikelihood : 5.4475e-05 s (3492 evaluations, 0.190227 s total)
[theorycollection] Average computation time:
   flamingo.inference.masked_ps.MaskedTSZTheory : 0.0164098 s (3492 evaluations, 57.3032 s total)
[mcmc]  - Acceptance rate: 0.585
[mcmc]  - Convergence of means: R-1 = 0.017993 after 1408 accepted steps
[mcmc]  - Updated covariance matrix of proposal pdf.
[mcmc] Learn + convergence test @ 1800 samples accepted.
[likelihoodcollection] Average computation time:
   flamingo.inference.masked_ps.MaskedBandPowerLikelihood : 5.4437e-05 s (3555 evaluations, 0.193524 s total)
[theorycollection] Average computation time:
   flamingo.inference.masked_ps.MaskedTSZTheory : 0.016412 s (3555 evaluations, 58.3448 s total)
[mcmc]  - Acceptance rate: 0.586
[mcmc]  - Convergence of means: R-1 = 0.017669 after 1440 accepted steps
[mcmc]  - Updated covariance matrix of proposal pdf.
[mcmc] Progress @ 2026-08-03 02:19:54 : 3582 steps taken, and 1819 accepted.
[mcmc] Learn + convergence test @ 1840 samples accepted.
[likelihoodcollection] Average computation time:
   flamingo.inference.masked_ps.MaskedBandPowerLikelihood : 5.44214e-05 s (3614 evaluations, 0.196679 s total)
[theorycollection] Average computation time:
   flamingo.inference.masked_ps.MaskedTSZTheory : 0.0164132 s (3614 evaluations, 59.3172 s total)
[mcmc]  - Acceptance rate: 0.588
[mcmc]  - Convergence of means: R-1 = 0.010480 after 1472 accepted steps
[mcmc]  - Updated covariance matrix of proposal pdf.
[mcmc] Learn + convergence test @ 1880 samples accepted.
[likelihoodcollection] Average computation time:
   flamingo.inference.masked_ps.MaskedBandPowerLikelihood : 5.4412e-05 s (3696 evaluations, 0.201107 s total)
[theorycollection] Average computation time:
   flamingo.inference.masked_ps.MaskedTSZTheory : 0.0164178 s (3696 evaluations, 60.68 s total)
[mcmc]  - Acceptance rate: 0.584
[mcmc]  - Convergence of means: R-1 = 0.008906 after 1504 accepted steps
[mcmc]  - Updated covariance matrix of proposal pdf.
[mcmc] Learn + convergence test @ 1920 samples accepted.
[likelihoodcollection] Average computation time:
   flamingo.inference.masked_ps.MaskedBandPowerLikelihood : 5.44799e-05 s (3751 evaluations, 0.204354 s total)
[theorycollection] Average computation time:
   flamingo.inference.masked_ps.MaskedTSZTheory : 0.0164179 s (3751 evaluations, 61.5835 s total)
[mcmc]  - Acceptance rate: 0.588
[mcmc]  - Convergence of means: R-1 = 0.007139 after 1536 accepted steps
[mcmc]  - Updated covariance matrix of proposal pdf.
[mcmc] Learn + convergence test @ 1960 samples accepted.
[likelihoodcollection] Average computation time:
   flamingo.inference.masked_ps.MaskedBandPowerLikelihood : 5.44391e-05 s (3827 evaluations, 0.208338 s total)
[theorycollection] Average computation time:
   flamingo.inference.masked_ps.MaskedTSZTheory : 0.0164212 s (3827 evaluations, 62.844 s total)
[mcmc]  - Acceptance rate: 0.586
[mcmc]  - Convergence of means: R-1 = 0.009346 after 1568 accepted steps
[mcmc]  - Updated covariance matrix of proposal pdf.
[mcmc] Learn + convergence test @ 2000 samples accepted.
[likelihoodcollection] Average computation time:
   flamingo.inference.masked_ps.MaskedBandPowerLikelihood : 5.44727e-05 s (3898 evaluations, 0.212335 s total)
[theorycollection] Average computation time:
   flamingo.inference.masked_ps.MaskedTSZTheory : 0.0164318 s (3898 evaluations, 64.0511 s total)
[mcmc]  - Acceptance rate: 0.584
[mcmc]  - Convergence of means: R-1 = 0.016834 after 1600 accepted steps
[mcmc]  - Updated covariance matrix of proposal pdf.
[mcmc] Learn + convergence test @ 2040 samples accepted.
[likelihoodcollection] Average computation time:
   flamingo.inference.masked_ps.MaskedBandPowerLikelihood : 5.46011e-05 s (3962 evaluations, 0.21633 s total)
[theorycollection] Average computation time:
   flamingo.inference.masked_ps.MaskedTSZTheory : 0.0164355 s (3962 evaluations, 65.1173 s total)
[mcmc]  - Acceptance rate: 0.585
[mcmc]  - Convergence of means: R-1 = 0.012719 after 1632 accepted steps
[mcmc]  - Updated covariance matrix of proposal pdf.
[mcmc] Learn + convergence test @ 2080 samples accepted.
[likelihoodcollection] Average computation time:
   flamingo.inference.masked_ps.MaskedBandPowerLikelihood : 5.45752e-05 s (4025 evaluations, 0.219665 s total)
[theorycollection] Average computation time:
   flamingo.inference.masked_ps.MaskedTSZTheory : 0.0164299 s (4025 evaluations, 66.1305 s total)
[mcmc]  - Acceptance rate: 0.587
[mcmc]  - Convergence of means: R-1 = 0.016070 after 1664 accepted steps
[mcmc]  - Updated covariance matrix of proposal pdf.
[mcmc] Learn + convergence test @ 2120 samples accepted.
[likelihoodcollection] Average computation time:
   flamingo.inference.masked_ps.MaskedBandPowerLikelihood : 5.46294e-05 s (4086 evaluations, 0.223216 s total)
[theorycollection] Average computation time:
   flamingo.inference.masked_ps.MaskedTSZTheory : 0.0164298 s (4086 evaluations, 67.132 s total)
[mcmc]  - Acceptance rate: 0.590
[mcmc]  - Convergence of means: R-1 = 0.018006 after 1696 accepted steps
[mcmc]  - Updated covariance matrix of proposal pdf.
[mcmc] Learn + convergence test @ 2160 samples accepted.
[likelihoodcollection] Average computation time:
   flamingo.inference.masked_ps.MaskedBandPowerLikelihood : 5.4595e-05 s (4152 evaluations, 0.226678 s total)
[theorycollection] Average computation time:
   flamingo.inference.masked_ps.MaskedTSZTheory : 0.0164273 s (4152 evaluations, 68.2063 s total)
[mcmc]  - Acceptance rate: 0.589
[mcmc]  - Convergence of means: R-1 = 0.011638 after 1728 accepted steps
[mcmc]  - Updated covariance matrix of proposal pdf.
[mcmc] Learn + convergence test @ 2200 samples accepted.
[likelihoodcollection] Average computation time:
   flamingo.inference.masked_ps.MaskedBandPowerLikelihood : 5.45231e-05 s (4218 evaluations, 0.229978 s total)
[theorycollection] Average computation time:
   flamingo.inference.masked_ps.MaskedTSZTheory : 0.0164264 s (4218 evaluations, 69.2866 s total)
[mcmc]  - Acceptance rate: 0.590
[mcmc]  - Convergence of means: R-1 = 0.009827 after 1760 accepted steps
[mcmc]  - Updated covariance matrix of proposal pdf.
[mcmc] Learn + convergence test @ 2240 samples accepted.
[likelihoodcollection] Average computation time:
   flamingo.inference.masked_ps.MaskedBandPowerLikelihood : 5.45208e-05 s (4287 evaluations, 0.233731 s total)
[theorycollection] Average computation time:
   flamingo.inference.masked_ps.MaskedTSZTheory : 0.0164291 s (4287 evaluations, 70.4317 s total)
[mcmc]  - Acceptance rate: 0.589
[mcmc]  - Convergence of means: R-1 = 0.012346 after 1792 accepted steps
[mcmc]  - Updated covariance matrix of proposal pdf.
[mcmc] Learn + convergence test @ 2280 samples accepted.
[likelihoodcollection] Average computation time:
   flamingo.inference.masked_ps.MaskedBandPowerLikelihood : 5.45535e-05 s (4359 evaluations, 0.237799 s total)
[theorycollection] Average computation time:
   flamingo.inference.masked_ps.MaskedTSZTheory : 0.0164277 s (4359 evaluations, 71.6084 s total)
[mcmc]  - Acceptance rate: 0.589
[mcmc]  - Convergence of means: R-1 = 0.013763 after 1824 accepted steps
[mcmc]  - Updated covariance matrix of proposal pdf.
[mcmc] Learn + convergence test @ 2320 samples accepted.
[likelihoodcollection] Average computation time:
   flamingo.inference.masked_ps.MaskedBandPowerLikelihood : 5.44671e-05 s (4437 evaluations, 0.241671 s total)
[theorycollection] Average computation time:
   flamingo.inference.masked_ps.MaskedTSZTheory : 0.0164291 s (4437 evaluations, 72.896 s total)
[mcmc]  - Acceptance rate: 0.587
[mcmc]  - Convergence of means: R-1 = 0.015585 after 1856 accepted steps
[mcmc]  - Updated covariance matrix of proposal pdf.
[mcmc] Learn + convergence test @ 2360 samples accepted.
[likelihoodcollection] Average computation time:
   flamingo.inference.masked_ps.MaskedBandPowerLikelihood : 5.44853e-05 s (4524 evaluations, 0.246492 s total)
[theorycollection] Average computation time:
   flamingo.inference.masked_ps.MaskedTSZTheory : 0.0164315 s (4524 evaluations, 74.3361 s total)
[mcmc]  - Acceptance rate: 0.583
[mcmc]  - Convergence of means: R-1 = 0.015037 after 1888 accepted steps
[mcmc]  - Updated covariance matrix of proposal pdf.
[mcmc] Learn + convergence test @ 2400 samples accepted.
[likelihoodcollection] Average computation time:
   flamingo.inference.masked_ps.MaskedBandPowerLikelihood : 5.44752e-05 s (4595 evaluations, 0.250314 s total)
[theorycollection] Average computation time:
   flamingo.inference.masked_ps.MaskedTSZTheory : 0.0164314 s (4595 evaluations, 75.5022 s total)
[mcmc]  - Acceptance rate: 0.582
[mcmc]  - Convergence of means: R-1 = 0.014401 after 1920 accepted steps
[mcmc]  - Updated covariance matrix of proposal pdf.
[mcmc] Learn + convergence test @ 2440 samples accepted.
[likelihoodcollection] Average computation time:
   flamingo.inference.masked_ps.MaskedBandPowerLikelihood : 5.44363e-05 s (4665 evaluations, 0.253945 s total)
[theorycollection] Average computation time:
   flamingo.inference.masked_ps.MaskedTSZTheory : 0.0164332 s (4665 evaluations, 76.6609 s total)
[mcmc]  - Acceptance rate: 0.582
[mcmc]  - Convergence of means: R-1 = 0.014119 after 1952 accepted steps
[mcmc]  - Updated covariance matrix of proposal pdf.
[mcmc] Learn + convergence test @ 2480 samples accepted.
[likelihoodcollection] Average computation time:
   flamingo.inference.masked_ps.MaskedBandPowerLikelihood : 5.44409e-05 s (4750 evaluations, 0.258594 s total)
[theorycollection] Average computation time:
   flamingo.inference.masked_ps.MaskedTSZTheory : 0.0164332 s (4750 evaluations, 78.0577 s total)
[mcmc]  - Acceptance rate: 0.579
[mcmc]  - Convergence of means: R-1 = 0.013143 after 1984 accepted steps
[mcmc]  - Updated covariance matrix of proposal pdf.
[mcmc] Learn + convergence test @ 2520 samples accepted.
[likelihoodcollection] Average computation time:
   flamingo.inference.masked_ps.MaskedBandPowerLikelihood : 5.4421e-05 s (4815 evaluations, 0.262037 s total)
[theorycollection] Average computation time:
   flamingo.inference.masked_ps.MaskedTSZTheory : 0.0164316 s (4815 evaluations, 79.1179 s total)
[mcmc]  - Acceptance rate: 0.580
[mcmc]  - Convergence of means: R-1 = 0.007165 after 2016 accepted steps
[mcmc]  - Updated covariance matrix of proposal pdf.
[mcmc] Learn + convergence test @ 2560 samples accepted.
[likelihoodcollection] Average computation time:
   flamingo.inference.masked_ps.MaskedBandPowerLikelihood : 5.44888e-05 s (4897 evaluations, 0.266831 s total)
[theorycollection] Average computation time:
   flamingo.inference.masked_ps.MaskedTSZTheory : 0.0164323 s (4897 evaluations, 80.4689 s total)
[mcmc]  - Acceptance rate: 0.578
[mcmc]  - Convergence of means: R-1 = 0.003292 after 2048 accepted steps
[mcmc]  - Updated covariance matrix of proposal pdf.
[mcmc] Learn + convergence test @ 2600 samples accepted.
[likelihoodcollection] Average computation time:
   flamingo.inference.masked_ps.MaskedBandPowerLikelihood : 5.4523e-05 s (4969 evaluations, 0.270925 s total)
[theorycollection] Average computation time:
   flamingo.inference.masked_ps.MaskedTSZTheory : 0.0164296 s (4969 evaluations, 81.6386 s total)
[mcmc]  - Acceptance rate: 0.577
[mcmc]  - Convergence of means: R-1 = 0.002366 after 2080 accepted steps
[mcmc]  - Convergence of bounds: R-1 = 0.058593 after 2600 accepted steps
[mcmc] The run has converged!
[mcmc] Sampling complete after 2600 accepted steps.
[flamingo.inference.masked_ps.maskedbandpowerlikelihood] Average evaluation time for flamingo.inference.masked_ps.MaskedBandPowerLikelihood: 5.4523e-05 s  (4969 evaluations)
[flamingo.inference.masked_ps.maskedtsztheory] Average evaluation time for flamingo.inference.masked_ps.MaskedTSZTheory: 0.0164296 s  (4969 evaluations)
