
=== qgt10 (q_cat=10.0) ===
Authorization required, but no authorization protocol specified

Authorization required, but no authorization protocol specified

Authorization required, but no authorization protocol specified

Authorization required, but no authorization protocol specified

[output] Output to be read-from/written-into folder '/scratch/scratch-lxu/flamingo_repo/chains/l1_m9_qfrommap_signal_only/qgt10', with prefix 'chain'
[mcmc] Getting initial point... (this may take a few seconds)
[mcmc] Initial point: H0:68.21379, sigma_8:0.8196304, n_s:0.9561466, omega_b:0.02388974, Omega_m:0.28875, A_SZ:-4.128191, alpha_SZ:1.121873, sigma_lnY:0.1671595
[model] Measuring speeds... (this may take a few seconds)
[model] Setting measured speeds (per sec): {flamingo.inference.masked_ps.MaskedBandPowerLikelihood: 18600.0, flamingo.inference.masked_ps.MaskedTSZTheory: 56.9}
[mcmc] Covariance matrix loaded for params ['H0', 'sigma_8', 'n_s', 'omega_b', 'Omega_m', 'A_SZ', 'alpha_SZ', 'sigma_lnY']
[mcmc] All parameters' covariance loaded from given covmat.
[mcmc] Sampling! (NB: no accepted step will be saved until 50 burn-in samples have been obtained)
[mcmc] Progress @ 2026-08-03 01:25:35 : 1 steps taken -- still burning in, 50 accepted steps left.
[mcmc] Finished burn-in phase: discarded 50 accepted steps.
[mcmc] Learn + convergence test @ 40 samples accepted.
[likelihoodcollection] Average computation time:
   flamingo.inference.masked_ps.MaskedBandPowerLikelihood : 5.48515e-05 s (240 evaluations, 0.0131644 s total)
[theorycollection] Average computation time:
   flamingo.inference.masked_ps.MaskedTSZTheory : 0.0162689 s (240 evaluations, 3.90453 s total)
[mcmc]  - Acceptance rate: 0.302
[mcmc]  - Convergence of means: R-1 = 47.030827 after 32 accepted steps
[mcmc]  - Updated covariance matrix of proposal pdf.
[mcmc] Learn + convergence test @ 80 samples accepted.
[likelihoodcollection] Average computation time:
   flamingo.inference.masked_ps.MaskedBandPowerLikelihood : 5.45928e-05 s (318 evaluations, 0.0173605 s total)
[theorycollection] Average computation time:
   flamingo.inference.masked_ps.MaskedTSZTheory : 0.0163507 s (318 evaluations, 5.19953 s total)
[mcmc]  - Acceptance rate: 0.400
[mcmc]  - Convergence of means: R-1 = 40.241089 after 64 accepted steps
[mcmc]  - Updated covariance matrix of proposal pdf.
[mcmc] Learn + convergence test @ 120 samples accepted.
[likelihoodcollection] Average computation time:
   flamingo.inference.masked_ps.MaskedBandPowerLikelihood : 5.4729e-05 s (389 evaluations, 0.0212896 s total)
[theorycollection] Average computation time:
   flamingo.inference.masked_ps.MaskedTSZTheory : 0.0163192 s (389 evaluations, 6.34819 s total)
[mcmc]  - Acceptance rate: 0.459
[mcmc]  - Convergence of means: R-1 = 8.268935 after 96 accepted steps
[mcmc]  - Updated covariance matrix of proposal pdf.
[mcmc] Learn + convergence test @ 160 samples accepted.
[likelihoodcollection] Average computation time:
   flamingo.inference.masked_ps.MaskedBandPowerLikelihood : 5.47125e-05 s (445 evaluations, 0.0243471 s total)
[theorycollection] Average computation time:
   flamingo.inference.masked_ps.MaskedTSZTheory : 0.0163724 s (445 evaluations, 7.28574 s total)
[mcmc]  - Acceptance rate: 0.554
[mcmc]  - Convergence of means: R-1 = 11.213841 after 128 accepted steps
[mcmc]  - Updated covariance matrix of proposal pdf.
[mcmc] Learn + convergence test @ 200 samples accepted.
[likelihoodcollection] Average computation time:
   flamingo.inference.masked_ps.MaskedBandPowerLikelihood : 5.40848e-05 s (509 evaluations, 0.0275292 s total)
[theorycollection] Average computation time:
   flamingo.inference.masked_ps.MaskedTSZTheory : 0.0163569 s (509 evaluations, 8.32569 s total)
[mcmc]  - Acceptance rate: 0.595
[mcmc]  - Convergence of means: R-1 = 14.674523 after 160 accepted steps
[mcmc]  - Updated covariance matrix of proposal pdf.
[mcmc] Learn + convergence test @ 240 samples accepted.
[likelihoodcollection] Average computation time:
   flamingo.inference.masked_ps.MaskedBandPowerLikelihood : 5.36326e-05 s (565 evaluations, 0.0303024 s total)
[theorycollection] Average computation time:
   flamingo.inference.masked_ps.MaskedTSZTheory : 0.0163344 s (565 evaluations, 9.22894 s total)
[mcmc]  - Acceptance rate: 0.623
[mcmc]  - Convergence of means: R-1 = 9.898402 after 192 accepted steps
[mcmc]  - Updated covariance matrix of proposal pdf.
[mcmc] Learn + convergence test @ 280 samples accepted.
[likelihoodcollection] Average computation time:
   flamingo.inference.masked_ps.MaskedBandPowerLikelihood : 5.37703e-05 s (622 evaluations, 0.0334451 s total)
[theorycollection] Average computation time:
   flamingo.inference.masked_ps.MaskedTSZTheory : 0.0163864 s (622 evaluations, 10.1923 s total)
[mcmc]  - Acceptance rate: 0.640
[mcmc]  - Convergence of means: R-1 = 12.294537 after 224 accepted steps
[mcmc]  - Updated covariance matrix of proposal pdf.
[mcmc] Learn + convergence test @ 320 samples accepted.
[likelihoodcollection] Average computation time:
   flamingo.inference.masked_ps.MaskedBandPowerLikelihood : 5.39583e-05 s (697 evaluations, 0.0376089 s total)
[theorycollection] Average computation time:
   flamingo.inference.masked_ps.MaskedTSZTheory : 0.0164126 s (697 evaluations, 11.4396 s total)
[mcmc]  - Acceptance rate: 0.618
[mcmc]  - Convergence of means: R-1 = 14.192788 after 256 accepted steps
[mcmc]  - Updated covariance matrix of proposal pdf.
[mcmc] Learn + convergence test @ 360 samples accepted.
[likelihoodcollection] Average computation time:
   flamingo.inference.masked_ps.MaskedBandPowerLikelihood : 5.35161e-05 s (758 evaluations, 0.0405652 s total)
[theorycollection] Average computation time:
   flamingo.inference.masked_ps.MaskedTSZTheory : 0.0164107 s (758 evaluations, 12.4393 s total)
[mcmc]  - Acceptance rate: 0.630
[mcmc]  - Convergence of means: R-1 = 18.326259 after 288 accepted steps
[mcmc]  - Updated covariance matrix of proposal pdf.
[mcmc] Learn + convergence test @ 400 samples accepted.
[likelihoodcollection] Average computation time:
   flamingo.inference.masked_ps.MaskedBandPowerLikelihood : 5.3605e-05 s (820 evaluations, 0.0439561 s total)
[theorycollection] Average computation time:
   flamingo.inference.masked_ps.MaskedTSZTheory : 0.0164245 s (820 evaluations, 13.4681 s total)
[mcmc]  - Acceptance rate: 0.637
[mcmc]  - Convergence of means: R-1 = 23.947707 after 320 accepted steps
[mcmc]  - Updated covariance matrix of proposal pdf.
[mcmc] Learn + convergence test @ 440 samples accepted.
[likelihoodcollection] Average computation time:
   flamingo.inference.masked_ps.MaskedBandPowerLikelihood : 5.35051e-05 s (887 evaluations, 0.047459 s total)
[theorycollection] Average computation time:
   flamingo.inference.masked_ps.MaskedTSZTheory : 0.0164436 s (887 evaluations, 14.5855 s total)
[mcmc]  - Acceptance rate: 0.634
[mcmc]  - Convergence of means: R-1 = 21.124006 after 352 accepted steps
[mcmc]  - Updated covariance matrix of proposal pdf.
[mcmc] Learn + convergence test @ 480 samples accepted.
[likelihoodcollection] Average computation time:
   flamingo.inference.masked_ps.MaskedBandPowerLikelihood : 5.32309e-05 s (947 evaluations, 0.0504097 s total)
[theorycollection] Average computation time:
   flamingo.inference.masked_ps.MaskedTSZTheory : 0.0164549 s (947 evaluations, 15.5827 s total)
[mcmc]  - Acceptance rate: 0.642
[mcmc]  - Convergence of means: R-1 = 14.845848 after 384 accepted steps
[mcmc]  - Updated covariance matrix of proposal pdf.
[mcmc] Learn + convergence test @ 520 samples accepted.
[likelihoodcollection] Average computation time:
   flamingo.inference.masked_ps.MaskedBandPowerLikelihood : 5.34329e-05 s (1021 evaluations, 0.054555 s total)
[theorycollection] Average computation time:
   flamingo.inference.masked_ps.MaskedTSZTheory : 0.0164574 s (1021 evaluations, 16.803 s total)
[mcmc]  - Acceptance rate: 0.628
[mcmc]  - Convergence of means: R-1 = 13.645565 after 416 accepted steps
[mcmc]  - Updated covariance matrix of proposal pdf.
[mcmc] Learn + convergence test @ 560 samples accepted.
[likelihoodcollection] Average computation time:
   flamingo.inference.masked_ps.MaskedBandPowerLikelihood : 5.34681e-05 s (1082 evaluations, 0.0578525 s total)
[theorycollection] Average computation time:
   flamingo.inference.masked_ps.MaskedTSZTheory : 0.0164648 s (1082 evaluations, 17.8149 s total)
[mcmc]  - Acceptance rate: 0.635
[mcmc]  - Convergence of means: R-1 = 21.392414 after 448 accepted steps
[mcmc]  - Updated covariance matrix of proposal pdf.
[mcmc] Learn + convergence test @ 600 samples accepted.
[likelihoodcollection] Average computation time:
   flamingo.inference.masked_ps.MaskedBandPowerLikelihood : 5.31471e-05 s (1148 evaluations, 0.0610129 s total)
[theorycollection] Average computation time:
   flamingo.inference.masked_ps.MaskedTSZTheory : 0.0164471 s (1148 evaluations, 18.8812 s total)
[mcmc]  - Acceptance rate: 0.632
[mcmc]  - Convergence of means: R-1 = 16.175065 after 480 accepted steps
[mcmc]  - Updated covariance matrix of proposal pdf.
[mcmc] Learn + convergence test @ 640 samples accepted.
[likelihoodcollection] Average computation time:
   flamingo.inference.masked_ps.MaskedBandPowerLikelihood : 5.35073e-05 s (1206 evaluations, 0.0645298 s total)
[theorycollection] Average computation time:
   flamingo.inference.masked_ps.MaskedTSZTheory : 0.0164766 s (1206 evaluations, 19.8707 s total)
[mcmc]  - Acceptance rate: 0.638
[mcmc]  - Convergence of means: R-1 = 17.398454 after 512 accepted steps
[mcmc]  - Updated covariance matrix of proposal pdf.
[mcmc] Learn + convergence test @ 680 samples accepted.
[likelihoodcollection] Average computation time:
   flamingo.inference.masked_ps.MaskedBandPowerLikelihood : 5.36504e-05 s (1273 evaluations, 0.068297 s total)
[theorycollection] Average computation time:
   flamingo.inference.masked_ps.MaskedTSZTheory : 0.0164837 s (1273 evaluations, 20.9837 s total)
[mcmc]  - Acceptance rate: 0.633
[mcmc]  - Convergence of means: R-1 = 20.786209 after 544 accepted steps
[mcmc]  - Updated covariance matrix of proposal pdf.
[mcmc] Learn + convergence test @ 720 samples accepted.
[likelihoodcollection] Average computation time:
   flamingo.inference.masked_ps.MaskedBandPowerLikelihood : 5.34776e-05 s (1336 evaluations, 0.0714461 s total)
[theorycollection] Average computation time:
   flamingo.inference.masked_ps.MaskedTSZTheory : 0.01648 s (1336 evaluations, 22.0173 s total)
[mcmc]  - Acceptance rate: 0.631
[mcmc]  - Convergence of means: R-1 = 10.579304 after 576 accepted steps
[mcmc]  - Updated covariance matrix of proposal pdf.
[mcmc] Learn + convergence test @ 760 samples accepted.
[likelihoodcollection] Average computation time:
   flamingo.inference.masked_ps.MaskedBandPowerLikelihood : 5.351e-05 s (1414 evaluations, 0.0756631 s total)
[theorycollection] Average computation time:
   flamingo.inference.masked_ps.MaskedTSZTheory : 0.0165122 s (1414 evaluations, 23.3483 s total)
[mcmc]  - Acceptance rate: 0.620
[mcmc]  - Convergence of means: R-1 = 9.340985 after 608 accepted steps
[mcmc]  - Updated covariance matrix of proposal pdf.
[mcmc] Learn + convergence test @ 800 samples accepted.
[likelihoodcollection] Average computation time:
   flamingo.inference.masked_ps.MaskedBandPowerLikelihood : 5.38038e-05 s (1478 evaluations, 0.0795221 s total)
[theorycollection] Average computation time:
   flamingo.inference.masked_ps.MaskedTSZTheory : 0.0165235 s (1478 evaluations, 24.4217 s total)
[mcmc]  - Acceptance rate: 0.620
[mcmc]  - Convergence of means: R-1 = 9.292799 after 640 accepted steps
[mcmc]  - Updated covariance matrix of proposal pdf.
[mcmc] Learn + convergence test @ 840 samples accepted.
[likelihoodcollection] Average computation time:
   flamingo.inference.masked_ps.MaskedBandPowerLikelihood : 5.36696e-05 s (1542 evaluations, 0.0827586 s total)
[theorycollection] Average computation time:
   flamingo.inference.masked_ps.MaskedTSZTheory : 0.0165141 s (1542 evaluations, 25.4648 s total)
[mcmc]  - Acceptance rate: 0.619
[mcmc]  - Convergence of means: R-1 = 6.982906 after 672 accepted steps
[mcmc]  - Updated covariance matrix of proposal pdf.
[mcmc] Learn + convergence test @ 880 samples accepted.
[likelihoodcollection] Average computation time:
   flamingo.inference.masked_ps.MaskedBandPowerLikelihood : 5.37753e-05 s (1600 evaluations, 0.0860405 s total)
[theorycollection] Average computation time:
   flamingo.inference.masked_ps.MaskedTSZTheory : 0.0165186 s (1600 evaluations, 26.4297 s total)
[mcmc]  - Acceptance rate: 0.622
[mcmc]  - Convergence of means: R-1 = 6.127132 after 704 accepted steps
[mcmc]  - Updated covariance matrix of proposal pdf.
[mcmc] Learn + convergence test @ 920 samples accepted.
[likelihoodcollection] Average computation time:
   flamingo.inference.masked_ps.MaskedBandPowerLikelihood : 5.39052e-05 s (1672 evaluations, 0.0901296 s total)
[theorycollection] Average computation time:
   flamingo.inference.masked_ps.MaskedTSZTheory : 0.0165131 s (1672 evaluations, 27.6099 s total)
[mcmc]  - Acceptance rate: 0.618
[mcmc]  - Convergence of means: R-1 = 9.208295 after 736 accepted steps
[mcmc]  - Updated covariance matrix of proposal pdf.
[mcmc] Learn + convergence test @ 960 samples accepted.
[likelihoodcollection] Average computation time:
   flamingo.inference.masked_ps.MaskedBandPowerLikelihood : 5.39696e-05 s (1737 evaluations, 0.0937452 s total)
[theorycollection] Average computation time:
   flamingo.inference.masked_ps.MaskedTSZTheory : 0.0165043 s (1737 evaluations, 28.668 s total)
[mcmc]  - Acceptance rate: 0.618
[mcmc]  - Convergence of means: R-1 = 6.277948 after 768 accepted steps
[mcmc]  - Updated covariance matrix of proposal pdf.
[mcmc] Learn + convergence test @ 1000 samples accepted.
[likelihoodcollection] Average computation time:
   flamingo.inference.masked_ps.MaskedBandPowerLikelihood : 5.3956e-05 s (1804 evaluations, 0.0973367 s total)
[theorycollection] Average computation time:
   flamingo.inference.masked_ps.MaskedTSZTheory : 0.0165165 s (1804 evaluations, 29.7957 s total)
[mcmc]  - Acceptance rate: 0.613
[mcmc]  - Convergence of means: R-1 = 6.067289 after 800 accepted steps
[mcmc]  - Updated covariance matrix of proposal pdf.
[mcmc] Learn + convergence test @ 1040 samples accepted.
[likelihoodcollection] Average computation time:
   flamingo.inference.masked_ps.MaskedBandPowerLikelihood : 5.42659e-05 s (1867 evaluations, 0.101314 s total)
[theorycollection] Average computation time:
   flamingo.inference.masked_ps.MaskedTSZTheory : 0.0165391 s (1867 evaluations, 30.8785 s total)
[mcmc]  - Acceptance rate: 0.612
[mcmc]  - Convergence of means: R-1 = 8.076936 after 832 accepted steps
[mcmc]  - Updated covariance matrix of proposal pdf.
[mcmc] Learn + convergence test @ 1080 samples accepted.
[likelihoodcollection] Average computation time:
   flamingo.inference.masked_ps.MaskedBandPowerLikelihood : 5.41096e-05 s (1935 evaluations, 0.104702 s total)
[theorycollection] Average computation time:
   flamingo.inference.masked_ps.MaskedTSZTheory : 0.0165306 s (1935 evaluations, 31.9868 s total)
[mcmc]  - Acceptance rate: 0.608
[mcmc]  - Convergence of means: R-1 = 7.804347 after 864 accepted steps
[mcmc]  - Updated covariance matrix of proposal pdf.
[mcmc] Learn + convergence test @ 1120 samples accepted.
[likelihoodcollection] Average computation time:
   flamingo.inference.masked_ps.MaskedBandPowerLikelihood : 5.40129e-05 s (2009 evaluations, 0.108512 s total)
[theorycollection] Average computation time:
   flamingo.inference.masked_ps.MaskedTSZTheory : 0.0165335 s (2009 evaluations, 33.2158 s total)
[mcmc]  - Acceptance rate: 0.603
[mcmc]  - Convergence of means: R-1 = 8.477831 after 896 accepted steps
[mcmc]  - Updated covariance matrix of proposal pdf.
[mcmc] Learn + convergence test @ 1160 samples accepted.
[likelihoodcollection] Average computation time:
   flamingo.inference.masked_ps.MaskedBandPowerLikelihood : 5.39387e-05 s (2081 evaluations, 0.112246 s total)
[theorycollection] Average computation time:
   flamingo.inference.masked_ps.MaskedTSZTheory : 0.0165349 s (2081 evaluations, 34.4092 s total)
[mcmc]  - Acceptance rate: 0.601
[mcmc]  - Convergence of means: R-1 = 8.969527 after 928 accepted steps
[mcmc]  - Updated covariance matrix of proposal pdf.
[mcmc] Learn + convergence test @ 1200 samples accepted.
[likelihoodcollection] Average computation time:
   flamingo.inference.masked_ps.MaskedBandPowerLikelihood : 5.39193e-05 s (2163 evaluations, 0.116627 s total)
[theorycollection] Average computation time:
   flamingo.inference.masked_ps.MaskedTSZTheory : 0.0165412 s (2163 evaluations, 35.7786 s total)
[mcmc]  - Acceptance rate: 0.595
[mcmc]  - Convergence of means: R-1 = 5.915609 after 960 accepted steps
[mcmc]  - Updated covariance matrix of proposal pdf.
[mcmc] Learn + convergence test @ 1240 samples accepted.
[likelihoodcollection] Average computation time:
   flamingo.inference.masked_ps.MaskedBandPowerLikelihood : 5.39498e-05 s (2233 evaluations, 0.12047 s total)
[theorycollection] Average computation time:
   flamingo.inference.masked_ps.MaskedTSZTheory : 0.0165362 s (2233 evaluations, 36.9252 s total)
[mcmc]  - Acceptance rate: 0.593
[mcmc]  - Convergence of means: R-1 = 5.935866 after 992 accepted steps
[mcmc]  - Updated covariance matrix of proposal pdf.
[mcmc] Learn + convergence test @ 1280 samples accepted.
[likelihoodcollection] Average computation time:
   flamingo.inference.masked_ps.MaskedBandPowerLikelihood : 5.38575e-05 s (2292 evaluations, 0.123441 s total)
[theorycollection] Average computation time:
   flamingo.inference.masked_ps.MaskedTSZTheory : 0.0165316 s (2292 evaluations, 37.8904 s total)
[mcmc]  - Acceptance rate: 0.595
[mcmc]  - Convergence of means: R-1 = 3.763336 after 1024 accepted steps
[mcmc]  - Updated covariance matrix of proposal pdf.
[mcmc] Learn + convergence test @ 1320 samples accepted.
[likelihoodcollection] Average computation time:
   flamingo.inference.masked_ps.MaskedBandPowerLikelihood : 5.36761e-05 s (2381 evaluations, 0.127803 s total)
[theorycollection] Average computation time:
   flamingo.inference.masked_ps.MaskedTSZTheory : 0.0165214 s (2381 evaluations, 39.3375 s total)
[mcmc]  - Acceptance rate: 0.588
[mcmc]  - Convergence of means: R-1 = 2.816101 after 1056 accepted steps
[mcmc]  - Updated covariance matrix of proposal pdf.
[mcmc] Learn + convergence test @ 1360 samples accepted.
[likelihoodcollection] Average computation time:
   flamingo.inference.masked_ps.MaskedBandPowerLikelihood : 5.36745e-05 s (2445 evaluations, 0.131234 s total)
[theorycollection] Average computation time:
   flamingo.inference.masked_ps.MaskedTSZTheory : 0.0165274 s (2445 evaluations, 40.4094 s total)
[mcmc]  - Acceptance rate: 0.588
[mcmc]  - Convergence of means: R-1 = 3.173756 after 1088 accepted steps
[mcmc]  - Updated covariance matrix of proposal pdf.
[mcmc] Learn + convergence test @ 1400 samples accepted.
[likelihoodcollection] Average computation time:
   flamingo.inference.masked_ps.MaskedBandPowerLikelihood : 5.35057e-05 s (2522 evaluations, 0.134941 s total)
[theorycollection] Average computation time:
   flamingo.inference.masked_ps.MaskedTSZTheory : 0.016519 s (2522 evaluations, 41.661 s total)
[mcmc]  - Acceptance rate: 0.584
[mcmc]  - Convergence of means: R-1 = 3.563138 after 1120 accepted steps
[mcmc]  - Updated covariance matrix of proposal pdf.
[mcmc] Learn + convergence test @ 1440 samples accepted.
[likelihoodcollection] Average computation time:
   flamingo.inference.masked_ps.MaskedBandPowerLikelihood : 5.34999e-05 s (2588 evaluations, 0.138458 s total)
[theorycollection] Average computation time:
   flamingo.inference.masked_ps.MaskedTSZTheory : 0.0165135 s (2588 evaluations, 42.7369 s total)
[mcmc]  - Acceptance rate: 0.586
[mcmc]  - Convergence of means: R-1 = 3.750680 after 1152 accepted steps
[mcmc]  - Updated covariance matrix of proposal pdf.
[mcmc] Learn + convergence test @ 1480 samples accepted.
[likelihoodcollection] Average computation time:
   flamingo.inference.masked_ps.MaskedBandPowerLikelihood : 5.34838e-05 s (2663 evaluations, 0.142427 s total)
[theorycollection] Average computation time:
   flamingo.inference.masked_ps.MaskedTSZTheory : 0.0165173 s (2663 evaluations, 43.9856 s total)
[mcmc]  - Acceptance rate: 0.585
[mcmc]  - Convergence of means: R-1 = 3.644067 after 1184 accepted steps
[mcmc]  - Updated covariance matrix of proposal pdf.
[mcmc] Learn + convergence test @ 1520 samples accepted.
[likelihoodcollection] Average computation time:
   flamingo.inference.masked_ps.MaskedBandPowerLikelihood : 5.33911e-05 s (2742 evaluations, 0.146399 s total)
[theorycollection] Average computation time:
   flamingo.inference.masked_ps.MaskedTSZTheory : 0.0165135 s (2742 evaluations, 45.2799 s total)
[mcmc]  - Acceptance rate: 0.583
[mcmc]  - Convergence of means: R-1 = 2.382614 after 1216 accepted steps
[mcmc]  - Updated covariance matrix of proposal pdf.
[mcmc] Learn + convergence test @ 1560 samples accepted.
[likelihoodcollection] Average computation time:
   flamingo.inference.masked_ps.MaskedBandPowerLikelihood : 5.33357e-05 s (2826 evaluations, 0.150727 s total)
[theorycollection] Average computation time:
   flamingo.inference.masked_ps.MaskedTSZTheory : 0.0165175 s (2826 evaluations, 46.6784 s total)
[mcmc]  - Acceptance rate: 0.577
[mcmc]  - Convergence of means: R-1 = 1.886889 after 1248 accepted steps
[mcmc]  - Updated covariance matrix of proposal pdf.
[mcmc] Learn + convergence test @ 1600 samples accepted.
[likelihoodcollection] Average computation time:
   flamingo.inference.masked_ps.MaskedBandPowerLikelihood : 5.33172e-05 s (2919 evaluations, 0.155633 s total)
[theorycollection] Average computation time:
   flamingo.inference.masked_ps.MaskedTSZTheory : 0.0165193 s (2919 evaluations, 48.2198 s total)
[mcmc]  - Acceptance rate: 0.571
[mcmc]  - Convergence of means: R-1 = 1.505114 after 1280 accepted steps
[mcmc]  - Updated covariance matrix of proposal pdf.
[mcmc] Learn + convergence test @ 1640 samples accepted.
[likelihoodcollection] Average computation time:
   flamingo.inference.masked_ps.MaskedBandPowerLikelihood : 5.32277e-05 s (2986 evaluations, 0.158938 s total)
[theorycollection] Average computation time:
   flamingo.inference.masked_ps.MaskedTSZTheory : 0.0165149 s (2986 evaluations, 49.3134 s total)
[mcmc]  - Acceptance rate: 0.570
[mcmc]  - Convergence of means: R-1 = 1.424946 after 1312 accepted steps
[mcmc]  - Updated covariance matrix of proposal pdf.
[mcmc] Learn + convergence test @ 1680 samples accepted.
[likelihoodcollection] Average computation time:
   flamingo.inference.masked_ps.MaskedBandPowerLikelihood : 5.34594e-05 s (3061 evaluations, 0.163639 s total)
[theorycollection] Average computation time:
   flamingo.inference.masked_ps.MaskedTSZTheory : 0.016516 s (3061 evaluations, 50.5554 s total)
[mcmc]  - Acceptance rate: 0.568
[mcmc]  - Convergence of means: R-1 = 1.115224 after 1344 accepted steps
[mcmc]  - Updated covariance matrix of proposal pdf.
[mcmc] Learn + convergence test @ 1720 samples accepted.
[likelihoodcollection] Average computation time:
   flamingo.inference.masked_ps.MaskedBandPowerLikelihood : 5.34482e-05 s (3139 evaluations, 0.167774 s total)
[theorycollection] Average computation time:
   flamingo.inference.masked_ps.MaskedTSZTheory : 0.0165186 s (3139 evaluations, 51.8518 s total)
[mcmc]  - Acceptance rate: 0.565
[mcmc]  - Convergence of means: R-1 = 1.169341 after 1376 accepted steps
[mcmc]  - Updated covariance matrix of proposal pdf.
[mcmc] Learn + convergence test @ 1760 samples accepted.
[likelihoodcollection] Average computation time:
   flamingo.inference.masked_ps.MaskedBandPowerLikelihood : 5.34414e-05 s (3203 evaluations, 0.171173 s total)
[theorycollection] Average computation time:
   flamingo.inference.masked_ps.MaskedTSZTheory : 0.0165066 s (3203 evaluations, 52.8705 s total)
[mcmc]  - Acceptance rate: 0.565
[mcmc]  - Convergence of means: R-1 = 1.280876 after 1408 accepted steps
[mcmc]  - Updated covariance matrix of proposal pdf.
[mcmc] Learn + convergence test @ 1800 samples accepted.
[likelihoodcollection] Average computation time:
   flamingo.inference.masked_ps.MaskedBandPowerLikelihood : 5.35162e-05 s (3274 evaluations, 0.175212 s total)
[theorycollection] Average computation time:
   flamingo.inference.masked_ps.MaskedTSZTheory : 0.0165119 s (3274 evaluations, 54.0598 s total)
[mcmc]  - Acceptance rate: 0.566
[mcmc]  - Convergence of means: R-1 = 1.347756 after 1440 accepted steps
[mcmc]  - Updated covariance matrix of proposal pdf.
[mcmc] Learn + convergence test @ 1840 samples accepted.
[likelihoodcollection] Average computation time:
   flamingo.inference.masked_ps.MaskedBandPowerLikelihood : 5.35046e-05 s (3354 evaluations, 0.179454 s total)
[theorycollection] Average computation time:
   flamingo.inference.masked_ps.MaskedTSZTheory : 0.0165092 s (3354 evaluations, 55.3719 s total)
[mcmc]  - Acceptance rate: 0.563
[mcmc]  - Convergence of means: R-1 = 1.394112 after 1472 accepted steps
[mcmc]  - Updated covariance matrix of proposal pdf.
[mcmc] Learn + convergence test @ 1880 samples accepted.
[likelihoodcollection] Average computation time:
   flamingo.inference.masked_ps.MaskedBandPowerLikelihood : 5.34854e-05 s (3437 evaluations, 0.183829 s total)
[theorycollection] Average computation time:
   flamingo.inference.masked_ps.MaskedTSZTheory : 0.016508 s (3437 evaluations, 56.738 s total)
[mcmc]  - Acceptance rate: 0.560
[mcmc]  - Convergence of means: R-1 = 1.194190 after 1504 accepted steps
[mcmc]  - Updated covariance matrix of proposal pdf.
[mcmc] Learn + convergence test @ 1920 samples accepted.
[likelihoodcollection] Average computation time:
   flamingo.inference.masked_ps.MaskedBandPowerLikelihood : 5.3545e-05 s (3533 evaluations, 0.189175 s total)
[theorycollection] Average computation time:
   flamingo.inference.masked_ps.MaskedTSZTheory : 0.0165004 s (3533 evaluations, 58.296 s total)
[mcmc]  - Acceptance rate: 0.554
[mcmc]  - Convergence of means: R-1 = 1.063667 after 1536 accepted steps
[mcmc]  - Updated covariance matrix of proposal pdf.
[mcmc] Progress @ 2026-08-03 01:26:35 : 3593 steps taken, and 1933 accepted.
[mcmc] Learn + convergence test @ 1960 samples accepted.
[likelihoodcollection] Average computation time:
   flamingo.inference.masked_ps.MaskedBandPowerLikelihood : 5.35498e-05 s (3616 evaluations, 0.193636 s total)
[theorycollection] Average computation time:
   flamingo.inference.masked_ps.MaskedTSZTheory : 0.0164965 s (3616 evaluations, 59.6514 s total)
[mcmc]  - Acceptance rate: 0.552
[mcmc]  - Convergence of means: R-1 = 1.024780 after 1568 accepted steps
[mcmc]  - Updated covariance matrix of proposal pdf.
[mcmc] Learn + convergence test @ 2000 samples accepted.
[likelihoodcollection] Average computation time:
   flamingo.inference.masked_ps.MaskedBandPowerLikelihood : 5.35379e-05 s (3704 evaluations, 0.198304 s total)
[theorycollection] Average computation time:
   flamingo.inference.masked_ps.MaskedTSZTheory : 0.0164946 s (3704 evaluations, 61.0961 s total)
[mcmc]  - Acceptance rate: 0.548
[mcmc]  - Convergence of means: R-1 = 0.916648 after 1600 accepted steps
[mcmc]  - Updated covariance matrix of proposal pdf.
[mcmc] Learn + convergence test @ 2040 samples accepted.
[likelihoodcollection] Average computation time:
   flamingo.inference.masked_ps.MaskedBandPowerLikelihood : 5.35734e-05 s (3778 evaluations, 0.2024 s total)
[theorycollection] Average computation time:
   flamingo.inference.masked_ps.MaskedTSZTheory : 0.0164947 s (3778 evaluations, 62.3169 s total)
[mcmc]  - Acceptance rate: 0.548
[mcmc]  - Convergence of means: R-1 = 0.930265 after 1632 accepted steps
[mcmc]  - Updated covariance matrix of proposal pdf.
[mcmc] Learn + convergence test @ 2080 samples accepted.
[likelihoodcollection] Average computation time:
   flamingo.inference.masked_ps.MaskedBandPowerLikelihood : 5.35314e-05 s (3863 evaluations, 0.206792 s total)
[theorycollection] Average computation time:
   flamingo.inference.masked_ps.MaskedTSZTheory : 0.0164954 s (3863 evaluations, 63.7216 s total)
[mcmc]  - Acceptance rate: 0.545
[mcmc]  - Convergence of means: R-1 = 0.786873 after 1664 accepted steps
[mcmc]  - Updated covariance matrix of proposal pdf.
[mcmc] Learn + convergence test @ 2120 samples accepted.
[likelihoodcollection] Average computation time:
   flamingo.inference.masked_ps.MaskedBandPowerLikelihood : 5.34551e-05 s (3962 evaluations, 0.211789 s total)
[theorycollection] Average computation time:
   flamingo.inference.masked_ps.MaskedTSZTheory : 0.0164997 s (3962 evaluations, 65.3717 s total)
[mcmc]  - Acceptance rate: 0.540
[mcmc]  - Convergence of means: R-1 = 0.671800 after 1696 accepted steps
[mcmc]  - Updated covariance matrix of proposal pdf.
[mcmc] Learn + convergence test @ 2160 samples accepted.
[likelihoodcollection] Average computation time:
   flamingo.inference.masked_ps.MaskedBandPowerLikelihood : 5.34903e-05 s (4048 evaluations, 0.216529 s total)
[theorycollection] Average computation time:
   flamingo.inference.masked_ps.MaskedTSZTheory : 0.0165011 s (4048 evaluations, 66.7963 s total)
[mcmc]  - Acceptance rate: 0.538
[mcmc]  - Convergence of means: R-1 = 0.613568 after 1728 accepted steps
[mcmc]  - Updated covariance matrix of proposal pdf.
[mcmc] Learn + convergence test @ 2200 samples accepted.
[likelihoodcollection] Average computation time:
   flamingo.inference.masked_ps.MaskedBandPowerLikelihood : 5.35618e-05 s (4117 evaluations, 0.220514 s total)
[theorycollection] Average computation time:
   flamingo.inference.masked_ps.MaskedTSZTheory : 0.0164996 s (4117 evaluations, 67.9288 s total)
[mcmc]  - Acceptance rate: 0.539
[mcmc]  - Convergence of means: R-1 = 0.523577 after 1760 accepted steps
[mcmc]  - Updated covariance matrix of proposal pdf.
[mcmc] Learn + convergence test @ 2240 samples accepted.
[likelihoodcollection] Average computation time:
   flamingo.inference.masked_ps.MaskedBandPowerLikelihood : 5.34999e-05 s (4179 evaluations, 0.223576 s total)
[theorycollection] Average computation time:
   flamingo.inference.masked_ps.MaskedTSZTheory : 0.0164897 s (4179 evaluations, 68.9106 s total)
[mcmc]  - Acceptance rate: 0.540
[mcmc]  - Convergence of means: R-1 = 0.546920 after 1792 accepted steps
[mcmc]  - Updated covariance matrix of proposal pdf.
[mcmc] Learn + convergence test @ 2280 samples accepted.
[likelihoodcollection] Average computation time:
   flamingo.inference.masked_ps.MaskedBandPowerLikelihood : 5.34983e-05 s (4253 evaluations, 0.227528 s total)
[theorycollection] Average computation time:
   flamingo.inference.masked_ps.MaskedTSZTheory : 0.0164873 s (4253 evaluations, 70.1206 s total)
[mcmc]  - Acceptance rate: 0.538
[mcmc]  - Convergence of means: R-1 = 0.458425 after 1824 accepted steps
[mcmc]  - Updated covariance matrix of proposal pdf.
[mcmc] Learn + convergence test @ 2320 samples accepted.
[likelihoodcollection] Average computation time:
   flamingo.inference.masked_ps.MaskedBandPowerLikelihood : 5.34901e-05 s (4327 evaluations, 0.231452 s total)
[theorycollection] Average computation time:
   flamingo.inference.masked_ps.MaskedTSZTheory : 0.0164848 s (4327 evaluations, 71.3299 s total)
[mcmc]  - Acceptance rate: 0.538
[mcmc]  - Convergence of means: R-1 = 0.376795 after 1856 accepted steps
[mcmc]  - Updated covariance matrix of proposal pdf.
[mcmc] Learn + convergence test @ 2360 samples accepted.
[likelihoodcollection] Average computation time:
   flamingo.inference.masked_ps.MaskedBandPowerLikelihood : 5.35414e-05 s (4404 evaluations, 0.235797 s total)
[theorycollection] Average computation time:
   flamingo.inference.masked_ps.MaskedTSZTheory : 0.0164841 s (4404 evaluations, 72.5959 s total)
[mcmc]  - Acceptance rate: 0.537
[mcmc]  - Convergence of means: R-1 = 0.359062 after 1888 accepted steps
[mcmc]  - Updated covariance matrix of proposal pdf.
[mcmc] Learn + convergence test @ 2400 samples accepted.
[likelihoodcollection] Average computation time:
   flamingo.inference.masked_ps.MaskedBandPowerLikelihood : 5.34787e-05 s (4477 evaluations, 0.239424 s total)
[theorycollection] Average computation time:
   flamingo.inference.masked_ps.MaskedTSZTheory : 0.0164779 s (4477 evaluations, 73.7718 s total)
[mcmc]  - Acceptance rate: 0.537
[mcmc]  - Convergence of means: R-1 = 0.371430 after 1920 accepted steps
[mcmc]  - Updated covariance matrix of proposal pdf.
[mcmc] Learn + convergence test @ 2440 samples accepted.
[likelihoodcollection] Average computation time:
   flamingo.inference.masked_ps.MaskedBandPowerLikelihood : 5.35261e-05 s (4547 evaluations, 0.243383 s total)
[theorycollection] Average computation time:
   flamingo.inference.masked_ps.MaskedTSZTheory : 0.0164768 s (4547 evaluations, 74.9201 s total)
[mcmc]  - Acceptance rate: 0.537
[mcmc]  - Convergence of means: R-1 = 0.381481 after 1952 accepted steps
[mcmc]  - Updated covariance matrix of proposal pdf.
[mcmc] Learn + convergence test @ 2480 samples accepted.
[likelihoodcollection] Average computation time:
   flamingo.inference.masked_ps.MaskedBandPowerLikelihood : 5.34812e-05 s (4607 evaluations, 0.246388 s total)
[theorycollection] Average computation time:
   flamingo.inference.masked_ps.MaskedTSZTheory : 0.0164753 s (4607 evaluations, 75.9017 s total)
[mcmc]  - Acceptance rate: 0.540
[mcmc]  - Convergence of means: R-1 = 0.351573 after 1984 accepted steps
[mcmc]  - Updated covariance matrix of proposal pdf.
[mcmc] Learn + convergence test @ 2520 samples accepted.
[likelihoodcollection] Average computation time:
   flamingo.inference.masked_ps.MaskedBandPowerLikelihood : 5.3493e-05 s (4685 evaluations, 0.250615 s total)
[theorycollection] Average computation time:
   flamingo.inference.masked_ps.MaskedTSZTheory : 0.0164712 s (4685 evaluations, 77.1678 s total)
[mcmc]  - Acceptance rate: 0.539
[mcmc]  - Convergence of means: R-1 = 0.343618 after 2016 accepted steps
[mcmc]  - Updated covariance matrix of proposal pdf.
[mcmc] Learn + convergence test @ 2560 samples accepted.
[likelihoodcollection] Average computation time:
   flamingo.inference.masked_ps.MaskedBandPowerLikelihood : 5.35279e-05 s (4767 evaluations, 0.255167 s total)
[theorycollection] Average computation time:
   flamingo.inference.masked_ps.MaskedTSZTheory : 0.016469 s (4767 evaluations, 78.5077 s total)
[mcmc]  - Acceptance rate: 0.538
[mcmc]  - Convergence of means: R-1 = 0.236833 after 2048 accepted steps
[mcmc]  - Updated covariance matrix of proposal pdf.
[mcmc] Learn + convergence test @ 2600 samples accepted.
[likelihoodcollection] Average computation time:
   flamingo.inference.masked_ps.MaskedBandPowerLikelihood : 5.35693e-05 s (4850 evaluations, 0.259811 s total)
[theorycollection] Average computation time:
   flamingo.inference.masked_ps.MaskedTSZTheory : 0.0164702 s (4850 evaluations, 79.8806 s total)
[mcmc]  - Acceptance rate: 0.537
[mcmc]  - Convergence of means: R-1 = 0.236779 after 2080 accepted steps
[mcmc]  - Updated covariance matrix of proposal pdf.
[mcmc] Learn + convergence test @ 2640 samples accepted.
[likelihoodcollection] Average computation time:
   flamingo.inference.masked_ps.MaskedBandPowerLikelihood : 5.35559e-05 s (4926 evaluations, 0.263816 s total)
[theorycollection] Average computation time:
   flamingo.inference.masked_ps.MaskedTSZTheory : 0.0164754 s (4926 evaluations, 81.1577 s total)
[mcmc]  - Acceptance rate: 0.536
[mcmc]  - Convergence of means: R-1 = 0.288799 after 2112 accepted steps
[mcmc]  - Updated covariance matrix of proposal pdf.
[mcmc] Learn + convergence test @ 2680 samples accepted.
[likelihoodcollection] Average computation time:
   flamingo.inference.masked_ps.MaskedBandPowerLikelihood : 5.3531e-05 s (4992 evaluations, 0.267227 s total)
[theorycollection] Average computation time:
   flamingo.inference.masked_ps.MaskedTSZTheory : 0.0164734 s (4992 evaluations, 82.2353 s total)
[mcmc]  - Acceptance rate: 0.537
[mcmc]  - Convergence of means: R-1 = 0.502035 after 2144 accepted steps
[mcmc]  - Updated covariance matrix of proposal pdf.
[mcmc] Learn + convergence test @ 2720 samples accepted.
[likelihoodcollection] Average computation time:
   flamingo.inference.masked_ps.MaskedBandPowerLikelihood : 5.35124e-05 s (5074 evaluations, 0.271522 s total)
[theorycollection] Average computation time:
   flamingo.inference.masked_ps.MaskedTSZTheory : 0.0164722 s (5074 evaluations, 83.5801 s total)
[mcmc]  - Acceptance rate: 0.535
[mcmc]  - Convergence of means: R-1 = 0.519587 after 2176 accepted steps
[mcmc]  - Updated covariance matrix of proposal pdf.
[mcmc] Learn + convergence test @ 2760 samples accepted.
[likelihoodcollection] Average computation time:
   flamingo.inference.masked_ps.MaskedBandPowerLikelihood : 5.34311e-05 s (5176 evaluations, 0.27656 s total)
[theorycollection] Average computation time:
   flamingo.inference.masked_ps.MaskedTSZTheory : 0.0164731 s (5176 evaluations, 85.2648 s total)
[mcmc]  - Acceptance rate: 0.531
[mcmc]  - Convergence of means: R-1 = 0.563080 after 2208 accepted steps
[mcmc]  - Updated covariance matrix of proposal pdf.
[mcmc] Learn + convergence test @ 2800 samples accepted.
[likelihoodcollection] Average computation time:
   flamingo.inference.masked_ps.MaskedBandPowerLikelihood : 5.3429e-05 s (5241 evaluations, 0.280021 s total)
[theorycollection] Average computation time:
   flamingo.inference.masked_ps.MaskedTSZTheory : 0.016469 s (5241 evaluations, 86.3142 s total)
[mcmc]  - Acceptance rate: 0.533
[mcmc]  - Convergence of means: R-1 = 0.580066 after 2240 accepted steps
[mcmc]  - Updated covariance matrix of proposal pdf.
[mcmc] Learn + convergence test @ 2840 samples accepted.
[likelihoodcollection] Average computation time:
   flamingo.inference.masked_ps.MaskedBandPowerLikelihood : 5.35063e-05 s (5318 evaluations, 0.284546 s total)
[theorycollection] Average computation time:
   flamingo.inference.masked_ps.MaskedTSZTheory : 0.0164779 s (5318 evaluations, 87.6294 s total)
[mcmc]  - Acceptance rate: 0.532
[mcmc]  - Convergence of means: R-1 = 0.637137 after 2272 accepted steps
[mcmc]  - Updated covariance matrix of proposal pdf.
[mcmc] Learn + convergence test @ 2880 samples accepted.
[likelihoodcollection] Average computation time:
   flamingo.inference.masked_ps.MaskedBandPowerLikelihood : 5.35211e-05 s (5394 evaluations, 0.288693 s total)
[theorycollection] Average computation time:
   flamingo.inference.masked_ps.MaskedTSZTheory : 0.0164797 s (5394 evaluations, 88.8917 s total)
[mcmc]  - Acceptance rate: 0.532
[mcmc]  - Convergence of means: R-1 = 0.542309 after 2304 accepted steps
[mcmc]  - Updated covariance matrix of proposal pdf.
[mcmc] Learn + convergence test @ 2920 samples accepted.
[likelihoodcollection] Average computation time:
   flamingo.inference.masked_ps.MaskedBandPowerLikelihood : 5.35666e-05 s (5475 evaluations, 0.293277 s total)
[theorycollection] Average computation time:
   flamingo.inference.masked_ps.MaskedTSZTheory : 0.0164846 s (5475 evaluations, 90.2531 s total)
[mcmc]  - Acceptance rate: 0.531
[mcmc]  - Convergence of means: R-1 = 0.562034 after 2336 accepted steps
[mcmc]  - Updated covariance matrix of proposal pdf.
[mcmc] Learn + convergence test @ 2960 samples accepted.
[likelihoodcollection] Average computation time:
   flamingo.inference.masked_ps.MaskedBandPowerLikelihood : 5.35206e-05 s (5554 evaluations, 0.297254 s total)
[theorycollection] Average computation time:
   flamingo.inference.masked_ps.MaskedTSZTheory : 0.0164852 s (5554 evaluations, 91.5586 s total)
[mcmc]  - Acceptance rate: 0.530
[mcmc]  - Convergence of means: R-1 = 0.552099 after 2368 accepted steps
[mcmc]  - Updated covariance matrix of proposal pdf.
[mcmc] Learn + convergence test @ 3000 samples accepted.
[likelihoodcollection] Average computation time:
   flamingo.inference.masked_ps.MaskedBandPowerLikelihood : 5.34382e-05 s (5627 evaluations, 0.300697 s total)
[theorycollection] Average computation time:
   flamingo.inference.masked_ps.MaskedTSZTheory : 0.0164838 s (5627 evaluations, 92.7545 s total)
[mcmc]  - Acceptance rate: 0.530
[mcmc]  - Convergence of means: R-1 = 0.385210 after 2400 accepted steps
[mcmc]  - Updated covariance matrix of proposal pdf.
[mcmc] Learn + convergence test @ 3040 samples accepted.
[likelihoodcollection] Average computation time:
   flamingo.inference.masked_ps.MaskedBandPowerLikelihood : 5.34867e-05 s (5712 evaluations, 0.305516 s total)
[theorycollection] Average computation time:
   flamingo.inference.masked_ps.MaskedTSZTheory : 0.0164875 s (5712 evaluations, 94.1768 s total)
[mcmc]  - Acceptance rate: 0.528
[mcmc]  - Convergence of means: R-1 = 0.414628 after 2432 accepted steps
[mcmc]  - Updated covariance matrix of proposal pdf.
[mcmc] Learn + convergence test @ 3080 samples accepted.
[likelihoodcollection] Average computation time:
   flamingo.inference.masked_ps.MaskedBandPowerLikelihood : 5.34495e-05 s (5799 evaluations, 0.309953 s total)
[theorycollection] Average computation time:
   flamingo.inference.masked_ps.MaskedTSZTheory : 0.0164896 s (5799 evaluations, 95.6232 s total)
[mcmc]  - Acceptance rate: 0.526
[mcmc]  - Convergence of means: R-1 = 0.451390 after 2464 accepted steps
[mcmc]  - Updated covariance matrix of proposal pdf.
[mcmc] Learn + convergence test @ 3120 samples accepted.
[likelihoodcollection] Average computation time:
   flamingo.inference.masked_ps.MaskedBandPowerLikelihood : 5.35591e-05 s (5901 evaluations, 0.316052 s total)
[theorycollection] Average computation time:
   flamingo.inference.masked_ps.MaskedTSZTheory : 0.0164897 s (5901 evaluations, 97.3059 s total)
[mcmc]  - Acceptance rate: 0.523
[mcmc]  - Convergence of means: R-1 = 0.481706 after 2496 accepted steps
[mcmc]  - Updated covariance matrix of proposal pdf.
[mcmc] Learn + convergence test @ 3160 samples accepted.
[likelihoodcollection] Average computation time:
   flamingo.inference.masked_ps.MaskedBandPowerLikelihood : 5.35447e-05 s (5986 evaluations, 0.320518 s total)
[theorycollection] Average computation time:
   flamingo.inference.masked_ps.MaskedTSZTheory : 0.0164926 s (5986 evaluations, 98.7244 s total)
[mcmc]  - Acceptance rate: 0.522
[mcmc]  - Convergence of means: R-1 = 0.334145 after 2528 accepted steps
[mcmc]  - Updated covariance matrix of proposal pdf.
[mcmc] Learn + convergence test @ 3200 samples accepted.
[likelihoodcollection] Average computation time:
   flamingo.inference.masked_ps.MaskedBandPowerLikelihood : 5.35692e-05 s (6066 evaluations, 0.324951 s total)
[theorycollection] Average computation time:
   flamingo.inference.masked_ps.MaskedTSZTheory : 0.0164879 s (6066 evaluations, 100.016 s total)
[mcmc]  - Acceptance rate: 0.520
[mcmc]  - Convergence of means: R-1 = 0.318343 after 2560 accepted steps
[mcmc]  - Updated covariance matrix of proposal pdf.
[mcmc] Learn + convergence test @ 3240 samples accepted.
[likelihoodcollection] Average computation time:
   flamingo.inference.masked_ps.MaskedBandPowerLikelihood : 5.36107e-05 s (6160 evaluations, 0.330242 s total)
[theorycollection] Average computation time:
   flamingo.inference.masked_ps.MaskedTSZTheory : 0.0164964 s (6160 evaluations, 101.618 s total)
[mcmc]  - Acceptance rate: 0.518
[mcmc]  - Convergence of means: R-1 = 0.319212 after 2592 accepted steps
[mcmc]  - Updated covariance matrix of proposal pdf.
[mcmc] Learn + convergence test @ 3280 samples accepted.
[likelihoodcollection] Average computation time:
   flamingo.inference.masked_ps.MaskedBandPowerLikelihood : 5.35748e-05 s (6235 evaluations, 0.334039 s total)
[theorycollection] Average computation time:
   flamingo.inference.masked_ps.MaskedTSZTheory : 0.0164956 s (6235 evaluations, 102.85 s total)
[mcmc]  - Acceptance rate: 0.518
[mcmc]  - Convergence of means: R-1 = 0.310596 after 2624 accepted steps
[mcmc]  - Updated covariance matrix of proposal pdf.
[mcmc] Learn + convergence test @ 3320 samples accepted.
[likelihoodcollection] Average computation time:
   flamingo.inference.masked_ps.MaskedBandPowerLikelihood : 5.35826e-05 s (6321 evaluations, 0.338695 s total)
[theorycollection] Average computation time:
   flamingo.inference.masked_ps.MaskedTSZTheory : 0.0164943 s (6321 evaluations, 104.261 s total)
[mcmc]  - Acceptance rate: 0.516
[mcmc]  - Convergence of means: R-1 = 0.290536 after 2656 accepted steps
[mcmc]  - Updated covariance matrix of proposal pdf.
[mcmc] Learn + convergence test @ 3360 samples accepted.
[likelihoodcollection] Average computation time:
   flamingo.inference.masked_ps.MaskedBandPowerLikelihood : 5.36188e-05 s (6418 evaluations, 0.344126 s total)
[theorycollection] Average computation time:
   flamingo.inference.masked_ps.MaskedTSZTheory : 0.0164932 s (6418 evaluations, 105.853 s total)
[mcmc]  - Acceptance rate: 0.514
[mcmc]  - Convergence of means: R-1 = 0.304568 after 2688 accepted steps
[mcmc]  - Updated covariance matrix of proposal pdf.
[mcmc] Learn + convergence test @ 3400 samples accepted.
[likelihoodcollection] Average computation time:
   flamingo.inference.masked_ps.MaskedBandPowerLikelihood : 5.36317e-05 s (6507 evaluations, 0.348982 s total)
[theorycollection] Average computation time:
   flamingo.inference.masked_ps.MaskedTSZTheory : 0.0164949 s (6507 evaluations, 107.332 s total)
[mcmc]  - Acceptance rate: 0.513
[mcmc]  - Convergence of means: R-1 = 0.336213 after 2720 accepted steps
[mcmc]  - Updated covariance matrix of proposal pdf.
[mcmc] Learn + convergence test @ 3440 samples accepted.
[likelihoodcollection] Average computation time:
   flamingo.inference.masked_ps.MaskedBandPowerLikelihood : 5.36231e-05 s (6590 evaluations, 0.353377 s total)
[theorycollection] Average computation time:
   flamingo.inference.masked_ps.MaskedTSZTheory : 0.0164988 s (6590 evaluations, 108.727 s total)
[mcmc]  - Acceptance rate: 0.512
[mcmc]  - Convergence of means: R-1 = 0.350201 after 2752 accepted steps
[mcmc]  - Updated covariance matrix of proposal pdf.
[mcmc] Learn + convergence test @ 3480 samples accepted.
[likelihoodcollection] Average computation time:
   flamingo.inference.masked_ps.MaskedBandPowerLikelihood : 5.36307e-05 s (6676 evaluations, 0.358038 s total)
[theorycollection] Average computation time:
   flamingo.inference.masked_ps.MaskedTSZTheory : 0.0164993 s (6676 evaluations, 110.15 s total)
[mcmc]  - Acceptance rate: 0.511
[mcmc]  - Convergence of means: R-1 = 0.348932 after 2784 accepted steps
[mcmc]  - Updated covariance matrix of proposal pdf.
[mcmc] Learn + convergence test @ 3520 samples accepted.
[likelihoodcollection] Average computation time:
   flamingo.inference.masked_ps.MaskedBandPowerLikelihood : 5.35902e-05 s (6754 evaluations, 0.361948 s total)
[theorycollection] Average computation time:
   flamingo.inference.masked_ps.MaskedTSZTheory : 0.0164997 s (6754 evaluations, 111.439 s total)
[mcmc]  - Acceptance rate: 0.511
[mcmc]  - Convergence of means: R-1 = 0.347331 after 2816 accepted steps
[mcmc]  - Updated covariance matrix of proposal pdf.
[mcmc] Learn + convergence test @ 3560 samples accepted.
[likelihoodcollection] Average computation time:
   flamingo.inference.masked_ps.MaskedBandPowerLikelihood : 5.35761e-05 s (6837 evaluations, 0.3663 s total)
[theorycollection] Average computation time:
   flamingo.inference.masked_ps.MaskedTSZTheory : 0.0164983 s (6837 evaluations, 112.799 s total)
[mcmc]  - Acceptance rate: 0.510
[mcmc]  - Convergence of means: R-1 = 0.360709 after 2848 accepted steps
[mcmc]  - Updated covariance matrix of proposal pdf.
[mcmc] Learn + convergence test @ 3600 samples accepted.
[likelihoodcollection] Average computation time:
   flamingo.inference.masked_ps.MaskedBandPowerLikelihood : 5.35393e-05 s (6910 evaluations, 0.369956 s total)
[theorycollection] Average computation time:
   flamingo.inference.masked_ps.MaskedTSZTheory : 0.0164989 s (6910 evaluations, 114.007 s total)
[mcmc]  - Acceptance rate: 0.510
[mcmc]  - Convergence of means: R-1 = 0.367996 after 2880 accepted steps
[mcmc]  - Updated covariance matrix of proposal pdf.
[mcmc] Learn + convergence test @ 3640 samples accepted.
[likelihoodcollection] Average computation time:
   flamingo.inference.masked_ps.MaskedBandPowerLikelihood : 5.35437e-05 s (6988 evaluations, 0.374163 s total)
[theorycollection] Average computation time:
   flamingo.inference.masked_ps.MaskedTSZTheory : 0.0165007 s (6988 evaluations, 115.307 s total)
[mcmc]  - Acceptance rate: 0.511
[mcmc]  - Convergence of means: R-1 = 0.374865 after 2912 accepted steps
[mcmc]  - Updated covariance matrix of proposal pdf.
[mcmc] Learn + convergence test @ 3680 samples accepted.
[likelihoodcollection] Average computation time:
   flamingo.inference.masked_ps.MaskedBandPowerLikelihood : 5.35456e-05 s (7063 evaluations, 0.378193 s total)
[theorycollection] Average computation time:
   flamingo.inference.masked_ps.MaskedTSZTheory : 0.0165005 s (7063 evaluations, 116.543 s total)
[mcmc]  - Acceptance rate: 0.511
[mcmc]  - Convergence of means: R-1 = 0.404343 after 2944 accepted steps
[mcmc]  - Updated covariance matrix of proposal pdf.
[mcmc] Progress @ 2026-08-03 01:27:35 : 7190 steps taken, and 3710 accepted.
[mcmc] Learn + convergence test @ 3720 samples accepted.
[likelihoodcollection] Average computation time:
   flamingo.inference.masked_ps.MaskedBandPowerLikelihood : 5.35474e-05 s (7138 evaluations, 0.382221 s total)
[theorycollection] Average computation time:
   flamingo.inference.masked_ps.MaskedTSZTheory : 0.0164991 s (7138 evaluations, 117.77 s total)
[mcmc]  - Acceptance rate: 0.511
[mcmc]  - Convergence of means: R-1 = 0.410093 after 2976 accepted steps
[mcmc]  - Updated covariance matrix of proposal pdf.
[mcmc] Learn + convergence test @ 3760 samples accepted.
[likelihoodcollection] Average computation time:
   flamingo.inference.masked_ps.MaskedBandPowerLikelihood : 5.35986e-05 s (7216 evaluations, 0.386767 s total)
[theorycollection] Average computation time:
   flamingo.inference.masked_ps.MaskedTSZTheory : 0.0164993 s (7216 evaluations, 119.059 s total)
[mcmc]  - Acceptance rate: 0.511
[mcmc]  - Convergence of means: R-1 = 0.424023 after 3008 accepted steps
[mcmc]  - Updated covariance matrix of proposal pdf.
[mcmc] Learn + convergence test @ 3800 samples accepted.
[likelihoodcollection] Average computation time:
   flamingo.inference.masked_ps.MaskedBandPowerLikelihood : 5.35841e-05 s (7308 evaluations, 0.391593 s total)
[theorycollection] Average computation time:
   flamingo.inference.masked_ps.MaskedTSZTheory : 0.0164995 s (7308 evaluations, 120.579 s total)
[mcmc]  - Acceptance rate: 0.509
[mcmc]  - Convergence of means: R-1 = 0.384127 after 3040 accepted steps
[mcmc]  - Updated covariance matrix of proposal pdf.
[mcmc] Learn + convergence test @ 3840 samples accepted.
[likelihoodcollection] Average computation time:
   flamingo.inference.masked_ps.MaskedBandPowerLikelihood : 5.35494e-05 s (7391 evaluations, 0.395784 s total)
[theorycollection] Average computation time:
   flamingo.inference.masked_ps.MaskedTSZTheory : 0.0165026 s (7391 evaluations, 121.971 s total)
[mcmc]  - Acceptance rate: 0.509
[mcmc]  - Convergence of means: R-1 = 0.360011 after 3072 accepted steps
[mcmc]  - Updated covariance matrix of proposal pdf.
[mcmc] Learn + convergence test @ 3880 samples accepted.
[likelihoodcollection] Average computation time:
   flamingo.inference.masked_ps.MaskedBandPowerLikelihood : 5.35525e-05 s (7474 evaluations, 0.400251 s total)
[theorycollection] Average computation time:
   flamingo.inference.masked_ps.MaskedTSZTheory : 0.0165093 s (7474 evaluations, 123.391 s total)
[mcmc]  - Acceptance rate: 0.508
[mcmc]  - Convergence of means: R-1 = 0.362744 after 3104 accepted steps
[mcmc]  - Updated covariance matrix of proposal pdf.
[mcmc] Learn + convergence test @ 3920 samples accepted.
[likelihoodcollection] Average computation time:
   flamingo.inference.masked_ps.MaskedBandPowerLikelihood : 5.35621e-05 s (7545 evaluations, 0.404126 s total)
[theorycollection] Average computation time:
   flamingo.inference.masked_ps.MaskedTSZTheory : 0.0165144 s (7545 evaluations, 124.601 s total)
[mcmc]  - Acceptance rate: 0.509
[mcmc]  - Convergence of means: R-1 = 0.327728 after 3136 accepted steps
[mcmc]  - Updated covariance matrix of proposal pdf.
[mcmc] Learn + convergence test @ 3960 samples accepted.
[likelihoodcollection] Average computation time:
   flamingo.inference.masked_ps.MaskedBandPowerLikelihood : 5.35598e-05 s (7628 evaluations, 0.408554 s total)
[theorycollection] Average computation time:
   flamingo.inference.masked_ps.MaskedTSZTheory : 0.0165156 s (7628 evaluations, 125.981 s total)
[mcmc]  - Acceptance rate: 0.508
[mcmc]  - Convergence of means: R-1 = 0.351264 after 3168 accepted steps
[mcmc]  - Updated covariance matrix of proposal pdf.
[mcmc] Learn + convergence test @ 4000 samples accepted.
[likelihoodcollection] Average computation time:
   flamingo.inference.masked_ps.MaskedBandPowerLikelihood : 5.36023e-05 s (7715 evaluations, 0.413542 s total)
[theorycollection] Average computation time:
   flamingo.inference.masked_ps.MaskedTSZTheory : 0.0165137 s (7715 evaluations, 127.403 s total)
[mcmc]  - Acceptance rate: 0.507
[mcmc]  - Convergence of means: R-1 = 0.324621 after 3200 accepted steps
[mcmc]  - Updated covariance matrix of proposal pdf.
[mcmc] Learn + convergence test @ 4040 samples accepted.
[likelihoodcollection] Average computation time:
   flamingo.inference.masked_ps.MaskedBandPowerLikelihood : 5.35955e-05 s (7800 evaluations, 0.418045 s total)
[theorycollection] Average computation time:
   flamingo.inference.masked_ps.MaskedTSZTheory : 0.016516 s (7800 evaluations, 128.825 s total)
[mcmc]  - Acceptance rate: 0.507
[mcmc]  - Convergence of means: R-1 = 0.312167 after 3232 accepted steps
[mcmc]  - Updated covariance matrix of proposal pdf.
[mcmc] Learn + convergence test @ 4080 samples accepted.
[likelihoodcollection] Average computation time:
   flamingo.inference.masked_ps.MaskedBandPowerLikelihood : 5.35627e-05 s (7879 evaluations, 0.42202 s total)
[theorycollection] Average computation time:
   flamingo.inference.masked_ps.MaskedTSZTheory : 0.0165139 s (7879 evaluations, 130.113 s total)
[mcmc]  - Acceptance rate: 0.506
[mcmc]  - Convergence of means: R-1 = 0.313537 after 3264 accepted steps
[mcmc]  - Updated covariance matrix of proposal pdf.
[mcmc] Learn + convergence test @ 4120 samples accepted.
[likelihoodcollection] Average computation time:
   flamingo.inference.masked_ps.MaskedBandPowerLikelihood : 5.35734e-05 s (7945 evaluations, 0.42564 s total)
[theorycollection] Average computation time:
   flamingo.inference.masked_ps.MaskedTSZTheory : 0.0165158 s (7945 evaluations, 131.218 s total)
[mcmc]  - Acceptance rate: 0.506
[mcmc]  - Convergence of means: R-1 = 0.298984 after 3296 accepted steps
[mcmc]  - Updated covariance matrix of proposal pdf.
[mcmc] Learn + convergence test @ 4160 samples accepted.
[likelihoodcollection] Average computation time:
   flamingo.inference.masked_ps.MaskedBandPowerLikelihood : 5.35618e-05 s (8027 evaluations, 0.429941 s total)
[theorycollection] Average computation time:
   flamingo.inference.masked_ps.MaskedTSZTheory : 0.0165158 s (8027 evaluations, 132.572 s total)
[mcmc]  - Acceptance rate: 0.506
[mcmc]  - Convergence of means: R-1 = 0.301121 after 3328 accepted steps
[mcmc]  - Updated covariance matrix of proposal pdf.
[mcmc] Learn + convergence test @ 4200 samples accepted.
[likelihoodcollection] Average computation time:
   flamingo.inference.masked_ps.MaskedBandPowerLikelihood : 5.35484e-05 s (8093 evaluations, 0.433367 s total)
[theorycollection] Average computation time:
   flamingo.inference.masked_ps.MaskedTSZTheory : 0.0165155 s (8093 evaluations, 133.66 s total)
[mcmc]  - Acceptance rate: 0.506
[mcmc]  - Convergence of means: R-1 = 0.297936 after 3360 accepted steps
[mcmc]  - Updated covariance matrix of proposal pdf.
[mcmc] Learn + convergence test @ 4240 samples accepted.
[likelihoodcollection] Average computation time:
   flamingo.inference.masked_ps.MaskedBandPowerLikelihood : 5.35364e-05 s (8172 evaluations, 0.437499 s total)
[theorycollection] Average computation time:
   flamingo.inference.masked_ps.MaskedTSZTheory : 0.0165119 s (8172 evaluations, 134.936 s total)
[mcmc]  - Acceptance rate: 0.506
[mcmc]  - Convergence of means: R-1 = 0.268198 after 3392 accepted steps
[mcmc]  - Updated covariance matrix of proposal pdf.
[mcmc] Learn + convergence test @ 4280 samples accepted.
[likelihoodcollection] Average computation time:
   flamingo.inference.masked_ps.MaskedBandPowerLikelihood : 5.35473e-05 s (8258 evaluations, 0.442194 s total)
[theorycollection] Average computation time:
   flamingo.inference.masked_ps.MaskedTSZTheory : 0.0165144 s (8258 evaluations, 136.376 s total)
[mcmc]  - Acceptance rate: 0.505
[mcmc]  - Convergence of means: R-1 = 0.260835 after 3424 accepted steps
[mcmc]  - Updated covariance matrix of proposal pdf.
[mcmc] Learn + convergence test @ 4320 samples accepted.
[likelihoodcollection] Average computation time:
   flamingo.inference.masked_ps.MaskedBandPowerLikelihood : 5.35719e-05 s (8335 evaluations, 0.446522 s total)
[theorycollection] Average computation time:
   flamingo.inference.masked_ps.MaskedTSZTheory : 0.0165147 s (8335 evaluations, 137.65 s total)
[mcmc]  - Acceptance rate: 0.505
[mcmc]  - Convergence of means: R-1 = 0.236096 after 3456 accepted steps
[mcmc]  - Updated covariance matrix of proposal pdf.
[mcmc] Learn + convergence test @ 4360 samples accepted.
[likelihoodcollection] Average computation time:
   flamingo.inference.masked_ps.MaskedBandPowerLikelihood : 5.35848e-05 s (8409 evaluations, 0.450595 s total)
[theorycollection] Average computation time:
   flamingo.inference.masked_ps.MaskedTSZTheory : 0.0165125 s (8409 evaluations, 138.853 s total)
[mcmc]  - Acceptance rate: 0.505
[mcmc]  - Convergence of means: R-1 = 0.242229 after 3488 accepted steps
[mcmc]  - Updated covariance matrix of proposal pdf.
[mcmc] Learn + convergence test @ 4400 samples accepted.
[likelihoodcollection] Average computation time:
   flamingo.inference.masked_ps.MaskedBandPowerLikelihood : 5.35512e-05 s (8486 evaluations, 0.454436 s total)
[theorycollection] Average computation time:
   flamingo.inference.masked_ps.MaskedTSZTheory : 0.0165094 s (8486 evaluations, 140.099 s total)
[mcmc]  - Acceptance rate: 0.505
[mcmc]  - Convergence of means: R-1 = 0.256736 after 3520 accepted steps
[mcmc]  - Updated covariance matrix of proposal pdf.
[mcmc] Learn + convergence test @ 4440 samples accepted.
[likelihoodcollection] Average computation time:
   flamingo.inference.masked_ps.MaskedBandPowerLikelihood : 5.35549e-05 s (8564 evaluations, 0.458644 s total)
[theorycollection] Average computation time:
   flamingo.inference.masked_ps.MaskedTSZTheory : 0.0165115 s (8564 evaluations, 141.404 s total)
[mcmc]  - Acceptance rate: 0.505
[mcmc]  - Convergence of means: R-1 = 0.246895 after 3552 accepted steps
[mcmc]  - Updated covariance matrix of proposal pdf.
[mcmc] Learn + convergence test @ 4480 samples accepted.
[likelihoodcollection] Average computation time:
   flamingo.inference.masked_ps.MaskedBandPowerLikelihood : 5.35292e-05 s (8643 evaluations, 0.462653 s total)
[theorycollection] Average computation time:
   flamingo.inference.masked_ps.MaskedTSZTheory : 0.0165091 s (8643 evaluations, 142.688 s total)
[mcmc]  - Acceptance rate: 0.505
[mcmc]  - Convergence of means: R-1 = 0.242058 after 3584 accepted steps
[mcmc]  - Updated covariance matrix of proposal pdf.
[mcmc] Learn + convergence test @ 4520 samples accepted.
[likelihoodcollection] Average computation time:
   flamingo.inference.masked_ps.MaskedBandPowerLikelihood : 5.35653e-05 s (8729 evaluations, 0.467572 s total)
[theorycollection] Average computation time:
   flamingo.inference.masked_ps.MaskedTSZTheory : 0.0165076 s (8729 evaluations, 144.095 s total)
[mcmc]  - Acceptance rate: 0.504
[mcmc]  - Convergence of means: R-1 = 0.254124 after 3616 accepted steps
[mcmc]  - Updated covariance matrix of proposal pdf.
[mcmc] Learn + convergence test @ 4560 samples accepted.
[likelihoodcollection] Average computation time:
   flamingo.inference.masked_ps.MaskedBandPowerLikelihood : 5.35968e-05 s (8810 evaluations, 0.472188 s total)
[theorycollection] Average computation time:
   flamingo.inference.masked_ps.MaskedTSZTheory : 0.0165099 s (8810 evaluations, 145.452 s total)
[mcmc]  - Acceptance rate: 0.504
[mcmc]  - Convergence of means: R-1 = 0.251940 after 3648 accepted steps
[mcmc]  - Updated covariance matrix of proposal pdf.
[mcmc] Learn + convergence test @ 4600 samples accepted.
[likelihoodcollection] Average computation time:
   flamingo.inference.masked_ps.MaskedBandPowerLikelihood : 5.36553e-05 s (8904 evaluations, 0.477747 s total)
[theorycollection] Average computation time:
   flamingo.inference.masked_ps.MaskedTSZTheory : 0.0165118 s (8904 evaluations, 147.021 s total)
[mcmc]  - Acceptance rate: 0.503
[mcmc]  - Convergence of means: R-1 = 0.248137 after 3680 accepted steps
[mcmc]  - Updated covariance matrix of proposal pdf.
[mcmc] Learn + convergence test @ 4640 samples accepted.
[likelihoodcollection] Average computation time:
   flamingo.inference.masked_ps.MaskedBandPowerLikelihood : 5.36105e-05 s (8979 evaluations, 0.481369 s total)
[theorycollection] Average computation time:
   flamingo.inference.masked_ps.MaskedTSZTheory : 0.0165114 s (8979 evaluations, 148.255 s total)
[mcmc]  - Acceptance rate: 0.502
[mcmc]  - Convergence of means: R-1 = 0.245532 after 3712 accepted steps
[mcmc]  - Updated covariance matrix of proposal pdf.
[mcmc] Learn + convergence test @ 4680 samples accepted.
[likelihoodcollection] Average computation time:
   flamingo.inference.masked_ps.MaskedBandPowerLikelihood : 5.36151e-05 s (9062 evaluations, 0.48586 s total)
[theorycollection] Average computation time:
   flamingo.inference.masked_ps.MaskedTSZTheory : 0.0165128 s (9062 evaluations, 149.639 s total)
[mcmc]  - Acceptance rate: 0.502
[mcmc]  - Convergence of means: R-1 = 0.237243 after 3744 accepted steps
[mcmc]  - Updated covariance matrix of proposal pdf.
[mcmc] Learn + convergence test @ 4720 samples accepted.
[likelihoodcollection] Average computation time:
   flamingo.inference.masked_ps.MaskedBandPowerLikelihood : 5.36223e-05 s (9154 evaluations, 0.490858 s total)
[theorycollection] Average computation time:
   flamingo.inference.masked_ps.MaskedTSZTheory : 0.0165125 s (9154 evaluations, 151.155 s total)
[mcmc]  - Acceptance rate: 0.501
[mcmc]  - Convergence of means: R-1 = 0.224792 after 3776 accepted steps
[mcmc]  - Updated covariance matrix of proposal pdf.
[mcmc] Learn + convergence test @ 4760 samples accepted.
[likelihoodcollection] Average computation time:
   flamingo.inference.masked_ps.MaskedBandPowerLikelihood : 5.35988e-05 s (9268 evaluations, 0.496754 s total)
[theorycollection] Average computation time:
   flamingo.inference.masked_ps.MaskedTSZTheory : 0.0165124 s (9268 evaluations, 153.037 s total)
[mcmc]  - Acceptance rate: 0.498
[mcmc]  - Convergence of means: R-1 = 0.211676 after 3808 accepted steps
[mcmc]  - Updated covariance matrix of proposal pdf.
[mcmc] Learn + convergence test @ 4800 samples accepted.
[likelihoodcollection] Average computation time:
   flamingo.inference.masked_ps.MaskedBandPowerLikelihood : 5.35894e-05 s (9333 evaluations, 0.500149 s total)
[theorycollection] Average computation time:
   flamingo.inference.masked_ps.MaskedTSZTheory : 0.0165107 s (9333 evaluations, 154.094 s total)
[mcmc]  - Acceptance rate: 0.499
[mcmc]  - Convergence of means: R-1 = 0.219929 after 3840 accepted steps
[mcmc]  - Updated covariance matrix of proposal pdf.
[mcmc] Learn + convergence test @ 4840 samples accepted.
[likelihoodcollection] Average computation time:
   flamingo.inference.masked_ps.MaskedBandPowerLikelihood : 5.35606e-05 s (9403 evaluations, 0.50363 s total)
[theorycollection] Average computation time:
   flamingo.inference.masked_ps.MaskedTSZTheory : 0.0165095 s (9403 evaluations, 155.239 s total)
[mcmc]  - Acceptance rate: 0.499
[mcmc]  - Convergence of means: R-1 = 0.230965 after 3872 accepted steps
[mcmc]  - Updated covariance matrix of proposal pdf.
[mcmc] Learn + convergence test @ 4880 samples accepted.
[likelihoodcollection] Average computation time:
   flamingo.inference.masked_ps.MaskedBandPowerLikelihood : 5.35531e-05 s (9487 evaluations, 0.508058 s total)
[theorycollection] Average computation time:
   flamingo.inference.masked_ps.MaskedTSZTheory : 0.0165078 s (9487 evaluations, 156.61 s total)
[mcmc]  - Acceptance rate: 0.499
[mcmc]  - Convergence of means: R-1 = 0.229071 after 3904 accepted steps
[mcmc]  - Updated covariance matrix of proposal pdf.
[mcmc] Learn + convergence test @ 4920 samples accepted.
[likelihoodcollection] Average computation time:
   flamingo.inference.masked_ps.MaskedBandPowerLikelihood : 5.35438e-05 s (9583 evaluations, 0.513111 s total)
[theorycollection] Average computation time:
   flamingo.inference.masked_ps.MaskedTSZTheory : 0.0165064 s (9583 evaluations, 158.181 s total)
[mcmc]  - Acceptance rate: 0.498
[mcmc]  - Convergence of means: R-1 = 0.224664 after 3936 accepted steps
[mcmc]  - Updated covariance matrix of proposal pdf.
[mcmc] Learn + convergence test @ 4960 samples accepted.
[likelihoodcollection] Average computation time:
   flamingo.inference.masked_ps.MaskedBandPowerLikelihood : 5.35249e-05 s (9683 evaluations, 0.518282 s total)
[theorycollection] Average computation time:
   flamingo.inference.masked_ps.MaskedTSZTheory : 0.0165065 s (9683 evaluations, 159.832 s total)
[mcmc]  - Acceptance rate: 0.497
[mcmc]  - Convergence of means: R-1 = 0.196835 after 3968 accepted steps
[mcmc]  - Updated covariance matrix of proposal pdf.
[mcmc] Learn + convergence test @ 5000 samples accepted.
[likelihoodcollection] Average computation time:
   flamingo.inference.masked_ps.MaskedBandPowerLikelihood : 5.34982e-05 s (9775 evaluations, 0.522945 s total)
[theorycollection] Average computation time:
   flamingo.inference.masked_ps.MaskedTSZTheory : 0.0165085 s (9775 evaluations, 161.371 s total)
[mcmc]  - Acceptance rate: 0.496
[mcmc]  - Convergence of means: R-1 = 0.211538 after 4000 accepted steps
[mcmc]  - Updated covariance matrix of proposal pdf.
[mcmc] Learn + convergence test @ 5040 samples accepted.
[likelihoodcollection] Average computation time:
   flamingo.inference.masked_ps.MaskedBandPowerLikelihood : 5.34879e-05 s (9854 evaluations, 0.527069 s total)
[theorycollection] Average computation time:
   flamingo.inference.masked_ps.MaskedTSZTheory : 0.0165095 s (9854 evaluations, 162.685 s total)
[mcmc]  - Acceptance rate: 0.496
[mcmc]  - Convergence of means: R-1 = 0.215503 after 4032 accepted steps
[mcmc]  - Updated covariance matrix of proposal pdf.
[mcmc] Learn + convergence test @ 5080 samples accepted.
[likelihoodcollection] Average computation time:
   flamingo.inference.masked_ps.MaskedBandPowerLikelihood : 5.34874e-05 s (9940 evaluations, 0.531665 s total)
[theorycollection] Average computation time:
   flamingo.inference.masked_ps.MaskedTSZTheory : 0.0165108 s (9940 evaluations, 164.118 s total)
[mcmc]  - Acceptance rate: 0.495
[mcmc]  - Convergence of means: R-1 = 0.216127 after 4064 accepted steps
[mcmc]  - Updated covariance matrix of proposal pdf.
[mcmc] Learn + convergence test @ 5120 samples accepted.
[likelihoodcollection] Average computation time:
   flamingo.inference.masked_ps.MaskedBandPowerLikelihood : 5.34759e-05 s (10049 evaluations, 0.537379 s total)
[theorycollection] Average computation time:
   flamingo.inference.masked_ps.MaskedTSZTheory : 0.0165075 s (10049 evaluations, 165.884 s total)
[mcmc]  - Acceptance rate: 0.494
[mcmc]  - Convergence of means: R-1 = 0.244329 after 4096 accepted steps
[mcmc]  - Updated covariance matrix of proposal pdf.
[mcmc] Learn + convergence test @ 5160 samples accepted.
[likelihoodcollection] Average computation time:
   flamingo.inference.masked_ps.MaskedBandPowerLikelihood : 5.34615e-05 s (10136 evaluations, 0.541885 s total)
[theorycollection] Average computation time:
   flamingo.inference.masked_ps.MaskedTSZTheory : 0.0165057 s (10136 evaluations, 167.302 s total)
[mcmc]  - Acceptance rate: 0.493
[mcmc]  - Convergence of means: R-1 = 0.249297 after 4128 accepted steps
[mcmc]  - Updated covariance matrix of proposal pdf.
[mcmc] Learn + convergence test @ 5200 samples accepted.
[likelihoodcollection] Average computation time:
   flamingo.inference.masked_ps.MaskedBandPowerLikelihood : 5.35008e-05 s (10214 evaluations, 0.546457 s total)
[theorycollection] Average computation time:
   flamingo.inference.masked_ps.MaskedTSZTheory : 0.0165069 s (10214 evaluations, 168.602 s total)
[mcmc]  - Acceptance rate: 0.493
[mcmc]  - Convergence of means: R-1 = 0.248747 after 4160 accepted steps
[mcmc]  - Updated covariance matrix of proposal pdf.
[mcmc] Learn + convergence test @ 5240 samples accepted.
[likelihoodcollection] Average computation time:
   flamingo.inference.masked_ps.MaskedBandPowerLikelihood : 5.35255e-05 s (10286 evaluations, 0.550564 s total)
[theorycollection] Average computation time:
   flamingo.inference.masked_ps.MaskedTSZTheory : 0.0165056 s (10286 evaluations, 169.777 s total)
[mcmc]  - Acceptance rate: 0.493
[mcmc]  - Convergence of means: R-1 = 0.250089 after 4192 accepted steps
[mcmc]  - Updated covariance matrix of proposal pdf.
[mcmc] Learn + convergence test @ 5280 samples accepted.
[likelihoodcollection] Average computation time:
   flamingo.inference.masked_ps.MaskedBandPowerLikelihood : 5.35267e-05 s (10365 evaluations, 0.554805 s total)
[theorycollection] Average computation time:
   flamingo.inference.masked_ps.MaskedTSZTheory : 0.016506 s (10365 evaluations, 171.085 s total)
[mcmc]  - Acceptance rate: 0.493
[mcmc]  - Convergence of means: R-1 = 0.267041 after 4224 accepted steps
[mcmc]  - Updated covariance matrix of proposal pdf.
[mcmc] Learn + convergence test @ 5320 samples accepted.
[likelihoodcollection] Average computation time:
   flamingo.inference.masked_ps.MaskedBandPowerLikelihood : 5.34792e-05 s (10465 evaluations, 0.55966 s total)
[theorycollection] Average computation time:
   flamingo.inference.masked_ps.MaskedTSZTheory : 0.016503 s (10465 evaluations, 172.704 s total)
[mcmc]  - Acceptance rate: 0.492
[mcmc]  - Convergence of means: R-1 = 0.291269 after 4256 accepted steps
[mcmc]  - Updated covariance matrix of proposal pdf.
[mcmc] Learn + convergence test @ 5360 samples accepted.
[likelihoodcollection] Average computation time:
   flamingo.inference.masked_ps.MaskedBandPowerLikelihood : 5.34932e-05 s (10551 evaluations, 0.564406 s total)
[theorycollection] Average computation time:
   flamingo.inference.masked_ps.MaskedTSZTheory : 0.0165031 s (10551 evaluations, 174.124 s total)
[mcmc]  - Acceptance rate: 0.491
[mcmc]  - Convergence of means: R-1 = 0.289295 after 4288 accepted steps
[mcmc]  - Updated covariance matrix of proposal pdf.
[mcmc] Learn + convergence test @ 5400 samples accepted.
[likelihoodcollection] Average computation time:
   flamingo.inference.masked_ps.MaskedBandPowerLikelihood : 5.35138e-05 s (10620 evaluations, 0.568317 s total)
[theorycollection] Average computation time:
   flamingo.inference.masked_ps.MaskedTSZTheory : 0.0165052 s (10620 evaluations, 175.285 s total)
[mcmc]  - Acceptance rate: 0.492
[mcmc]  - Convergence of means: R-1 = 0.277130 after 4320 accepted steps
[mcmc]  - Updated covariance matrix of proposal pdf.
[mcmc] Progress @ 2026-08-03 01:28:35 : 10788 steps taken, and 5430 accepted.
[mcmc] Learn + convergence test @ 5440 samples accepted.
[likelihoodcollection] Average computation time:
   flamingo.inference.masked_ps.MaskedBandPowerLikelihood : 5.34756e-05 s (10694 evaluations, 0.571869 s total)
[theorycollection] Average computation time:
   flamingo.inference.masked_ps.MaskedTSZTheory : 0.0165037 s (10694 evaluations, 176.49 s total)
[mcmc]  - Acceptance rate: 0.492
[mcmc]  - Convergence of means: R-1 = 0.249113 after 4352 accepted steps
[mcmc]  - Updated covariance matrix of proposal pdf.
[mcmc] Learn + convergence test @ 5480 samples accepted.
[likelihoodcollection] Average computation time:
   flamingo.inference.masked_ps.MaskedBandPowerLikelihood : 5.34535e-05 s (10771 evaluations, 0.575748 s total)
[theorycollection] Average computation time:
   flamingo.inference.masked_ps.MaskedTSZTheory : 0.0165056 s (10771 evaluations, 177.782 s total)
[mcmc]  - Acceptance rate: 0.492
[mcmc]  - Convergence of means: R-1 = 0.236125 after 4384 accepted steps
[mcmc]  - Updated covariance matrix of proposal pdf.
[mcmc] Learn + convergence test @ 5520 samples accepted.
[likelihoodcollection] Average computation time:
   flamingo.inference.masked_ps.MaskedBandPowerLikelihood : 5.34777e-05 s (10866 evaluations, 0.581089 s total)
[theorycollection] Average computation time:
   flamingo.inference.masked_ps.MaskedTSZTheory : 0.0165042 s (10866 evaluations, 179.335 s total)
[mcmc]  - Acceptance rate: 0.492
[mcmc]  - Convergence of means: R-1 = 0.243368 after 4416 accepted steps
[mcmc]  - Updated covariance matrix of proposal pdf.
[mcmc] Learn + convergence test @ 5560 samples accepted.
[likelihoodcollection] Average computation time:
   flamingo.inference.masked_ps.MaskedBandPowerLikelihood : 5.34587e-05 s (10968 evaluations, 0.586335 s total)
[theorycollection] Average computation time:
   flamingo.inference.masked_ps.MaskedTSZTheory : 0.0165069 s (10968 evaluations, 181.048 s total)
[mcmc]  - Acceptance rate: 0.490
[mcmc]  - Convergence of means: R-1 = 0.248277 after 4448 accepted steps
[mcmc]  - Updated covariance matrix of proposal pdf.
[mcmc] Learn + convergence test @ 5600 samples accepted.
[likelihoodcollection] Average computation time:
   flamingo.inference.masked_ps.MaskedBandPowerLikelihood : 5.34378e-05 s (11029 evaluations, 0.589366 s total)
[theorycollection] Average computation time:
   flamingo.inference.masked_ps.MaskedTSZTheory : 0.0165043 s (11029 evaluations, 182.026 s total)
[mcmc]  - Acceptance rate: 0.491
[mcmc]  - Convergence of means: R-1 = 0.270606 after 4480 accepted steps
[mcmc]  - Updated covariance matrix of proposal pdf.
[mcmc] Learn + convergence test @ 5640 samples accepted.
[likelihoodcollection] Average computation time:
   flamingo.inference.masked_ps.MaskedBandPowerLikelihood : 5.3445e-05 s (11105 evaluations, 0.593507 s total)
[theorycollection] Average computation time:
   flamingo.inference.masked_ps.MaskedTSZTheory : 0.0165068 s (11105 evaluations, 183.308 s total)
[mcmc]  - Acceptance rate: 0.491
[mcmc]  - Convergence of means: R-1 = 0.271290 after 4512 accepted steps
[mcmc]  - Updated covariance matrix of proposal pdf.
[mcmc] Learn + convergence test @ 5680 samples accepted.
[likelihoodcollection] Average computation time:
   flamingo.inference.masked_ps.MaskedBandPowerLikelihood : 5.34584e-05 s (11183 evaluations, 0.597825 s total)
[theorycollection] Average computation time:
   flamingo.inference.masked_ps.MaskedTSZTheory : 0.0165096 s (11183 evaluations, 184.627 s total)
[mcmc]  - Acceptance rate: 0.491
[mcmc]  - Convergence of means: R-1 = 0.260398 after 4544 accepted steps
[mcmc]  - Updated covariance matrix of proposal pdf.
[mcmc] Learn + convergence test @ 5720 samples accepted.
[likelihoodcollection] Average computation time:
   flamingo.inference.masked_ps.MaskedBandPowerLikelihood : 5.34589e-05 s (11261 evaluations, 0.602001 s total)
[theorycollection] Average computation time:
   flamingo.inference.masked_ps.MaskedTSZTheory : 0.0165067 s (11261 evaluations, 185.882 s total)
[mcmc]  - Acceptance rate: 0.491
[mcmc]  - Convergence of means: R-1 = 0.239182 after 4576 accepted steps
[mcmc]  - Updated covariance matrix of proposal pdf.
[mcmc] Learn + convergence test @ 5760 samples accepted.
[likelihoodcollection] Average computation time:
   flamingo.inference.masked_ps.MaskedBandPowerLikelihood : 5.34611e-05 s (11345 evaluations, 0.606517 s total)
[theorycollection] Average computation time:
   flamingo.inference.masked_ps.MaskedTSZTheory : 0.0165085 s (11345 evaluations, 187.289 s total)
[mcmc]  - Acceptance rate: 0.491
[mcmc]  - Convergence of means: R-1 = 0.219545 after 4608 accepted steps
[mcmc]  - Updated covariance matrix of proposal pdf.
[mcmc] Learn + convergence test @ 5800 samples accepted.
[likelihoodcollection] Average computation time:
   flamingo.inference.masked_ps.MaskedBandPowerLikelihood : 5.34551e-05 s (11431 evaluations, 0.611045 s total)
[theorycollection] Average computation time:
   flamingo.inference.masked_ps.MaskedTSZTheory : 0.0165069 s (11431 evaluations, 188.69 s total)
[mcmc]  - Acceptance rate: 0.491
[mcmc]  - Convergence of means: R-1 = 0.218576 after 4640 accepted steps
[mcmc]  - Updated covariance matrix of proposal pdf.
[mcmc] Learn + convergence test @ 5840 samples accepted.
[likelihoodcollection] Average computation time:
   flamingo.inference.masked_ps.MaskedBandPowerLikelihood : 5.34409e-05 s (11506 evaluations, 0.614891 s total)
[theorycollection] Average computation time:
   flamingo.inference.masked_ps.MaskedTSZTheory : 0.0165072 s (11506 evaluations, 189.932 s total)
[mcmc]  - Acceptance rate: 0.491
[mcmc]  - Convergence of means: R-1 = 0.219680 after 4672 accepted steps
[mcmc]  - Updated covariance matrix of proposal pdf.
[mcmc] Learn + convergence test @ 5880 samples accepted.
[likelihoodcollection] Average computation time:
   flamingo.inference.masked_ps.MaskedBandPowerLikelihood : 5.34308e-05 s (11595 evaluations, 0.61953 s total)
[theorycollection] Average computation time:
   flamingo.inference.masked_ps.MaskedTSZTheory : 0.0165054 s (11595 evaluations, 191.38 s total)
[mcmc]  - Acceptance rate: 0.490
[mcmc]  - Convergence of means: R-1 = 0.208393 after 4704 accepted steps
[mcmc]  - Updated covariance matrix of proposal pdf.
[mcmc] Learn + convergence test @ 5920 samples accepted.
[likelihoodcollection] Average computation time:
   flamingo.inference.masked_ps.MaskedBandPowerLikelihood : 5.34609e-05 s (11676 evaluations, 0.62421 s total)
[theorycollection] Average computation time:
   flamingo.inference.masked_ps.MaskedTSZTheory : 0.016507 s (11676 evaluations, 192.736 s total)
[mcmc]  - Acceptance rate: 0.491
[mcmc]  - Convergence of means: R-1 = 0.212690 after 4736 accepted steps
[mcmc]  - Updated covariance matrix of proposal pdf.
[mcmc] Learn + convergence test @ 5960 samples accepted.
[likelihoodcollection] Average computation time:
   flamingo.inference.masked_ps.MaskedBandPowerLikelihood : 5.3471e-05 s (11755 evaluations, 0.628551 s total)
[theorycollection] Average computation time:
   flamingo.inference.masked_ps.MaskedTSZTheory : 0.0165081 s (11755 evaluations, 194.052 s total)
[mcmc]  - Acceptance rate: 0.490
[mcmc]  - Convergence of means: R-1 = 0.219705 after 4768 accepted steps
[mcmc]  - Updated covariance matrix of proposal pdf.
[mcmc] Learn + convergence test @ 6000 samples accepted.
[likelihoodcollection] Average computation time:
   flamingo.inference.masked_ps.MaskedBandPowerLikelihood : 5.34599e-05 s (11822 evaluations, 0.632003 s total)
[theorycollection] Average computation time:
   flamingo.inference.masked_ps.MaskedTSZTheory : 0.0165074 s (11822 evaluations, 195.15 s total)
[mcmc]  - Acceptance rate: 0.491
[mcmc]  - Convergence of means: R-1 = 0.213113 after 4800 accepted steps
[mcmc]  - Updated covariance matrix of proposal pdf.
[mcmc] Learn + convergence test @ 6040 samples accepted.
[likelihoodcollection] Average computation time:
   flamingo.inference.masked_ps.MaskedBandPowerLikelihood : 5.34159e-05 s (11914 evaluations, 0.636397 s total)
[theorycollection] Average computation time:
   flamingo.inference.masked_ps.MaskedTSZTheory : 0.0165038 s (11914 evaluations, 196.626 s total)
[mcmc]  - Acceptance rate: 0.490
[mcmc]  - Convergence of means: R-1 = 0.200633 after 4832 accepted steps
[mcmc]  - Updated covariance matrix of proposal pdf.
[mcmc] Learn + convergence test @ 6080 samples accepted.
[likelihoodcollection] Average computation time:
   flamingo.inference.masked_ps.MaskedBandPowerLikelihood : 5.34091e-05 s (11986 evaluations, 0.640161 s total)
[theorycollection] Average computation time:
   flamingo.inference.masked_ps.MaskedTSZTheory : 0.0165025 s (11986 evaluations, 197.799 s total)
[mcmc]  - Acceptance rate: 0.490
[mcmc]  - Convergence of means: R-1 = 0.205255 after 4864 accepted steps
[mcmc]  - Updated covariance matrix of proposal pdf.
[mcmc] Learn + convergence test @ 6120 samples accepted.
[likelihoodcollection] Average computation time:
   flamingo.inference.masked_ps.MaskedBandPowerLikelihood : 5.34205e-05 s (12067 evaluations, 0.644625 s total)
[theorycollection] Average computation time:
   flamingo.inference.masked_ps.MaskedTSZTheory : 0.0165039 s (12067 evaluations, 199.153 s total)
[mcmc]  - Acceptance rate: 0.490
[mcmc]  - Convergence of means: R-1 = 0.211367 after 4896 accepted steps
[mcmc]  - Updated covariance matrix of proposal pdf.
[mcmc] Learn + convergence test @ 6160 samples accepted.
[likelihoodcollection] Average computation time:
   flamingo.inference.masked_ps.MaskedBandPowerLikelihood : 5.34215e-05 s (12154 evaluations, 0.649285 s total)
[theorycollection] Average computation time:
   flamingo.inference.masked_ps.MaskedTSZTheory : 0.0165038 s (12154 evaluations, 200.587 s total)
[mcmc]  - Acceptance rate: 0.490
[mcmc]  - Convergence of means: R-1 = 0.200233 after 4928 accepted steps
[mcmc]  - Updated covariance matrix of proposal pdf.
[mcmc] Learn + convergence test @ 6200 samples accepted.
[likelihoodcollection] Average computation time:
   flamingo.inference.masked_ps.MaskedBandPowerLikelihood : 5.34097e-05 s (12236 evaluations, 0.653521 s total)
[theorycollection] Average computation time:
   flamingo.inference.masked_ps.MaskedTSZTheory : 0.0165055 s (12236 evaluations, 201.962 s total)
[mcmc]  - Acceptance rate: 0.490
[mcmc]  - Convergence of means: R-1 = 0.206123 after 4960 accepted steps
[mcmc]  - Updated covariance matrix of proposal pdf.
[mcmc] Learn + convergence test @ 6240 samples accepted.
[likelihoodcollection] Average computation time:
   flamingo.inference.masked_ps.MaskedBandPowerLikelihood : 5.33828e-05 s (12313 evaluations, 0.657302 s total)
[theorycollection] Average computation time:
   flamingo.inference.masked_ps.MaskedTSZTheory : 0.0165065 s (12313 evaluations, 203.244 s total)
[mcmc]  - Acceptance rate: 0.490
[mcmc]  - Convergence of means: R-1 = 0.207041 after 4992 accepted steps
[mcmc]  - Updated covariance matrix of proposal pdf.
[mcmc] Learn + convergence test @ 6280 samples accepted.
[likelihoodcollection] Average computation time:
   flamingo.inference.masked_ps.MaskedBandPowerLikelihood : 5.33972e-05 s (12389 evaluations, 0.661538 s total)
[theorycollection] Average computation time:
   flamingo.inference.masked_ps.MaskedTSZTheory : 0.0165082 s (12389 evaluations, 204.52 s total)
[mcmc]  - Acceptance rate: 0.490
[mcmc]  - Convergence of means: R-1 = 0.202249 after 5024 accepted steps
[mcmc]  - Updated covariance matrix of proposal pdf.
[mcmc] Learn + convergence test @ 6320 samples accepted.
[likelihoodcollection] Average computation time:
   flamingo.inference.masked_ps.MaskedBandPowerLikelihood : 5.34121e-05 s (12470 evaluations, 0.666049 s total)
[theorycollection] Average computation time:
   flamingo.inference.masked_ps.MaskedTSZTheory : 0.01651 s (12470 evaluations, 205.88 s total)
[mcmc]  - Acceptance rate: 0.489
[mcmc]  - Convergence of means: R-1 = 0.191404 after 5056 accepted steps
[mcmc]  - Updated covariance matrix of proposal pdf.
[mcmc] Learn + convergence test @ 6360 samples accepted.
[likelihoodcollection] Average computation time:
   flamingo.inference.masked_ps.MaskedBandPowerLikelihood : 5.34106e-05 s (12547 evaluations, 0.670142 s total)
[theorycollection] Average computation time:
   flamingo.inference.masked_ps.MaskedTSZTheory : 0.0165088 s (12547 evaluations, 207.136 s total)
[mcmc]  - Acceptance rate: 0.489
[mcmc]  - Convergence of means: R-1 = 0.171269 after 5088 accepted steps
[mcmc]  - Updated covariance matrix of proposal pdf.
[mcmc] Learn + convergence test @ 6400 samples accepted.
[likelihoodcollection] Average computation time:
   flamingo.inference.masked_ps.MaskedBandPowerLikelihood : 5.34126e-05 s (12630 evaluations, 0.674601 s total)
[theorycollection] Average computation time:
   flamingo.inference.masked_ps.MaskedTSZTheory : 0.0165104 s (12630 evaluations, 208.526 s total)
[mcmc]  - Acceptance rate: 0.489
[mcmc]  - Convergence of means: R-1 = 0.171501 after 5120 accepted steps
[mcmc]  - Updated covariance matrix of proposal pdf.
[mcmc] Learn + convergence test @ 6440 samples accepted.
[likelihoodcollection] Average computation time:
   flamingo.inference.masked_ps.MaskedBandPowerLikelihood : 5.3397e-05 s (12699 evaluations, 0.678088 s total)
[theorycollection] Average computation time:
   flamingo.inference.masked_ps.MaskedTSZTheory : 0.0165087 s (12699 evaluations, 209.644 s total)
[mcmc]  - Acceptance rate: 0.489
[mcmc]  - Convergence of means: R-1 = 0.164465 after 5152 accepted steps
[mcmc]  - Updated covariance matrix of proposal pdf.
[mcmc] Learn + convergence test @ 6480 samples accepted.
[likelihoodcollection] Average computation time:
   flamingo.inference.masked_ps.MaskedBandPowerLikelihood : 5.3394e-05 s (12776 evaluations, 0.682161 s total)
[theorycollection] Average computation time:
   flamingo.inference.masked_ps.MaskedTSZTheory : 0.0165088 s (12776 evaluations, 210.916 s total)
[mcmc]  - Acceptance rate: 0.489
[mcmc]  - Convergence of means: R-1 = 0.141805 after 5184 accepted steps
[mcmc]  - Updated covariance matrix of proposal pdf.
[mcmc] Learn + convergence test @ 6520 samples accepted.
[likelihoodcollection] Average computation time:
   flamingo.inference.masked_ps.MaskedBandPowerLikelihood : 5.33889e-05 s (12853 evaluations, 0.686208 s total)
[theorycollection] Average computation time:
   flamingo.inference.masked_ps.MaskedTSZTheory : 0.0165106 s (12853 evaluations, 212.211 s total)
[mcmc]  - Acceptance rate: 0.489
[mcmc]  - Convergence of means: R-1 = 0.142230 after 5216 accepted steps
[mcmc]  - Updated covariance matrix of proposal pdf.
[mcmc] Learn + convergence test @ 6560 samples accepted.
[likelihoodcollection] Average computation time:
   flamingo.inference.masked_ps.MaskedBandPowerLikelihood : 5.33698e-05 s (12946 evaluations, 0.690926 s total)
[theorycollection] Average computation time:
   flamingo.inference.masked_ps.MaskedTSZTheory : 0.0165096 s (12946 evaluations, 213.733 s total)
[mcmc]  - Acceptance rate: 0.489
[mcmc]  - Convergence of means: R-1 = 0.161304 after 5248 accepted steps
[mcmc]  - Updated covariance matrix of proposal pdf.
[mcmc] Learn + convergence test @ 6600 samples accepted.
[likelihoodcollection] Average computation time:
   flamingo.inference.masked_ps.MaskedBandPowerLikelihood : 5.3367e-05 s (13014 evaluations, 0.694518 s total)
[theorycollection] Average computation time:
   flamingo.inference.masked_ps.MaskedTSZTheory : 0.0165103 s (13014 evaluations, 214.866 s total)
[mcmc]  - Acceptance rate: 0.490
[mcmc]  - Convergence of means: R-1 = 0.162120 after 5280 accepted steps
[mcmc]  - Updated covariance matrix of proposal pdf.
[mcmc] Learn + convergence test @ 6640 samples accepted.
[likelihoodcollection] Average computation time:
   flamingo.inference.masked_ps.MaskedBandPowerLikelihood : 5.33715e-05 s (13085 evaluations, 0.698366 s total)
[theorycollection] Average computation time:
   flamingo.inference.masked_ps.MaskedTSZTheory : 0.0165093 s (13085 evaluations, 216.025 s total)
[mcmc]  - Acceptance rate: 0.491
[mcmc]  - Convergence of means: R-1 = 0.172469 after 5312 accepted steps
[mcmc]  - Updated covariance matrix of proposal pdf.
[mcmc] Learn + convergence test @ 6680 samples accepted.
[likelihoodcollection] Average computation time:
   flamingo.inference.masked_ps.MaskedBandPowerLikelihood : 5.33815e-05 s (13180 evaluations, 0.703568 s total)
[theorycollection] Average computation time:
   flamingo.inference.masked_ps.MaskedTSZTheory : 0.0165125 s (13180 evaluations, 217.635 s total)
[mcmc]  - Acceptance rate: 0.490
[mcmc]  - Convergence of means: R-1 = 0.161060 after 5344 accepted steps
[mcmc]  - Updated covariance matrix of proposal pdf.
[mcmc] Learn + convergence test @ 6720 samples accepted.
[likelihoodcollection] Average computation time:
   flamingo.inference.masked_ps.MaskedBandPowerLikelihood : 5.33537e-05 s (13272 evaluations, 0.70811 s total)
[theorycollection] Average computation time:
   flamingo.inference.masked_ps.MaskedTSZTheory : 0.0165098 s (13272 evaluations, 219.118 s total)
[mcmc]  - Acceptance rate: 0.489
[mcmc]  - Convergence of means: R-1 = 0.152342 after 5376 accepted steps
[mcmc]  - Updated covariance matrix of proposal pdf.
[mcmc] Learn + convergence test @ 6760 samples accepted.
[likelihoodcollection] Average computation time:
   flamingo.inference.masked_ps.MaskedBandPowerLikelihood : 5.33673e-05 s (13355 evaluations, 0.712721 s total)
[theorycollection] Average computation time:
   flamingo.inference.masked_ps.MaskedTSZTheory : 0.0165111 s (13355 evaluations, 220.505 s total)
[mcmc]  - Acceptance rate: 0.489
[mcmc]  - Convergence of means: R-1 = 0.137801 after 5408 accepted steps
[mcmc]  - Updated covariance matrix of proposal pdf.
[mcmc] Learn + convergence test @ 6800 samples accepted.
[likelihoodcollection] Average computation time:
   flamingo.inference.masked_ps.MaskedBandPowerLikelihood : 5.33747e-05 s (13428 evaluations, 0.716715 s total)
[theorycollection] Average computation time:
   flamingo.inference.masked_ps.MaskedTSZTheory : 0.016512 s (13428 evaluations, 221.723 s total)
[mcmc]  - Acceptance rate: 0.489
[mcmc]  - Convergence of means: R-1 = 0.124343 after 5440 accepted steps
[mcmc]  - Updated covariance matrix of proposal pdf.
[mcmc] Learn + convergence test @ 6840 samples accepted.
[likelihoodcollection] Average computation time:
   flamingo.inference.masked_ps.MaskedBandPowerLikelihood : 5.34141e-05 s (13523 evaluations, 0.722319 s total)
[theorycollection] Average computation time:
   flamingo.inference.masked_ps.MaskedTSZTheory : 0.016512 s (13523 evaluations, 223.292 s total)
[mcmc]  - Acceptance rate: 0.488
[mcmc]  - Convergence of means: R-1 = 0.112996 after 5472 accepted steps
[mcmc]  - Updated covariance matrix of proposal pdf.
[mcmc] Learn + convergence test @ 6880 samples accepted.
[likelihoodcollection] Average computation time:
   flamingo.inference.masked_ps.MaskedBandPowerLikelihood : 5.33891e-05 s (13616 evaluations, 0.726945 s total)
[theorycollection] Average computation time:
   flamingo.inference.masked_ps.MaskedTSZTheory : 0.0165108 s (13616 evaluations, 224.811 s total)
[mcmc]  - Acceptance rate: 0.488
[mcmc]  - Convergence of means: R-1 = 0.112750 after 5504 accepted steps
[mcmc]  - Updated covariance matrix of proposal pdf.
[mcmc] Learn + convergence test @ 6920 samples accepted.
[likelihoodcollection] Average computation time:
   flamingo.inference.masked_ps.MaskedBandPowerLikelihood : 5.3358e-05 s (13698 evaluations, 0.730898 s total)
[theorycollection] Average computation time:
   flamingo.inference.masked_ps.MaskedTSZTheory : 0.0165092 s (13698 evaluations, 226.143 s total)
[mcmc]  - Acceptance rate: 0.488
[mcmc]  - Convergence of means: R-1 = 0.111904 after 5536 accepted steps
[mcmc]  - Updated covariance matrix of proposal pdf.
[mcmc] Learn + convergence test @ 6960 samples accepted.
[likelihoodcollection] Average computation time:
   flamingo.inference.masked_ps.MaskedBandPowerLikelihood : 5.33588e-05 s (13790 evaluations, 0.735818 s total)
[theorycollection] Average computation time:
   flamingo.inference.masked_ps.MaskedTSZTheory : 0.0165099 s (13790 evaluations, 227.671 s total)
[mcmc]  - Acceptance rate: 0.487
[mcmc]  - Convergence of means: R-1 = 0.111841 after 5568 accepted steps
[mcmc]  - Updated covariance matrix of proposal pdf.
[mcmc] Learn + convergence test @ 7000 samples accepted.
[likelihoodcollection] Average computation time:
   flamingo.inference.masked_ps.MaskedBandPowerLikelihood : 5.33723e-05 s (13877 evaluations, 0.740648 s total)
[theorycollection] Average computation time:
   flamingo.inference.masked_ps.MaskedTSZTheory : 0.0165091 s (13877 evaluations, 229.097 s total)
[mcmc]  - Acceptance rate: 0.487
[mcmc]  - Convergence of means: R-1 = 0.106535 after 5600 accepted steps
[mcmc]  - Updated covariance matrix of proposal pdf.
[mcmc] Learn + convergence test @ 7040 samples accepted.
[likelihoodcollection] Average computation time:
   flamingo.inference.masked_ps.MaskedBandPowerLikelihood : 5.33731e-05 s (13942 evaluations, 0.744127 s total)
[theorycollection] Average computation time:
   flamingo.inference.masked_ps.MaskedTSZTheory : 0.0165087 s (13942 evaluations, 230.165 s total)
[mcmc]  - Acceptance rate: 0.487
[mcmc]  - Convergence of means: R-1 = 0.105825 after 5632 accepted steps
[mcmc]  - Updated covariance matrix of proposal pdf.
[mcmc] Learn + convergence test @ 7080 samples accepted.
[likelihoodcollection] Average computation time:
   flamingo.inference.masked_ps.MaskedBandPowerLikelihood : 5.33736e-05 s (14038 evaluations, 0.749258 s total)
[theorycollection] Average computation time:
   flamingo.inference.masked_ps.MaskedTSZTheory : 0.0165075 s (14038 evaluations, 231.732 s total)
[mcmc]  - Acceptance rate: 0.486
[mcmc]  - Convergence of means: R-1 = 0.101603 after 5664 accepted steps
[mcmc]  - Updated covariance matrix of proposal pdf.
[mcmc] Learn + convergence test @ 7120 samples accepted.
[likelihoodcollection] Average computation time:
   flamingo.inference.masked_ps.MaskedBandPowerLikelihood : 5.33767e-05 s (14118 evaluations, 0.753572 s total)
[theorycollection] Average computation time:
   flamingo.inference.masked_ps.MaskedTSZTheory : 0.0165084 s (14118 evaluations, 233.065 s total)
[mcmc]  - Acceptance rate: 0.486
[mcmc]  - Convergence of means: R-1 = 0.102035 after 5696 accepted steps
[mcmc]  - Updated covariance matrix of proposal pdf.
[mcmc] Learn + convergence test @ 7160 samples accepted.
[likelihoodcollection] Average computation time:
   flamingo.inference.masked_ps.MaskedBandPowerLikelihood : 5.34017e-05 s (14197 evaluations, 0.758144 s total)
[theorycollection] Average computation time:
   flamingo.inference.masked_ps.MaskedTSZTheory : 0.0165094 s (14197 evaluations, 234.384 s total)
[mcmc]  - Acceptance rate: 0.486
[mcmc]  - Convergence of means: R-1 = 0.098860 after 5728 accepted steps
[mcmc]  - Updated covariance matrix of proposal pdf.
[mcmc] Progress @ 2026-08-03 01:29:35 : 14395 steps taken, and 7178 accepted.
[mcmc] Learn + convergence test @ 7200 samples accepted.
[likelihoodcollection] Average computation time:
   flamingo.inference.masked_ps.MaskedBandPowerLikelihood : 5.33948e-05 s (14268 evaluations, 0.761836 s total)
[theorycollection] Average computation time:
   flamingo.inference.masked_ps.MaskedTSZTheory : 0.016507 s (14268 evaluations, 235.522 s total)
[mcmc]  - Acceptance rate: 0.487
[mcmc]  - Convergence of means: R-1 = 0.092712 after 5760 accepted steps
[mcmc]  - Updated covariance matrix of proposal pdf.
[mcmc] Learn + convergence test @ 7240 samples accepted.
[likelihoodcollection] Average computation time:
   flamingo.inference.masked_ps.MaskedBandPowerLikelihood : 5.33929e-05 s (14356 evaluations, 0.766509 s total)
[theorycollection] Average computation time:
   flamingo.inference.masked_ps.MaskedTSZTheory : 0.0165066 s (14356 evaluations, 236.969 s total)
[mcmc]  - Acceptance rate: 0.486
[mcmc]  - Convergence of means: R-1 = 0.095297 after 5792 accepted steps
[mcmc]  - Updated covariance matrix of proposal pdf.
[mcmc] Learn + convergence test @ 7280 samples accepted.
[likelihoodcollection] Average computation time:
   flamingo.inference.masked_ps.MaskedBandPowerLikelihood : 5.33996e-05 s (14452 evaluations, 0.771731 s total)
[theorycollection] Average computation time:
   flamingo.inference.masked_ps.MaskedTSZTheory : 0.0165067 s (14452 evaluations, 238.555 s total)
[mcmc]  - Acceptance rate: 0.486
[mcmc]  - Convergence of means: R-1 = 0.090605 after 5824 accepted steps
[mcmc]  - Updated covariance matrix of proposal pdf.
[mcmc] Learn + convergence test @ 7320 samples accepted.
[likelihoodcollection] Average computation time:
   flamingo.inference.masked_ps.MaskedBandPowerLikelihood : 5.33943e-05 s (14530 evaluations, 0.775819 s total)
[theorycollection] Average computation time:
   flamingo.inference.masked_ps.MaskedTSZTheory : 0.0165081 s (14530 evaluations, 239.862 s total)
[mcmc]  - Acceptance rate: 0.486
[mcmc]  - Convergence of means: R-1 = 0.093607 after 5856 accepted steps
[mcmc]  - Updated covariance matrix of proposal pdf.
[mcmc] Learn + convergence test @ 7360 samples accepted.
[likelihoodcollection] Average computation time:
   flamingo.inference.masked_ps.MaskedBandPowerLikelihood : 5.34151e-05 s (14614 evaluations, 0.780608 s total)
[theorycollection] Average computation time:
   flamingo.inference.masked_ps.MaskedTSZTheory : 0.0165082 s (14614 evaluations, 241.251 s total)
[mcmc]  - Acceptance rate: 0.485
[mcmc]  - Convergence of means: R-1 = 0.087012 after 5888 accepted steps
[mcmc]  - Updated covariance matrix of proposal pdf.
[mcmc] Learn + convergence test @ 7400 samples accepted.
[likelihoodcollection] Average computation time:
   flamingo.inference.masked_ps.MaskedBandPowerLikelihood : 5.34178e-05 s (14697 evaluations, 0.785082 s total)
[theorycollection] Average computation time:
   flamingo.inference.masked_ps.MaskedTSZTheory : 0.0165074 s (14697 evaluations, 242.61 s total)
[mcmc]  - Acceptance rate: 0.486
[mcmc]  - Convergence of means: R-1 = 0.091562 after 5920 accepted steps
[mcmc]  - Updated covariance matrix of proposal pdf.
[mcmc] Learn + convergence test @ 7440 samples accepted.
[likelihoodcollection] Average computation time:
   flamingo.inference.masked_ps.MaskedBandPowerLikelihood : 5.3427e-05 s (14773 evaluations, 0.789277 s total)
[theorycollection] Average computation time:
   flamingo.inference.masked_ps.MaskedTSZTheory : 0.0165071 s (14773 evaluations, 243.859 s total)
[mcmc]  - Acceptance rate: 0.486
[mcmc]  - Convergence of means: R-1 = 0.093622 after 5952 accepted steps
[mcmc]  - Updated covariance matrix of proposal pdf.
[mcmc] Learn + convergence test @ 7480 samples accepted.
[likelihoodcollection] Average computation time:
   flamingo.inference.masked_ps.MaskedBandPowerLikelihood : 5.34159e-05 s (14858 evaluations, 0.793653 s total)
[theorycollection] Average computation time:
   flamingo.inference.masked_ps.MaskedTSZTheory : 0.0165044 s (14858 evaluations, 245.222 s total)
[mcmc]  - Acceptance rate: 0.486
[mcmc]  - Convergence of means: R-1 = 0.098946 after 5984 accepted steps
[mcmc]  - Updated covariance matrix of proposal pdf.
[mcmc] Learn + convergence test @ 7520 samples accepted.
[likelihoodcollection] Average computation time:
   flamingo.inference.masked_ps.MaskedBandPowerLikelihood : 5.34289e-05 s (14935 evaluations, 0.797961 s total)
[theorycollection] Average computation time:
   flamingo.inference.masked_ps.MaskedTSZTheory : 0.0165059 s (14935 evaluations, 246.515 s total)
[mcmc]  - Acceptance rate: 0.486
[mcmc]  - Convergence of means: R-1 = 0.094277 after 6016 accepted steps
[mcmc]  - Updated covariance matrix of proposal pdf.
[mcmc] Learn + convergence test @ 7560 samples accepted.
[likelihoodcollection] Average computation time:
   flamingo.inference.masked_ps.MaskedBandPowerLikelihood : 5.34175e-05 s (15024 evaluations, 0.802545 s total)
[theorycollection] Average computation time:
   flamingo.inference.masked_ps.MaskedTSZTheory : 0.0165076 s (15024 evaluations, 248.01 s total)
[mcmc]  - Acceptance rate: 0.486
[mcmc]  - Convergence of means: R-1 = 0.094526 after 6048 accepted steps
[mcmc]  - Updated covariance matrix of proposal pdf.
[mcmc] Learn + convergence test @ 7600 samples accepted.
[likelihoodcollection] Average computation time:
   flamingo.inference.masked_ps.MaskedBandPowerLikelihood : 5.34401e-05 s (15133 evaluations, 0.808709 s total)
[theorycollection] Average computation time:
   flamingo.inference.masked_ps.MaskedTSZTheory : 0.0165049 s (15133 evaluations, 249.768 s total)
[mcmc]  - Acceptance rate: 0.485
[mcmc]  - Convergence of means: R-1 = 0.094505 after 6080 accepted steps
[mcmc]  - Updated covariance matrix of proposal pdf.
[mcmc] Learn + convergence test @ 7640 samples accepted.
[likelihoodcollection] Average computation time:
   flamingo.inference.masked_ps.MaskedBandPowerLikelihood : 5.34674e-05 s (15197 evaluations, 0.812544 s total)
[theorycollection] Average computation time:
   flamingo.inference.masked_ps.MaskedTSZTheory : 0.016507 s (15197 evaluations, 250.857 s total)
[mcmc]  - Acceptance rate: 0.486
[mcmc]  - Convergence of means: R-1 = 0.095196 after 6112 accepted steps
[mcmc]  - Updated covariance matrix of proposal pdf.
[mcmc] Learn + convergence test @ 7680 samples accepted.
[likelihoodcollection] Average computation time:
   flamingo.inference.masked_ps.MaskedBandPowerLikelihood : 5.34484e-05 s (15284 evaluations, 0.816906 s total)
[theorycollection] Average computation time:
   flamingo.inference.masked_ps.MaskedTSZTheory : 0.0165075 s (15284 evaluations, 252.301 s total)
[mcmc]  - Acceptance rate: 0.486
[mcmc]  - Convergence of means: R-1 = 0.086726 after 6144 accepted steps
[mcmc]  - Updated covariance matrix of proposal pdf.
[mcmc] Learn + convergence test @ 7720 samples accepted.
[likelihoodcollection] Average computation time:
   flamingo.inference.masked_ps.MaskedBandPowerLikelihood : 5.34528e-05 s (15368 evaluations, 0.821462 s total)
[theorycollection] Average computation time:
   flamingo.inference.masked_ps.MaskedTSZTheory : 0.0165071 s (15368 evaluations, 253.681 s total)
[mcmc]  - Acceptance rate: 0.485
[mcmc]  - Convergence of means: R-1 = 0.080675 after 6176 accepted steps
[mcmc]  - Updated covariance matrix of proposal pdf.
[mcmc] Learn + convergence test @ 7760 samples accepted.
[likelihoodcollection] Average computation time:
   flamingo.inference.masked_ps.MaskedBandPowerLikelihood : 5.34415e-05 s (15432 evaluations, 0.824709 s total)
[theorycollection] Average computation time:
   flamingo.inference.masked_ps.MaskedTSZTheory : 0.016506 s (15432 evaluations, 254.72 s total)
[mcmc]  - Acceptance rate: 0.486
[mcmc]  - Convergence of means: R-1 = 0.074124 after 6208 accepted steps
[mcmc]  - Updated covariance matrix of proposal pdf.
[mcmc] Learn + convergence test @ 7800 samples accepted.
[likelihoodcollection] Average computation time:
   flamingo.inference.masked_ps.MaskedBandPowerLikelihood : 5.34102e-05 s (15514 evaluations, 0.828605 s total)
[theorycollection] Average computation time:
   flamingo.inference.masked_ps.MaskedTSZTheory : 0.0165056 s (15514 evaluations, 256.068 s total)
[mcmc]  - Acceptance rate: 0.486
[mcmc]  - Convergence of means: R-1 = 0.069904 after 6240 accepted steps
[mcmc]  - Updated covariance matrix of proposal pdf.
[mcmc] Learn + convergence test @ 7840 samples accepted.
[likelihoodcollection] Average computation time:
   flamingo.inference.masked_ps.MaskedBandPowerLikelihood : 5.34035e-05 s (15589 evaluations, 0.832507 s total)
[theorycollection] Average computation time:
   flamingo.inference.masked_ps.MaskedTSZTheory : 0.0165053 s (15589 evaluations, 257.301 s total)
[mcmc]  - Acceptance rate: 0.486
[mcmc]  - Convergence of means: R-1 = 0.065761 after 6272 accepted steps
[mcmc]  - Updated covariance matrix of proposal pdf.
[mcmc] Learn + convergence test @ 7880 samples accepted.
[likelihoodcollection] Average computation time:
   flamingo.inference.masked_ps.MaskedBandPowerLikelihood : 5.33835e-05 s (15659 evaluations, 0.835932 s total)
[theorycollection] Average computation time:
   flamingo.inference.masked_ps.MaskedTSZTheory : 0.0165047 s (15659 evaluations, 258.447 s total)
[mcmc]  - Acceptance rate: 0.486
[mcmc]  - Convergence of means: R-1 = 0.066324 after 6304 accepted steps
[mcmc]  - Updated covariance matrix of proposal pdf.
[mcmc] Learn + convergence test @ 7920 samples accepted.
[likelihoodcollection] Average computation time:
   flamingo.inference.masked_ps.MaskedBandPowerLikelihood : 5.33486e-05 s (15767 evaluations, 0.841148 s total)
[theorycollection] Average computation time:
   flamingo.inference.masked_ps.MaskedTSZTheory : 0.016504 s (15767 evaluations, 260.219 s total)
[mcmc]  - Acceptance rate: 0.485
[mcmc]  - Convergence of means: R-1 = 0.067583 after 6336 accepted steps
[mcmc]  - Updated covariance matrix of proposal pdf.
[mcmc] Learn + convergence test @ 7960 samples accepted.
[likelihoodcollection] Average computation time:
   flamingo.inference.masked_ps.MaskedBandPowerLikelihood : 5.33474e-05 s (15872 evaluations, 0.84673 s total)
[theorycollection] Average computation time:
   flamingo.inference.masked_ps.MaskedTSZTheory : 0.0165051 s (15872 evaluations, 261.969 s total)
[mcmc]  - Acceptance rate: 0.485
[mcmc]  - Convergence of means: R-1 = 0.066345 after 6368 accepted steps
[mcmc]  - Updated covariance matrix of proposal pdf.
[mcmc] Learn + convergence test @ 8000 samples accepted.
[likelihoodcollection] Average computation time:
   flamingo.inference.masked_ps.MaskedBandPowerLikelihood : 5.33505e-05 s (15925 evaluations, 0.849606 s total)
[theorycollection] Average computation time:
   flamingo.inference.masked_ps.MaskedTSZTheory : 0.0165061 s (15925 evaluations, 262.859 s total)
[mcmc]  - Acceptance rate: 0.486
[mcmc]  - Convergence of means: R-1 = 0.069035 after 6400 accepted steps
[mcmc]  - Updated covariance matrix of proposal pdf.
[mcmc] Learn + convergence test @ 8040 samples accepted.
[likelihoodcollection] Average computation time:
   flamingo.inference.masked_ps.MaskedBandPowerLikelihood : 5.33897e-05 s (15996 evaluations, 0.854022 s total)
[theorycollection] Average computation time:
   flamingo.inference.masked_ps.MaskedTSZTheory : 0.0165062 s (15996 evaluations, 264.033 s total)
[mcmc]  - Acceptance rate: 0.486
[mcmc]  - Convergence of means: R-1 = 0.061513 after 6432 accepted steps
[mcmc]  - Updated covariance matrix of proposal pdf.
[mcmc] Learn + convergence test @ 8080 samples accepted.
[likelihoodcollection] Average computation time:
   flamingo.inference.masked_ps.MaskedBandPowerLikelihood : 5.33641e-05 s (16058 evaluations, 0.85692 s total)
[theorycollection] Average computation time:
   flamingo.inference.masked_ps.MaskedTSZTheory : 0.0165032 s (16058 evaluations, 265.008 s total)
[mcmc]  - Acceptance rate: 0.487
[mcmc]  - Convergence of means: R-1 = 0.063648 after 6464 accepted steps
[mcmc]  - Updated covariance matrix of proposal pdf.
[mcmc] Learn + convergence test @ 8120 samples accepted.
[likelihoodcollection] Average computation time:
   flamingo.inference.masked_ps.MaskedBandPowerLikelihood : 5.3342e-05 s (16136 evaluations, 0.860726 s total)
[theorycollection] Average computation time:
   flamingo.inference.masked_ps.MaskedTSZTheory : 0.0165028 s (16136 evaluations, 266.288 s total)
[mcmc]  - Acceptance rate: 0.487
[mcmc]  - Convergence of means: R-1 = 0.063811 after 6496 accepted steps
[mcmc]  - Updated covariance matrix of proposal pdf.
[mcmc] Learn + convergence test @ 8160 samples accepted.
[likelihoodcollection] Average computation time:
   flamingo.inference.masked_ps.MaskedBandPowerLikelihood : 5.33282e-05 s (16226 evaluations, 0.865303 s total)
[theorycollection] Average computation time:
   flamingo.inference.masked_ps.MaskedTSZTheory : 0.0165021 s (16226 evaluations, 267.763 s total)
[mcmc]  - Acceptance rate: 0.487
[mcmc]  - Convergence of means: R-1 = 0.066581 after 6528 accepted steps
[mcmc]  - Updated covariance matrix of proposal pdf.
[mcmc] Learn + convergence test @ 8200 samples accepted.
[likelihoodcollection] Average computation time:
   flamingo.inference.masked_ps.MaskedBandPowerLikelihood : 5.33439e-05 s (16295 evaluations, 0.86924 s total)
[theorycollection] Average computation time:
   flamingo.inference.masked_ps.MaskedTSZTheory : 0.0165025 s (16295 evaluations, 268.908 s total)
[mcmc]  - Acceptance rate: 0.487
[mcmc]  - Convergence of means: R-1 = 0.063937 after 6560 accepted steps
[mcmc]  - Updated covariance matrix of proposal pdf.
[mcmc] Learn + convergence test @ 8240 samples accepted.
[likelihoodcollection] Average computation time:
   flamingo.inference.masked_ps.MaskedBandPowerLikelihood : 5.33322e-05 s (16379 evaluations, 0.873528 s total)
[theorycollection] Average computation time:
   flamingo.inference.masked_ps.MaskedTSZTheory : 0.016502 s (16379 evaluations, 270.287 s total)
[mcmc]  - Acceptance rate: 0.487
[mcmc]  - Convergence of means: R-1 = 0.061237 after 6592 accepted steps
[mcmc]  - Updated covariance matrix of proposal pdf.
[mcmc] Learn + convergence test @ 8280 samples accepted.
[likelihoodcollection] Average computation time:
   flamingo.inference.masked_ps.MaskedBandPowerLikelihood : 5.33135e-05 s (16466 evaluations, 0.87786 s total)
[theorycollection] Average computation time:
   flamingo.inference.masked_ps.MaskedTSZTheory : 0.0165025 s (16466 evaluations, 271.73 s total)
[mcmc]  - Acceptance rate: 0.487
[mcmc]  - Convergence of means: R-1 = 0.058543 after 6624 accepted steps
[mcmc]  - Updated covariance matrix of proposal pdf.
[mcmc] Learn + convergence test @ 8320 samples accepted.
[likelihoodcollection] Average computation time:
   flamingo.inference.masked_ps.MaskedBandPowerLikelihood : 5.33355e-05 s (16555 evaluations, 0.882969 s total)
[theorycollection] Average computation time:
   flamingo.inference.masked_ps.MaskedTSZTheory : 0.0165034 s (16555 evaluations, 273.214 s total)
[mcmc]  - Acceptance rate: 0.487
[mcmc]  - Convergence of means: R-1 = 0.049784 after 6656 accepted steps
[mcmc]  - Updated covariance matrix of proposal pdf.
[mcmc] Learn + convergence test @ 8360 samples accepted.
[likelihoodcollection] Average computation time:
   flamingo.inference.masked_ps.MaskedBandPowerLikelihood : 5.33276e-05 s (16642 evaluations, 0.887477 s total)
[theorycollection] Average computation time:
   flamingo.inference.masked_ps.MaskedTSZTheory : 0.0165038 s (16642 evaluations, 274.656 s total)
[mcmc]  - Acceptance rate: 0.486
[mcmc]  - Convergence of means: R-1 = 0.047968 after 6688 accepted steps
[mcmc]  - Updated covariance matrix of proposal pdf.
[mcmc] Learn + convergence test @ 8400 samples accepted.
[likelihoodcollection] Average computation time:
   flamingo.inference.masked_ps.MaskedBandPowerLikelihood : 5.33244e-05 s (16711 evaluations, 0.891104 s total)
[theorycollection] Average computation time:
   flamingo.inference.masked_ps.MaskedTSZTheory : 0.0165039 s (16711 evaluations, 275.796 s total)
[mcmc]  - Acceptance rate: 0.486
[mcmc]  - Convergence of means: R-1 = 0.041719 after 6720 accepted steps
[mcmc]  - Updated covariance matrix of proposal pdf.
[mcmc] Learn + convergence test @ 8440 samples accepted.
[likelihoodcollection] Average computation time:
   flamingo.inference.masked_ps.MaskedBandPowerLikelihood : 5.33398e-05 s (16778 evaluations, 0.894935 s total)
[theorycollection] Average computation time:
   flamingo.inference.masked_ps.MaskedTSZTheory : 0.0165033 s (16778 evaluations, 276.892 s total)
[mcmc]  - Acceptance rate: 0.487
[mcmc]  - Convergence of means: R-1 = 0.037912 after 6752 accepted steps
[mcmc]  - Updated covariance matrix of proposal pdf.
[mcmc] Learn + convergence test @ 8480 samples accepted.
[likelihoodcollection] Average computation time:
   flamingo.inference.masked_ps.MaskedBandPowerLikelihood : 5.33624e-05 s (16869 evaluations, 0.90017 s total)
[theorycollection] Average computation time:
   flamingo.inference.masked_ps.MaskedTSZTheory : 0.0165057 s (16869 evaluations, 278.435 s total)
[mcmc]  - Acceptance rate: 0.486
[mcmc]  - Convergence of means: R-1 = 0.041175 after 6784 accepted steps
[mcmc]  - Updated covariance matrix of proposal pdf.
[mcmc] Learn + convergence test @ 8520 samples accepted.
[likelihoodcollection] Average computation time:
   flamingo.inference.masked_ps.MaskedBandPowerLikelihood : 5.33561e-05 s (16941 evaluations, 0.903905 s total)
[theorycollection] Average computation time:
   flamingo.inference.masked_ps.MaskedTSZTheory : 0.0165047 s (16941 evaluations, 279.607 s total)
[mcmc]  - Acceptance rate: 0.487
[mcmc]  - Convergence of means: R-1 = 0.043912 after 6816 accepted steps
[mcmc]  - Updated covariance matrix of proposal pdf.
[mcmc] Learn + convergence test @ 8560 samples accepted.
[likelihoodcollection] Average computation time:
   flamingo.inference.masked_ps.MaskedBandPowerLikelihood : 5.33403e-05 s (17011 evaluations, 0.907372 s total)
[theorycollection] Average computation time:
   flamingo.inference.masked_ps.MaskedTSZTheory : 0.0165025 s (17011 evaluations, 280.724 s total)
[mcmc]  - Acceptance rate: 0.487
[mcmc]  - Convergence of means: R-1 = 0.047655 after 6848 accepted steps
[mcmc]  - Updated covariance matrix of proposal pdf.
[mcmc] Learn + convergence test @ 8600 samples accepted.
[likelihoodcollection] Average computation time:
   flamingo.inference.masked_ps.MaskedBandPowerLikelihood : 5.33512e-05 s (17083 evaluations, 0.911398 s total)
[theorycollection] Average computation time:
   flamingo.inference.masked_ps.MaskedTSZTheory : 0.0165046 s (17083 evaluations, 281.948 s total)
[mcmc]  - Acceptance rate: 0.487
[mcmc]  - Convergence of means: R-1 = 0.048704 after 6880 accepted steps
[mcmc]  - Updated covariance matrix of proposal pdf.
[mcmc] Learn + convergence test @ 8640 samples accepted.
[likelihoodcollection] Average computation time:
   flamingo.inference.masked_ps.MaskedBandPowerLikelihood : 5.3356e-05 s (17179 evaluations, 0.916603 s total)
[theorycollection] Average computation time:
   flamingo.inference.masked_ps.MaskedTSZTheory : 0.0165032 s (17179 evaluations, 283.509 s total)
[mcmc]  - Acceptance rate: 0.487
[mcmc]  - Convergence of means: R-1 = 0.051038 after 6912 accepted steps
[mcmc]  - Updated covariance matrix of proposal pdf.
[mcmc] Learn + convergence test @ 8680 samples accepted.
[likelihoodcollection] Average computation time:
   flamingo.inference.masked_ps.MaskedBandPowerLikelihood : 5.3344e-05 s (17281 evaluations, 0.921838 s total)
[theorycollection] Average computation time:
   flamingo.inference.masked_ps.MaskedTSZTheory : 0.0165029 s (17281 evaluations, 285.187 s total)
[mcmc]  - Acceptance rate: 0.486
[mcmc]  - Convergence of means: R-1 = 0.044636 after 6944 accepted steps
[mcmc]  - Updated covariance matrix of proposal pdf.
[mcmc] Learn + convergence test @ 8720 samples accepted.
[likelihoodcollection] Average computation time:
   flamingo.inference.masked_ps.MaskedBandPowerLikelihood : 5.33393e-05 s (17354 evaluations, 0.925651 s total)
[theorycollection] Average computation time:
   flamingo.inference.masked_ps.MaskedTSZTheory : 0.0165043 s (17354 evaluations, 286.416 s total)
[mcmc]  - Acceptance rate: 0.486
[mcmc]  - Convergence of means: R-1 = 0.047249 after 6976 accepted steps
[mcmc]  - Updated covariance matrix of proposal pdf.
[mcmc] Learn + convergence test @ 8760 samples accepted.
[likelihoodcollection] Average computation time:
   flamingo.inference.masked_ps.MaskedBandPowerLikelihood : 5.33179e-05 s (17461 evaluations, 0.930984 s total)
[theorycollection] Average computation time:
   flamingo.inference.masked_ps.MaskedTSZTheory : 0.0165028 s (17461 evaluations, 288.155 s total)
[mcmc]  - Acceptance rate: 0.485
[mcmc]  - Convergence of means: R-1 = 0.054658 after 7008 accepted steps
[mcmc]  - Updated covariance matrix of proposal pdf.
[mcmc] Learn + convergence test @ 8800 samples accepted.
[likelihoodcollection] Average computation time:
   flamingo.inference.masked_ps.MaskedBandPowerLikelihood : 5.33234e-05 s (17550 evaluations, 0.935825 s total)
[theorycollection] Average computation time:
   flamingo.inference.masked_ps.MaskedTSZTheory : 0.0165038 s (17550 evaluations, 289.641 s total)
[mcmc]  - Acceptance rate: 0.485
[mcmc]  - Convergence of means: R-1 = 0.055081 after 7040 accepted steps
[mcmc]  - Updated covariance matrix of proposal pdf.
[mcmc] Learn + convergence test @ 8840 samples accepted.
[likelihoodcollection] Average computation time:
   flamingo.inference.masked_ps.MaskedBandPowerLikelihood : 5.33143e-05 s (17636 evaluations, 0.940252 s total)
[theorycollection] Average computation time:
   flamingo.inference.masked_ps.MaskedTSZTheory : 0.0165028 s (17636 evaluations, 291.043 s total)
[mcmc]  - Acceptance rate: 0.484
[mcmc]  - Convergence of means: R-1 = 0.058517 after 7072 accepted steps
[mcmc]  - Updated covariance matrix of proposal pdf.
[mcmc] Learn + convergence test @ 8880 samples accepted.
[likelihoodcollection] Average computation time:
   flamingo.inference.masked_ps.MaskedBandPowerLikelihood : 5.33239e-05 s (17724 evaluations, 0.945113 s total)
[theorycollection] Average computation time:
   flamingo.inference.masked_ps.MaskedTSZTheory : 0.0165022 s (17724 evaluations, 292.485 s total)
[mcmc]  - Acceptance rate: 0.484
[mcmc]  - Convergence of means: R-1 = 0.057913 after 7104 accepted steps
[mcmc]  - Updated covariance matrix of proposal pdf.
[mcmc] Progress @ 2026-08-03 01:30:35 : 18000 steps taken, and 8907 accepted.
[mcmc] Learn + convergence test @ 8920 samples accepted.
[likelihoodcollection] Average computation time:
   flamingo.inference.masked_ps.MaskedBandPowerLikelihood : 5.33182e-05 s (17815 evaluations, 0.949864 s total)
[theorycollection] Average computation time:
   flamingo.inference.masked_ps.MaskedTSZTheory : 0.0165036 s (17815 evaluations, 294.012 s total)
[mcmc]  - Acceptance rate: 0.484
[mcmc]  - Convergence of means: R-1 = 0.055309 after 7136 accepted steps
[mcmc]  - Updated covariance matrix of proposal pdf.
[mcmc] Learn + convergence test @ 8960 samples accepted.
[likelihoodcollection] Average computation time:
   flamingo.inference.masked_ps.MaskedBandPowerLikelihood : 5.33103e-05 s (17896 evaluations, 0.954042 s total)
[theorycollection] Average computation time:
   flamingo.inference.masked_ps.MaskedTSZTheory : 0.0165025 s (17896 evaluations, 295.328 s total)
[mcmc]  - Acceptance rate: 0.484
[mcmc]  - Convergence of means: R-1 = 0.054167 after 7168 accepted steps
[mcmc]  - Updated covariance matrix of proposal pdf.
[mcmc] Learn + convergence test @ 9000 samples accepted.
[likelihoodcollection] Average computation time:
   flamingo.inference.masked_ps.MaskedBandPowerLikelihood : 5.33006e-05 s (17976 evaluations, 0.958131 s total)
[theorycollection] Average computation time:
   flamingo.inference.masked_ps.MaskedTSZTheory : 0.0165033 s (17976 evaluations, 296.664 s total)
[mcmc]  - Acceptance rate: 0.484
[mcmc]  - Convergence of means: R-1 = 0.049260 after 7200 accepted steps
[mcmc]  - Updated covariance matrix of proposal pdf.
[mcmc] Learn + convergence test @ 9040 samples accepted.
[likelihoodcollection] Average computation time:
   flamingo.inference.masked_ps.MaskedBandPowerLikelihood : 5.32999e-05 s (18046 evaluations, 0.96185 s total)
[theorycollection] Average computation time:
   flamingo.inference.masked_ps.MaskedTSZTheory : 0.016504 s (18046 evaluations, 297.831 s total)
[mcmc]  - Acceptance rate: 0.484
[mcmc]  - Convergence of means: R-1 = 0.047680 after 7232 accepted steps
[mcmc]  - Updated covariance matrix of proposal pdf.
[mcmc] Learn + convergence test @ 9080 samples accepted.
[likelihoodcollection] Average computation time:
   flamingo.inference.masked_ps.MaskedBandPowerLikelihood : 5.32864e-05 s (18131 evaluations, 0.966135 s total)
[theorycollection] Average computation time:
   flamingo.inference.masked_ps.MaskedTSZTheory : 0.0165052 s (18131 evaluations, 299.255 s total)
[mcmc]  - Acceptance rate: 0.484
[mcmc]  - Convergence of means: R-1 = 0.046561 after 7264 accepted steps
[mcmc]  - Updated covariance matrix of proposal pdf.
[mcmc] Learn + convergence test @ 9120 samples accepted.
[likelihoodcollection] Average computation time:
   flamingo.inference.masked_ps.MaskedBandPowerLikelihood : 5.32861e-05 s (18229 evaluations, 0.971352 s total)
[theorycollection] Average computation time:
   flamingo.inference.masked_ps.MaskedTSZTheory : 0.0165049 s (18229 evaluations, 300.869 s total)
[mcmc]  - Acceptance rate: 0.483
[mcmc]  - Convergence of means: R-1 = 0.049372 after 7296 accepted steps
[mcmc]  - Updated covariance matrix of proposal pdf.
[mcmc] Learn + convergence test @ 9160 samples accepted.
[likelihoodcollection] Average computation time:
   flamingo.inference.masked_ps.MaskedBandPowerLikelihood : 5.3262e-05 s (18293 evaluations, 0.974322 s total)
[theorycollection] Average computation time:
   flamingo.inference.masked_ps.MaskedTSZTheory : 0.0165037 s (18293 evaluations, 301.902 s total)
[mcmc]  - Acceptance rate: 0.484
[mcmc]  - Convergence of means: R-1 = 0.050641 after 7328 accepted steps
[mcmc]  - Updated covariance matrix of proposal pdf.
[mcmc] Learn + convergence test @ 9200 samples accepted.
[likelihoodcollection] Average computation time:
   flamingo.inference.masked_ps.MaskedBandPowerLikelihood : 5.32543e-05 s (18386 evaluations, 0.979134 s total)
[theorycollection] Average computation time:
   flamingo.inference.masked_ps.MaskedTSZTheory : 0.0165031 s (18386 evaluations, 303.426 s total)
[mcmc]  - Acceptance rate: 0.483
[mcmc]  - Convergence of means: R-1 = 0.049044 after 7360 accepted steps
[mcmc]  - Updated covariance matrix of proposal pdf.
[mcmc] Learn + convergence test @ 9240 samples accepted.
[likelihoodcollection] Average computation time:
   flamingo.inference.masked_ps.MaskedBandPowerLikelihood : 5.32429e-05 s (18490 evaluations, 0.984461 s total)
[theorycollection] Average computation time:
   flamingo.inference.masked_ps.MaskedTSZTheory : 0.0165016 s (18490 evaluations, 305.115 s total)
[mcmc]  - Acceptance rate: 0.483
[mcmc]  - Convergence of means: R-1 = 0.044602 after 7392 accepted steps
[mcmc]  - Updated covariance matrix of proposal pdf.
[mcmc] Learn + convergence test @ 9280 samples accepted.
[likelihoodcollection] Average computation time:
   flamingo.inference.masked_ps.MaskedBandPowerLikelihood : 5.32394e-05 s (18568 evaluations, 0.988549 s total)
[theorycollection] Average computation time:
   flamingo.inference.masked_ps.MaskedTSZTheory : 0.0165021 s (18568 evaluations, 306.411 s total)
[mcmc]  - Acceptance rate: 0.483
[mcmc]  - Convergence of means: R-1 = 0.048160 after 7424 accepted steps
[mcmc]  - Updated covariance matrix of proposal pdf.
[mcmc] Learn + convergence test @ 9320 samples accepted.
[likelihoodcollection] Average computation time:
   flamingo.inference.masked_ps.MaskedBandPowerLikelihood : 5.32463e-05 s (18664 evaluations, 0.993788 s total)
[theorycollection] Average computation time:
   flamingo.inference.masked_ps.MaskedTSZTheory : 0.0165018 s (18664 evaluations, 307.99 s total)
[mcmc]  - Acceptance rate: 0.482
[mcmc]  - Convergence of means: R-1 = 0.046984 after 7456 accepted steps
[mcmc]  - Updated covariance matrix of proposal pdf.
[mcmc] Learn + convergence test @ 9360 samples accepted.
[likelihoodcollection] Average computation time:
   flamingo.inference.masked_ps.MaskedBandPowerLikelihood : 5.32425e-05 s (18740 evaluations, 0.997764 s total)
[theorycollection] Average computation time:
   flamingo.inference.masked_ps.MaskedTSZTheory : 0.0165017 s (18740 evaluations, 309.241 s total)
[mcmc]  - Acceptance rate: 0.483
[mcmc]  - Convergence of means: R-1 = 0.054740 after 7488 accepted steps
[mcmc]  - Updated covariance matrix of proposal pdf.
[mcmc] Learn + convergence test @ 9400 samples accepted.
[likelihoodcollection] Average computation time:
   flamingo.inference.masked_ps.MaskedBandPowerLikelihood : 5.32353e-05 s (18829 evaluations, 1.00237 s total)
[theorycollection] Average computation time:
   flamingo.inference.masked_ps.MaskedTSZTheory : 0.016501 s (18829 evaluations, 310.697 s total)
[mcmc]  - Acceptance rate: 0.482
[mcmc]  - Convergence of means: R-1 = 0.060451 after 7520 accepted steps
[mcmc]  - Updated covariance matrix of proposal pdf.
[mcmc] Learn + convergence test @ 9440 samples accepted.
[likelihoodcollection] Average computation time:
   flamingo.inference.masked_ps.MaskedBandPowerLikelihood : 5.32205e-05 s (18926 evaluations, 1.00725 s total)
[theorycollection] Average computation time:
   flamingo.inference.masked_ps.MaskedTSZTheory : 0.0165006 s (18926 evaluations, 312.29 s total)
[mcmc]  - Acceptance rate: 0.482
[mcmc]  - Convergence of means: R-1 = 0.053529 after 7552 accepted steps
[mcmc]  - Updated covariance matrix of proposal pdf.
[mcmc] Learn + convergence test @ 9480 samples accepted.
[likelihoodcollection] Average computation time:
   flamingo.inference.masked_ps.MaskedBandPowerLikelihood : 5.32149e-05 s (19005 evaluations, 1.01135 s total)
[theorycollection] Average computation time:
   flamingo.inference.masked_ps.MaskedTSZTheory : 0.0165005 s (19005 evaluations, 313.593 s total)
[mcmc]  - Acceptance rate: 0.482
[mcmc]  - Convergence of means: R-1 = 0.055227 after 7584 accepted steps
[mcmc]  - Updated covariance matrix of proposal pdf.
[mcmc] Learn + convergence test @ 9520 samples accepted.
[likelihoodcollection] Average computation time:
   flamingo.inference.masked_ps.MaskedBandPowerLikelihood : 5.31993e-05 s (19095 evaluations, 1.01584 s total)
[theorycollection] Average computation time:
   flamingo.inference.masked_ps.MaskedTSZTheory : 0.0165004 s (19095 evaluations, 315.075 s total)
[mcmc]  - Acceptance rate: 0.482
[mcmc]  - Convergence of means: R-1 = 0.052479 after 7616 accepted steps
[mcmc]  - Updated covariance matrix of proposal pdf.
[mcmc] Learn + convergence test @ 9560 samples accepted.
[likelihoodcollection] Average computation time:
   flamingo.inference.masked_ps.MaskedBandPowerLikelihood : 5.32133e-05 s (19184 evaluations, 1.02084 s total)
[theorycollection] Average computation time:
   flamingo.inference.masked_ps.MaskedTSZTheory : 0.0164998 s (19184 evaluations, 316.533 s total)
[mcmc]  - Acceptance rate: 0.482
[mcmc]  - Convergence of means: R-1 = 0.048980 after 7648 accepted steps
[mcmc]  - Updated covariance matrix of proposal pdf.
[mcmc] Learn + convergence test @ 9600 samples accepted.
[likelihoodcollection] Average computation time:
   flamingo.inference.masked_ps.MaskedBandPowerLikelihood : 5.32276e-05 s (19260 evaluations, 1.02516 s total)
[theorycollection] Average computation time:
   flamingo.inference.masked_ps.MaskedTSZTheory : 0.0165005 s (19260 evaluations, 317.799 s total)
[mcmc]  - Acceptance rate: 0.482
[mcmc]  - Convergence of means: R-1 = 0.047104 after 7680 accepted steps
[mcmc]  - Updated covariance matrix of proposal pdf.
[mcmc] Learn + convergence test @ 9640 samples accepted.
[likelihoodcollection] Average computation time:
   flamingo.inference.masked_ps.MaskedBandPowerLikelihood : 5.32311e-05 s (19349 evaluations, 1.02997 s total)
[theorycollection] Average computation time:
   flamingo.inference.masked_ps.MaskedTSZTheory : 0.0165002 s (19349 evaluations, 319.262 s total)
[mcmc]  - Acceptance rate: 0.482
[mcmc]  - Convergence of means: R-1 = 0.047960 after 7712 accepted steps
[mcmc]  - Updated covariance matrix of proposal pdf.
[mcmc] Learn + convergence test @ 9680 samples accepted.
[likelihoodcollection] Average computation time:
   flamingo.inference.masked_ps.MaskedBandPowerLikelihood : 5.32281e-05 s (19419 evaluations, 1.03364 s total)
[theorycollection] Average computation time:
   flamingo.inference.masked_ps.MaskedTSZTheory : 0.0165004 s (19419 evaluations, 320.422 s total)
[mcmc]  - Acceptance rate: 0.482
[mcmc]  - Convergence of means: R-1 = 0.046116 after 7744 accepted steps
[mcmc]  - Updated covariance matrix of proposal pdf.
[mcmc] Learn + convergence test @ 9720 samples accepted.
[likelihoodcollection] Average computation time:
   flamingo.inference.masked_ps.MaskedBandPowerLikelihood : 5.32125e-05 s (19502 evaluations, 1.03775 s total)
[theorycollection] Average computation time:
   flamingo.inference.masked_ps.MaskedTSZTheory : 0.0165007 s (19502 evaluations, 321.796 s total)
[mcmc]  - Acceptance rate: 0.482
[mcmc]  - Convergence of means: R-1 = 0.046889 after 7776 accepted steps
[mcmc]  - Updated covariance matrix of proposal pdf.
[mcmc] Learn + convergence test @ 9760 samples accepted.
[likelihoodcollection] Average computation time:
   flamingo.inference.masked_ps.MaskedBandPowerLikelihood : 5.32086e-05 s (19570 evaluations, 1.04129 s total)
[theorycollection] Average computation time:
   flamingo.inference.masked_ps.MaskedTSZTheory : 0.0164999 s (19570 evaluations, 322.903 s total)
[mcmc]  - Acceptance rate: 0.483
[mcmc]  - Convergence of means: R-1 = 0.056549 after 7808 accepted steps
[mcmc]  - Updated covariance matrix of proposal pdf.
[mcmc] Learn + convergence test @ 9800 samples accepted.
[likelihoodcollection] Average computation time:
   flamingo.inference.masked_ps.MaskedBandPowerLikelihood : 5.32079e-05 s (19664 evaluations, 1.04628 s total)
[theorycollection] Average computation time:
   flamingo.inference.masked_ps.MaskedTSZTheory : 0.0164981 s (19664 evaluations, 324.419 s total)
[mcmc]  - Acceptance rate: 0.482
[mcmc]  - Convergence of means: R-1 = 0.055852 after 7840 accepted steps
[mcmc]  - Updated covariance matrix of proposal pdf.
[mcmc] Learn + convergence test @ 9840 samples accepted.
[likelihoodcollection] Average computation time:
   flamingo.inference.masked_ps.MaskedBandPowerLikelihood : 5.32147e-05 s (19744 evaluations, 1.05067 s total)
[theorycollection] Average computation time:
   flamingo.inference.masked_ps.MaskedTSZTheory : 0.0164991 s (19744 evaluations, 325.758 s total)
[mcmc]  - Acceptance rate: 0.482
[mcmc]  - Convergence of means: R-1 = 0.060221 after 7872 accepted steps
[mcmc]  - Updated covariance matrix of proposal pdf.
[mcmc] Learn + convergence test @ 9880 samples accepted.
[likelihoodcollection] Average computation time:
   flamingo.inference.masked_ps.MaskedBandPowerLikelihood : 5.32115e-05 s (19830 evaluations, 1.05518 s total)
[theorycollection] Average computation time:
   flamingo.inference.masked_ps.MaskedTSZTheory : 0.0164988 s (19830 evaluations, 327.172 s total)
[mcmc]  - Acceptance rate: 0.482
[mcmc]  - Convergence of means: R-1 = 0.066373 after 7904 accepted steps
[mcmc]  - Updated covariance matrix of proposal pdf.
[mcmc] Learn + convergence test @ 9920 samples accepted.
[likelihoodcollection] Average computation time:
   flamingo.inference.masked_ps.MaskedBandPowerLikelihood : 5.32069e-05 s (19915 evaluations, 1.05962 s total)
[theorycollection] Average computation time:
   flamingo.inference.masked_ps.MaskedTSZTheory : 0.016499 s (19915 evaluations, 328.577 s total)
[mcmc]  - Acceptance rate: 0.482
[mcmc]  - Convergence of means: R-1 = 0.062023 after 7936 accepted steps
[mcmc]  - Updated covariance matrix of proposal pdf.
[mcmc] Learn + convergence test @ 9960 samples accepted.
[likelihoodcollection] Average computation time:
   flamingo.inference.masked_ps.MaskedBandPowerLikelihood : 5.31913e-05 s (19992 evaluations, 1.0634 s total)
[theorycollection] Average computation time:
   flamingo.inference.masked_ps.MaskedTSZTheory : 0.0164979 s (19992 evaluations, 329.826 s total)
[mcmc]  - Acceptance rate: 0.482
[mcmc]  - Convergence of means: R-1 = 0.068449 after 7968 accepted steps
[mcmc]  - Updated covariance matrix of proposal pdf.
[mcmc] Learn + convergence test @ 10000 samples accepted.
[likelihoodcollection] Average computation time:
   flamingo.inference.masked_ps.MaskedBandPowerLikelihood : 5.3194e-05 s (20078 evaluations, 1.06803 s total)
[theorycollection] Average computation time:
   flamingo.inference.masked_ps.MaskedTSZTheory : 0.0164992 s (20078 evaluations, 331.271 s total)
[mcmc]  - Acceptance rate: 0.482
[mcmc]  - Convergence of means: R-1 = 0.063648 after 8000 accepted steps
[mcmc]  - Updated covariance matrix of proposal pdf.
[mcmc] Learn + convergence test @ 10040 samples accepted.
[likelihoodcollection] Average computation time:
   flamingo.inference.masked_ps.MaskedBandPowerLikelihood : 5.3184e-05 s (20143 evaluations, 1.07128 s total)
[theorycollection] Average computation time:
   flamingo.inference.masked_ps.MaskedTSZTheory : 0.0164983 s (20143 evaluations, 332.325 s total)
[mcmc]  - Acceptance rate: 0.482
[mcmc]  - Convergence of means: R-1 = 0.059910 after 8032 accepted steps
[mcmc]  - Updated covariance matrix of proposal pdf.
[mcmc] Learn + convergence test @ 10080 samples accepted.
[likelihoodcollection] Average computation time:
   flamingo.inference.masked_ps.MaskedBandPowerLikelihood : 5.31853e-05 s (20222 evaluations, 1.07551 s total)
[theorycollection] Average computation time:
   flamingo.inference.masked_ps.MaskedTSZTheory : 0.0164966 s (20222 evaluations, 333.594 s total)
[mcmc]  - Acceptance rate: 0.483
[mcmc]  - Convergence of means: R-1 = 0.050458 after 8064 accepted steps
[mcmc]  - Updated covariance matrix of proposal pdf.
[mcmc] Learn + convergence test @ 10120 samples accepted.
[likelihoodcollection] Average computation time:
   flamingo.inference.masked_ps.MaskedBandPowerLikelihood : 5.31879e-05 s (20313 evaluations, 1.08041 s total)
[theorycollection] Average computation time:
   flamingo.inference.masked_ps.MaskedTSZTheory : 0.0164975 s (20313 evaluations, 335.114 s total)
[mcmc]  - Acceptance rate: 0.482
[mcmc]  - Convergence of means: R-1 = 0.043757 after 8096 accepted steps
[mcmc]  - Updated covariance matrix of proposal pdf.
[mcmc] Learn + convergence test @ 10160 samples accepted.
[likelihoodcollection] Average computation time:
   flamingo.inference.masked_ps.MaskedBandPowerLikelihood : 5.31845e-05 s (20407 evaluations, 1.08534 s total)
[theorycollection] Average computation time:
   flamingo.inference.masked_ps.MaskedTSZTheory : 0.0164983 s (20407 evaluations, 336.681 s total)
[mcmc]  - Acceptance rate: 0.482
[mcmc]  - Convergence of means: R-1 = 0.041031 after 8128 accepted steps
[mcmc]  - Updated covariance matrix of proposal pdf.
[mcmc] Learn + convergence test @ 10200 samples accepted.
[likelihoodcollection] Average computation time:
   flamingo.inference.masked_ps.MaskedBandPowerLikelihood : 5.31652e-05 s (20485 evaluations, 1.08909 s total)
[theorycollection] Average computation time:
   flamingo.inference.masked_ps.MaskedTSZTheory : 0.0164976 s (20485 evaluations, 337.953 s total)
[mcmc]  - Acceptance rate: 0.482
[mcmc]  - Convergence of means: R-1 = 0.042055 after 8160 accepted steps
[mcmc]  - Updated covariance matrix of proposal pdf.
[mcmc] Learn + convergence test @ 10240 samples accepted.
[likelihoodcollection] Average computation time:
   flamingo.inference.masked_ps.MaskedBandPowerLikelihood : 5.31829e-05 s (20567 evaluations, 1.09381 s total)
[theorycollection] Average computation time:
   flamingo.inference.masked_ps.MaskedTSZTheory : 0.0164989 s (20567 evaluations, 339.332 s total)
[mcmc]  - Acceptance rate: 0.482
[mcmc]  - Convergence of means: R-1 = 0.041736 after 8192 accepted steps
[mcmc]  - Updated covariance matrix of proposal pdf.
[mcmc] Learn + convergence test @ 10280 samples accepted.
[likelihoodcollection] Average computation time:
   flamingo.inference.masked_ps.MaskedBandPowerLikelihood : 5.31793e-05 s (20647 evaluations, 1.09799 s total)
[theorycollection] Average computation time:
   flamingo.inference.masked_ps.MaskedTSZTheory : 0.0164989 s (20647 evaluations, 340.653 s total)
[mcmc]  - Acceptance rate: 0.482
[mcmc]  - Convergence of means: R-1 = 0.040650 after 8224 accepted steps
[mcmc]  - Updated covariance matrix of proposal pdf.
[mcmc] Learn + convergence test @ 10320 samples accepted.
[likelihoodcollection] Average computation time:
   flamingo.inference.masked_ps.MaskedBandPowerLikelihood : 5.31794e-05 s (20732 evaluations, 1.10252 s total)
[theorycollection] Average computation time:
   flamingo.inference.masked_ps.MaskedTSZTheory : 0.0164989 s (20732 evaluations, 342.056 s total)
[mcmc]  - Acceptance rate: 0.482
[mcmc]  - Convergence of means: R-1 = 0.042831 after 8256 accepted steps
[mcmc]  - Updated covariance matrix of proposal pdf.
[mcmc] Learn + convergence test @ 10360 samples accepted.
[likelihoodcollection] Average computation time:
   flamingo.inference.masked_ps.MaskedBandPowerLikelihood : 5.31843e-05 s (20812 evaluations, 1.10687 s total)
[theorycollection] Average computation time:
   flamingo.inference.masked_ps.MaskedTSZTheory : 0.0164996 s (20812 evaluations, 343.389 s total)
[mcmc]  - Acceptance rate: 0.482
[mcmc]  - Convergence of means: R-1 = 0.044478 after 8288 accepted steps
[mcmc]  - Updated covariance matrix of proposal pdf.
[mcmc] Learn + convergence test @ 10400 samples accepted.
[likelihoodcollection] Average computation time:
   flamingo.inference.masked_ps.MaskedBandPowerLikelihood : 5.31908e-05 s (20877 evaluations, 1.11046 s total)
[theorycollection] Average computation time:
   flamingo.inference.masked_ps.MaskedTSZTheory : 0.0164992 s (20877 evaluations, 344.453 s total)
[mcmc]  - Acceptance rate: 0.483
[mcmc]  - Convergence of means: R-1 = 0.049401 after 8320 accepted steps
[mcmc]  - Updated covariance matrix of proposal pdf.
[mcmc] Learn + convergence test @ 10440 samples accepted.
[likelihoodcollection] Average computation time:
   flamingo.inference.masked_ps.MaskedBandPowerLikelihood : 5.31843e-05 s (20955 evaluations, 1.11448 s total)
[theorycollection] Average computation time:
   flamingo.inference.masked_ps.MaskedTSZTheory : 0.0164986 s (20955 evaluations, 345.728 s total)
[mcmc]  - Acceptance rate: 0.483
[mcmc]  - Convergence of means: R-1 = 0.052675 after 8352 accepted steps
[mcmc]  - Updated covariance matrix of proposal pdf.
[mcmc] Learn + convergence test @ 10480 samples accepted.
[likelihoodcollection] Average computation time:
   flamingo.inference.masked_ps.MaskedBandPowerLikelihood : 5.31832e-05 s (21029 evaluations, 1.11839 s total)
[theorycollection] Average computation time:
   flamingo.inference.masked_ps.MaskedTSZTheory : 0.016499 s (21029 evaluations, 346.957 s total)
[mcmc]  - Acceptance rate: 0.483
[mcmc]  - Convergence of means: R-1 = 0.057351 after 8384 accepted steps
[mcmc]  - Updated covariance matrix of proposal pdf.
[mcmc] Learn + convergence test @ 10520 samples accepted.
[likelihoodcollection] Average computation time:
   flamingo.inference.masked_ps.MaskedBandPowerLikelihood : 5.31752e-05 s (21111 evaluations, 1.12258 s total)
[theorycollection] Average computation time:
   flamingo.inference.masked_ps.MaskedTSZTheory : 0.0164982 s (21111 evaluations, 348.294 s total)
[mcmc]  - Acceptance rate: 0.483
[mcmc]  - Convergence of means: R-1 = 0.063396 after 8416 accepted steps
[mcmc]  - Updated covariance matrix of proposal pdf.
[mcmc] Learn + convergence test @ 10560 samples accepted.
[likelihoodcollection] Average computation time:
   flamingo.inference.masked_ps.MaskedBandPowerLikelihood : 5.31694e-05 s (21187 evaluations, 1.1265 s total)
[theorycollection] Average computation time:
   flamingo.inference.masked_ps.MaskedTSZTheory : 0.0164995 s (21187 evaluations, 349.576 s total)
[mcmc]  - Acceptance rate: 0.484
[mcmc]  - Convergence of means: R-1 = 0.061064 after 8448 accepted steps
[mcmc]  - Updated covariance matrix of proposal pdf.
[mcmc] Learn + convergence test @ 10600 samples accepted.
[likelihoodcollection] Average computation time:
   flamingo.inference.masked_ps.MaskedBandPowerLikelihood : 5.31671e-05 s (21273 evaluations, 1.13102 s total)
[theorycollection] Average computation time:
   flamingo.inference.masked_ps.MaskedTSZTheory : 0.016498 s (21273 evaluations, 350.963 s total)
[mcmc]  - Acceptance rate: 0.484
[mcmc]  - Convergence of means: R-1 = 0.058763 after 8480 accepted steps
[mcmc]  - Updated covariance matrix of proposal pdf.
[mcmc] Progress @ 2026-08-03 01:31:35 : 21609 steps taken, and 10637 accepted.
[mcmc] Learn + convergence test @ 10640 samples accepted.
[likelihoodcollection] Average computation time:
   flamingo.inference.masked_ps.MaskedBandPowerLikelihood : 5.31641e-05 s (21356 evaluations, 1.13537 s total)
[theorycollection] Average computation time:
   flamingo.inference.masked_ps.MaskedTSZTheory : 0.0164979 s (21356 evaluations, 352.328 s total)
[mcmc]  - Acceptance rate: 0.484
[mcmc]  - Convergence of means: R-1 = 0.059398 after 8512 accepted steps
[mcmc]  - Updated covariance matrix of proposal pdf.
[mcmc] Learn + convergence test @ 10680 samples accepted.
[likelihoodcollection] Average computation time:
   flamingo.inference.masked_ps.MaskedBandPowerLikelihood : 5.31678e-05 s (21473 evaluations, 1.14167 s total)
[theorycollection] Average computation time:
   flamingo.inference.masked_ps.MaskedTSZTheory : 0.0164969 s (21473 evaluations, 354.239 s total)
[mcmc]  - Acceptance rate: 0.483
[mcmc]  - Convergence of means: R-1 = 0.053308 after 8544 accepted steps
[mcmc]  - Updated covariance matrix of proposal pdf.
[mcmc] Learn + convergence test @ 10720 samples accepted.
[likelihoodcollection] Average computation time:
   flamingo.inference.masked_ps.MaskedBandPowerLikelihood : 5.31583e-05 s (21553 evaluations, 1.14572 s total)
[theorycollection] Average computation time:
   flamingo.inference.masked_ps.MaskedTSZTheory : 0.0164975 s (21553 evaluations, 355.57 s total)
[mcmc]  - Acceptance rate: 0.483
[mcmc]  - Convergence of means: R-1 = 0.046889 after 8576 accepted steps
[mcmc]  - Updated covariance matrix of proposal pdf.
[mcmc] Learn + convergence test @ 10760 samples accepted.
[likelihoodcollection] Average computation time:
   flamingo.inference.masked_ps.MaskedBandPowerLikelihood : 5.31583e-05 s (21625 evaluations, 1.14955 s total)
[theorycollection] Average computation time:
   flamingo.inference.masked_ps.MaskedTSZTheory : 0.0164964 s (21625 evaluations, 356.734 s total)
[mcmc]  - Acceptance rate: 0.483
[mcmc]  - Convergence of means: R-1 = 0.047208 after 8608 accepted steps
[mcmc]  - Updated covariance matrix of proposal pdf.
[mcmc] Learn + convergence test @ 10800 samples accepted.
[likelihoodcollection] Average computation time:
   flamingo.inference.masked_ps.MaskedBandPowerLikelihood : 5.31565e-05 s (21701 evaluations, 1.15355 s total)
[theorycollection] Average computation time:
   flamingo.inference.masked_ps.MaskedTSZTheory : 0.0164971 s (21701 evaluations, 358.004 s total)
[mcmc]  - Acceptance rate: 0.483
[mcmc]  - Convergence of means: R-1 = 0.052022 after 8640 accepted steps
[mcmc]  - Updated covariance matrix of proposal pdf.
[mcmc] Learn + convergence test @ 10840 samples accepted.
[likelihoodcollection] Average computation time:
   flamingo.inference.masked_ps.MaskedBandPowerLikelihood : 5.31595e-05 s (21784 evaluations, 1.15803 s total)
[theorycollection] Average computation time:
   flamingo.inference.masked_ps.MaskedTSZTheory : 0.0164969 s (21784 evaluations, 359.369 s total)
[mcmc]  - Acceptance rate: 0.483
[mcmc]  - Convergence of means: R-1 = 0.047251 after 8672 accepted steps
[mcmc]  - Updated covariance matrix of proposal pdf.
[mcmc] Learn + convergence test @ 10880 samples accepted.
[likelihoodcollection] Average computation time:
   flamingo.inference.masked_ps.MaskedBandPowerLikelihood : 5.31676e-05 s (21869 evaluations, 1.16272 s total)
[theorycollection] Average computation time:
   flamingo.inference.masked_ps.MaskedTSZTheory : 0.0164971 s (21869 evaluations, 360.776 s total)
[mcmc]  - Acceptance rate: 0.483
[mcmc]  - Convergence of means: R-1 = 0.049559 after 8704 accepted steps
[mcmc]  - Updated covariance matrix of proposal pdf.
[mcmc] Learn + convergence test @ 10920 samples accepted.
[likelihoodcollection] Average computation time:
   flamingo.inference.masked_ps.MaskedBandPowerLikelihood : 5.31787e-05 s (21968 evaluations, 1.16823 s total)
[theorycollection] Average computation time:
   flamingo.inference.masked_ps.MaskedTSZTheory : 0.0164977 s (21968 evaluations, 362.422 s total)
[mcmc]  - Acceptance rate: 0.482
[mcmc]  - Convergence of means: R-1 = 0.050600 after 8736 accepted steps
[mcmc]  - Updated covariance matrix of proposal pdf.
[mcmc] Learn + convergence test @ 10960 samples accepted.
[likelihoodcollection] Average computation time:
   flamingo.inference.masked_ps.MaskedBandPowerLikelihood : 5.31685e-05 s (22033 evaluations, 1.17146 s total)
[theorycollection] Average computation time:
   flamingo.inference.masked_ps.MaskedTSZTheory : 0.0164978 s (22033 evaluations, 363.496 s total)
[mcmc]  - Acceptance rate: 0.483
[mcmc]  - Convergence of means: R-1 = 0.048418 after 8768 accepted steps
[mcmc]  - Updated covariance matrix of proposal pdf.
[mcmc] Learn + convergence test @ 11000 samples accepted.
[likelihoodcollection] Average computation time:
   flamingo.inference.masked_ps.MaskedBandPowerLikelihood : 5.3184e-05 s (22113 evaluations, 1.17606 s total)
[theorycollection] Average computation time:
   flamingo.inference.masked_ps.MaskedTSZTheory : 0.0164985 s (22113 evaluations, 364.832 s total)
[mcmc]  - Acceptance rate: 0.483
[mcmc]  - Convergence of means: R-1 = 0.047045 after 8800 accepted steps
[mcmc]  - Updated covariance matrix of proposal pdf.
[mcmc] Learn + convergence test @ 11040 samples accepted.
[likelihoodcollection] Average computation time:
   flamingo.inference.masked_ps.MaskedBandPowerLikelihood : 5.31813e-05 s (22208 evaluations, 1.18105 s total)
[theorycollection] Average computation time:
   flamingo.inference.masked_ps.MaskedTSZTheory : 0.0164989 s (22208 evaluations, 366.408 s total)
[mcmc]  - Acceptance rate: 0.482
[mcmc]  - Convergence of means: R-1 = 0.044107 after 8832 accepted steps
[mcmc]  - Updated covariance matrix of proposal pdf.
[mcmc] Learn + convergence test @ 11080 samples accepted.
[likelihoodcollection] Average computation time:
   flamingo.inference.masked_ps.MaskedBandPowerLikelihood : 5.31958e-05 s (22290 evaluations, 1.18574 s total)
[theorycollection] Average computation time:
   flamingo.inference.masked_ps.MaskedTSZTheory : 0.0164994 s (22290 evaluations, 367.772 s total)
[mcmc]  - Acceptance rate: 0.482
[mcmc]  - Convergence of means: R-1 = 0.040290 after 8864 accepted steps
[mcmc]  - Updated covariance matrix of proposal pdf.
[mcmc] Learn + convergence test @ 11120 samples accepted.
[likelihoodcollection] Average computation time:
   flamingo.inference.masked_ps.MaskedBandPowerLikelihood : 5.31818e-05 s (22397 evaluations, 1.19111 s total)
[theorycollection] Average computation time:
   flamingo.inference.masked_ps.MaskedTSZTheory : 0.0165005 s (22397 evaluations, 369.562 s total)
[mcmc]  - Acceptance rate: 0.482
[mcmc]  - Convergence of means: R-1 = 0.041254 after 8896 accepted steps
[mcmc]  - Updated covariance matrix of proposal pdf.
[mcmc] Learn + convergence test @ 11160 samples accepted.
[likelihoodcollection] Average computation time:
   flamingo.inference.masked_ps.MaskedBandPowerLikelihood : 5.31724e-05 s (22476 evaluations, 1.1951 s total)
[theorycollection] Average computation time:
   flamingo.inference.masked_ps.MaskedTSZTheory : 0.0164998 s (22476 evaluations, 370.85 s total)
[mcmc]  - Acceptance rate: 0.482
[mcmc]  - Convergence of means: R-1 = 0.041213 after 8928 accepted steps
[mcmc]  - Updated covariance matrix of proposal pdf.
[mcmc] Learn + convergence test @ 11200 samples accepted.
[likelihoodcollection] Average computation time:
   flamingo.inference.masked_ps.MaskedBandPowerLikelihood : 5.31732e-05 s (22549 evaluations, 1.199 s total)
[theorycollection] Average computation time:
   flamingo.inference.masked_ps.MaskedTSZTheory : 0.0164997 s (22549 evaluations, 372.053 s total)
[mcmc]  - Acceptance rate: 0.482
[mcmc]  - Convergence of means: R-1 = 0.041915 after 8960 accepted steps
[mcmc]  - Updated covariance matrix of proposal pdf.
[mcmc] Learn + convergence test @ 11240 samples accepted.
[likelihoodcollection] Average computation time:
   flamingo.inference.masked_ps.MaskedBandPowerLikelihood : 5.31733e-05 s (22643 evaluations, 1.204 s total)
[theorycollection] Average computation time:
   flamingo.inference.masked_ps.MaskedTSZTheory : 0.0164991 s (22643 evaluations, 373.588 s total)
[mcmc]  - Acceptance rate: 0.481
[mcmc]  - Convergence of means: R-1 = 0.045091 after 8992 accepted steps
[mcmc]  - Updated covariance matrix of proposal pdf.
[mcmc] Learn + convergence test @ 11280 samples accepted.
[likelihoodcollection] Average computation time:
   flamingo.inference.masked_ps.MaskedBandPowerLikelihood : 5.31737e-05 s (22734 evaluations, 1.20885 s total)
[theorycollection] Average computation time:
   flamingo.inference.masked_ps.MaskedTSZTheory : 0.0164984 s (22734 evaluations, 375.074 s total)
[mcmc]  - Acceptance rate: 0.481
[mcmc]  - Convergence of means: R-1 = 0.046478 after 9024 accepted steps
[mcmc]  - Updated covariance matrix of proposal pdf.
[mcmc] Learn + convergence test @ 11320 samples accepted.
[likelihoodcollection] Average computation time:
   flamingo.inference.masked_ps.MaskedBandPowerLikelihood : 5.31768e-05 s (22807 evaluations, 1.2128 s total)
[theorycollection] Average computation time:
   flamingo.inference.masked_ps.MaskedTSZTheory : 0.0164974 s (22807 evaluations, 376.256 s total)
[mcmc]  - Acceptance rate: 0.481
[mcmc]  - Convergence of means: R-1 = 0.043575 after 9056 accepted steps
[mcmc]  - Updated covariance matrix of proposal pdf.
[mcmc] Learn + convergence test @ 11360 samples accepted.
[likelihoodcollection] Average computation time:
   flamingo.inference.masked_ps.MaskedBandPowerLikelihood : 5.31794e-05 s (22868 evaluations, 1.21611 s total)
[theorycollection] Average computation time:
   flamingo.inference.masked_ps.MaskedTSZTheory : 0.0164974 s (22868 evaluations, 377.262 s total)
[mcmc]  - Acceptance rate: 0.482
[mcmc]  - Convergence of means: R-1 = 0.039942 after 9088 accepted steps
[mcmc]  - Updated covariance matrix of proposal pdf.
[mcmc] Learn + convergence test @ 11400 samples accepted.
[likelihoodcollection] Average computation time:
   flamingo.inference.masked_ps.MaskedBandPowerLikelihood : 5.31766e-05 s (22958 evaluations, 1.22083 s total)
[theorycollection] Average computation time:
   flamingo.inference.masked_ps.MaskedTSZTheory : 0.0164971 s (22958 evaluations, 378.739 s total)
[mcmc]  - Acceptance rate: 0.482
[mcmc]  - Convergence of means: R-1 = 0.046115 after 9120 accepted steps
[mcmc]  - Updated covariance matrix of proposal pdf.
[mcmc] Learn + convergence test @ 11440 samples accepted.
[likelihoodcollection] Average computation time:
   flamingo.inference.masked_ps.MaskedBandPowerLikelihood : 5.31879e-05 s (23048 evaluations, 1.22587 s total)
[theorycollection] Average computation time:
   flamingo.inference.masked_ps.MaskedTSZTheory : 0.0164984 s (23048 evaluations, 380.256 s total)
[mcmc]  - Acceptance rate: 0.481
[mcmc]  - Convergence of means: R-1 = 0.052589 after 9152 accepted steps
[mcmc]  - Updated covariance matrix of proposal pdf.
[mcmc] Learn + convergence test @ 11480 samples accepted.
[likelihoodcollection] Average computation time:
   flamingo.inference.masked_ps.MaskedBandPowerLikelihood : 5.32012e-05 s (23142 evaluations, 1.23118 s total)
[theorycollection] Average computation time:
   flamingo.inference.masked_ps.MaskedTSZTheory : 0.0164979 s (23142 evaluations, 381.795 s total)
[mcmc]  - Acceptance rate: 0.481
[mcmc]  - Convergence of means: R-1 = 0.058144 after 9184 accepted steps
[mcmc]  - Updated covariance matrix of proposal pdf.
[mcmc] Learn + convergence test @ 11520 samples accepted.
[likelihoodcollection] Average computation time:
   flamingo.inference.masked_ps.MaskedBandPowerLikelihood : 5.32087e-05 s (23233 evaluations, 1.2362 s total)
[theorycollection] Average computation time:
   flamingo.inference.masked_ps.MaskedTSZTheory : 0.0164978 s (23233 evaluations, 383.294 s total)
[mcmc]  - Acceptance rate: 0.481
[mcmc]  - Convergence of means: R-1 = 0.060651 after 9216 accepted steps
[mcmc]  - Updated covariance matrix of proposal pdf.
[mcmc] Learn + convergence test @ 11560 samples accepted.
[likelihoodcollection] Average computation time:
   flamingo.inference.masked_ps.MaskedBandPowerLikelihood : 5.32019e-05 s (23320 evaluations, 1.24067 s total)
[theorycollection] Average computation time:
   flamingo.inference.masked_ps.MaskedTSZTheory : 0.016498 s (23320 evaluations, 384.733 s total)
[mcmc]  - Acceptance rate: 0.481
[mcmc]  - Convergence of means: R-1 = 0.060135 after 9248 accepted steps
[mcmc]  - Updated covariance matrix of proposal pdf.
[mcmc] Learn + convergence test @ 11600 samples accepted.
[likelihoodcollection] Average computation time:
   flamingo.inference.masked_ps.MaskedBandPowerLikelihood : 5.31895e-05 s (23399 evaluations, 1.24458 s total)
[theorycollection] Average computation time:
   flamingo.inference.masked_ps.MaskedTSZTheory : 0.0164972 s (23399 evaluations, 386.017 s total)
[mcmc]  - Acceptance rate: 0.481
[mcmc]  - Convergence of means: R-1 = 0.060248 after 9280 accepted steps
[mcmc]  - Updated covariance matrix of proposal pdf.
[mcmc] Learn + convergence test @ 11640 samples accepted.
[likelihoodcollection] Average computation time:
   flamingo.inference.masked_ps.MaskedBandPowerLikelihood : 5.3171e-05 s (23472 evaluations, 1.24803 s total)
[theorycollection] Average computation time:
   flamingo.inference.masked_ps.MaskedTSZTheory : 0.016497 s (23472 evaluations, 387.217 s total)
[mcmc]  - Acceptance rate: 0.481
[mcmc]  - Convergence of means: R-1 = 0.055045 after 9312 accepted steps
[mcmc]  - Updated covariance matrix of proposal pdf.
[mcmc] Learn + convergence test @ 11680 samples accepted.
[likelihoodcollection] Average computation time:
   flamingo.inference.masked_ps.MaskedBandPowerLikelihood : 5.31755e-05 s (23552 evaluations, 1.25239 s total)
[theorycollection] Average computation time:
   flamingo.inference.masked_ps.MaskedTSZTheory : 0.0164973 s (23552 evaluations, 388.544 s total)
[mcmc]  - Acceptance rate: 0.481
[mcmc]  - Convergence of means: R-1 = 0.050910 after 9344 accepted steps
[mcmc]  - Updated covariance matrix of proposal pdf.
[mcmc] Learn + convergence test @ 11720 samples accepted.
[likelihoodcollection] Average computation time:
   flamingo.inference.masked_ps.MaskedBandPowerLikelihood : 5.31671e-05 s (23626 evaluations, 1.25613 s total)
[theorycollection] Average computation time:
   flamingo.inference.masked_ps.MaskedTSZTheory : 0.016496 s (23626 evaluations, 389.734 s total)
[mcmc]  - Acceptance rate: 0.481
[mcmc]  - Convergence of means: R-1 = 0.052638 after 9376 accepted steps
[mcmc]  - Updated covariance matrix of proposal pdf.
[mcmc] Learn + convergence test @ 11760 samples accepted.
[likelihoodcollection] Average computation time:
   flamingo.inference.masked_ps.MaskedBandPowerLikelihood : 5.31839e-05 s (23714 evaluations, 1.2612 s total)
[theorycollection] Average computation time:
   flamingo.inference.masked_ps.MaskedTSZTheory : 0.0164973 s (23714 evaluations, 391.218 s total)
[mcmc]  - Acceptance rate: 0.481
[mcmc]  - Convergence of means: R-1 = 0.055810 after 9408 accepted steps
[mcmc]  - Updated covariance matrix of proposal pdf.
[mcmc] Learn + convergence test @ 11800 samples accepted.
[likelihoodcollection] Average computation time:
   flamingo.inference.masked_ps.MaskedBandPowerLikelihood : 5.31851e-05 s (23793 evaluations, 1.26543 s total)
[theorycollection] Average computation time:
   flamingo.inference.masked_ps.MaskedTSZTheory : 0.0164975 s (23793 evaluations, 392.526 s total)
[mcmc]  - Acceptance rate: 0.481
[mcmc]  - Convergence of means: R-1 = 0.045473 after 9440 accepted steps
[mcmc]  - Updated covariance matrix of proposal pdf.
[mcmc] Learn + convergence test @ 11840 samples accepted.
[likelihoodcollection] Average computation time:
   flamingo.inference.masked_ps.MaskedBandPowerLikelihood : 5.31901e-05 s (23865 evaluations, 1.26938 s total)
[theorycollection] Average computation time:
   flamingo.inference.masked_ps.MaskedTSZTheory : 0.0164985 s (23865 evaluations, 393.736 s total)
[mcmc]  - Acceptance rate: 0.481
[mcmc]  - Convergence of means: R-1 = 0.040910 after 9472 accepted steps
[mcmc]  - Updated covariance matrix of proposal pdf.
[mcmc] Learn + convergence test @ 11880 samples accepted.
[likelihoodcollection] Average computation time:
   flamingo.inference.masked_ps.MaskedBandPowerLikelihood : 5.32023e-05 s (23941 evaluations, 1.27372 s total)
[theorycollection] Average computation time:
   flamingo.inference.masked_ps.MaskedTSZTheory : 0.0164993 s (23941 evaluations, 395.01 s total)
[mcmc]  - Acceptance rate: 0.481
[mcmc]  - Convergence of means: R-1 = 0.038989 after 9504 accepted steps
[mcmc]  - Updated covariance matrix of proposal pdf.
[mcmc] Learn + convergence test @ 11920 samples accepted.
[likelihoodcollection] Average computation time:
   flamingo.inference.masked_ps.MaskedBandPowerLikelihood : 5.32127e-05 s (24023 evaluations, 1.27833 s total)
[theorycollection] Average computation time:
   flamingo.inference.masked_ps.MaskedTSZTheory : 0.0165 s (24023 evaluations, 396.379 s total)
[mcmc]  - Acceptance rate: 0.481
[mcmc]  - Convergence of means: R-1 = 0.038917 after 9536 accepted steps
[mcmc]  - Updated covariance matrix of proposal pdf.
[mcmc] Learn + convergence test @ 11960 samples accepted.
[likelihoodcollection] Average computation time:
   flamingo.inference.masked_ps.MaskedBandPowerLikelihood : 5.32159e-05 s (24103 evaluations, 1.28266 s total)
[theorycollection] Average computation time:
   flamingo.inference.masked_ps.MaskedTSZTheory : 0.0165003 s (24103 evaluations, 397.708 s total)
[mcmc]  - Acceptance rate: 0.481
[mcmc]  - Convergence of means: R-1 = 0.036141 after 9568 accepted steps
[mcmc]  - Updated covariance matrix of proposal pdf.
[mcmc] Learn + convergence test @ 12000 samples accepted.
[likelihoodcollection] Average computation time:
   flamingo.inference.masked_ps.MaskedBandPowerLikelihood : 5.32129e-05 s (24180 evaluations, 1.28669 s total)
[theorycollection] Average computation time:
   flamingo.inference.masked_ps.MaskedTSZTheory : 0.0164993 s (24180 evaluations, 398.953 s total)
[mcmc]  - Acceptance rate: 0.482
[mcmc]  - Convergence of means: R-1 = 0.038424 after 9600 accepted steps
[mcmc]  - Updated covariance matrix of proposal pdf.
[mcmc] Learn + convergence test @ 12040 samples accepted.
[likelihoodcollection] Average computation time:
   flamingo.inference.masked_ps.MaskedBandPowerLikelihood : 5.32225e-05 s (24264 evaluations, 1.29139 s total)
[theorycollection] Average computation time:
   flamingo.inference.masked_ps.MaskedTSZTheory : 0.0165005 s (24264 evaluations, 400.367 s total)
[mcmc]  - Acceptance rate: 0.482
[mcmc]  - Convergence of means: R-1 = 0.046228 after 9632 accepted steps
[mcmc]  - Updated covariance matrix of proposal pdf.
[mcmc] Learn + convergence test @ 12080 samples accepted.
[likelihoodcollection] Average computation time:
   flamingo.inference.masked_ps.MaskedBandPowerLikelihood : 5.32147e-05 s (24339 evaluations, 1.29519 s total)
[theorycollection] Average computation time:
   flamingo.inference.masked_ps.MaskedTSZTheory : 0.0165008 s (24339 evaluations, 401.613 s total)
[mcmc]  - Acceptance rate: 0.482
[mcmc]  - Convergence of means: R-1 = 0.053336 after 9664 accepted steps
[mcmc]  - Updated covariance matrix of proposal pdf.
[mcmc] Learn + convergence test @ 12120 samples accepted.
[likelihoodcollection] Average computation time:
   flamingo.inference.masked_ps.MaskedBandPowerLikelihood : 5.32051e-05 s (24429 evaluations, 1.29975 s total)
[theorycollection] Average computation time:
   flamingo.inference.masked_ps.MaskedTSZTheory : 0.0165001 s (24429 evaluations, 403.081 s total)
[mcmc]  - Acceptance rate: 0.482
[mcmc]  - Convergence of means: R-1 = 0.059589 after 9696 accepted steps
[mcmc]  - Updated covariance matrix of proposal pdf.
[mcmc] Learn + convergence test @ 12160 samples accepted.
[likelihoodcollection] Average computation time:
   flamingo.inference.masked_ps.MaskedBandPowerLikelihood : 5.32078e-05 s (24495 evaluations, 1.30332 s total)
[theorycollection] Average computation time:
   flamingo.inference.masked_ps.MaskedTSZTheory : 0.0165007 s (24495 evaluations, 404.183 s total)
[mcmc]  - Acceptance rate: 0.482
[mcmc]  - Convergence of means: R-1 = 0.058442 after 9728 accepted steps
[mcmc]  - Updated covariance matrix of proposal pdf.
[mcmc] Learn + convergence test @ 12200 samples accepted.
[likelihoodcollection] Average computation time:
   flamingo.inference.masked_ps.MaskedBandPowerLikelihood : 5.32003e-05 s (24588 evaluations, 1.30809 s total)
[theorycollection] Average computation time:
   flamingo.inference.masked_ps.MaskedTSZTheory : 0.0165 s (24588 evaluations, 405.701 s total)
[mcmc]  - Acceptance rate: 0.481
[mcmc]  - Convergence of means: R-1 = 0.057195 after 9760 accepted steps
[mcmc]  - Updated covariance matrix of proposal pdf.
[mcmc] Learn + convergence test @ 12240 samples accepted.
[likelihoodcollection] Average computation time:
   flamingo.inference.masked_ps.MaskedBandPowerLikelihood : 5.31904e-05 s (24660 evaluations, 1.31167 s total)
[theorycollection] Average computation time:
   flamingo.inference.masked_ps.MaskedTSZTheory : 0.0164989 s (24660 evaluations, 406.863 s total)
[mcmc]  - Acceptance rate: 0.482
[mcmc]  - Convergence of means: R-1 = 0.061047 after 9792 accepted steps
[mcmc]  - Updated covariance matrix of proposal pdf.
[mcmc] Learn + convergence test @ 12280 samples accepted.
[likelihoodcollection] Average computation time:
   flamingo.inference.masked_ps.MaskedBandPowerLikelihood : 5.32064e-05 s (24745 evaluations, 1.31659 s total)
[theorycollection] Average computation time:
   flamingo.inference.masked_ps.MaskedTSZTheory : 0.0164991 s (24745 evaluations, 408.27 s total)
[mcmc]  - Acceptance rate: 0.481
[mcmc]  - Convergence of means: R-1 = 0.057213 after 9824 accepted steps
[mcmc]  - Updated covariance matrix of proposal pdf.
[mcmc] Learn + convergence test @ 12320 samples accepted.
[likelihoodcollection] Average computation time:
   flamingo.inference.masked_ps.MaskedBandPowerLikelihood : 5.32055e-05 s (24818 evaluations, 1.32046 s total)
[theorycollection] Average computation time:
   flamingo.inference.masked_ps.MaskedTSZTheory : 0.0164995 s (24818 evaluations, 409.485 s total)
[mcmc]  - Acceptance rate: 0.482
[mcmc]  - Convergence of means: R-1 = 0.055872 after 9856 accepted steps
[mcmc]  - Updated covariance matrix of proposal pdf.
[mcmc] Learn + convergence test @ 12360 samples accepted.
[likelihoodcollection] Average computation time:
   flamingo.inference.masked_ps.MaskedBandPowerLikelihood : 5.32086e-05 s (24890 evaluations, 1.32436 s total)
[theorycollection] Average computation time:
   flamingo.inference.masked_ps.MaskedTSZTheory : 0.016499 s (24890 evaluations, 410.661 s total)
[mcmc]  - Acceptance rate: 0.482
[mcmc]  - Convergence of means: R-1 = 0.061203 after 9888 accepted steps
[mcmc]  - Updated covariance matrix of proposal pdf.
[mcmc] Progress @ 2026-08-03 01:32:35 : 25177 steps taken, and 12368 accepted.
[mcmc] Learn + convergence test @ 12400 samples accepted.
[likelihoodcollection] Average computation time:
   flamingo.inference.masked_ps.MaskedBandPowerLikelihood : 5.31978e-05 s (24989 evaluations, 1.32936 s total)
[theorycollection] Average computation time:
   flamingo.inference.masked_ps.MaskedTSZTheory : 0.0164993 s (24989 evaluations, 412.3 s total)
[mcmc]  - Acceptance rate: 0.481
[mcmc]  - Convergence of means: R-1 = 0.061140 after 9920 accepted steps
[mcmc]  - Updated covariance matrix of proposal pdf.
[mcmc] Learn + convergence test @ 12440 samples accepted.
[likelihoodcollection] Average computation time:
   flamingo.inference.masked_ps.MaskedBandPowerLikelihood : 5.32088e-05 s (25070 evaluations, 1.33394 s total)
[theorycollection] Average computation time:
   flamingo.inference.masked_ps.MaskedTSZTheory : 0.0164992 s (25070 evaluations, 413.635 s total)
[mcmc]  - Acceptance rate: 0.481
[mcmc]  - Convergence of means: R-1 = 0.057719 after 9952 accepted steps
[mcmc]  - Updated covariance matrix of proposal pdf.
[mcmc] Learn + convergence test @ 12480 samples accepted.
[likelihoodcollection] Average computation time:
   flamingo.inference.masked_ps.MaskedBandPowerLikelihood : 5.32077e-05 s (25150 evaluations, 1.33817 s total)
[theorycollection] Average computation time:
   flamingo.inference.masked_ps.MaskedTSZTheory : 0.0164994 s (25150 evaluations, 414.96 s total)
[mcmc]  - Acceptance rate: 0.481
[mcmc]  - Convergence of means: R-1 = 0.063292 after 9984 accepted steps
[mcmc]  - Updated covariance matrix of proposal pdf.
[mcmc] Learn + convergence test @ 12520 samples accepted.
[likelihoodcollection] Average computation time:
   flamingo.inference.masked_ps.MaskedBandPowerLikelihood : 5.31951e-05 s (25242 evaluations, 1.34275 s total)
[theorycollection] Average computation time:
   flamingo.inference.masked_ps.MaskedTSZTheory : 0.0164987 s (25242 evaluations, 416.46 s total)
[mcmc]  - Acceptance rate: 0.481
[mcmc]  - Convergence of means: R-1 = 0.066707 after 10016 accepted steps
[mcmc]  - Updated covariance matrix of proposal pdf.
[mcmc] Learn + convergence test @ 12560 samples accepted.
[likelihoodcollection] Average computation time:
   flamingo.inference.masked_ps.MaskedBandPowerLikelihood : 5.31972e-05 s (25314 evaluations, 1.34663 s total)
[theorycollection] Average computation time:
   flamingo.inference.masked_ps.MaskedTSZTheory : 0.0164989 s (25314 evaluations, 417.654 s total)
[mcmc]  - Acceptance rate: 0.481
[mcmc]  - Convergence of means: R-1 = 0.066790 after 10048 accepted steps
[mcmc]  - Updated covariance matrix of proposal pdf.
[mcmc] Learn + convergence test @ 12600 samples accepted.
[likelihoodcollection] Average computation time:
   flamingo.inference.masked_ps.MaskedBandPowerLikelihood : 5.31978e-05 s (25408 evaluations, 1.35165 s total)
[theorycollection] Average computation time:
   flamingo.inference.masked_ps.MaskedTSZTheory : 0.0164991 s (25408 evaluations, 419.209 s total)
[mcmc]  - Acceptance rate: 0.481
[mcmc]  - Convergence of means: R-1 = 0.061925 after 10080 accepted steps
[mcmc]  - Updated covariance matrix of proposal pdf.
[mcmc] Learn + convergence test @ 12640 samples accepted.
[likelihoodcollection] Average computation time:
   flamingo.inference.masked_ps.MaskedBandPowerLikelihood : 5.31997e-05 s (25494 evaluations, 1.35627 s total)
[theorycollection] Average computation time:
   flamingo.inference.masked_ps.MaskedTSZTheory : 0.0164994 s (25494 evaluations, 420.636 s total)
[mcmc]  - Acceptance rate: 0.481
[mcmc]  - Convergence of means: R-1 = 0.057860 after 10112 accepted steps
[mcmc]  - Updated covariance matrix of proposal pdf.
[mcmc] Learn + convergence test @ 12680 samples accepted.
[likelihoodcollection] Average computation time:
   flamingo.inference.masked_ps.MaskedBandPowerLikelihood : 5.31932e-05 s (25594 evaluations, 1.36143 s total)
[theorycollection] Average computation time:
   flamingo.inference.masked_ps.MaskedTSZTheory : 0.0165003 s (25594 evaluations, 422.308 s total)
[mcmc]  - Acceptance rate: 0.480
[mcmc]  - Convergence of means: R-1 = 0.054429 after 10144 accepted steps
[mcmc]  - Updated covariance matrix of proposal pdf.
[mcmc] Learn + convergence test @ 12720 samples accepted.
[likelihoodcollection] Average computation time:
   flamingo.inference.masked_ps.MaskedBandPowerLikelihood : 5.3186e-05 s (25686 evaluations, 1.36614 s total)
[theorycollection] Average computation time:
   flamingo.inference.masked_ps.MaskedTSZTheory : 0.0165018 s (25686 evaluations, 423.866 s total)
[mcmc]  - Acceptance rate: 0.480
[mcmc]  - Convergence of means: R-1 = 0.049715 after 10176 accepted steps
[mcmc]  - Updated covariance matrix of proposal pdf.
[mcmc] Learn + convergence test @ 12760 samples accepted.
[likelihoodcollection] Average computation time:
   flamingo.inference.masked_ps.MaskedBandPowerLikelihood : 5.31742e-05 s (25762 evaluations, 1.36987 s total)
[theorycollection] Average computation time:
   flamingo.inference.masked_ps.MaskedTSZTheory : 0.016501 s (25762 evaluations, 425.099 s total)
[mcmc]  - Acceptance rate: 0.481
[mcmc]  - Convergence of means: R-1 = 0.051285 after 10208 accepted steps
[mcmc]  - Updated covariance matrix of proposal pdf.
[mcmc] Learn + convergence test @ 12800 samples accepted.
[likelihoodcollection] Average computation time:
   flamingo.inference.masked_ps.MaskedBandPowerLikelihood : 5.31604e-05 s (25852 evaluations, 1.3743 s total)
[theorycollection] Average computation time:
   flamingo.inference.masked_ps.MaskedTSZTheory : 0.0165001 s (25852 evaluations, 426.561 s total)
[mcmc]  - Acceptance rate: 0.480
[mcmc]  - Convergence of means: R-1 = 0.049844 after 10240 accepted steps
[mcmc]  - Updated covariance matrix of proposal pdf.
[mcmc] Learn + convergence test @ 12840 samples accepted.
[likelihoodcollection] Average computation time:
   flamingo.inference.masked_ps.MaskedBandPowerLikelihood : 5.31607e-05 s (25932 evaluations, 1.37856 s total)
[theorycollection] Average computation time:
   flamingo.inference.masked_ps.MaskedTSZTheory : 0.0164993 s (25932 evaluations, 427.86 s total)
[mcmc]  - Acceptance rate: 0.480
[mcmc]  - Convergence of means: R-1 = 0.046363 after 10272 accepted steps
[mcmc]  - Updated covariance matrix of proposal pdf.
[mcmc] Learn + convergence test @ 12880 samples accepted.
[likelihoodcollection] Average computation time:
   flamingo.inference.masked_ps.MaskedBandPowerLikelihood : 5.31736e-05 s (26026 evaluations, 1.3839 s total)
[theorycollection] Average computation time:
   flamingo.inference.masked_ps.MaskedTSZTheory : 0.0165 s (26026 evaluations, 429.429 s total)
[mcmc]  - Acceptance rate: 0.480
[mcmc]  - Convergence of means: R-1 = 0.038271 after 10304 accepted steps
[mcmc]  - Updated covariance matrix of proposal pdf.
[mcmc] Learn + convergence test @ 12920 samples accepted.
[likelihoodcollection] Average computation time:
   flamingo.inference.masked_ps.MaskedBandPowerLikelihood : 5.31655e-05 s (26103 evaluations, 1.38778 s total)
[theorycollection] Average computation time:
   flamingo.inference.masked_ps.MaskedTSZTheory : 0.0165005 s (26103 evaluations, 430.712 s total)
[mcmc]  - Acceptance rate: 0.480
[mcmc]  - Convergence of means: R-1 = 0.038331 after 10336 accepted steps
[mcmc]  - Updated covariance matrix of proposal pdf.
[mcmc] Learn + convergence test @ 12960 samples accepted.
[likelihoodcollection] Average computation time:
   flamingo.inference.masked_ps.MaskedBandPowerLikelihood : 5.31685e-05 s (26199 evaluations, 1.39296 s total)
[theorycollection] Average computation time:
   flamingo.inference.masked_ps.MaskedTSZTheory : 0.0165005 s (26199 evaluations, 432.297 s total)
[mcmc]  - Acceptance rate: 0.480
[mcmc]  - Convergence of means: R-1 = 0.040004 after 10368 accepted steps
[mcmc]  - Updated covariance matrix of proposal pdf.
[mcmc] Learn + convergence test @ 13000 samples accepted.
[likelihoodcollection] Average computation time:
   flamingo.inference.masked_ps.MaskedBandPowerLikelihood : 5.31802e-05 s (26276 evaluations, 1.39736 s total)
[theorycollection] Average computation time:
   flamingo.inference.masked_ps.MaskedTSZTheory : 0.0165012 s (26276 evaluations, 433.585 s total)
[mcmc]  - Acceptance rate: 0.480
[mcmc]  - Convergence of means: R-1 = 0.047205 after 10400 accepted steps
[mcmc]  - Updated covariance matrix of proposal pdf.
[mcmc] Learn + convergence test @ 13040 samples accepted.
[likelihoodcollection] Average computation time:
   flamingo.inference.masked_ps.MaskedBandPowerLikelihood : 5.31753e-05 s (26348 evaluations, 1.40106 s total)
[theorycollection] Average computation time:
   flamingo.inference.masked_ps.MaskedTSZTheory : 0.0165005 s (26348 evaluations, 434.755 s total)
[mcmc]  - Acceptance rate: 0.480
[mcmc]  - Convergence of means: R-1 = 0.044923 after 10432 accepted steps
[mcmc]  - Updated covariance matrix of proposal pdf.
[mcmc] Learn + convergence test @ 13080 samples accepted.
[likelihoodcollection] Average computation time:
   flamingo.inference.masked_ps.MaskedBandPowerLikelihood : 5.31672e-05 s (26428 evaluations, 1.4051 s total)
[theorycollection] Average computation time:
   flamingo.inference.masked_ps.MaskedTSZTheory : 0.0164999 s (26428 evaluations, 436.061 s total)
[mcmc]  - Acceptance rate: 0.480
[mcmc]  - Convergence of means: R-1 = 0.047331 after 10464 accepted steps
[mcmc]  - Updated covariance matrix of proposal pdf.
[mcmc] Learn + convergence test @ 13120 samples accepted.
[likelihoodcollection] Average computation time:
   flamingo.inference.masked_ps.MaskedBandPowerLikelihood : 5.31768e-05 s (26498 evaluations, 1.40908 s total)
[theorycollection] Average computation time:
   flamingo.inference.masked_ps.MaskedTSZTheory : 0.0165005 s (26498 evaluations, 437.229 s total)
[mcmc]  - Acceptance rate: 0.480
[mcmc]  - Convergence of means: R-1 = 0.045859 after 10496 accepted steps
[mcmc]  - Updated covariance matrix of proposal pdf.
[mcmc] Learn + convergence test @ 13160 samples accepted.
[likelihoodcollection] Average computation time:
   flamingo.inference.masked_ps.MaskedBandPowerLikelihood : 5.31863e-05 s (26571 evaluations, 1.41321 s total)
[theorycollection] Average computation time:
   flamingo.inference.masked_ps.MaskedTSZTheory : 0.0165008 s (26571 evaluations, 438.443 s total)
[mcmc]  - Acceptance rate: 0.480
[mcmc]  - Convergence of means: R-1 = 0.044444 after 10528 accepted steps
[mcmc]  - Updated covariance matrix of proposal pdf.
[mcmc] Learn + convergence test @ 13200 samples accepted.
[likelihoodcollection] Average computation time:
   flamingo.inference.masked_ps.MaskedBandPowerLikelihood : 5.31858e-05 s (26645 evaluations, 1.41714 s total)
[theorycollection] Average computation time:
   flamingo.inference.masked_ps.MaskedTSZTheory : 0.0165007 s (26645 evaluations, 439.661 s total)
[mcmc]  - Acceptance rate: 0.481
[mcmc]  - Convergence of means: R-1 = 0.043304 after 10560 accepted steps
[mcmc]  - Updated covariance matrix of proposal pdf.
[mcmc] Learn + convergence test @ 13240 samples accepted.
[likelihoodcollection] Average computation time:
   flamingo.inference.masked_ps.MaskedBandPowerLikelihood : 5.3191e-05 s (26737 evaluations, 1.42217 s total)
[theorycollection] Average computation time:
   flamingo.inference.masked_ps.MaskedTSZTheory : 0.0165009 s (26737 evaluations, 441.184 s total)
[mcmc]  - Acceptance rate: 0.480
[mcmc]  - Convergence of means: R-1 = 0.044908 after 10592 accepted steps
[mcmc]  - Updated covariance matrix of proposal pdf.
[mcmc] Learn + convergence test @ 13280 samples accepted.
[likelihoodcollection] Average computation time:
   flamingo.inference.masked_ps.MaskedBandPowerLikelihood : 5.31964e-05 s (26816 evaluations, 1.42651 s total)
[theorycollection] Average computation time:
   flamingo.inference.masked_ps.MaskedTSZTheory : 0.0165007 s (26816 evaluations, 442.482 s total)
[mcmc]  - Acceptance rate: 0.480
[mcmc]  - Convergence of means: R-1 = 0.046213 after 10624 accepted steps
[mcmc]  - Updated covariance matrix of proposal pdf.
[mcmc] Learn + convergence test @ 13320 samples accepted.
[likelihoodcollection] Average computation time:
   flamingo.inference.masked_ps.MaskedBandPowerLikelihood : 5.32017e-05 s (26884 evaluations, 1.43027 s total)
[theorycollection] Average computation time:
   flamingo.inference.masked_ps.MaskedTSZTheory : 0.016501 s (26884 evaluations, 443.613 s total)
[mcmc]  - Acceptance rate: 0.481
[mcmc]  - Convergence of means: R-1 = 0.043830 after 10656 accepted steps
[mcmc]  - Updated covariance matrix of proposal pdf.
[mcmc] Learn + convergence test @ 13360 samples accepted.
[likelihoodcollection] Average computation time:
   flamingo.inference.masked_ps.MaskedBandPowerLikelihood : 5.32122e-05 s (26969 evaluations, 1.43508 s total)
[theorycollection] Average computation time:
   flamingo.inference.masked_ps.MaskedTSZTheory : 0.0165014 s (26969 evaluations, 445.026 s total)
[mcmc]  - Acceptance rate: 0.481
[mcmc]  - Convergence of means: R-1 = 0.046114 after 10688 accepted steps
[mcmc]  - Updated covariance matrix of proposal pdf.
[mcmc] Learn + convergence test @ 13400 samples accepted.
[likelihoodcollection] Average computation time:
   flamingo.inference.masked_ps.MaskedBandPowerLikelihood : 5.32014e-05 s (27045 evaluations, 1.43883 s total)
[theorycollection] Average computation time:
   flamingo.inference.masked_ps.MaskedTSZTheory : 0.0165013 s (27045 evaluations, 446.279 s total)
[mcmc]  - Acceptance rate: 0.481
[mcmc]  - Convergence of means: R-1 = 0.045466 after 10720 accepted steps
[mcmc]  - Updated covariance matrix of proposal pdf.
[mcmc] Learn + convergence test @ 13440 samples accepted.
[likelihoodcollection] Average computation time:
   flamingo.inference.masked_ps.MaskedBandPowerLikelihood : 5.31954e-05 s (27129 evaluations, 1.44314 s total)
[theorycollection] Average computation time:
   flamingo.inference.masked_ps.MaskedTSZTheory : 0.016501 s (27129 evaluations, 447.654 s total)
[mcmc]  - Acceptance rate: 0.480
[mcmc]  - Convergence of means: R-1 = 0.043952 after 10752 accepted steps
[mcmc]  - Updated covariance matrix of proposal pdf.
[mcmc] Learn + convergence test @ 13480 samples accepted.
[likelihoodcollection] Average computation time:
   flamingo.inference.masked_ps.MaskedBandPowerLikelihood : 5.32053e-05 s (27228 evaluations, 1.44867 s total)
[theorycollection] Average computation time:
   flamingo.inference.masked_ps.MaskedTSZTheory : 0.0165032 s (27228 evaluations, 449.35 s total)
[mcmc]  - Acceptance rate: 0.480
[mcmc]  - Convergence of means: R-1 = 0.040815 after 10784 accepted steps
[mcmc]  - Updated covariance matrix of proposal pdf.
[mcmc] Learn + convergence test @ 13520 samples accepted.
[likelihoodcollection] Average computation time:
   flamingo.inference.masked_ps.MaskedBandPowerLikelihood : 5.3204e-05 s (27304 evaluations, 1.45268 s total)
[theorycollection] Average computation time:
   flamingo.inference.masked_ps.MaskedTSZTheory : 0.016503 s (27304 evaluations, 450.599 s total)
[mcmc]  - Acceptance rate: 0.480
[mcmc]  - Convergence of means: R-1 = 0.039406 after 10816 accepted steps
[mcmc]  - Updated covariance matrix of proposal pdf.
[mcmc] Learn + convergence test @ 13560 samples accepted.
[likelihoodcollection] Average computation time:
   flamingo.inference.masked_ps.MaskedBandPowerLikelihood : 5.31973e-05 s (27383 evaluations, 1.4567 s total)
[theorycollection] Average computation time:
   flamingo.inference.masked_ps.MaskedTSZTheory : 0.0165035 s (27383 evaluations, 451.916 s total)
[mcmc]  - Acceptance rate: 0.480
[mcmc]  - Convergence of means: R-1 = 0.035444 after 10848 accepted steps
[mcmc]  - Updated covariance matrix of proposal pdf.
[mcmc] Learn + convergence test @ 13600 samples accepted.
[likelihoodcollection] Average computation time:
   flamingo.inference.masked_ps.MaskedBandPowerLikelihood : 5.31973e-05 s (27457 evaluations, 1.46064 s total)
[theorycollection] Average computation time:
   flamingo.inference.masked_ps.MaskedTSZTheory : 0.0165047 s (27457 evaluations, 453.169 s total)
[mcmc]  - Acceptance rate: 0.480
[mcmc]  - Convergence of means: R-1 = 0.040084 after 10880 accepted steps
[mcmc]  - Updated covariance matrix of proposal pdf.
[mcmc] Learn + convergence test @ 13640 samples accepted.
[likelihoodcollection] Average computation time:
   flamingo.inference.masked_ps.MaskedBandPowerLikelihood : 5.32024e-05 s (27539 evaluations, 1.46514 s total)
[theorycollection] Average computation time:
   flamingo.inference.masked_ps.MaskedTSZTheory : 0.0165038 s (27539 evaluations, 454.497 s total)
[mcmc]  - Acceptance rate: 0.481
[mcmc]  - Convergence of means: R-1 = 0.042895 after 10912 accepted steps
[mcmc]  - Updated covariance matrix of proposal pdf.
[mcmc] Learn + convergence test @ 13680 samples accepted.
[likelihoodcollection] Average computation time:
   flamingo.inference.masked_ps.MaskedBandPowerLikelihood : 5.31889e-05 s (27623 evaluations, 1.46924 s total)
[theorycollection] Average computation time:
   flamingo.inference.masked_ps.MaskedTSZTheory : 0.0165026 s (27623 evaluations, 455.85 s total)
[mcmc]  - Acceptance rate: 0.481
[mcmc]  - Convergence of means: R-1 = 0.044284 after 10944 accepted steps
[mcmc]  - Updated covariance matrix of proposal pdf.
[mcmc] Learn + convergence test @ 13720 samples accepted.
[likelihoodcollection] Average computation time:
   flamingo.inference.masked_ps.MaskedBandPowerLikelihood : 5.31851e-05 s (27694 evaluations, 1.47291 s total)
[theorycollection] Average computation time:
   flamingo.inference.masked_ps.MaskedTSZTheory : 0.0165032 s (27694 evaluations, 457.039 s total)
[mcmc]  - Acceptance rate: 0.481
[mcmc]  - Convergence of means: R-1 = 0.044127 after 10976 accepted steps
[mcmc]  - Updated covariance matrix of proposal pdf.
[mcmc] Learn + convergence test @ 13760 samples accepted.
[likelihoodcollection] Average computation time:
   flamingo.inference.masked_ps.MaskedBandPowerLikelihood : 5.31787e-05 s (27761 evaluations, 1.47629 s total)
[theorycollection] Average computation time:
   flamingo.inference.masked_ps.MaskedTSZTheory : 0.0165034 s (27761 evaluations, 458.15 s total)
[mcmc]  - Acceptance rate: 0.481
[mcmc]  - Convergence of means: R-1 = 0.039546 after 11008 accepted steps
[mcmc]  - Updated covariance matrix of proposal pdf.
[mcmc] Learn + convergence test @ 13800 samples accepted.
[likelihoodcollection] Average computation time:
   flamingo.inference.masked_ps.MaskedBandPowerLikelihood : 5.31713e-05 s (27849 evaluations, 1.48077 s total)
[theorycollection] Average computation time:
   flamingo.inference.masked_ps.MaskedTSZTheory : 0.0165032 s (27849 evaluations, 459.597 s total)
[mcmc]  - Acceptance rate: 0.481
[mcmc]  - Convergence of means: R-1 = 0.038600 after 11040 accepted steps
[mcmc]  - Updated covariance matrix of proposal pdf.
[mcmc] Learn + convergence test @ 13840 samples accepted.
[likelihoodcollection] Average computation time:
   flamingo.inference.masked_ps.MaskedBandPowerLikelihood : 5.31811e-05 s (27936 evaluations, 1.48567 s total)
[theorycollection] Average computation time:
   flamingo.inference.masked_ps.MaskedTSZTheory : 0.0165029 s (27936 evaluations, 461.025 s total)
[mcmc]  - Acceptance rate: 0.481
[mcmc]  - Convergence of means: R-1 = 0.034756 after 11072 accepted steps
[mcmc]  - Updated covariance matrix of proposal pdf.
[mcmc] Learn + convergence test @ 13880 samples accepted.
[likelihoodcollection] Average computation time:
   flamingo.inference.masked_ps.MaskedBandPowerLikelihood : 5.31835e-05 s (28020 evaluations, 1.4902 s total)
[theorycollection] Average computation time:
   flamingo.inference.masked_ps.MaskedTSZTheory : 0.0165031 s (28020 evaluations, 462.417 s total)
[mcmc]  - Acceptance rate: 0.481
[mcmc]  - Convergence of means: R-1 = 0.036992 after 11104 accepted steps
[mcmc]  - Updated covariance matrix of proposal pdf.
[mcmc] Learn + convergence test @ 13920 samples accepted.
[likelihoodcollection] Average computation time:
   flamingo.inference.masked_ps.MaskedBandPowerLikelihood : 5.3174e-05 s (28099 evaluations, 1.49414 s total)
[theorycollection] Average computation time:
   flamingo.inference.masked_ps.MaskedTSZTheory : 0.0165034 s (28099 evaluations, 463.728 s total)
[mcmc]  - Acceptance rate: 0.481
[mcmc]  - Convergence of means: R-1 = 0.036101 after 11136 accepted steps
[mcmc]  - Updated covariance matrix of proposal pdf.
[mcmc] Learn + convergence test @ 13960 samples accepted.
[likelihoodcollection] Average computation time:
   flamingo.inference.masked_ps.MaskedBandPowerLikelihood : 5.31686e-05 s (28175 evaluations, 1.49802 s total)
[theorycollection] Average computation time:
   flamingo.inference.masked_ps.MaskedTSZTheory : 0.016504 s (28175 evaluations, 464.999 s total)
[mcmc]  - Acceptance rate: 0.481
[mcmc]  - Convergence of means: R-1 = 0.037382 after 11168 accepted steps
[mcmc]  - Updated covariance matrix of proposal pdf.
[mcmc] Learn + convergence test @ 14000 samples accepted.
[likelihoodcollection] Average computation time:
   flamingo.inference.masked_ps.MaskedBandPowerLikelihood : 5.31818e-05 s (28251 evaluations, 1.50244 s total)
[theorycollection] Average computation time:
   flamingo.inference.masked_ps.MaskedTSZTheory : 0.0165043 s (28251 evaluations, 466.264 s total)
[mcmc]  - Acceptance rate: 0.481
[mcmc]  - Convergence of means: R-1 = 0.034001 after 11200 accepted steps
[mcmc]  - Updated covariance matrix of proposal pdf.
[mcmc] Learn + convergence test @ 14040 samples accepted.
[likelihoodcollection] Average computation time:
   flamingo.inference.masked_ps.MaskedBandPowerLikelihood : 5.31694e-05 s (28336 evaluations, 1.50661 s total)
[theorycollection] Average computation time:
   flamingo.inference.masked_ps.MaskedTSZTheory : 0.0165047 s (28336 evaluations, 467.678 s total)
[mcmc]  - Acceptance rate: 0.481
[mcmc]  - Convergence of means: R-1 = 0.033422 after 11232 accepted steps
[mcmc]  - Updated covariance matrix of proposal pdf.
[mcmc] Learn + convergence test @ 14080 samples accepted.
[likelihoodcollection] Average computation time:
   flamingo.inference.masked_ps.MaskedBandPowerLikelihood : 5.3166e-05 s (28436 evaluations, 1.51183 s total)
[theorycollection] Average computation time:
   flamingo.inference.masked_ps.MaskedTSZTheory : 0.0165042 s (28436 evaluations, 469.315 s total)
[mcmc]  - Acceptance rate: 0.480
[mcmc]  - Convergence of means: R-1 = 0.033013 after 11264 accepted steps
[mcmc]  - Updated covariance matrix of proposal pdf.
[mcmc] Progress @ 2026-08-03 01:33:35 : 28782 steps taken, and 14088 accepted.
[mcmc] Learn + convergence test @ 14120 samples accepted.
[likelihoodcollection] Average computation time:
   flamingo.inference.masked_ps.MaskedBandPowerLikelihood : 5.31575e-05 s (28523 evaluations, 1.51621 s total)
[theorycollection] Average computation time:
   flamingo.inference.masked_ps.MaskedTSZTheory : 0.0165042 s (28523 evaluations, 470.749 s total)
[mcmc]  - Acceptance rate: 0.480
[mcmc]  - Convergence of means: R-1 = 0.028291 after 11296 accepted steps
[mcmc]  - Updated covariance matrix of proposal pdf.
[mcmc] Learn + convergence test @ 14160 samples accepted.
[likelihoodcollection] Average computation time:
   flamingo.inference.masked_ps.MaskedBandPowerLikelihood : 5.31666e-05 s (28623 evaluations, 1.52179 s total)
[theorycollection] Average computation time:
   flamingo.inference.masked_ps.MaskedTSZTheory : 0.0165041 s (28623 evaluations, 472.397 s total)
[mcmc]  - Acceptance rate: 0.480
[mcmc]  - Convergence of means: R-1 = 0.029409 after 11328 accepted steps
[mcmc]  - Updated covariance matrix of proposal pdf.
[mcmc] Learn + convergence test @ 14200 samples accepted.
[likelihoodcollection] Average computation time:
   flamingo.inference.masked_ps.MaskedBandPowerLikelihood : 5.31547e-05 s (28714 evaluations, 1.52628 s total)
[theorycollection] Average computation time:
   flamingo.inference.masked_ps.MaskedTSZTheory : 0.0165047 s (28714 evaluations, 473.917 s total)
[mcmc]  - Acceptance rate: 0.480
[mcmc]  - Convergence of means: R-1 = 0.030772 after 11360 accepted steps
[mcmc]  - Updated covariance matrix of proposal pdf.
[mcmc] Learn + convergence test @ 14240 samples accepted.
[likelihoodcollection] Average computation time:
   flamingo.inference.masked_ps.MaskedBandPowerLikelihood : 5.31537e-05 s (28790 evaluations, 1.5303 s total)
[theorycollection] Average computation time:
   flamingo.inference.masked_ps.MaskedTSZTheory : 0.0165036 s (28790 evaluations, 475.138 s total)
[mcmc]  - Acceptance rate: 0.480
[mcmc]  - Convergence of means: R-1 = 0.033181 after 11392 accepted steps
[mcmc]  - Updated covariance matrix of proposal pdf.
[mcmc] Learn + convergence test @ 14280 samples accepted.
[likelihoodcollection] Average computation time:
   flamingo.inference.masked_ps.MaskedBandPowerLikelihood : 5.31553e-05 s (28871 evaluations, 1.53465 s total)
[theorycollection] Average computation time:
   flamingo.inference.masked_ps.MaskedTSZTheory : 0.0165036 s (28871 evaluations, 476.476 s total)
[mcmc]  - Acceptance rate: 0.480
[mcmc]  - Convergence of means: R-1 = 0.032473 after 11424 accepted steps
[mcmc]  - Updated covariance matrix of proposal pdf.
[mcmc] Learn + convergence test @ 14320 samples accepted.
[likelihoodcollection] Average computation time:
   flamingo.inference.masked_ps.MaskedBandPowerLikelihood : 5.31509e-05 s (28959 evaluations, 1.5392 s total)
[theorycollection] Average computation time:
   flamingo.inference.masked_ps.MaskedTSZTheory : 0.0165037 s (28959 evaluations, 477.931 s total)
[mcmc]  - Acceptance rate: 0.480
[mcmc]  - Convergence of means: R-1 = 0.030335 after 11456 accepted steps
[mcmc]  - Updated covariance matrix of proposal pdf.
[mcmc] Learn + convergence test @ 14360 samples accepted.
[likelihoodcollection] Average computation time:
   flamingo.inference.masked_ps.MaskedBandPowerLikelihood : 5.31595e-05 s (29057 evaluations, 1.54465 s total)
[theorycollection] Average computation time:
   flamingo.inference.masked_ps.MaskedTSZTheory : 0.0165028 s (29057 evaluations, 479.523 s total)
[mcmc]  - Acceptance rate: 0.479
[mcmc]  - Convergence of means: R-1 = 0.026132 after 11488 accepted steps
[mcmc]  - Updated covariance matrix of proposal pdf.
[mcmc] Learn + convergence test @ 14400 samples accepted.
[likelihoodcollection] Average computation time:
   flamingo.inference.masked_ps.MaskedBandPowerLikelihood : 5.31584e-05 s (29145 evaluations, 1.5493 s total)
[theorycollection] Average computation time:
   flamingo.inference.masked_ps.MaskedTSZTheory : 0.0165028 s (29145 evaluations, 480.975 s total)
[mcmc]  - Acceptance rate: 0.479
[mcmc]  - Convergence of means: R-1 = 0.023680 after 11520 accepted steps
[mcmc]  - Updated covariance matrix of proposal pdf.
[mcmc] Learn + convergence test @ 14440 samples accepted.
[likelihoodcollection] Average computation time:
   flamingo.inference.masked_ps.MaskedBandPowerLikelihood : 5.31507e-05 s (29221 evaluations, 1.55312 s total)
[theorycollection] Average computation time:
   flamingo.inference.masked_ps.MaskedTSZTheory : 0.0165031 s (29221 evaluations, 482.237 s total)
[mcmc]  - Acceptance rate: 0.479
[mcmc]  - Convergence of means: R-1 = 0.025613 after 11552 accepted steps
[mcmc]  - Updated covariance matrix of proposal pdf.
[mcmc] Learn + convergence test @ 14480 samples accepted.
[likelihoodcollection] Average computation time:
   flamingo.inference.masked_ps.MaskedBandPowerLikelihood : 5.31501e-05 s (29300 evaluations, 1.5573 s total)
[theorycollection] Average computation time:
   flamingo.inference.masked_ps.MaskedTSZTheory : 0.0165025 s (29300 evaluations, 483.522 s total)
[mcmc]  - Acceptance rate: 0.479
[mcmc]  - Convergence of means: R-1 = 0.029492 after 11584 accepted steps
[mcmc]  - Updated covariance matrix of proposal pdf.
[mcmc] Learn + convergence test @ 14520 samples accepted.
[likelihoodcollection] Average computation time:
   flamingo.inference.masked_ps.MaskedBandPowerLikelihood : 5.31329e-05 s (29377 evaluations, 1.56089 s total)
[theorycollection] Average computation time:
   flamingo.inference.masked_ps.MaskedTSZTheory : 0.016501 s (29377 evaluations, 484.75 s total)
[mcmc]  - Acceptance rate: 0.479
[mcmc]  - Convergence of means: R-1 = 0.029377 after 11616 accepted steps
[mcmc]  - Updated covariance matrix of proposal pdf.
[mcmc] Learn + convergence test @ 14560 samples accepted.
[likelihoodcollection] Average computation time:
   flamingo.inference.masked_ps.MaskedBandPowerLikelihood : 5.31289e-05 s (29450 evaluations, 1.56465 s total)
[theorycollection] Average computation time:
   flamingo.inference.masked_ps.MaskedTSZTheory : 0.0165004 s (29450 evaluations, 485.936 s total)
[mcmc]  - Acceptance rate: 0.480
[mcmc]  - Convergence of means: R-1 = 0.033297 after 11648 accepted steps
[mcmc]  - Updated covariance matrix of proposal pdf.
[mcmc] Learn + convergence test @ 14600 samples accepted.
[likelihoodcollection] Average computation time:
   flamingo.inference.masked_ps.MaskedBandPowerLikelihood : 5.31261e-05 s (29540 evaluations, 1.56935 s total)
[theorycollection] Average computation time:
   flamingo.inference.masked_ps.MaskedTSZTheory : 0.0165009 s (29540 evaluations, 487.437 s total)
[mcmc]  - Acceptance rate: 0.479
[mcmc]  - Convergence of means: R-1 = 0.031584 after 11680 accepted steps
[mcmc]  - Updated covariance matrix of proposal pdf.
[mcmc] Learn + convergence test @ 14640 samples accepted.
[likelihoodcollection] Average computation time:
   flamingo.inference.masked_ps.MaskedBandPowerLikelihood : 5.31322e-05 s (29612 evaluations, 1.57335 s total)
[theorycollection] Average computation time:
   flamingo.inference.masked_ps.MaskedTSZTheory : 0.0165016 s (29612 evaluations, 488.645 s total)
[mcmc]  - Acceptance rate: 0.480
[mcmc]  - Convergence of means: R-1 = 0.030176 after 11712 accepted steps
[mcmc]  - Updated covariance matrix of proposal pdf.
[mcmc] Learn + convergence test @ 14680 samples accepted.
[likelihoodcollection] Average computation time:
   flamingo.inference.masked_ps.MaskedBandPowerLikelihood : 5.31141e-05 s (29678 evaluations, 1.57632 s total)
[theorycollection] Average computation time:
   flamingo.inference.masked_ps.MaskedTSZTheory : 0.0165002 s (29678 evaluations, 489.692 s total)
[mcmc]  - Acceptance rate: 0.480
[mcmc]  - Convergence of means: R-1 = 0.029504 after 11744 accepted steps
[mcmc]  - Updated covariance matrix of proposal pdf.
[mcmc] Learn + convergence test @ 14720 samples accepted.
[likelihoodcollection] Average computation time:
   flamingo.inference.masked_ps.MaskedBandPowerLikelihood : 5.31077e-05 s (29745 evaluations, 1.57969 s total)
[theorycollection] Average computation time:
   flamingo.inference.masked_ps.MaskedTSZTheory : 0.0164997 s (29745 evaluations, 490.785 s total)
[mcmc]  - Acceptance rate: 0.480
[mcmc]  - Convergence of means: R-1 = 0.028567 after 11776 accepted steps
[mcmc]  - Updated covariance matrix of proposal pdf.
[mcmc] Learn + convergence test @ 14760 samples accepted.
[likelihoodcollection] Average computation time:
   flamingo.inference.masked_ps.MaskedBandPowerLikelihood : 5.31041e-05 s (29840 evaluations, 1.58463 s total)
[theorycollection] Average computation time:
   flamingo.inference.masked_ps.MaskedTSZTheory : 0.0164986 s (29840 evaluations, 492.32 s total)
[mcmc]  - Acceptance rate: 0.480
[mcmc]  - Convergence of means: R-1 = 0.030144 after 11808 accepted steps
[mcmc]  - Updated covariance matrix of proposal pdf.
[mcmc] Learn + convergence test @ 14800 samples accepted.
[likelihoodcollection] Average computation time:
   flamingo.inference.masked_ps.MaskedBandPowerLikelihood : 5.3095e-05 s (29922 evaluations, 1.58871 s total)
[theorycollection] Average computation time:
   flamingo.inference.masked_ps.MaskedTSZTheory : 0.016499 s (29922 evaluations, 493.684 s total)
[mcmc]  - Acceptance rate: 0.480
[mcmc]  - Convergence of means: R-1 = 0.031945 after 11840 accepted steps
[mcmc]  - Updated covariance matrix of proposal pdf.
[mcmc] Learn + convergence test @ 14840 samples accepted.
[likelihoodcollection] Average computation time:
   flamingo.inference.masked_ps.MaskedBandPowerLikelihood : 5.30879e-05 s (30011 evaluations, 1.59322 s total)
[theorycollection] Average computation time:
   flamingo.inference.masked_ps.MaskedTSZTheory : 0.0164986 s (30011 evaluations, 495.139 s total)
[mcmc]  - Acceptance rate: 0.480
[mcmc]  - Convergence of means: R-1 = 0.031864 after 11872 accepted steps
[mcmc]  - Updated covariance matrix of proposal pdf.
[mcmc] Learn + convergence test @ 14880 samples accepted.
[likelihoodcollection] Average computation time:
   flamingo.inference.masked_ps.MaskedBandPowerLikelihood : 5.30839e-05 s (30094 evaluations, 1.59751 s total)
[theorycollection] Average computation time:
   flamingo.inference.masked_ps.MaskedTSZTheory : 0.0164983 s (30094 evaluations, 496.499 s total)
[mcmc]  - Acceptance rate: 0.480
[mcmc]  - Convergence of means: R-1 = 0.033728 after 11904 accepted steps
[mcmc]  - Updated covariance matrix of proposal pdf.
[mcmc] Learn + convergence test @ 14920 samples accepted.
[likelihoodcollection] Average computation time:
   flamingo.inference.masked_ps.MaskedBandPowerLikelihood : 5.30835e-05 s (30167 evaluations, 1.60137 s total)
[theorycollection] Average computation time:
   flamingo.inference.masked_ps.MaskedTSZTheory : 0.0164975 s (30167 evaluations, 497.681 s total)
[mcmc]  - Acceptance rate: 0.480
[mcmc]  - Convergence of means: R-1 = 0.036526 after 11936 accepted steps
[mcmc]  - Updated covariance matrix of proposal pdf.
[mcmc] Learn + convergence test @ 14960 samples accepted.
[likelihoodcollection] Average computation time:
   flamingo.inference.masked_ps.MaskedBandPowerLikelihood : 5.30895e-05 s (30240 evaluations, 1.60543 s total)
[theorycollection] Average computation time:
   flamingo.inference.masked_ps.MaskedTSZTheory : 0.0164979 s (30240 evaluations, 498.897 s total)
[mcmc]  - Acceptance rate: 0.480
[mcmc]  - Convergence of means: R-1 = 0.038438 after 11968 accepted steps
[mcmc]  - Updated covariance matrix of proposal pdf.
[mcmc] Learn + convergence test @ 15000 samples accepted.
[likelihoodcollection] Average computation time:
   flamingo.inference.masked_ps.MaskedBandPowerLikelihood : 5.30946e-05 s (30326 evaluations, 1.61015 s total)
[theorycollection] Average computation time:
   flamingo.inference.masked_ps.MaskedTSZTheory : 0.0164977 s (30326 evaluations, 500.309 s total)
[mcmc]  - Acceptance rate: 0.480
[mcmc]  - Convergence of means: R-1 = 0.037101 after 12000 accepted steps
[mcmc]  - Updated covariance matrix of proposal pdf.
[mcmc] Learn + convergence test @ 15040 samples accepted.
[likelihoodcollection] Average computation time:
   flamingo.inference.masked_ps.MaskedBandPowerLikelihood : 5.31006e-05 s (30426 evaluations, 1.61564 s total)
[theorycollection] Average computation time:
   flamingo.inference.masked_ps.MaskedTSZTheory : 0.0164962 s (30426 evaluations, 501.912 s total)
[mcmc]  - Acceptance rate: 0.480
[mcmc]  - Convergence of means: R-1 = 0.039300 after 12032 accepted steps
[mcmc]  - Updated covariance matrix of proposal pdf.
[mcmc] Learn + convergence test @ 15080 samples accepted.
[likelihoodcollection] Average computation time:
   flamingo.inference.masked_ps.MaskedBandPowerLikelihood : 5.30887e-05 s (30514 evaluations, 1.61995 s total)
[theorycollection] Average computation time:
   flamingo.inference.masked_ps.MaskedTSZTheory : 0.0164962 s (30514 evaluations, 503.366 s total)
[mcmc]  - Acceptance rate: 0.480
[mcmc]  - Convergence of means: R-1 = 0.040289 after 12064 accepted steps
[mcmc]  - Updated covariance matrix of proposal pdf.
[mcmc] Learn + convergence test @ 15120 samples accepted.
[likelihoodcollection] Average computation time:
   flamingo.inference.masked_ps.MaskedBandPowerLikelihood : 5.30895e-05 s (30596 evaluations, 1.62433 s total)
[theorycollection] Average computation time:
   flamingo.inference.masked_ps.MaskedTSZTheory : 0.016496 s (30596 evaluations, 504.71 s total)
[mcmc]  - Acceptance rate: 0.480
[mcmc]  - Convergence of means: R-1 = 0.039884 after 12096 accepted steps
[mcmc]  - Updated covariance matrix of proposal pdf.
[mcmc] Learn + convergence test @ 15160 samples accepted.
[likelihoodcollection] Average computation time:
   flamingo.inference.masked_ps.MaskedBandPowerLikelihood : 5.3082e-05 s (30666 evaluations, 1.62781 s total)
[theorycollection] Average computation time:
   flamingo.inference.masked_ps.MaskedTSZTheory : 0.0164951 s (30666 evaluations, 505.837 s total)
[mcmc]  - Acceptance rate: 0.480
[mcmc]  - Convergence of means: R-1 = 0.042182 after 12128 accepted steps
[mcmc]  - Updated covariance matrix of proposal pdf.
[mcmc] Learn + convergence test @ 15200 samples accepted.
[likelihoodcollection] Average computation time:
   flamingo.inference.masked_ps.MaskedBandPowerLikelihood : 5.30761e-05 s (30753 evaluations, 1.63225 s total)
[theorycollection] Average computation time:
   flamingo.inference.masked_ps.MaskedTSZTheory : 0.0164938 s (30753 evaluations, 507.235 s total)
[mcmc]  - Acceptance rate: 0.480
[mcmc]  - Convergence of means: R-1 = 0.046871 after 12160 accepted steps
[mcmc]  - Updated covariance matrix of proposal pdf.
[mcmc] Learn + convergence test @ 15240 samples accepted.
[likelihoodcollection] Average computation time:
   flamingo.inference.masked_ps.MaskedBandPowerLikelihood : 5.30661e-05 s (30835 evaluations, 1.63629 s total)
[theorycollection] Average computation time:
   flamingo.inference.masked_ps.MaskedTSZTheory : 0.0164934 s (30835 evaluations, 508.573 s total)
[mcmc]  - Acceptance rate: 0.480
[mcmc]  - Convergence of means: R-1 = 0.046313 after 12192 accepted steps
[mcmc]  - Updated covariance matrix of proposal pdf.
[mcmc] Learn + convergence test @ 15280 samples accepted.
[likelihoodcollection] Average computation time:
   flamingo.inference.masked_ps.MaskedBandPowerLikelihood : 5.30666e-05 s (30914 evaluations, 1.6405 s total)
[theorycollection] Average computation time:
   flamingo.inference.masked_ps.MaskedTSZTheory : 0.0164941 s (30914 evaluations, 509.898 s total)
[mcmc]  - Acceptance rate: 0.480
[mcmc]  - Convergence of means: R-1 = 0.044241 after 12224 accepted steps
[mcmc]  - Updated covariance matrix of proposal pdf.
[mcmc] Learn + convergence test @ 15320 samples accepted.
[likelihoodcollection] Average computation time:
   flamingo.inference.masked_ps.MaskedBandPowerLikelihood : 5.30699e-05 s (31019 evaluations, 1.64617 s total)
[theorycollection] Average computation time:
   flamingo.inference.masked_ps.MaskedTSZTheory : 0.0164941 s (31019 evaluations, 511.63 s total)
[mcmc]  - Acceptance rate: 0.480
[mcmc]  - Convergence of means: R-1 = 0.047096 after 12256 accepted steps
[mcmc]  - Updated covariance matrix of proposal pdf.
[mcmc] Learn + convergence test @ 15360 samples accepted.
[likelihoodcollection] Average computation time:
   flamingo.inference.masked_ps.MaskedBandPowerLikelihood : 5.30651e-05 s (31092 evaluations, 1.6499 s total)
[theorycollection] Average computation time:
   flamingo.inference.masked_ps.MaskedTSZTheory : 0.0164942 s (31092 evaluations, 512.838 s total)
[mcmc]  - Acceptance rate: 0.480
[mcmc]  - Convergence of means: R-1 = 0.040561 after 12288 accepted steps
[mcmc]  - Updated covariance matrix of proposal pdf.
[mcmc] Learn + convergence test @ 15400 samples accepted.
[likelihoodcollection] Average computation time:
   flamingo.inference.masked_ps.MaskedBandPowerLikelihood : 5.30653e-05 s (31158 evaluations, 1.65341 s total)
[theorycollection] Average computation time:
   flamingo.inference.masked_ps.MaskedTSZTheory : 0.0164944 s (31158 evaluations, 513.934 s total)
[mcmc]  - Acceptance rate: 0.480
[mcmc]  - Convergence of means: R-1 = 0.036743 after 12320 accepted steps
[mcmc]  - Updated covariance matrix of proposal pdf.
[mcmc] Learn + convergence test @ 15440 samples accepted.
[likelihoodcollection] Average computation time:
   flamingo.inference.masked_ps.MaskedBandPowerLikelihood : 5.30692e-05 s (31227 evaluations, 1.65719 s total)
[theorycollection] Average computation time:
   flamingo.inference.masked_ps.MaskedTSZTheory : 0.0164939 s (31227 evaluations, 515.054 s total)
[mcmc]  - Acceptance rate: 0.481
[mcmc]  - Convergence of means: R-1 = 0.035172 after 12352 accepted steps
[mcmc]  - Updated covariance matrix of proposal pdf.
[mcmc] Learn + convergence test @ 15480 samples accepted.
[likelihoodcollection] Average computation time:
   flamingo.inference.masked_ps.MaskedBandPowerLikelihood : 5.30649e-05 s (31303 evaluations, 1.66109 s total)
[theorycollection] Average computation time:
   flamingo.inference.masked_ps.MaskedTSZTheory : 0.0164941 s (31303 evaluations, 516.316 s total)
[mcmc]  - Acceptance rate: 0.481
[mcmc]  - Convergence of means: R-1 = 0.034887 after 12384 accepted steps
[mcmc]  - Updated covariance matrix of proposal pdf.
[mcmc] Learn + convergence test @ 15520 samples accepted.
[likelihoodcollection] Average computation time:
   flamingo.inference.masked_ps.MaskedBandPowerLikelihood : 5.30622e-05 s (31393 evaluations, 1.66578 s total)
[theorycollection] Average computation time:
   flamingo.inference.masked_ps.MaskedTSZTheory : 0.0164945 s (31393 evaluations, 517.812 s total)
[mcmc]  - Acceptance rate: 0.481
[mcmc]  - Convergence of means: R-1 = 0.034859 after 12416 accepted steps
[mcmc]  - Updated covariance matrix of proposal pdf.
[mcmc] Learn + convergence test @ 15560 samples accepted.
[likelihoodcollection] Average computation time:
   flamingo.inference.masked_ps.MaskedBandPowerLikelihood : 5.30592e-05 s (31484 evaluations, 1.67052 s total)
[theorycollection] Average computation time:
   flamingo.inference.masked_ps.MaskedTSZTheory : 0.016494 s (31484 evaluations, 519.297 s total)
[mcmc]  - Acceptance rate: 0.481
[mcmc]  - Convergence of means: R-1 = 0.032322 after 12448 accepted steps
[mcmc]  - Updated covariance matrix of proposal pdf.
[mcmc] Learn + convergence test @ 15600 samples accepted.
[likelihoodcollection] Average computation time:
   flamingo.inference.masked_ps.MaskedBandPowerLikelihood : 5.30506e-05 s (31561 evaluations, 1.67433 s total)
[theorycollection] Average computation time:
   flamingo.inference.masked_ps.MaskedTSZTheory : 0.0164935 s (31561 evaluations, 520.551 s total)
[mcmc]  - Acceptance rate: 0.481
[mcmc]  - Convergence of means: R-1 = 0.038188 after 12480 accepted steps
[mcmc]  - Updated covariance matrix of proposal pdf.
[mcmc] Learn + convergence test @ 15640 samples accepted.
[likelihoodcollection] Average computation time:
   flamingo.inference.masked_ps.MaskedBandPowerLikelihood : 5.30561e-05 s (31631 evaluations, 1.67822 s total)
[theorycollection] Average computation time:
   flamingo.inference.masked_ps.MaskedTSZTheory : 0.0164936 s (31631 evaluations, 521.708 s total)
[mcmc]  - Acceptance rate: 0.481
[mcmc]  - Convergence of means: R-1 = 0.041762 after 12512 accepted steps
[mcmc]  - Updated covariance matrix of proposal pdf.
[mcmc] Learn + convergence test @ 15680 samples accepted.
[likelihoodcollection] Average computation time:
   flamingo.inference.masked_ps.MaskedBandPowerLikelihood : 5.30621e-05 s (31707 evaluations, 1.68244 s total)
[theorycollection] Average computation time:
   flamingo.inference.masked_ps.MaskedTSZTheory : 0.0164945 s (31707 evaluations, 522.991 s total)
[mcmc]  - Acceptance rate: 0.481
[mcmc]  - Convergence of means: R-1 = 0.042679 after 12544 accepted steps
[mcmc]  - Updated covariance matrix of proposal pdf.
[mcmc] Learn + convergence test @ 15720 samples accepted.
[likelihoodcollection] Average computation time:
   flamingo.inference.masked_ps.MaskedBandPowerLikelihood : 5.30683e-05 s (31793 evaluations, 1.6872 s total)
[theorycollection] Average computation time:
   flamingo.inference.masked_ps.MaskedTSZTheory : 0.0164955 s (31793 evaluations, 524.442 s total)
[mcmc]  - Acceptance rate: 0.481
[mcmc]  - Convergence of means: R-1 = 0.043126 after 12576 accepted steps
[mcmc]  - Updated covariance matrix of proposal pdf.
[mcmc] Learn + convergence test @ 15760 samples accepted.
[likelihoodcollection] Average computation time:
   flamingo.inference.masked_ps.MaskedBandPowerLikelihood : 5.30672e-05 s (31889 evaluations, 1.69226 s total)
[theorycollection] Average computation time:
   flamingo.inference.masked_ps.MaskedTSZTheory : 0.0164952 s (31889 evaluations, 526.016 s total)
[mcmc]  - Acceptance rate: 0.481
[mcmc]  - Convergence of means: R-1 = 0.043101 after 12608 accepted steps
[mcmc]  - Updated covariance matrix of proposal pdf.
[mcmc] Learn + convergence test @ 15800 samples accepted.
[likelihoodcollection] Average computation time:
   flamingo.inference.masked_ps.MaskedBandPowerLikelihood : 5.306e-05 s (31973 evaluations, 1.69649 s total)
[theorycollection] Average computation time:
   flamingo.inference.masked_ps.MaskedTSZTheory : 0.0164957 s (31973 evaluations, 527.416 s total)
[mcmc]  - Acceptance rate: 0.481
[mcmc]  - Convergence of means: R-1 = 0.042357 after 12640 accepted steps
[mcmc]  - Updated covariance matrix of proposal pdf.
[mcmc] Progress @ 2026-08-03 01:34:35 : 32387 steps taken, and 15826 accepted.
[mcmc] Learn + convergence test @ 15840 samples accepted.
[likelihoodcollection] Average computation time:
   flamingo.inference.masked_ps.MaskedBandPowerLikelihood : 5.30486e-05 s (32055 evaluations, 1.70047 s total)
[theorycollection] Average computation time:
   flamingo.inference.masked_ps.MaskedTSZTheory : 0.0164941 s (32055 evaluations, 528.719 s total)
[mcmc]  - Acceptance rate: 0.481
[mcmc]  - Convergence of means: R-1 = 0.041019 after 12672 accepted steps
[mcmc]  - Updated covariance matrix of proposal pdf.
[mcmc] Learn + convergence test @ 15880 samples accepted.
[likelihoodcollection] Average computation time:
   flamingo.inference.masked_ps.MaskedBandPowerLikelihood : 5.30539e-05 s (32136 evaluations, 1.70494 s total)
[theorycollection] Average computation time:
   flamingo.inference.masked_ps.MaskedTSZTheory : 0.0164949 s (32136 evaluations, 530.081 s total)
[mcmc]  - Acceptance rate: 0.481
[mcmc]  - Convergence of means: R-1 = 0.043509 after 12704 accepted steps
[mcmc]  - Updated covariance matrix of proposal pdf.
[mcmc] Learn + convergence test @ 15920 samples accepted.
[likelihoodcollection] Average computation time:
   flamingo.inference.masked_ps.MaskedBandPowerLikelihood : 5.30435e-05 s (32230 evaluations, 1.70959 s total)
[theorycollection] Average computation time:
   flamingo.inference.masked_ps.MaskedTSZTheory : 0.0164942 s (32230 evaluations, 531.608 s total)
[mcmc]  - Acceptance rate: 0.480
[mcmc]  - Convergence of means: R-1 = 0.045504 after 12736 accepted steps
[mcmc]  - Updated covariance matrix of proposal pdf.
[mcmc] Learn + convergence test @ 15960 samples accepted.
[likelihoodcollection] Average computation time:
   flamingo.inference.masked_ps.MaskedBandPowerLikelihood : 5.30233e-05 s (32320 evaluations, 1.71371 s total)
[theorycollection] Average computation time:
   flamingo.inference.masked_ps.MaskedTSZTheory : 0.0164928 s (32320 evaluations, 533.048 s total)
[mcmc]  - Acceptance rate: 0.480
[mcmc]  - Convergence of means: R-1 = 0.043741 after 12768 accepted steps
[mcmc]  - Updated covariance matrix of proposal pdf.
[mcmc] Learn + convergence test @ 16000 samples accepted.
[likelihoodcollection] Average computation time:
   flamingo.inference.masked_ps.MaskedBandPowerLikelihood : 5.30207e-05 s (32391 evaluations, 1.71739 s total)
[theorycollection] Average computation time:
   flamingo.inference.masked_ps.MaskedTSZTheory : 0.0164934 s (32391 evaluations, 534.236 s total)
[mcmc]  - Acceptance rate: 0.481
[mcmc]  - Convergence of means: R-1 = 0.045030 after 12800 accepted steps
[mcmc]  - Updated covariance matrix of proposal pdf.
[mcmc] Learn + convergence test @ 16040 samples accepted.
[likelihoodcollection] Average computation time:
   flamingo.inference.masked_ps.MaskedBandPowerLikelihood : 5.30121e-05 s (32465 evaluations, 1.72104 s total)
[theorycollection] Average computation time:
   flamingo.inference.masked_ps.MaskedTSZTheory : 0.0164936 s (32465 evaluations, 535.465 s total)
[mcmc]  - Acceptance rate: 0.481
[mcmc]  - Convergence of means: R-1 = 0.045366 after 12832 accepted steps
[mcmc]  - Updated covariance matrix of proposal pdf.
[mcmc] Learn + convergence test @ 16080 samples accepted.
[likelihoodcollection] Average computation time:
   flamingo.inference.masked_ps.MaskedBandPowerLikelihood : 5.29981e-05 s (32540 evaluations, 1.72456 s total)
[theorycollection] Average computation time:
   flamingo.inference.masked_ps.MaskedTSZTheory : 0.0164928 s (32540 evaluations, 536.677 s total)
[mcmc]  - Acceptance rate: 0.481
[mcmc]  - Convergence of means: R-1 = 0.044550 after 12864 accepted steps
[mcmc]  - Updated covariance matrix of proposal pdf.
[mcmc] Learn + convergence test @ 16120 samples accepted.
[likelihoodcollection] Average computation time:
   flamingo.inference.masked_ps.MaskedBandPowerLikelihood : 5.29907e-05 s (32635 evaluations, 1.72935 s total)
[theorycollection] Average computation time:
   flamingo.inference.masked_ps.MaskedTSZTheory : 0.0164921 s (32635 evaluations, 538.22 s total)
[mcmc]  - Acceptance rate: 0.481
[mcmc]  - Convergence of means: R-1 = 0.041175 after 12896 accepted steps
[mcmc]  - Updated covariance matrix of proposal pdf.
[mcmc] Learn + convergence test @ 16160 samples accepted.
[likelihoodcollection] Average computation time:
   flamingo.inference.masked_ps.MaskedBandPowerLikelihood : 5.2987e-05 s (32714 evaluations, 1.73342 s total)
[theorycollection] Average computation time:
   flamingo.inference.masked_ps.MaskedTSZTheory : 0.0164911 s (32714 evaluations, 539.491 s total)
[mcmc]  - Acceptance rate: 0.481
[mcmc]  - Convergence of means: R-1 = 0.040447 after 12928 accepted steps
[mcmc]  - Updated covariance matrix of proposal pdf.
[mcmc] Learn + convergence test @ 16200 samples accepted.
[likelihoodcollection] Average computation time:
   flamingo.inference.masked_ps.MaskedBandPowerLikelihood : 5.29889e-05 s (32803 evaluations, 1.7382 s total)
[theorycollection] Average computation time:
   flamingo.inference.masked_ps.MaskedTSZTheory : 0.0164917 s (32803 evaluations, 540.978 s total)
[mcmc]  - Acceptance rate: 0.481
[mcmc]  - Convergence of means: R-1 = 0.040212 after 12960 accepted steps
[mcmc]  - Updated covariance matrix of proposal pdf.
[mcmc] Learn + convergence test @ 16240 samples accepted.
[likelihoodcollection] Average computation time:
   flamingo.inference.masked_ps.MaskedBandPowerLikelihood : 5.29867e-05 s (32897 evaluations, 1.7431 s total)
[theorycollection] Average computation time:
   flamingo.inference.masked_ps.MaskedTSZTheory : 0.0164919 s (32897 evaluations, 542.534 s total)
[mcmc]  - Acceptance rate: 0.481
[mcmc]  - Convergence of means: R-1 = 0.036739 after 12992 accepted steps
[mcmc]  - Updated covariance matrix of proposal pdf.
[mcmc] Learn + convergence test @ 16280 samples accepted.
[likelihoodcollection] Average computation time:
   flamingo.inference.masked_ps.MaskedBandPowerLikelihood : 5.29857e-05 s (32973 evaluations, 1.7471 s total)
[theorycollection] Average computation time:
   flamingo.inference.masked_ps.MaskedTSZTheory : 0.0164921 s (32973 evaluations, 543.792 s total)
[mcmc]  - Acceptance rate: 0.481
[mcmc]  - Convergence of means: R-1 = 0.039186 after 13024 accepted steps
[mcmc]  - Updated covariance matrix of proposal pdf.
[mcmc] Learn + convergence test @ 16320 samples accepted.
[likelihoodcollection] Average computation time:
   flamingo.inference.masked_ps.MaskedBandPowerLikelihood : 5.29884e-05 s (33057 evaluations, 1.75164 s total)
[theorycollection] Average computation time:
   flamingo.inference.masked_ps.MaskedTSZTheory : 0.0164916 s (33057 evaluations, 545.164 s total)
[mcmc]  - Acceptance rate: 0.481
[mcmc]  - Convergence of means: R-1 = 0.039356 after 13056 accepted steps
[mcmc]  - Updated covariance matrix of proposal pdf.
[mcmc] Learn + convergence test @ 16360 samples accepted.
[likelihoodcollection] Average computation time:
   flamingo.inference.masked_ps.MaskedBandPowerLikelihood : 5.29945e-05 s (33152 evaluations, 1.75687 s total)
[theorycollection] Average computation time:
   flamingo.inference.masked_ps.MaskedTSZTheory : 0.016491 s (33152 evaluations, 546.71 s total)
[mcmc]  - Acceptance rate: 0.480
[mcmc]  - Convergence of means: R-1 = 0.036721 after 13088 accepted steps
[mcmc]  - Updated covariance matrix of proposal pdf.
[mcmc] Learn + convergence test @ 16400 samples accepted.
[likelihoodcollection] Average computation time:
   flamingo.inference.masked_ps.MaskedBandPowerLikelihood : 5.29875e-05 s (33236 evaluations, 1.76109 s total)
[theorycollection] Average computation time:
   flamingo.inference.masked_ps.MaskedTSZTheory : 0.0164911 s (33236 evaluations, 548.1 s total)
[mcmc]  - Acceptance rate: 0.480
[mcmc]  - Convergence of means: R-1 = 0.036202 after 13120 accepted steps
[mcmc]  - Updated covariance matrix of proposal pdf.
[mcmc] Learn + convergence test @ 16440 samples accepted.
[likelihoodcollection] Average computation time:
   flamingo.inference.masked_ps.MaskedBandPowerLikelihood : 5.29868e-05 s (33320 evaluations, 1.76552 s total)
[theorycollection] Average computation time:
   flamingo.inference.masked_ps.MaskedTSZTheory : 0.016491 s (33320 evaluations, 549.48 s total)
[mcmc]  - Acceptance rate: 0.480
[mcmc]  - Convergence of means: R-1 = 0.037070 after 13152 accepted steps
[mcmc]  - Updated covariance matrix of proposal pdf.
[mcmc] Learn + convergence test @ 16480 samples accepted.
[likelihoodcollection] Average computation time:
   flamingo.inference.masked_ps.MaskedBandPowerLikelihood : 5.30036e-05 s (33418 evaluations, 1.77127 s total)
[theorycollection] Average computation time:
   flamingo.inference.masked_ps.MaskedTSZTheory : 0.0164911 s (33418 evaluations, 551.099 s total)
[mcmc]  - Acceptance rate: 0.480
[mcmc]  - Convergence of means: R-1 = 0.036188 after 13184 accepted steps
[mcmc]  - Updated covariance matrix of proposal pdf.
[mcmc] Learn + convergence test @ 16520 samples accepted.
[likelihoodcollection] Average computation time:
   flamingo.inference.masked_ps.MaskedBandPowerLikelihood : 5.30091e-05 s (33498 evaluations, 1.7757 s total)
[theorycollection] Average computation time:
   flamingo.inference.masked_ps.MaskedTSZTheory : 0.0164913 s (33498 evaluations, 552.424 s total)
[mcmc]  - Acceptance rate: 0.480
[mcmc]  - Convergence of means: R-1 = 0.033759 after 13216 accepted steps
[mcmc]  - Updated covariance matrix of proposal pdf.
[mcmc] Learn + convergence test @ 16560 samples accepted.
[likelihoodcollection] Average computation time:
   flamingo.inference.masked_ps.MaskedBandPowerLikelihood : 5.30056e-05 s (33582 evaluations, 1.78003 s total)
[theorycollection] Average computation time:
   flamingo.inference.masked_ps.MaskedTSZTheory : 0.016491 s (33582 evaluations, 553.802 s total)
[mcmc]  - Acceptance rate: 0.480
[mcmc]  - Convergence of means: R-1 = 0.031626 after 13248 accepted steps
[mcmc]  - Updated covariance matrix of proposal pdf.
[mcmc] Learn + convergence test @ 16600 samples accepted.
[likelihoodcollection] Average computation time:
   flamingo.inference.masked_ps.MaskedBandPowerLikelihood : 5.29992e-05 s (33663 evaluations, 1.78411 s total)
[theorycollection] Average computation time:
   flamingo.inference.masked_ps.MaskedTSZTheory : 0.0164899 s (33663 evaluations, 555.1 s total)
[mcmc]  - Acceptance rate: 0.480
[mcmc]  - Convergence of means: R-1 = 0.033769 after 13280 accepted steps
[mcmc]  - Updated covariance matrix of proposal pdf.
[mcmc] Learn + convergence test @ 16640 samples accepted.
[likelihoodcollection] Average computation time:
   flamingo.inference.masked_ps.MaskedBandPowerLikelihood : 5.29847e-05 s (33748 evaluations, 1.78813 s total)
[theorycollection] Average computation time:
   flamingo.inference.masked_ps.MaskedTSZTheory : 0.0164888 s (33748 evaluations, 556.463 s total)
[mcmc]  - Acceptance rate: 0.480
[mcmc]  - Convergence of means: R-1 = 0.036307 after 13312 accepted steps
[mcmc]  - Updated covariance matrix of proposal pdf.
[mcmc] Learn + convergence test @ 16680 samples accepted.
[likelihoodcollection] Average computation time:
   flamingo.inference.masked_ps.MaskedBandPowerLikelihood : 5.29725e-05 s (33817 evaluations, 1.79137 s total)
[theorycollection] Average computation time:
   flamingo.inference.masked_ps.MaskedTSZTheory : 0.0164879 s (33817 evaluations, 557.571 s total)
[mcmc]  - Acceptance rate: 0.480
[mcmc]  - Convergence of means: R-1 = 0.036751 after 13344 accepted steps
[mcmc]  - Updated covariance matrix of proposal pdf.
[mcmc] Learn + convergence test @ 16720 samples accepted.
[likelihoodcollection] Average computation time:
   flamingo.inference.masked_ps.MaskedBandPowerLikelihood : 5.29652e-05 s (33898 evaluations, 1.79541 s total)
[theorycollection] Average computation time:
   flamingo.inference.masked_ps.MaskedTSZTheory : 0.0164874 s (33898 evaluations, 558.89 s total)
[mcmc]  - Acceptance rate: 0.480
[mcmc]  - Convergence of means: R-1 = 0.034764 after 13376 accepted steps
[mcmc]  - Updated covariance matrix of proposal pdf.
[mcmc] Learn + convergence test @ 16760 samples accepted.
[likelihoodcollection] Average computation time:
   flamingo.inference.masked_ps.MaskedBandPowerLikelihood : 5.29578e-05 s (33987 evaluations, 1.79988 s total)
[theorycollection] Average computation time:
   flamingo.inference.masked_ps.MaskedTSZTheory : 0.0164878 s (33987 evaluations, 560.372 s total)
[mcmc]  - Acceptance rate: 0.480
[mcmc]  - Convergence of means: R-1 = 0.032451 after 13408 accepted steps
[mcmc]  - Updated covariance matrix of proposal pdf.
[mcmc] Learn + convergence test @ 16800 samples accepted.
[likelihoodcollection] Average computation time:
   flamingo.inference.masked_ps.MaskedBandPowerLikelihood : 5.29557e-05 s (34079 evaluations, 1.80468 s total)
[theorycollection] Average computation time:
   flamingo.inference.masked_ps.MaskedTSZTheory : 0.0164869 s (34079 evaluations, 561.857 s total)
[mcmc]  - Acceptance rate: 0.480
[mcmc]  - Convergence of means: R-1 = 0.031864 after 13440 accepted steps
[mcmc]  - Updated covariance matrix of proposal pdf.
[mcmc] Learn + convergence test @ 16840 samples accepted.
[likelihoodcollection] Average computation time:
   flamingo.inference.masked_ps.MaskedBandPowerLikelihood : 5.29607e-05 s (34159 evaluations, 1.80908 s total)
[theorycollection] Average computation time:
   flamingo.inference.masked_ps.MaskedTSZTheory : 0.0164871 s (34159 evaluations, 563.183 s total)
[mcmc]  - Acceptance rate: 0.480
[mcmc]  - Convergence of means: R-1 = 0.033864 after 13472 accepted steps
[mcmc]  - Updated covariance matrix of proposal pdf.
[mcmc] Learn + convergence test @ 16880 samples accepted.
[likelihoodcollection] Average computation time:
   flamingo.inference.masked_ps.MaskedBandPowerLikelihood : 5.29639e-05 s (34242 evaluations, 1.81359 s total)
[theorycollection] Average computation time:
   flamingo.inference.masked_ps.MaskedTSZTheory : 0.016487 s (34242 evaluations, 564.549 s total)
[mcmc]  - Acceptance rate: 0.480
[mcmc]  - Convergence of means: R-1 = 0.032280 after 13504 accepted steps
[mcmc]  - Updated covariance matrix of proposal pdf.
[mcmc] Learn + convergence test @ 16920 samples accepted.
[likelihoodcollection] Average computation time:
   flamingo.inference.masked_ps.MaskedBandPowerLikelihood : 5.29697e-05 s (34341 evaluations, 1.81903 s total)
[theorycollection] Average computation time:
   flamingo.inference.masked_ps.MaskedTSZTheory : 0.0164865 s (34341 evaluations, 566.162 s total)
[mcmc]  - Acceptance rate: 0.480
[mcmc]  - Convergence of means: R-1 = 0.033331 after 13536 accepted steps
[mcmc]  - Updated covariance matrix of proposal pdf.
[mcmc] Learn + convergence test @ 16960 samples accepted.
[likelihoodcollection] Average computation time:
   flamingo.inference.masked_ps.MaskedBandPowerLikelihood : 5.29698e-05 s (34415 evaluations, 1.82296 s total)
[theorycollection] Average computation time:
   flamingo.inference.masked_ps.MaskedTSZTheory : 0.0164859 s (34415 evaluations, 567.361 s total)
[mcmc]  - Acceptance rate: 0.480
[mcmc]  - Convergence of means: R-1 = 0.033045 after 13568 accepted steps
[mcmc]  - Updated covariance matrix of proposal pdf.
[mcmc] Learn + convergence test @ 17000 samples accepted.
[likelihoodcollection] Average computation time:
   flamingo.inference.masked_ps.MaskedBandPowerLikelihood : 5.29657e-05 s (34504 evaluations, 1.82753 s total)
[theorycollection] Average computation time:
   flamingo.inference.masked_ps.MaskedTSZTheory : 0.0164857 s (34504 evaluations, 568.824 s total)
[mcmc]  - Acceptance rate: 0.480
[mcmc]  - Convergence of means: R-1 = 0.033771 after 13600 accepted steps
[mcmc]  - Updated covariance matrix of proposal pdf.
[mcmc] Learn + convergence test @ 17040 samples accepted.
[likelihoodcollection] Average computation time:
   flamingo.inference.masked_ps.MaskedBandPowerLikelihood : 5.29652e-05 s (34598 evaluations, 1.83249 s total)
[theorycollection] Average computation time:
   flamingo.inference.masked_ps.MaskedTSZTheory : 0.016485 s (34598 evaluations, 570.346 s total)
[mcmc]  - Acceptance rate: 0.480
[mcmc]  - Convergence of means: R-1 = 0.033761 after 13632 accepted steps
[mcmc]  - Updated covariance matrix of proposal pdf.
[mcmc] Learn + convergence test @ 17080 samples accepted.
[likelihoodcollection] Average computation time:
   flamingo.inference.masked_ps.MaskedBandPowerLikelihood : 5.29619e-05 s (34684 evaluations, 1.83693 s total)
[theorycollection] Average computation time:
   flamingo.inference.masked_ps.MaskedTSZTheory : 0.0164854 s (34684 evaluations, 571.78 s total)
[mcmc]  - Acceptance rate: 0.480
[mcmc]  - Convergence of means: R-1 = 0.032111 after 13664 accepted steps
[mcmc]  - Updated covariance matrix of proposal pdf.
[mcmc] Learn + convergence test @ 17120 samples accepted.
[likelihoodcollection] Average computation time:
   flamingo.inference.masked_ps.MaskedBandPowerLikelihood : 5.29592e-05 s (34771 evaluations, 1.84144 s total)
[theorycollection] Average computation time:
   flamingo.inference.masked_ps.MaskedTSZTheory : 0.0164859 s (34771 evaluations, 573.232 s total)
[mcmc]  - Acceptance rate: 0.480
[mcmc]  - Convergence of means: R-1 = 0.031573 after 13696 accepted steps
[mcmc]  - Updated covariance matrix of proposal pdf.
[mcmc] Learn + convergence test @ 17160 samples accepted.
[likelihoodcollection] Average computation time:
   flamingo.inference.masked_ps.MaskedBandPowerLikelihood : 5.29635e-05 s (34859 evaluations, 1.84625 s total)
[theorycollection] Average computation time:
   flamingo.inference.masked_ps.MaskedTSZTheory : 0.0164869 s (34859 evaluations, 574.717 s total)
[mcmc]  - Acceptance rate: 0.480
[mcmc]  - Convergence of means: R-1 = 0.029829 after 13728 accepted steps
[mcmc]  - Updated covariance matrix of proposal pdf.
[mcmc] Learn + convergence test @ 17200 samples accepted.
[likelihoodcollection] Average computation time:
   flamingo.inference.masked_ps.MaskedBandPowerLikelihood : 5.29552e-05 s (34926 evaluations, 1.84951 s total)
[theorycollection] Average computation time:
   flamingo.inference.masked_ps.MaskedTSZTheory : 0.0164865 s (34926 evaluations, 575.808 s total)
[mcmc]  - Acceptance rate: 0.480
[mcmc]  - Convergence of means: R-1 = 0.030185 after 13760 accepted steps
[mcmc]  - Updated covariance matrix of proposal pdf.
[mcmc] Learn + convergence test @ 17240 samples accepted.
[likelihoodcollection] Average computation time:
   flamingo.inference.masked_ps.MaskedBandPowerLikelihood : 5.2955e-05 s (34998 evaluations, 1.85332 s total)
[theorycollection] Average computation time:
   flamingo.inference.masked_ps.MaskedTSZTheory : 0.0164859 s (34998 evaluations, 576.973 s total)
[mcmc]  - Acceptance rate: 0.480
[mcmc]  - Convergence of means: R-1 = 0.032074 after 13792 accepted steps
[mcmc]  - Updated covariance matrix of proposal pdf.
[mcmc] Learn + convergence test @ 17280 samples accepted.
[likelihoodcollection] Average computation time:
   flamingo.inference.masked_ps.MaskedBandPowerLikelihood : 5.29596e-05 s (35064 evaluations, 1.85697 s total)
[theorycollection] Average computation time:
   flamingo.inference.masked_ps.MaskedTSZTheory : 0.0164855 s (35064 evaluations, 578.048 s total)
[mcmc]  - Acceptance rate: 0.480
[mcmc]  - Convergence of means: R-1 = 0.034691 after 13824 accepted steps
[mcmc]  - Updated covariance matrix of proposal pdf.
[mcmc] Learn + convergence test @ 17320 samples accepted.
[likelihoodcollection] Average computation time:
   flamingo.inference.masked_ps.MaskedBandPowerLikelihood : 5.29703e-05 s (35160 evaluations, 1.86243 s total)
[theorycollection] Average computation time:
   flamingo.inference.masked_ps.MaskedTSZTheory : 0.0164861 s (35160 evaluations, 579.652 s total)
[mcmc]  - Acceptance rate: 0.480
[mcmc]  - Convergence of means: R-1 = 0.037411 after 13856 accepted steps
[mcmc]  - Updated covariance matrix of proposal pdf.
[mcmc] Learn + convergence test @ 17360 samples accepted.
[likelihoodcollection] Average computation time:
   flamingo.inference.masked_ps.MaskedBandPowerLikelihood : 5.29808e-05 s (35261 evaluations, 1.86815 s total)
[theorycollection] Average computation time:
   flamingo.inference.masked_ps.MaskedTSZTheory : 0.0164862 s (35261 evaluations, 581.319 s total)
[mcmc]  - Acceptance rate: 0.480
[mcmc]  - Convergence of means: R-1 = 0.039117 after 13888 accepted steps
[mcmc]  - Updated covariance matrix of proposal pdf.
[mcmc] Learn + convergence test @ 17400 samples accepted.
[likelihoodcollection] Average computation time:
   flamingo.inference.masked_ps.MaskedBandPowerLikelihood : 5.29829e-05 s (35340 evaluations, 1.87242 s total)
[theorycollection] Average computation time:
   flamingo.inference.masked_ps.MaskedTSZTheory : 0.0164868 s (35340 evaluations, 582.643 s total)
[mcmc]  - Acceptance rate: 0.480
[mcmc]  - Convergence of means: R-1 = 0.038393 after 13920 accepted steps
[mcmc]  - Updated covariance matrix of proposal pdf.
[mcmc] Learn + convergence test @ 17440 samples accepted.
[likelihoodcollection] Average computation time:
   flamingo.inference.masked_ps.MaskedBandPowerLikelihood : 5.29818e-05 s (35420 evaluations, 1.87662 s total)
[theorycollection] Average computation time:
   flamingo.inference.masked_ps.MaskedTSZTheory : 0.0164864 s (35420 evaluations, 583.949 s total)
[mcmc]  - Acceptance rate: 0.480
[mcmc]  - Convergence of means: R-1 = 0.039738 after 13952 accepted steps
[mcmc]  - Updated covariance matrix of proposal pdf.
[mcmc] Learn + convergence test @ 17480 samples accepted.
[likelihoodcollection] Average computation time:
   flamingo.inference.masked_ps.MaskedBandPowerLikelihood : 5.29775e-05 s (35506 evaluations, 1.88102 s total)
[theorycollection] Average computation time:
   flamingo.inference.masked_ps.MaskedTSZTheory : 0.0164864 s (35506 evaluations, 585.365 s total)
[mcmc]  - Acceptance rate: 0.480
[mcmc]  - Convergence of means: R-1 = 0.040058 after 13984 accepted steps
[mcmc]  - Updated covariance matrix of proposal pdf.
[mcmc] Progress @ 2026-08-03 01:35:35 : 36003 steps taken, and 17517 accepted.
[mcmc] Learn + convergence test @ 17520 samples accepted.
[likelihoodcollection] Average computation time:
   flamingo.inference.masked_ps.MaskedBandPowerLikelihood : 5.29814e-05 s (35599 evaluations, 1.88609 s total)
[theorycollection] Average computation time:
   flamingo.inference.masked_ps.MaskedTSZTheory : 0.0164866 s (35599 evaluations, 586.905 s total)
[mcmc]  - Acceptance rate: 0.480
[mcmc]  - Convergence of means: R-1 = 0.039133 after 14016 accepted steps
[mcmc]  - Updated covariance matrix of proposal pdf.
[mcmc] Learn + convergence test @ 17560 samples accepted.
[likelihoodcollection] Average computation time:
   flamingo.inference.masked_ps.MaskedBandPowerLikelihood : 5.29793e-05 s (35702 evaluations, 1.89147 s total)
[theorycollection] Average computation time:
   flamingo.inference.masked_ps.MaskedTSZTheory : 0.016486 s (35702 evaluations, 588.585 s total)
[mcmc]  - Acceptance rate: 0.479
[mcmc]  - Convergence of means: R-1 = 0.038177 after 14048 accepted steps
[mcmc]  - Updated covariance matrix of proposal pdf.
[mcmc] Learn + convergence test @ 17600 samples accepted.
[likelihoodcollection] Average computation time:
   flamingo.inference.masked_ps.MaskedBandPowerLikelihood : 5.29778e-05 s (35782 evaluations, 1.89565 s total)
[theorycollection] Average computation time:
   flamingo.inference.masked_ps.MaskedTSZTheory : 0.0164869 s (35782 evaluations, 589.935 s total)
[mcmc]  - Acceptance rate: 0.479
[mcmc]  - Convergence of means: R-1 = 0.037456 after 14080 accepted steps
[mcmc]  - Updated covariance matrix of proposal pdf.
[mcmc] Learn + convergence test @ 17640 samples accepted.
[likelihoodcollection] Average computation time:
   flamingo.inference.masked_ps.MaskedBandPowerLikelihood : 5.29686e-05 s (35864 evaluations, 1.89967 s total)
[theorycollection] Average computation time:
   flamingo.inference.masked_ps.MaskedTSZTheory : 0.0164867 s (35864 evaluations, 591.278 s total)
[mcmc]  - Acceptance rate: 0.479
[mcmc]  - Convergence of means: R-1 = 0.037630 after 14112 accepted steps
[mcmc]  - Updated covariance matrix of proposal pdf.
[mcmc] Learn + convergence test @ 17680 samples accepted.
[likelihoodcollection] Average computation time:
   flamingo.inference.masked_ps.MaskedBandPowerLikelihood : 5.29627e-05 s (35938 evaluations, 1.90337 s total)
[theorycollection] Average computation time:
   flamingo.inference.masked_ps.MaskedTSZTheory : 0.016487 s (35938 evaluations, 592.509 s total)
[mcmc]  - Acceptance rate: 0.479
[mcmc]  - Convergence of means: R-1 = 0.036875 after 14144 accepted steps
[mcmc]  - Updated covariance matrix of proposal pdf.
[mcmc] Learn + convergence test @ 17720 samples accepted.
[likelihoodcollection] Average computation time:
   flamingo.inference.masked_ps.MaskedBandPowerLikelihood : 5.29527e-05 s (36029 evaluations, 1.90783 s total)
[theorycollection] Average computation time:
   flamingo.inference.masked_ps.MaskedTSZTheory : 0.0164866 s (36029 evaluations, 593.997 s total)
[mcmc]  - Acceptance rate: 0.479
[mcmc]  - Convergence of means: R-1 = 0.037010 after 14176 accepted steps
[mcmc]  - Updated covariance matrix of proposal pdf.
[mcmc] Learn + convergence test @ 17760 samples accepted.
[likelihoodcollection] Average computation time:
   flamingo.inference.masked_ps.MaskedBandPowerLikelihood : 5.29505e-05 s (36114 evaluations, 1.91226 s total)
[theorycollection] Average computation time:
   flamingo.inference.masked_ps.MaskedTSZTheory : 0.0164866 s (36114 evaluations, 595.398 s total)
[mcmc]  - Acceptance rate: 0.479
[mcmc]  - Convergence of means: R-1 = 0.036283 after 14208 accepted steps
[mcmc]  - Updated covariance matrix of proposal pdf.
[mcmc] Learn + convergence test @ 17800 samples accepted.
[likelihoodcollection] Average computation time:
   flamingo.inference.masked_ps.MaskedBandPowerLikelihood : 5.29504e-05 s (36191 evaluations, 1.91633 s total)
[theorycollection] Average computation time:
   flamingo.inference.masked_ps.MaskedTSZTheory : 0.016487 s (36191 evaluations, 596.68 s total)
[mcmc]  - Acceptance rate: 0.480
[mcmc]  - Convergence of means: R-1 = 0.041247 after 14240 accepted steps
[mcmc]  - Updated covariance matrix of proposal pdf.
[mcmc] Learn + convergence test @ 17840 samples accepted.
[likelihoodcollection] Average computation time:
   flamingo.inference.masked_ps.MaskedBandPowerLikelihood : 5.29489e-05 s (36281 evaluations, 1.92104 s total)
[theorycollection] Average computation time:
   flamingo.inference.masked_ps.MaskedTSZTheory : 0.0164873 s (36281 evaluations, 598.175 s total)
[mcmc]  - Acceptance rate: 0.479
[mcmc]  - Convergence of means: R-1 = 0.042327 after 14272 accepted steps
[mcmc]  - Updated covariance matrix of proposal pdf.
[mcmc] Learn + convergence test @ 17880 samples accepted.
[likelihoodcollection] Average computation time:
   flamingo.inference.masked_ps.MaskedBandPowerLikelihood : 5.29532e-05 s (36362 evaluations, 1.92548 s total)
[theorycollection] Average computation time:
   flamingo.inference.masked_ps.MaskedTSZTheory : 0.0164875 s (36362 evaluations, 599.518 s total)
[mcmc]  - Acceptance rate: 0.479
[mcmc]  - Convergence of means: R-1 = 0.042359 after 14304 accepted steps
[mcmc]  - Updated covariance matrix of proposal pdf.
[mcmc] Learn + convergence test @ 17920 samples accepted.
[likelihoodcollection] Average computation time:
   flamingo.inference.masked_ps.MaskedBandPowerLikelihood : 5.29498e-05 s (36450 evaluations, 1.93002 s total)
[theorycollection] Average computation time:
   flamingo.inference.masked_ps.MaskedTSZTheory : 0.0164878 s (36450 evaluations, 600.98 s total)
[mcmc]  - Acceptance rate: 0.479
[mcmc]  - Convergence of means: R-1 = 0.042334 after 14336 accepted steps
[mcmc]  - Updated covariance matrix of proposal pdf.
[mcmc] Learn + convergence test @ 17960 samples accepted.
[likelihoodcollection] Average computation time:
   flamingo.inference.masked_ps.MaskedBandPowerLikelihood : 5.29511e-05 s (36526 evaluations, 1.93409 s total)
[theorycollection] Average computation time:
   flamingo.inference.masked_ps.MaskedTSZTheory : 0.0164879 s (36526 evaluations, 602.239 s total)
[mcmc]  - Acceptance rate: 0.479
[mcmc]  - Convergence of means: R-1 = 0.042904 after 14368 accepted steps
[mcmc]  - Updated covariance matrix of proposal pdf.
[mcmc] Learn + convergence test @ 18000 samples accepted.
[likelihoodcollection] Average computation time:
   flamingo.inference.masked_ps.MaskedBandPowerLikelihood : 5.29488e-05 s (36605 evaluations, 1.93819 s total)
[theorycollection] Average computation time:
   flamingo.inference.masked_ps.MaskedTSZTheory : 0.0164881 s (36605 evaluations, 603.546 s total)
[mcmc]  - Acceptance rate: 0.479
[mcmc]  - Convergence of means: R-1 = 0.045410 after 14400 accepted steps
[mcmc]  - Updated covariance matrix of proposal pdf.
[mcmc] Learn + convergence test @ 18040 samples accepted.
[likelihoodcollection] Average computation time:
   flamingo.inference.masked_ps.MaskedBandPowerLikelihood : 5.29472e-05 s (36692 evaluations, 1.94274 s total)
[theorycollection] Average computation time:
   flamingo.inference.masked_ps.MaskedTSZTheory : 0.0164882 s (36692 evaluations, 604.986 s total)
[mcmc]  - Acceptance rate: 0.479
[mcmc]  - Convergence of means: R-1 = 0.047049 after 14432 accepted steps
[mcmc]  - Updated covariance matrix of proposal pdf.
[mcmc] Learn + convergence test @ 18080 samples accepted.
[likelihoodcollection] Average computation time:
   flamingo.inference.masked_ps.MaskedBandPowerLikelihood : 5.29409e-05 s (36793 evaluations, 1.94785 s total)
[theorycollection] Average computation time:
   flamingo.inference.masked_ps.MaskedTSZTheory : 0.0164885 s (36793 evaluations, 606.661 s total)
[mcmc]  - Acceptance rate: 0.479
[mcmc]  - Convergence of means: R-1 = 0.043824 after 14464 accepted steps
[mcmc]  - Updated covariance matrix of proposal pdf.
[mcmc] Learn + convergence test @ 18120 samples accepted.
[likelihoodcollection] Average computation time:
   flamingo.inference.masked_ps.MaskedBandPowerLikelihood : 5.2938e-05 s (36872 evaluations, 1.95193 s total)
[theorycollection] Average computation time:
   flamingo.inference.masked_ps.MaskedTSZTheory : 0.0164883 s (36872 evaluations, 607.955 s total)
[mcmc]  - Acceptance rate: 0.479
[mcmc]  - Convergence of means: R-1 = 0.042690 after 14496 accepted steps
[mcmc]  - Updated covariance matrix of proposal pdf.
[mcmc] Learn + convergence test @ 18160 samples accepted.
[likelihoodcollection] Average computation time:
   flamingo.inference.masked_ps.MaskedBandPowerLikelihood : 5.29449e-05 s (36942 evaluations, 1.95589 s total)
[theorycollection] Average computation time:
   flamingo.inference.masked_ps.MaskedTSZTheory : 0.0164885 s (36942 evaluations, 609.117 s total)
[mcmc]  - Acceptance rate: 0.479
[mcmc]  - Convergence of means: R-1 = 0.042226 after 14528 accepted steps
[mcmc]  - Updated covariance matrix of proposal pdf.
[mcmc] Learn + convergence test @ 18200 samples accepted.
[likelihoodcollection] Average computation time:
   flamingo.inference.masked_ps.MaskedBandPowerLikelihood : 5.29484e-05 s (37032 evaluations, 1.96079 s total)
[theorycollection] Average computation time:
   flamingo.inference.masked_ps.MaskedTSZTheory : 0.0164885 s (37032 evaluations, 610.602 s total)
[mcmc]  - Acceptance rate: 0.479
[mcmc]  - Convergence of means: R-1 = 0.041052 after 14560 accepted steps
[mcmc]  - Updated covariance matrix of proposal pdf.
[mcmc] Learn + convergence test @ 18240 samples accepted.
[likelihoodcollection] Average computation time:
   flamingo.inference.masked_ps.MaskedBandPowerLikelihood : 5.29464e-05 s (37120 evaluations, 1.96537 s total)
[theorycollection] Average computation time:
   flamingo.inference.masked_ps.MaskedTSZTheory : 0.0164885 s (37120 evaluations, 612.055 s total)
[mcmc]  - Acceptance rate: 0.479
[mcmc]  - Convergence of means: R-1 = 0.041732 after 14592 accepted steps
[mcmc]  - Updated covariance matrix of proposal pdf.
[mcmc] Learn + convergence test @ 18280 samples accepted.
[likelihoodcollection] Average computation time:
   flamingo.inference.masked_ps.MaskedBandPowerLikelihood : 5.29498e-05 s (37206 evaluations, 1.97005 s total)
[theorycollection] Average computation time:
   flamingo.inference.masked_ps.MaskedTSZTheory : 0.0164888 s (37206 evaluations, 613.484 s total)
[mcmc]  - Acceptance rate: 0.479
[mcmc]  - Convergence of means: R-1 = 0.042956 after 14624 accepted steps
[mcmc]  - Updated covariance matrix of proposal pdf.
[mcmc] Learn + convergence test @ 18320 samples accepted.
[likelihoodcollection] Average computation time:
   flamingo.inference.masked_ps.MaskedBandPowerLikelihood : 5.29617e-05 s (37278 evaluations, 1.97431 s total)
[theorycollection] Average computation time:
   flamingo.inference.masked_ps.MaskedTSZTheory : 0.0164894 s (37278 evaluations, 614.693 s total)
[mcmc]  - Acceptance rate: 0.479
[mcmc]  - Convergence of means: R-1 = 0.040535 after 14656 accepted steps
[mcmc]  - Updated covariance matrix of proposal pdf.
[mcmc] Learn + convergence test @ 18360 samples accepted.
[likelihoodcollection] Average computation time:
   flamingo.inference.masked_ps.MaskedBandPowerLikelihood : 5.29807e-05 s (37369 evaluations, 1.97984 s total)
[theorycollection] Average computation time:
   flamingo.inference.masked_ps.MaskedTSZTheory : 0.0164899 s (37369 evaluations, 616.209 s total)
[mcmc]  - Acceptance rate: 0.479
[mcmc]  - Convergence of means: R-1 = 0.039593 after 14688 accepted steps
[mcmc]  - Updated covariance matrix of proposal pdf.
[mcmc] Learn + convergence test @ 18400 samples accepted.
[likelihoodcollection] Average computation time:
   flamingo.inference.masked_ps.MaskedBandPowerLikelihood : 5.29878e-05 s (37454 evaluations, 1.9846 s total)
[theorycollection] Average computation time:
   flamingo.inference.masked_ps.MaskedTSZTheory : 0.01649 s (37454 evaluations, 617.616 s total)
[mcmc]  - Acceptance rate: 0.479
[mcmc]  - Convergence of means: R-1 = 0.036049 after 14720 accepted steps
[mcmc]  - Updated covariance matrix of proposal pdf.
[mcmc] Learn + convergence test @ 18440 samples accepted.
[likelihoodcollection] Average computation time:
   flamingo.inference.masked_ps.MaskedBandPowerLikelihood : 5.29909e-05 s (37542 evaluations, 1.98939 s total)
[theorycollection] Average computation time:
   flamingo.inference.masked_ps.MaskedTSZTheory : 0.0164897 s (37542 evaluations, 619.057 s total)
[mcmc]  - Acceptance rate: 0.478
[mcmc]  - Convergence of means: R-1 = 0.033794 after 14752 accepted steps
[mcmc]  - Updated covariance matrix of proposal pdf.
[mcmc] Learn + convergence test @ 18480 samples accepted.
[likelihoodcollection] Average computation time:
   flamingo.inference.masked_ps.MaskedBandPowerLikelihood : 5.2988e-05 s (37629 evaluations, 1.99388 s total)
[theorycollection] Average computation time:
   flamingo.inference.masked_ps.MaskedTSZTheory : 0.0164899 s (37629 evaluations, 620.5 s total)
[mcmc]  - Acceptance rate: 0.478
[mcmc]  - Convergence of means: R-1 = 0.034744 after 14784 accepted steps
[mcmc]  - Updated covariance matrix of proposal pdf.
[mcmc] Learn + convergence test @ 18520 samples accepted.
[likelihoodcollection] Average computation time:
   flamingo.inference.masked_ps.MaskedBandPowerLikelihood : 5.2988e-05 s (37708 evaluations, 1.99807 s total)
[theorycollection] Average computation time:
   flamingo.inference.masked_ps.MaskedTSZTheory : 0.0164898 s (37708 evaluations, 621.796 s total)
[mcmc]  - Acceptance rate: 0.478
[mcmc]  - Convergence of means: R-1 = 0.038486 after 14816 accepted steps
[mcmc]  - Updated covariance matrix of proposal pdf.
[mcmc] Learn + convergence test @ 18560 samples accepted.
[likelihoodcollection] Average computation time:
   flamingo.inference.masked_ps.MaskedBandPowerLikelihood : 5.29956e-05 s (37790 evaluations, 2.0027 s total)
[theorycollection] Average computation time:
   flamingo.inference.masked_ps.MaskedTSZTheory : 0.0164905 s (37790 evaluations, 623.177 s total)
[mcmc]  - Acceptance rate: 0.478
[mcmc]  - Convergence of means: R-1 = 0.037987 after 14848 accepted steps
[mcmc]  - Updated covariance matrix of proposal pdf.
[mcmc] Learn + convergence test @ 18600 samples accepted.
[likelihoodcollection] Average computation time:
   flamingo.inference.masked_ps.MaskedBandPowerLikelihood : 5.29931e-05 s (37878 evaluations, 2.00727 s total)
[theorycollection] Average computation time:
   flamingo.inference.masked_ps.MaskedTSZTheory : 0.0164907 s (37878 evaluations, 624.636 s total)
[mcmc]  - Acceptance rate: 0.478
[mcmc]  - Convergence of means: R-1 = 0.039254 after 14880 accepted steps
[mcmc]  - Updated covariance matrix of proposal pdf.
[mcmc] Learn + convergence test @ 18640 samples accepted.
[likelihoodcollection] Average computation time:
   flamingo.inference.masked_ps.MaskedBandPowerLikelihood : 5.30038e-05 s (37962 evaluations, 2.01213 s total)
[theorycollection] Average computation time:
   flamingo.inference.masked_ps.MaskedTSZTheory : 0.0164911 s (37962 evaluations, 626.035 s total)
[mcmc]  - Acceptance rate: 0.478
[mcmc]  - Convergence of means: R-1 = 0.038920 after 14912 accepted steps
[mcmc]  - Updated covariance matrix of proposal pdf.
[mcmc] Learn + convergence test @ 18680 samples accepted.
[likelihoodcollection] Average computation time:
   flamingo.inference.masked_ps.MaskedBandPowerLikelihood : 5.30019e-05 s (38044 evaluations, 2.0164 s total)
[theorycollection] Average computation time:
   flamingo.inference.masked_ps.MaskedTSZTheory : 0.0164909 s (38044 evaluations, 627.38 s total)
[mcmc]  - Acceptance rate: 0.478
[mcmc]  - Convergence of means: R-1 = 0.040263 after 14944 accepted steps
[mcmc]  - Updated covariance matrix of proposal pdf.
[mcmc] Learn + convergence test @ 18720 samples accepted.
[likelihoodcollection] Average computation time:
   flamingo.inference.masked_ps.MaskedBandPowerLikelihood : 5.30058e-05 s (38120 evaluations, 2.02058 s total)
[theorycollection] Average computation time:
   flamingo.inference.masked_ps.MaskedTSZTheory : 0.0164911 s (38120 evaluations, 628.639 s total)
[mcmc]  - Acceptance rate: 0.478
[mcmc]  - Convergence of means: R-1 = 0.041462 after 14976 accepted steps
[mcmc]  - Updated covariance matrix of proposal pdf.
[mcmc] Learn + convergence test @ 18760 samples accepted.
[likelihoodcollection] Average computation time:
   flamingo.inference.masked_ps.MaskedBandPowerLikelihood : 5.30105e-05 s (38210 evaluations, 2.02553 s total)
[theorycollection] Average computation time:
   flamingo.inference.masked_ps.MaskedTSZTheory : 0.016491 s (38210 evaluations, 630.12 s total)
[mcmc]  - Acceptance rate: 0.478
[mcmc]  - Convergence of means: R-1 = 0.039324 after 15008 accepted steps
[mcmc]  - Updated covariance matrix of proposal pdf.
[mcmc] Learn + convergence test @ 18800 samples accepted.
[likelihoodcollection] Average computation time:
   flamingo.inference.masked_ps.MaskedBandPowerLikelihood : 5.30143e-05 s (38282 evaluations, 2.0295 s total)
[theorycollection] Average computation time:
   flamingo.inference.masked_ps.MaskedTSZTheory : 0.0164906 s (38282 evaluations, 631.293 s total)
[mcmc]  - Acceptance rate: 0.478
[mcmc]  - Convergence of means: R-1 = 0.037440 after 15040 accepted steps
[mcmc]  - Updated covariance matrix of proposal pdf.
[mcmc] Learn + convergence test @ 18840 samples accepted.
[likelihoodcollection] Average computation time:
   flamingo.inference.masked_ps.MaskedBandPowerLikelihood : 5.30128e-05 s (38359 evaluations, 2.03352 s total)
[theorycollection] Average computation time:
   flamingo.inference.masked_ps.MaskedTSZTheory : 0.0164896 s (38359 evaluations, 632.523 s total)
[mcmc]  - Acceptance rate: 0.479
[mcmc]  - Convergence of means: R-1 = 0.036012 after 15072 accepted steps
[mcmc]  - Updated covariance matrix of proposal pdf.
[mcmc] Learn + convergence test @ 18880 samples accepted.
[likelihoodcollection] Average computation time:
   flamingo.inference.masked_ps.MaskedBandPowerLikelihood : 5.30133e-05 s (38429 evaluations, 2.03725 s total)
[theorycollection] Average computation time:
   flamingo.inference.masked_ps.MaskedTSZTheory : 0.0164895 s (38429 evaluations, 633.675 s total)
[mcmc]  - Acceptance rate: 0.479
[mcmc]  - Convergence of means: R-1 = 0.035137 after 15104 accepted steps
[mcmc]  - Updated covariance matrix of proposal pdf.
[mcmc] Learn + convergence test @ 18920 samples accepted.
[likelihoodcollection] Average computation time:
   flamingo.inference.masked_ps.MaskedBandPowerLikelihood : 5.30136e-05 s (38516 evaluations, 2.04187 s total)
[theorycollection] Average computation time:
   flamingo.inference.masked_ps.MaskedTSZTheory : 0.0164895 s (38516 evaluations, 635.109 s total)
[mcmc]  - Acceptance rate: 0.479
[mcmc]  - Convergence of means: R-1 = 0.034831 after 15136 accepted steps
[mcmc]  - Updated covariance matrix of proposal pdf.
[mcmc] Learn + convergence test @ 18960 samples accepted.
[likelihoodcollection] Average computation time:
   flamingo.inference.masked_ps.MaskedBandPowerLikelihood : 5.30138e-05 s (38599 evaluations, 2.04628 s total)
[theorycollection] Average computation time:
   flamingo.inference.masked_ps.MaskedTSZTheory : 0.0164891 s (38599 evaluations, 636.464 s total)
[mcmc]  - Acceptance rate: 0.479
[mcmc]  - Convergence of means: R-1 = 0.032182 after 15168 accepted steps
[mcmc]  - Updated covariance matrix of proposal pdf.
[mcmc] Learn + convergence test @ 19000 samples accepted.
[likelihoodcollection] Average computation time:
   flamingo.inference.masked_ps.MaskedBandPowerLikelihood : 5.30063e-05 s (38678 evaluations, 2.05018 s total)
[theorycollection] Average computation time:
   flamingo.inference.masked_ps.MaskedTSZTheory : 0.0164891 s (38678 evaluations, 637.765 s total)
[mcmc]  - Acceptance rate: 0.479
[mcmc]  - Convergence of means: R-1 = 0.032371 after 15200 accepted steps
[mcmc]  - Updated covariance matrix of proposal pdf.
[mcmc] Learn + convergence test @ 19040 samples accepted.
[likelihoodcollection] Average computation time:
   flamingo.inference.masked_ps.MaskedBandPowerLikelihood : 5.30044e-05 s (38752 evaluations, 2.05403 s total)
[theorycollection] Average computation time:
   flamingo.inference.masked_ps.MaskedTSZTheory : 0.0164888 s (38752 evaluations, 638.973 s total)
[mcmc]  - Acceptance rate: 0.479
[mcmc]  - Convergence of means: R-1 = 0.030076 after 15232 accepted steps
[mcmc]  - Updated covariance matrix of proposal pdf.
[mcmc] Learn + convergence test @ 19080 samples accepted.
[likelihoodcollection] Average computation time:
   flamingo.inference.masked_ps.MaskedBandPowerLikelihood : 5.30034e-05 s (38827 evaluations, 2.05796 s total)
[theorycollection] Average computation time:
   flamingo.inference.masked_ps.MaskedTSZTheory : 0.016488 s (38827 evaluations, 640.181 s total)
[mcmc]  - Acceptance rate: 0.479
[mcmc]  - Convergence of means: R-1 = 0.027069 after 15264 accepted steps
[mcmc]  - Updated covariance matrix of proposal pdf.
[mcmc] Learn + convergence test @ 19120 samples accepted.
[likelihoodcollection] Average computation time:
   flamingo.inference.masked_ps.MaskedBandPowerLikelihood : 5.30045e-05 s (38896 evaluations, 2.06166 s total)
[theorycollection] Average computation time:
   flamingo.inference.masked_ps.MaskedTSZTheory : 0.0164882 s (38896 evaluations, 641.325 s total)
[mcmc]  - Acceptance rate: 0.479
[mcmc]  - Convergence of means: R-1 = 0.026677 after 15296 accepted steps
[mcmc]  - Updated covariance matrix of proposal pdf.
[mcmc] Learn + convergence test @ 19160 samples accepted.
[likelihoodcollection] Average computation time:
   flamingo.inference.masked_ps.MaskedBandPowerLikelihood : 5.30073e-05 s (38973 evaluations, 2.06586 s total)
[theorycollection] Average computation time:
   flamingo.inference.masked_ps.MaskedTSZTheory : 0.0164886 s (38973 evaluations, 642.608 s total)
[mcmc]  - Acceptance rate: 0.479
[mcmc]  - Convergence of means: R-1 = 0.026066 after 15328 accepted steps
[mcmc]  - Updated covariance matrix of proposal pdf.
[mcmc] Learn + convergence test @ 19200 samples accepted.
[likelihoodcollection] Average computation time:
   flamingo.inference.masked_ps.MaskedBandPowerLikelihood : 5.30078e-05 s (39054 evaluations, 2.07017 s total)
[theorycollection] Average computation time:
   flamingo.inference.masked_ps.MaskedTSZTheory : 0.0164881 s (39054 evaluations, 643.925 s total)
[mcmc]  - Acceptance rate: 0.479
[mcmc]  - Convergence of means: R-1 = 0.024712 after 15360 accepted steps
[mcmc]  - Updated covariance matrix of proposal pdf.
[mcmc] Learn + convergence test @ 19240 samples accepted.
[likelihoodcollection] Average computation time:
   flamingo.inference.masked_ps.MaskedBandPowerLikelihood : 5.30116e-05 s (39133 evaluations, 2.0745 s total)
[theorycollection] Average computation time:
   flamingo.inference.masked_ps.MaskedTSZTheory : 0.0164884 s (39133 evaluations, 645.242 s total)
[mcmc]  - Acceptance rate: 0.479
[mcmc]  - Convergence of means: R-1 = 0.025996 after 15392 accepted steps
[mcmc]  - Updated covariance matrix of proposal pdf.
[mcmc] Progress @ 2026-08-03 01:36:35 : 39610 steps taken, and 19245 accepted.
[mcmc] Learn + convergence test @ 19280 samples accepted.
[likelihoodcollection] Average computation time:
   flamingo.inference.masked_ps.MaskedBandPowerLikelihood : 5.30086e-05 s (39212 evaluations, 2.07857 s total)
[theorycollection] Average computation time:
   flamingo.inference.masked_ps.MaskedTSZTheory : 0.0164884 s (39212 evaluations, 646.542 s total)
[mcmc]  - Acceptance rate: 0.479
[mcmc]  - Convergence of means: R-1 = 0.025748 after 15424 accepted steps
[mcmc]  - Updated covariance matrix of proposal pdf.
[mcmc] Learn + convergence test @ 19320 samples accepted.
[likelihoodcollection] Average computation time:
   flamingo.inference.masked_ps.MaskedBandPowerLikelihood : 5.30161e-05 s (39294 evaluations, 2.08322 s total)
[theorycollection] Average computation time:
   flamingo.inference.masked_ps.MaskedTSZTheory : 0.0164881 s (39294 evaluations, 647.883 s total)
[mcmc]  - Acceptance rate: 0.479
[mcmc]  - Convergence of means: R-1 = 0.025947 after 15456 accepted steps
[mcmc]  - Updated covariance matrix of proposal pdf.
[mcmc] Learn + convergence test @ 19360 samples accepted.
[likelihoodcollection] Average computation time:
   flamingo.inference.masked_ps.MaskedBandPowerLikelihood : 5.30082e-05 s (39386 evaluations, 2.08778 s total)
[theorycollection] Average computation time:
   flamingo.inference.masked_ps.MaskedTSZTheory : 0.0164881 s (39386 evaluations, 649.402 s total)
[mcmc]  - Acceptance rate: 0.479
[mcmc]  - Convergence of means: R-1 = 0.024656 after 15488 accepted steps
[mcmc]  - Updated covariance matrix of proposal pdf.
[mcmc] Learn + convergence test @ 19400 samples accepted.
[likelihoodcollection] Average computation time:
   flamingo.inference.masked_ps.MaskedBandPowerLikelihood : 5.30016e-05 s (39454 evaluations, 2.09113 s total)
[theorycollection] Average computation time:
   flamingo.inference.masked_ps.MaskedTSZTheory : 0.0164878 s (39454 evaluations, 650.509 s total)
[mcmc]  - Acceptance rate: 0.479
[mcmc]  - Convergence of means: R-1 = 0.026488 after 15520 accepted steps
[mcmc]  - Updated covariance matrix of proposal pdf.
[mcmc] Learn + convergence test @ 19440 samples accepted.
[likelihoodcollection] Average computation time:
   flamingo.inference.masked_ps.MaskedBandPowerLikelihood : 5.29962e-05 s (39531 evaluations, 2.09499 s total)
[theorycollection] Average computation time:
   flamingo.inference.masked_ps.MaskedTSZTheory : 0.0164876 s (39531 evaluations, 651.772 s total)
[mcmc]  - Acceptance rate: 0.479
[mcmc]  - Convergence of means: R-1 = 0.024998 after 15552 accepted steps
[mcmc]  - Updated covariance matrix of proposal pdf.
[mcmc] Learn + convergence test @ 19480 samples accepted.
[likelihoodcollection] Average computation time:
   flamingo.inference.masked_ps.MaskedBandPowerLikelihood : 5.2999e-05 s (39607 evaluations, 2.09913 s total)
[theorycollection] Average computation time:
   flamingo.inference.masked_ps.MaskedTSZTheory : 0.0164881 s (39607 evaluations, 653.045 s total)
[mcmc]  - Acceptance rate: 0.480
[mcmc]  - Convergence of means: R-1 = 0.025419 after 15584 accepted steps
[mcmc]  - Updated covariance matrix of proposal pdf.
[mcmc] Learn + convergence test @ 19520 samples accepted.
[likelihoodcollection] Average computation time:
   flamingo.inference.masked_ps.MaskedBandPowerLikelihood : 5.30047e-05 s (39693 evaluations, 2.10392 s total)
[theorycollection] Average computation time:
   flamingo.inference.masked_ps.MaskedTSZTheory : 0.0164883 s (39693 evaluations, 654.471 s total)
[mcmc]  - Acceptance rate: 0.479
[mcmc]  - Convergence of means: R-1 = 0.027217 after 15616 accepted steps
[mcmc]  - Updated covariance matrix of proposal pdf.
[mcmc] Learn + convergence test @ 19560 samples accepted.
[likelihoodcollection] Average computation time:
   flamingo.inference.masked_ps.MaskedBandPowerLikelihood : 5.29993e-05 s (39759 evaluations, 2.1072 s total)
[theorycollection] Average computation time:
   flamingo.inference.masked_ps.MaskedTSZTheory : 0.0164879 s (39759 evaluations, 655.541 s total)
[mcmc]  - Acceptance rate: 0.480
[mcmc]  - Convergence of means: R-1 = 0.028154 after 15648 accepted steps
[mcmc]  - Updated covariance matrix of proposal pdf.
[mcmc] Learn + convergence test @ 19600 samples accepted.
[likelihoodcollection] Average computation time:
   flamingo.inference.masked_ps.MaskedBandPowerLikelihood : 5.30008e-05 s (39863 evaluations, 2.11277 s total)
[theorycollection] Average computation time:
   flamingo.inference.masked_ps.MaskedTSZTheory : 0.016488 s (39863 evaluations, 657.26 s total)
[mcmc]  - Acceptance rate: 0.479
[mcmc]  - Convergence of means: R-1 = 0.026669 after 15680 accepted steps
[mcmc]  - Updated covariance matrix of proposal pdf.
[mcmc] Learn + convergence test @ 19640 samples accepted.
[likelihoodcollection] Average computation time:
   flamingo.inference.masked_ps.MaskedBandPowerLikelihood : 5.3007e-05 s (39953 evaluations, 2.11779 s total)
[theorycollection] Average computation time:
   flamingo.inference.masked_ps.MaskedTSZTheory : 0.0164882 s (39953 evaluations, 658.755 s total)
[mcmc]  - Acceptance rate: 0.479
[mcmc]  - Convergence of means: R-1 = 0.026586 after 15712 accepted steps
[mcmc]  - Updated covariance matrix of proposal pdf.
[mcmc] Learn + convergence test @ 19680 samples accepted.
[likelihoodcollection] Average computation time:
   flamingo.inference.masked_ps.MaskedBandPowerLikelihood : 5.30028e-05 s (40056 evaluations, 2.12308 s total)
[theorycollection] Average computation time:
   flamingo.inference.masked_ps.MaskedTSZTheory : 0.0164878 s (40056 evaluations, 660.433 s total)
[mcmc]  - Acceptance rate: 0.479
[mcmc]  - Convergence of means: R-1 = 0.027086 after 15744 accepted steps
[mcmc]  - Updated covariance matrix of proposal pdf.
[mcmc] Learn + convergence test @ 19720 samples accepted.
[likelihoodcollection] Average computation time:
   flamingo.inference.masked_ps.MaskedBandPowerLikelihood : 5.30128e-05 s (40141 evaluations, 2.12799 s total)
[theorycollection] Average computation time:
   flamingo.inference.masked_ps.MaskedTSZTheory : 0.0164874 s (40141 evaluations, 661.822 s total)
[mcmc]  - Acceptance rate: 0.479
[mcmc]  - Convergence of means: R-1 = 0.027705 after 15776 accepted steps
[mcmc]  - Updated covariance matrix of proposal pdf.
[mcmc] Learn + convergence test @ 19760 samples accepted.
[likelihoodcollection] Average computation time:
   flamingo.inference.masked_ps.MaskedBandPowerLikelihood : 5.3005e-05 s (40227 evaluations, 2.13223 s total)
[theorycollection] Average computation time:
   flamingo.inference.masked_ps.MaskedTSZTheory : 0.0164865 s (40227 evaluations, 663.202 s total)
[mcmc]  - Acceptance rate: 0.479
[mcmc]  - Convergence of means: R-1 = 0.028391 after 15808 accepted steps
[mcmc]  - Updated covariance matrix of proposal pdf.
[mcmc] Learn + convergence test @ 19800 samples accepted.
[likelihoodcollection] Average computation time:
   flamingo.inference.masked_ps.MaskedBandPowerLikelihood : 5.30047e-05 s (40303 evaluations, 2.13625 s total)
[theorycollection] Average computation time:
   flamingo.inference.masked_ps.MaskedTSZTheory : 0.0164865 s (40303 evaluations, 664.456 s total)
[mcmc]  - Acceptance rate: 0.479
[mcmc]  - Convergence of means: R-1 = 0.028192 after 15840 accepted steps
[mcmc]  - Updated covariance matrix of proposal pdf.
[mcmc] Learn + convergence test @ 19840 samples accepted.
[likelihoodcollection] Average computation time:
   flamingo.inference.masked_ps.MaskedBandPowerLikelihood : 5.30072e-05 s (40378 evaluations, 2.14032 s total)
[theorycollection] Average computation time:
   flamingo.inference.masked_ps.MaskedTSZTheory : 0.0164869 s (40378 evaluations, 665.706 s total)
[mcmc]  - Acceptance rate: 0.479
[mcmc]  - Convergence of means: R-1 = 0.028207 after 15872 accepted steps
[mcmc]  - Updated covariance matrix of proposal pdf.
[mcmc] Learn + convergence test @ 19880 samples accepted.
[likelihoodcollection] Average computation time:
   flamingo.inference.masked_ps.MaskedBandPowerLikelihood : 5.30028e-05 s (40462 evaluations, 2.1446 s total)
[theorycollection] Average computation time:
   flamingo.inference.masked_ps.MaskedTSZTheory : 0.0164865 s (40462 evaluations, 667.077 s total)
[mcmc]  - Acceptance rate: 0.479
[mcmc]  - Convergence of means: R-1 = 0.030800 after 15904 accepted steps
[mcmc]  - Updated covariance matrix of proposal pdf.
[mcmc] Learn + convergence test @ 19920 samples accepted.
[likelihoodcollection] Average computation time:
   flamingo.inference.masked_ps.MaskedBandPowerLikelihood : 5.30031e-05 s (40536 evaluations, 2.14854 s total)
[theorycollection] Average computation time:
   flamingo.inference.masked_ps.MaskedTSZTheory : 0.0164858 s (40536 evaluations, 668.269 s total)
[mcmc]  - Acceptance rate: 0.479
[mcmc]  - Convergence of means: R-1 = 0.030497 after 15936 accepted steps
[mcmc]  - Updated covariance matrix of proposal pdf.
[mcmc] Learn + convergence test @ 19960 samples accepted.
[likelihoodcollection] Average computation time:
   flamingo.inference.masked_ps.MaskedBandPowerLikelihood : 5.30023e-05 s (40625 evaluations, 2.15322 s total)
[theorycollection] Average computation time:
   flamingo.inference.masked_ps.MaskedTSZTheory : 0.0164853 s (40625 evaluations, 669.714 s total)
[mcmc]  - Acceptance rate: 0.479
[mcmc]  - Convergence of means: R-1 = 0.029156 after 15968 accepted steps
[mcmc]  - Updated covariance matrix of proposal pdf.
[mcmc] Learn + convergence test @ 20000 samples accepted.
[likelihoodcollection] Average computation time:
   flamingo.inference.masked_ps.MaskedBandPowerLikelihood : 5.30068e-05 s (40709 evaluations, 2.15785 s total)
[theorycollection] Average computation time:
   flamingo.inference.masked_ps.MaskedTSZTheory : 0.0164856 s (40709 evaluations, 671.113 s total)
[mcmc]  - Acceptance rate: 0.479
[mcmc]  - Convergence of means: R-1 = 0.027365 after 16000 accepted steps
[mcmc]  - Updated covariance matrix of proposal pdf.
[mcmc] Learn + convergence test @ 20040 samples accepted.
[likelihoodcollection] Average computation time:
   flamingo.inference.masked_ps.MaskedBandPowerLikelihood : 5.30097e-05 s (40778 evaluations, 2.16163 s total)
[theorycollection] Average computation time:
   flamingo.inference.masked_ps.MaskedTSZTheory : 0.0164853 s (40778 evaluations, 672.237 s total)
[mcmc]  - Acceptance rate: 0.479
[mcmc]  - Convergence of means: R-1 = 0.025806 after 16032 accepted steps
[mcmc]  - Updated covariance matrix of proposal pdf.
[mcmc] Learn + convergence test @ 20080 samples accepted.
[likelihoodcollection] Average computation time:
   flamingo.inference.masked_ps.MaskedBandPowerLikelihood : 5.30044e-05 s (40875 evaluations, 2.16655 s total)
[theorycollection] Average computation time:
   flamingo.inference.masked_ps.MaskedTSZTheory : 0.0164849 s (40875 evaluations, 673.819 s total)
[mcmc]  - Acceptance rate: 0.479
[mcmc]  - Convergence of means: R-1 = 0.025529 after 16064 accepted steps
[mcmc]  - Updated covariance matrix of proposal pdf.
[mcmc] Learn + convergence test @ 20120 samples accepted.
[likelihoodcollection] Average computation time:
   flamingo.inference.masked_ps.MaskedBandPowerLikelihood : 5.29982e-05 s (40950 evaluations, 2.17028 s total)
[theorycollection] Average computation time:
   flamingo.inference.masked_ps.MaskedTSZTheory : 0.0164846 s (40950 evaluations, 675.046 s total)
[mcmc]  - Acceptance rate: 0.479
[mcmc]  - Convergence of means: R-1 = 0.021837 after 16096 accepted steps
[mcmc]  - Updated covariance matrix of proposal pdf.
[mcmc] Learn + convergence test @ 20160 samples accepted.
[likelihoodcollection] Average computation time:
   flamingo.inference.masked_ps.MaskedBandPowerLikelihood : 5.29868e-05 s (41027 evaluations, 2.17389 s total)
[theorycollection] Average computation time:
   flamingo.inference.masked_ps.MaskedTSZTheory : 0.0164841 s (41027 evaluations, 676.295 s total)
[mcmc]  - Acceptance rate: 0.479
[mcmc]  - Convergence of means: R-1 = 0.020713 after 16128 accepted steps
[mcmc]  - Updated covariance matrix of proposal pdf.
[mcmc] Learn + convergence test @ 20200 samples accepted.
[likelihoodcollection] Average computation time:
   flamingo.inference.masked_ps.MaskedBandPowerLikelihood : 5.29934e-05 s (41121 evaluations, 2.17914 s total)
[theorycollection] Average computation time:
   flamingo.inference.masked_ps.MaskedTSZTheory : 0.0164843 s (41121 evaluations, 677.85 s total)
[mcmc]  - Acceptance rate: 0.479
[mcmc]  - Convergence of means: R-1 = 0.020851 after 16160 accepted steps
[mcmc]  - Updated covariance matrix of proposal pdf.
[mcmc] Learn + convergence test @ 20240 samples accepted.
[likelihoodcollection] Average computation time:
   flamingo.inference.masked_ps.MaskedBandPowerLikelihood : 5.30044e-05 s (41234 evaluations, 2.18558 s total)
[theorycollection] Average computation time:
   flamingo.inference.masked_ps.MaskedTSZTheory : 0.0164842 s (41234 evaluations, 679.709 s total)
[mcmc]  - Acceptance rate: 0.479
[mcmc]  - Convergence of means: R-1 = 0.020750 after 16192 accepted steps
[mcmc]  - Updated covariance matrix of proposal pdf.
[mcmc] Learn + convergence test @ 20280 samples accepted.
[likelihoodcollection] Average computation time:
   flamingo.inference.masked_ps.MaskedBandPowerLikelihood : 5.29998e-05 s (41325 evaluations, 2.19022 s total)
[theorycollection] Average computation time:
   flamingo.inference.masked_ps.MaskedTSZTheory : 0.0164833 s (41325 evaluations, 681.174 s total)
[mcmc]  - Acceptance rate: 0.479
[mcmc]  - Convergence of means: R-1 = 0.020997 after 16224 accepted steps
[mcmc]  - Updated covariance matrix of proposal pdf.
[mcmc] Learn + convergence test @ 20320 samples accepted.
[likelihoodcollection] Average computation time:
   flamingo.inference.masked_ps.MaskedBandPowerLikelihood : 5.3005e-05 s (41413 evaluations, 2.19509 s total)
[theorycollection] Average computation time:
   flamingo.inference.masked_ps.MaskedTSZTheory : 0.0164842 s (41413 evaluations, 682.662 s total)
[mcmc]  - Acceptance rate: 0.479
[mcmc]  - Convergence of means: R-1 = 0.019463 after 16256 accepted steps
[mcmc]  - Updated covariance matrix of proposal pdf.
[mcmc] Learn + convergence test @ 20360 samples accepted.
[likelihoodcollection] Average computation time:
   flamingo.inference.masked_ps.MaskedBandPowerLikelihood : 5.30072e-05 s (41498 evaluations, 2.19969 s total)
[theorycollection] Average computation time:
   flamingo.inference.masked_ps.MaskedTSZTheory : 0.0164843 s (41498 evaluations, 684.065 s total)
[mcmc]  - Acceptance rate: 0.479
[mcmc]  - Convergence of means: R-1 = 0.018931 after 16288 accepted steps
[mcmc]  - Updated covariance matrix of proposal pdf.
[mcmc] Learn + convergence test @ 20400 samples accepted.
[likelihoodcollection] Average computation time:
   flamingo.inference.masked_ps.MaskedBandPowerLikelihood : 5.3008e-05 s (41572 evaluations, 2.20365 s total)
[theorycollection] Average computation time:
   flamingo.inference.masked_ps.MaskedTSZTheory : 0.0164842 s (41572 evaluations, 685.28 s total)
[mcmc]  - Acceptance rate: 0.479
[mcmc]  - Convergence of means: R-1 = 0.018689 after 16320 accepted steps
[mcmc]  - Updated covariance matrix of proposal pdf.
[mcmc] Learn + convergence test @ 20440 samples accepted.
[likelihoodcollection] Average computation time:
   flamingo.inference.masked_ps.MaskedBandPowerLikelihood : 5.30094e-05 s (41670 evaluations, 2.2089 s total)
[theorycollection] Average computation time:
   flamingo.inference.masked_ps.MaskedTSZTheory : 0.0164842 s (41670 evaluations, 686.896 s total)
[mcmc]  - Acceptance rate: 0.478
[mcmc]  - Convergence of means: R-1 = 0.021592 after 16352 accepted steps
[mcmc]  - Updated covariance matrix of proposal pdf.
[mcmc] Learn + convergence test @ 20480 samples accepted.
[likelihoodcollection] Average computation time:
   flamingo.inference.masked_ps.MaskedBandPowerLikelihood : 5.30038e-05 s (41754 evaluations, 2.21312 s total)
[theorycollection] Average computation time:
   flamingo.inference.masked_ps.MaskedTSZTheory : 0.0164847 s (41754 evaluations, 688.301 s total)
[mcmc]  - Acceptance rate: 0.478
[mcmc]  - Convergence of means: R-1 = 0.022309 after 16384 accepted steps
[mcmc]  - Updated covariance matrix of proposal pdf.
[mcmc] Learn + convergence test @ 20520 samples accepted.
[likelihoodcollection] Average computation time:
   flamingo.inference.masked_ps.MaskedBandPowerLikelihood : 5.29961e-05 s (41833 evaluations, 2.21698 s total)
[theorycollection] Average computation time:
   flamingo.inference.masked_ps.MaskedTSZTheory : 0.0164835 s (41833 evaluations, 689.556 s total)
[mcmc]  - Acceptance rate: 0.478
[mcmc]  - Convergence of means: R-1 = 0.020917 after 16416 accepted steps
[mcmc]  - Updated covariance matrix of proposal pdf.
[mcmc] Learn + convergence test @ 20560 samples accepted.
[likelihoodcollection] Average computation time:
   flamingo.inference.masked_ps.MaskedBandPowerLikelihood : 5.2987e-05 s (41902 evaluations, 2.22026 s total)
[theorycollection] Average computation time:
   flamingo.inference.masked_ps.MaskedTSZTheory : 0.016483 s (41902 evaluations, 690.669 s total)
[mcmc]  - Acceptance rate: 0.478
[mcmc]  - Convergence of means: R-1 = 0.018534 after 16448 accepted steps
[mcmc]  - Updated covariance matrix of proposal pdf.
[mcmc] Learn + convergence test @ 20600 samples accepted.
[likelihoodcollection] Average computation time:
   flamingo.inference.masked_ps.MaskedBandPowerLikelihood : 5.29901e-05 s (41966 evaluations, 2.22378 s total)
[theorycollection] Average computation time:
   flamingo.inference.masked_ps.MaskedTSZTheory : 0.0164829 s (41966 evaluations, 691.721 s total)
[mcmc]  - Acceptance rate: 0.479
[mcmc]  - Convergence of means: R-1 = 0.019116 after 16480 accepted steps
[mcmc]  - Updated covariance matrix of proposal pdf.
[mcmc] Learn + convergence test @ 20640 samples accepted.
[likelihoodcollection] Average computation time:
   flamingo.inference.masked_ps.MaskedBandPowerLikelihood : 5.29869e-05 s (42045 evaluations, 2.22783 s total)
[theorycollection] Average computation time:
   flamingo.inference.masked_ps.MaskedTSZTheory : 0.0164829 s (42045 evaluations, 693.024 s total)
[mcmc]  - Acceptance rate: 0.479
[mcmc]  - Convergence of means: R-1 = 0.018877 after 16512 accepted steps
[mcmc]  - Updated covariance matrix of proposal pdf.
[mcmc] Learn + convergence test @ 20680 samples accepted.
[likelihoodcollection] Average computation time:
   flamingo.inference.masked_ps.MaskedBandPowerLikelihood : 5.29805e-05 s (42138 evaluations, 2.23249 s total)
[theorycollection] Average computation time:
   flamingo.inference.masked_ps.MaskedTSZTheory : 0.0164821 s (42138 evaluations, 694.523 s total)
[mcmc]  - Acceptance rate: 0.479
[mcmc]  - Convergence of means: R-1 = 0.020734 after 16544 accepted steps
[mcmc]  - Updated covariance matrix of proposal pdf.
[mcmc] Learn + convergence test @ 20720 samples accepted.
[likelihoodcollection] Average computation time:
   flamingo.inference.masked_ps.MaskedBandPowerLikelihood : 5.29831e-05 s (42224 evaluations, 2.23716 s total)
[theorycollection] Average computation time:
   flamingo.inference.masked_ps.MaskedTSZTheory : 0.0164824 s (42224 evaluations, 695.954 s total)
[mcmc]  - Acceptance rate: 0.479
[mcmc]  - Convergence of means: R-1 = 0.019846 after 16576 accepted steps
[mcmc]  - Updated covariance matrix of proposal pdf.
[mcmc] Learn + convergence test @ 20760 samples accepted.
[likelihoodcollection] Average computation time:
   flamingo.inference.masked_ps.MaskedBandPowerLikelihood : 5.29788e-05 s (42307 evaluations, 2.24137 s total)
[theorycollection] Average computation time:
   flamingo.inference.masked_ps.MaskedTSZTheory : 0.016482 s (42307 evaluations, 697.305 s total)
[mcmc]  - Acceptance rate: 0.478
[mcmc]  - Convergence of means: R-1 = 0.021632 after 16608 accepted steps
[mcmc]  - Updated covariance matrix of proposal pdf.
[mcmc] Learn + convergence test @ 20800 samples accepted.
[likelihoodcollection] Average computation time:
   flamingo.inference.masked_ps.MaskedBandPowerLikelihood : 5.29764e-05 s (42381 evaluations, 2.24519 s total)
[theorycollection] Average computation time:
   flamingo.inference.masked_ps.MaskedTSZTheory : 0.0164818 s (42381 evaluations, 698.514 s total)
[mcmc]  - Acceptance rate: 0.479
[mcmc]  - Convergence of means: R-1 = 0.022966 after 16640 accepted steps
[mcmc]  - Updated covariance matrix of proposal pdf.
[mcmc] Learn + convergence test @ 20840 samples accepted.
[likelihoodcollection] Average computation time:
   flamingo.inference.masked_ps.MaskedBandPowerLikelihood : 5.29777e-05 s (42461 evaluations, 2.24949 s total)
[theorycollection] Average computation time:
   flamingo.inference.masked_ps.MaskedTSZTheory : 0.0164815 s (42461 evaluations, 699.819 s total)
[mcmc]  - Acceptance rate: 0.479
[mcmc]  - Convergence of means: R-1 = 0.023489 after 16672 accepted steps
[mcmc]  - Updated covariance matrix of proposal pdf.
[mcmc] Learn + convergence test @ 20880 samples accepted.
[likelihoodcollection] Average computation time:
   flamingo.inference.masked_ps.MaskedBandPowerLikelihood : 5.29752e-05 s (42547 evaluations, 2.25394 s total)
[theorycollection] Average computation time:
   flamingo.inference.masked_ps.MaskedTSZTheory : 0.0164805 s (42547 evaluations, 701.198 s total)
[mcmc]  - Acceptance rate: 0.479
[mcmc]  - Convergence of means: R-1 = 0.025990 after 16704 accepted steps
[mcmc]  - Updated covariance matrix of proposal pdf.
[mcmc] Learn + convergence test @ 20920 samples accepted.
[likelihoodcollection] Average computation time:
   flamingo.inference.masked_ps.MaskedBandPowerLikelihood : 5.29745e-05 s (42634 evaluations, 2.25852 s total)
[theorycollection] Average computation time:
   flamingo.inference.masked_ps.MaskedTSZTheory : 0.0164799 s (42634 evaluations, 702.604 s total)
[mcmc]  - Acceptance rate: 0.478
[mcmc]  - Convergence of means: R-1 = 0.026414 after 16736 accepted steps
[mcmc]  - Updated covariance matrix of proposal pdf.
[mcmc] Learn + convergence test @ 20960 samples accepted.
[likelihoodcollection] Average computation time:
   flamingo.inference.masked_ps.MaskedBandPowerLikelihood : 5.29701e-05 s (42705 evaluations, 2.26209 s total)
[theorycollection] Average computation time:
   flamingo.inference.masked_ps.MaskedTSZTheory : 0.0164796 s (42705 evaluations, 703.763 s total)
[mcmc]  - Acceptance rate: 0.479
[mcmc]  - Convergence of means: R-1 = 0.026513 after 16768 accepted steps
[mcmc]  - Updated covariance matrix of proposal pdf.
[mcmc] Progress @ 2026-08-03 01:37:35 : 43215 steps taken, and 20970 accepted.
[mcmc] Learn + convergence test @ 21000 samples accepted.
[likelihoodcollection] Average computation time:
   flamingo.inference.masked_ps.MaskedBandPowerLikelihood : 5.29696e-05 s (42784 evaluations, 2.26625 s total)
[theorycollection] Average computation time:
   flamingo.inference.masked_ps.MaskedTSZTheory : 0.0164799 s (42784 evaluations, 705.077 s total)
[mcmc]  - Acceptance rate: 0.479
[mcmc]  - Convergence of means: R-1 = 0.028466 after 16800 accepted steps
[mcmc]  - Updated covariance matrix of proposal pdf.
[mcmc] Learn + convergence test @ 21040 samples accepted.
[likelihoodcollection] Average computation time:
   flamingo.inference.masked_ps.MaskedBandPowerLikelihood : 5.29675e-05 s (42890 evaluations, 2.27178 s total)
[theorycollection] Average computation time:
   flamingo.inference.masked_ps.MaskedTSZTheory : 0.0164799 s (42890 evaluations, 706.821 s total)
[mcmc]  - Acceptance rate: 0.478
[mcmc]  - Convergence of means: R-1 = 0.029262 after 16832 accepted steps
[mcmc]  - Updated covariance matrix of proposal pdf.
[mcmc] Learn + convergence test @ 21080 samples accepted.
[likelihoodcollection] Average computation time:
   flamingo.inference.masked_ps.MaskedBandPowerLikelihood : 5.29817e-05 s (42966 evaluations, 2.27641 s total)
[theorycollection] Average computation time:
   flamingo.inference.masked_ps.MaskedTSZTheory : 0.0164798 s (42966 evaluations, 708.073 s total)
[mcmc]  - Acceptance rate: 0.478
[mcmc]  - Convergence of means: R-1 = 0.028487 after 16864 accepted steps
[mcmc]  - Updated covariance matrix of proposal pdf.
[mcmc] Learn + convergence test @ 21120 samples accepted.
[likelihoodcollection] Average computation time:
   flamingo.inference.masked_ps.MaskedBandPowerLikelihood : 5.2986e-05 s (43046 evaluations, 2.28083 s total)
[theorycollection] Average computation time:
   flamingo.inference.masked_ps.MaskedTSZTheory : 0.01648 s (43046 evaluations, 709.398 s total)
[mcmc]  - Acceptance rate: 0.478
[mcmc]  - Convergence of means: R-1 = 0.029945 after 16896 accepted steps
[mcmc]  - Updated covariance matrix of proposal pdf.
[mcmc] Learn + convergence test @ 21160 samples accepted.
[likelihoodcollection] Average computation time:
   flamingo.inference.masked_ps.MaskedBandPowerLikelihood : 5.29832e-05 s (43129 evaluations, 2.28511 s total)
[theorycollection] Average computation time:
   flamingo.inference.masked_ps.MaskedTSZTheory : 0.0164796 s (43129 evaluations, 710.751 s total)
[mcmc]  - Acceptance rate: 0.478
[mcmc]  - Convergence of means: R-1 = 0.031118 after 16928 accepted steps
[mcmc]  - Updated covariance matrix of proposal pdf.
[mcmc] Learn + convergence test @ 21200 samples accepted.
[likelihoodcollection] Average computation time:
   flamingo.inference.masked_ps.MaskedBandPowerLikelihood : 5.29867e-05 s (43219 evaluations, 2.29003 s total)
[theorycollection] Average computation time:
   flamingo.inference.masked_ps.MaskedTSZTheory : 0.0164804 s (43219 evaluations, 712.266 s total)
[mcmc]  - Acceptance rate: 0.478
[mcmc]  - Convergence of means: R-1 = 0.030867 after 16960 accepted steps
[mcmc]  - Updated covariance matrix of proposal pdf.
[mcmc] Learn + convergence test @ 21240 samples accepted.
[likelihoodcollection] Average computation time:
   flamingo.inference.masked_ps.MaskedBandPowerLikelihood : 5.29915e-05 s (43296 evaluations, 2.29432 s total)
[theorycollection] Average computation time:
   flamingo.inference.masked_ps.MaskedTSZTheory : 0.0164801 s (43296 evaluations, 713.523 s total)
[mcmc]  - Acceptance rate: 0.478
[mcmc]  - Convergence of means: R-1 = 0.030460 after 16992 accepted steps
[mcmc]  - Updated covariance matrix of proposal pdf.
[mcmc] Learn + convergence test @ 21280 samples accepted.
[likelihoodcollection] Average computation time:
   flamingo.inference.masked_ps.MaskedBandPowerLikelihood : 5.29915e-05 s (43379 evaluations, 2.29872 s total)
[theorycollection] Average computation time:
   flamingo.inference.masked_ps.MaskedTSZTheory : 0.0164796 s (43379 evaluations, 714.87 s total)
[mcmc]  - Acceptance rate: 0.478
[mcmc]  - Convergence of means: R-1 = 0.030935 after 17024 accepted steps
[mcmc]  - Updated covariance matrix of proposal pdf.
[mcmc] Learn + convergence test @ 21320 samples accepted.
[likelihoodcollection] Average computation time:
   flamingo.inference.masked_ps.MaskedBandPowerLikelihood : 5.2987e-05 s (43450 evaluations, 2.30228 s total)
[theorycollection] Average computation time:
   flamingo.inference.masked_ps.MaskedTSZTheory : 0.0164801 s (43450 evaluations, 716.062 s total)
[mcmc]  - Acceptance rate: 0.479
[mcmc]  - Convergence of means: R-1 = 0.031658 after 17056 accepted steps
[mcmc]  - Updated covariance matrix of proposal pdf.
[mcmc] Learn + convergence test @ 21360 samples accepted.
[likelihoodcollection] Average computation time:
   flamingo.inference.masked_ps.MaskedBandPowerLikelihood : 5.29772e-05 s (43521 evaluations, 2.30562 s total)
[theorycollection] Average computation time:
   flamingo.inference.masked_ps.MaskedTSZTheory : 0.0164798 s (43521 evaluations, 717.22 s total)
[mcmc]  - Acceptance rate: 0.479
[mcmc]  - Convergence of means: R-1 = 0.031068 after 17088 accepted steps
[mcmc]  - Updated covariance matrix of proposal pdf.
[mcmc] Learn + convergence test @ 21400 samples accepted.
[likelihoodcollection] Average computation time:
   flamingo.inference.masked_ps.MaskedBandPowerLikelihood : 5.2975e-05 s (43601 evaluations, 2.30976 s total)
[theorycollection] Average computation time:
   flamingo.inference.masked_ps.MaskedTSZTheory : 0.0164807 s (43601 evaluations, 718.573 s total)
[mcmc]  - Acceptance rate: 0.479
[mcmc]  - Convergence of means: R-1 = 0.032615 after 17120 accepted steps
[mcmc]  - Updated covariance matrix of proposal pdf.
[mcmc] Learn + convergence test @ 21440 samples accepted.
[likelihoodcollection] Average computation time:
   flamingo.inference.masked_ps.MaskedBandPowerLikelihood : 5.29751e-05 s (43670 evaluations, 2.31342 s total)
[theorycollection] Average computation time:
   flamingo.inference.masked_ps.MaskedTSZTheory : 0.0164802 s (43670 evaluations, 719.691 s total)
[mcmc]  - Acceptance rate: 0.479
[mcmc]  - Convergence of means: R-1 = 0.032883 after 17152 accepted steps
[mcmc]  - Updated covariance matrix of proposal pdf.
[mcmc] Learn + convergence test @ 21480 samples accepted.
[likelihoodcollection] Average computation time:
   flamingo.inference.masked_ps.MaskedBandPowerLikelihood : 5.29721e-05 s (43745 evaluations, 2.31727 s total)
[theorycollection] Average computation time:
   flamingo.inference.masked_ps.MaskedTSZTheory : 0.0164801 s (43745 evaluations, 720.923 s total)
[mcmc]  - Acceptance rate: 0.479
[mcmc]  - Convergence of means: R-1 = 0.032286 after 17184 accepted steps
[mcmc]  - Updated covariance matrix of proposal pdf.
[mcmc] Learn + convergence test @ 21520 samples accepted.
[likelihoodcollection] Average computation time:
   flamingo.inference.masked_ps.MaskedBandPowerLikelihood : 5.29729e-05 s (43831 evaluations, 2.32185 s total)
[theorycollection] Average computation time:
   flamingo.inference.masked_ps.MaskedTSZTheory : 0.0164798 s (43831 evaluations, 722.325 s total)
[mcmc]  - Acceptance rate: 0.479
[mcmc]  - Convergence of means: R-1 = 0.033310 after 17216 accepted steps
[mcmc]  - Updated covariance matrix of proposal pdf.
[mcmc] Learn + convergence test @ 21560 samples accepted.
[likelihoodcollection] Average computation time:
   flamingo.inference.masked_ps.MaskedBandPowerLikelihood : 5.2969e-05 s (43921 evaluations, 2.32645 s total)
[theorycollection] Average computation time:
   flamingo.inference.masked_ps.MaskedTSZTheory : 0.0164793 s (43921 evaluations, 723.786 s total)
[mcmc]  - Acceptance rate: 0.479
[mcmc]  - Convergence of means: R-1 = 0.033666 after 17248 accepted steps
[mcmc]  - Updated covariance matrix of proposal pdf.
[mcmc] Learn + convergence test @ 21600 samples accepted.
[likelihoodcollection] Average computation time:
   flamingo.inference.masked_ps.MaskedBandPowerLikelihood : 5.29708e-05 s (44009 evaluations, 2.33119 s total)
[theorycollection] Average computation time:
   flamingo.inference.masked_ps.MaskedTSZTheory : 0.0164795 s (44009 evaluations, 725.245 s total)
[mcmc]  - Acceptance rate: 0.479
[mcmc]  - Convergence of means: R-1 = 0.034968 after 17280 accepted steps
[mcmc]  - Updated covariance matrix of proposal pdf.
[mcmc] Learn + convergence test @ 21640 samples accepted.
[likelihoodcollection] Average computation time:
   flamingo.inference.masked_ps.MaskedBandPowerLikelihood : 5.29775e-05 s (44095 evaluations, 2.33604 s total)
[theorycollection] Average computation time:
   flamingo.inference.masked_ps.MaskedTSZTheory : 0.0164799 s (44095 evaluations, 726.681 s total)
[mcmc]  - Acceptance rate: 0.479
[mcmc]  - Convergence of means: R-1 = 0.033969 after 17312 accepted steps
[mcmc]  - Updated covariance matrix of proposal pdf.
[mcmc] Learn + convergence test @ 21680 samples accepted.
[likelihoodcollection] Average computation time:
   flamingo.inference.masked_ps.MaskedBandPowerLikelihood : 5.29695e-05 s (44191 evaluations, 2.34077 s total)
[theorycollection] Average computation time:
   flamingo.inference.masked_ps.MaskedTSZTheory : 0.0164798 s (44191 evaluations, 728.261 s total)
[mcmc]  - Acceptance rate: 0.478
[mcmc]  - Convergence of means: R-1 = 0.033693 after 17344 accepted steps
[mcmc]  - Updated covariance matrix of proposal pdf.
[mcmc] Learn + convergence test @ 21720 samples accepted.
[likelihoodcollection] Average computation time:
   flamingo.inference.masked_ps.MaskedBandPowerLikelihood : 5.29692e-05 s (44269 evaluations, 2.34489 s total)
[theorycollection] Average computation time:
   flamingo.inference.masked_ps.MaskedTSZTheory : 0.016479 s (44269 evaluations, 729.511 s total)
[mcmc]  - Acceptance rate: 0.478
[mcmc]  - Convergence of means: R-1 = 0.032867 after 17376 accepted steps
[mcmc]  - Updated covariance matrix of proposal pdf.
[mcmc] Learn + convergence test @ 21760 samples accepted.
[likelihoodcollection] Average computation time:
   flamingo.inference.masked_ps.MaskedBandPowerLikelihood : 5.29726e-05 s (44345 evaluations, 2.34907 s total)
[theorycollection] Average computation time:
   flamingo.inference.masked_ps.MaskedTSZTheory : 0.0164797 s (44345 evaluations, 730.79 s total)
[mcmc]  - Acceptance rate: 0.478
[mcmc]  - Convergence of means: R-1 = 0.032761 after 17408 accepted steps
[mcmc]  - Updated covariance matrix of proposal pdf.
[mcmc] Learn + convergence test @ 21800 samples accepted.
[likelihoodcollection] Average computation time:
   flamingo.inference.masked_ps.MaskedBandPowerLikelihood : 5.29718e-05 s (44423 evaluations, 2.35317 s total)
[theorycollection] Average computation time:
   flamingo.inference.masked_ps.MaskedTSZTheory : 0.0164803 s (44423 evaluations, 732.103 s total)
[mcmc]  - Acceptance rate: 0.478
[mcmc]  - Convergence of means: R-1 = 0.033033 after 17440 accepted steps
[mcmc]  - Updated covariance matrix of proposal pdf.
[mcmc] Learn + convergence test @ 21840 samples accepted.
[likelihoodcollection] Average computation time:
   flamingo.inference.masked_ps.MaskedBandPowerLikelihood : 5.29662e-05 s (44508 evaluations, 2.35742 s total)
[theorycollection] Average computation time:
   flamingo.inference.masked_ps.MaskedTSZTheory : 0.0164796 s (44508 evaluations, 733.472 s total)
[mcmc]  - Acceptance rate: 0.478
[mcmc]  - Convergence of means: R-1 = 0.030812 after 17472 accepted steps
[mcmc]  - Updated covariance matrix of proposal pdf.
[mcmc] Learn + convergence test @ 21880 samples accepted.
[likelihoodcollection] Average computation time:
   flamingo.inference.masked_ps.MaskedBandPowerLikelihood : 5.29587e-05 s (44585 evaluations, 2.36116 s total)
[theorycollection] Average computation time:
   flamingo.inference.masked_ps.MaskedTSZTheory : 0.0164798 s (44585 evaluations, 734.752 s total)
[mcmc]  - Acceptance rate: 0.478
[mcmc]  - Convergence of means: R-1 = 0.030132 after 17504 accepted steps
[mcmc]  - Updated covariance matrix of proposal pdf.
[mcmc] Learn + convergence test @ 21920 samples accepted.
[likelihoodcollection] Average computation time:
   flamingo.inference.masked_ps.MaskedBandPowerLikelihood : 5.29476e-05 s (44681 evaluations, 2.36575 s total)
[theorycollection] Average computation time:
   flamingo.inference.masked_ps.MaskedTSZTheory : 0.0164788 s (44681 evaluations, 736.287 s total)
[mcmc]  - Acceptance rate: 0.478
[mcmc]  - Convergence of means: R-1 = 0.028771 after 17536 accepted steps
[mcmc]  - Updated covariance matrix of proposal pdf.
[mcmc] Learn + convergence test @ 21960 samples accepted.
[likelihoodcollection] Average computation time:
   flamingo.inference.masked_ps.MaskedBandPowerLikelihood : 5.29525e-05 s (44766 evaluations, 2.37047 s total)
[theorycollection] Average computation time:
   flamingo.inference.masked_ps.MaskedTSZTheory : 0.0164786 s (44766 evaluations, 737.681 s total)
[mcmc]  - Acceptance rate: 0.478
[mcmc]  - Convergence of means: R-1 = 0.029976 after 17568 accepted steps
[mcmc]  - Updated covariance matrix of proposal pdf.
[mcmc] Learn + convergence test @ 22000 samples accepted.
[likelihoodcollection] Average computation time:
   flamingo.inference.masked_ps.MaskedBandPowerLikelihood : 5.29519e-05 s (44838 evaluations, 2.37426 s total)
[theorycollection] Average computation time:
   flamingo.inference.masked_ps.MaskedTSZTheory : 0.0164785 s (44838 evaluations, 738.864 s total)
[mcmc]  - Acceptance rate: 0.478
[mcmc]  - Convergence of means: R-1 = 0.029195 after 17600 accepted steps
[mcmc]  - Updated covariance matrix of proposal pdf.
[mcmc] Learn + convergence test @ 22040 samples accepted.
[likelihoodcollection] Average computation time:
   flamingo.inference.masked_ps.MaskedBandPowerLikelihood : 5.29499e-05 s (44921 evaluations, 2.37856 s total)
[theorycollection] Average computation time:
   flamingo.inference.masked_ps.MaskedTSZTheory : 0.0164785 s (44921 evaluations, 740.232 s total)
[mcmc]  - Acceptance rate: 0.478
[mcmc]  - Convergence of means: R-1 = 0.030722 after 17632 accepted steps
[mcmc]  - Updated covariance matrix of proposal pdf.
[mcmc] Learn + convergence test @ 22080 samples accepted.
[likelihoodcollection] Average computation time:
   flamingo.inference.masked_ps.MaskedBandPowerLikelihood : 5.2947e-05 s (44993 evaluations, 2.38224 s total)
[theorycollection] Average computation time:
   flamingo.inference.masked_ps.MaskedTSZTheory : 0.0164788 s (44993 evaluations, 741.432 s total)
[mcmc]  - Acceptance rate: 0.478
[mcmc]  - Convergence of means: R-1 = 0.031540 after 17664 accepted steps
[mcmc]  - Updated covariance matrix of proposal pdf.
[mcmc] Learn + convergence test @ 22120 samples accepted.
[likelihoodcollection] Average computation time:
   flamingo.inference.masked_ps.MaskedBandPowerLikelihood : 5.29388e-05 s (45068 evaluations, 2.38585 s total)
[theorycollection] Average computation time:
   flamingo.inference.masked_ps.MaskedTSZTheory : 0.0164778 s (45068 evaluations, 742.623 s total)
[mcmc]  - Acceptance rate: 0.478
[mcmc]  - Convergence of means: R-1 = 0.033210 after 17696 accepted steps
[mcmc]  - Updated covariance matrix of proposal pdf.
[mcmc] Learn + convergence test @ 22160 samples accepted.
[likelihoodcollection] Average computation time:
   flamingo.inference.masked_ps.MaskedBandPowerLikelihood : 5.2935e-05 s (45152 evaluations, 2.39012 s total)
[theorycollection] Average computation time:
   flamingo.inference.masked_ps.MaskedTSZTheory : 0.0164773 s (45152 evaluations, 743.985 s total)
[mcmc]  - Acceptance rate: 0.479
[mcmc]  - Convergence of means: R-1 = 0.032703 after 17728 accepted steps
[mcmc]  - Updated covariance matrix of proposal pdf.
[mcmc] Learn + convergence test @ 22200 samples accepted.
[likelihoodcollection] Average computation time:
   flamingo.inference.masked_ps.MaskedBandPowerLikelihood : 5.29331e-05 s (45257 evaluations, 2.39559 s total)
[theorycollection] Average computation time:
   flamingo.inference.masked_ps.MaskedTSZTheory : 0.0164768 s (45257 evaluations, 745.692 s total)
[mcmc]  - Acceptance rate: 0.478
[mcmc]  - Convergence of means: R-1 = 0.031132 after 17760 accepted steps
[mcmc]  - Updated covariance matrix of proposal pdf.
[mcmc] Learn + convergence test @ 22240 samples accepted.
[likelihoodcollection] Average computation time:
   flamingo.inference.masked_ps.MaskedBandPowerLikelihood : 5.2935e-05 s (45338 evaluations, 2.39997 s total)
[theorycollection] Average computation time:
   flamingo.inference.masked_ps.MaskedTSZTheory : 0.0164769 s (45338 evaluations, 747.027 s total)
[mcmc]  - Acceptance rate: 0.478
[mcmc]  - Convergence of means: R-1 = 0.030278 after 17792 accepted steps
[mcmc]  - Updated covariance matrix of proposal pdf.
[mcmc] Learn + convergence test @ 22280 samples accepted.
[likelihoodcollection] Average computation time:
   flamingo.inference.masked_ps.MaskedBandPowerLikelihood : 5.29348e-05 s (45411 evaluations, 2.40382 s total)
[theorycollection] Average computation time:
   flamingo.inference.masked_ps.MaskedTSZTheory : 0.0164771 s (45411 evaluations, 748.243 s total)
[mcmc]  - Acceptance rate: 0.478
[mcmc]  - Convergence of means: R-1 = 0.029220 after 17824 accepted steps
[mcmc]  - Updated covariance matrix of proposal pdf.
[mcmc] Learn + convergence test @ 22320 samples accepted.
[likelihoodcollection] Average computation time:
   flamingo.inference.masked_ps.MaskedBandPowerLikelihood : 5.29302e-05 s (45496 evaluations, 2.40811 s total)
[theorycollection] Average computation time:
   flamingo.inference.masked_ps.MaskedTSZTheory : 0.0164764 s (45496 evaluations, 749.611 s total)
[mcmc]  - Acceptance rate: 0.478
[mcmc]  - Convergence of means: R-1 = 0.030062 after 17856 accepted steps
[mcmc]  - Updated covariance matrix of proposal pdf.
[mcmc] Learn + convergence test @ 22360 samples accepted.
[likelihoodcollection] Average computation time:
   flamingo.inference.masked_ps.MaskedBandPowerLikelihood : 5.29211e-05 s (45591 evaluations, 2.41273 s total)
[theorycollection] Average computation time:
   flamingo.inference.masked_ps.MaskedTSZTheory : 0.0164762 s (45591 evaluations, 751.168 s total)
[mcmc]  - Acceptance rate: 0.478
[mcmc]  - Convergence of means: R-1 = 0.030067 after 17888 accepted steps
[mcmc]  - Updated covariance matrix of proposal pdf.
[mcmc] Learn + convergence test @ 22400 samples accepted.
[likelihoodcollection] Average computation time:
   flamingo.inference.masked_ps.MaskedBandPowerLikelihood : 5.29152e-05 s (45660 evaluations, 2.41611 s total)
[theorycollection] Average computation time:
   flamingo.inference.masked_ps.MaskedTSZTheory : 0.0164761 s (45660 evaluations, 752.297 s total)
[mcmc]  - Acceptance rate: 0.478
[mcmc]  - Convergence of means: R-1 = 0.029547 after 17920 accepted steps
[mcmc]  - Updated covariance matrix of proposal pdf.
[mcmc] Learn + convergence test @ 22440 samples accepted.
[likelihoodcollection] Average computation time:
   flamingo.inference.masked_ps.MaskedBandPowerLikelihood : 5.29078e-05 s (45738 evaluations, 2.4199 s total)
[theorycollection] Average computation time:
   flamingo.inference.masked_ps.MaskedTSZTheory : 0.0164754 s (45738 evaluations, 753.553 s total)
[mcmc]  - Acceptance rate: 0.478
[mcmc]  - Convergence of means: R-1 = 0.030501 after 17952 accepted steps
[mcmc]  - Updated covariance matrix of proposal pdf.
[mcmc] Learn + convergence test @ 22480 samples accepted.
[likelihoodcollection] Average computation time:
   flamingo.inference.masked_ps.MaskedBandPowerLikelihood : 5.29113e-05 s (45829 evaluations, 2.42487 s total)
[theorycollection] Average computation time:
   flamingo.inference.masked_ps.MaskedTSZTheory : 0.0164758 s (45829 evaluations, 755.068 s total)
[mcmc]  - Acceptance rate: 0.478
[mcmc]  - Convergence of means: R-1 = 0.030618 after 17984 accepted steps
[mcmc]  - Updated covariance matrix of proposal pdf.
[mcmc] Learn + convergence test @ 22520 samples accepted.
[likelihoodcollection] Average computation time:
   flamingo.inference.masked_ps.MaskedBandPowerLikelihood : 5.29048e-05 s (45915 evaluations, 2.42912 s total)
[theorycollection] Average computation time:
   flamingo.inference.masked_ps.MaskedTSZTheory : 0.016475 s (45915 evaluations, 756.45 s total)
[mcmc]  - Acceptance rate: 0.478
[mcmc]  - Convergence of means: R-1 = 0.033012 after 18016 accepted steps
[mcmc]  - Updated covariance matrix of proposal pdf.
[mcmc] Learn + convergence test @ 22560 samples accepted.
[likelihoodcollection] Average computation time:
   flamingo.inference.masked_ps.MaskedBandPowerLikelihood : 5.29077e-05 s (45992 evaluations, 2.43333 s total)
[theorycollection] Average computation time:
   flamingo.inference.masked_ps.MaskedTSZTheory : 0.0164748 s (45992 evaluations, 757.71 s total)
[mcmc]  - Acceptance rate: 0.478
[mcmc]  - Convergence of means: R-1 = 0.034469 after 18048 accepted steps
[mcmc]  - Updated covariance matrix of proposal pdf.
[mcmc] Learn + convergence test @ 22600 samples accepted.
[likelihoodcollection] Average computation time:
   flamingo.inference.masked_ps.MaskedBandPowerLikelihood : 5.29017e-05 s (46071 evaluations, 2.43723 s total)
[theorycollection] Average computation time:
   flamingo.inference.masked_ps.MaskedTSZTheory : 0.016475 s (46071 evaluations, 759.018 s total)
[mcmc]  - Acceptance rate: 0.478
[mcmc]  - Convergence of means: R-1 = 0.032466 after 18080 accepted steps
[mcmc]  - Updated covariance matrix of proposal pdf.
[mcmc] Learn + convergence test @ 22640 samples accepted.
[likelihoodcollection] Average computation time:
   flamingo.inference.masked_ps.MaskedBandPowerLikelihood : 5.28965e-05 s (46146 evaluations, 2.44096 s total)
[theorycollection] Average computation time:
   flamingo.inference.masked_ps.MaskedTSZTheory : 0.0164749 s (46146 evaluations, 760.25 s total)
[mcmc]  - Acceptance rate: 0.478
[mcmc]  - Convergence of means: R-1 = 0.030927 after 18112 accepted steps
[mcmc]  - Updated covariance matrix of proposal pdf.
[mcmc] Learn + convergence test @ 22680 samples accepted.
[likelihoodcollection] Average computation time:
   flamingo.inference.masked_ps.MaskedBandPowerLikelihood : 5.29109e-05 s (46213 evaluations, 2.44517 s total)
[theorycollection] Average computation time:
   flamingo.inference.masked_ps.MaskedTSZTheory : 0.0164749 s (46213 evaluations, 761.352 s total)
[mcmc]  - Acceptance rate: 0.479
[mcmc]  - Convergence of means: R-1 = 0.028152 after 18144 accepted steps
[mcmc]  - Updated covariance matrix of proposal pdf.
[mcmc] Progress @ 2026-08-03 01:38:35 : 46840 steps taken, and 22716 accepted.
[mcmc] Learn + convergence test @ 22720 samples accepted.
[likelihoodcollection] Average computation time:
   flamingo.inference.masked_ps.MaskedBandPowerLikelihood : 5.29178e-05 s (46303 evaluations, 2.45025 s total)
[theorycollection] Average computation time:
   flamingo.inference.masked_ps.MaskedTSZTheory : 0.0164745 s (46303 evaluations, 762.821 s total)
[mcmc]  - Acceptance rate: 0.479
[mcmc]  - Convergence of means: R-1 = 0.027781 after 18176 accepted steps
[mcmc]  - Updated covariance matrix of proposal pdf.
[mcmc] Learn + convergence test @ 22760 samples accepted.
[likelihoodcollection] Average computation time:
   flamingo.inference.masked_ps.MaskedBandPowerLikelihood : 5.29199e-05 s (46374 evaluations, 2.45411 s total)
[theorycollection] Average computation time:
   flamingo.inference.masked_ps.MaskedTSZTheory : 0.0164746 s (46374 evaluations, 763.992 s total)
[mcmc]  - Acceptance rate: 0.479
[mcmc]  - Convergence of means: R-1 = 0.025891 after 18208 accepted steps
[mcmc]  - Updated covariance matrix of proposal pdf.
[mcmc] Learn + convergence test @ 22800 samples accepted.
[likelihoodcollection] Average computation time:
   flamingo.inference.masked_ps.MaskedBandPowerLikelihood : 5.29116e-05 s (46461 evaluations, 2.45833 s total)
[theorycollection] Average computation time:
   flamingo.inference.masked_ps.MaskedTSZTheory : 0.0164741 s (46461 evaluations, 765.403 s total)
[mcmc]  - Acceptance rate: 0.479
[mcmc]  - Convergence of means: R-1 = 0.024068 after 18240 accepted steps
[mcmc]  - Updated covariance matrix of proposal pdf.
[mcmc] Learn + convergence test @ 22840 samples accepted.
[likelihoodcollection] Average computation time:
   flamingo.inference.masked_ps.MaskedBandPowerLikelihood : 5.29219e-05 s (46536 evaluations, 2.46277 s total)
[theorycollection] Average computation time:
   flamingo.inference.masked_ps.MaskedTSZTheory : 0.0164737 s (46536 evaluations, 766.621 s total)
[mcmc]  - Acceptance rate: 0.479
[mcmc]  - Convergence of means: R-1 = 0.024106 after 18272 accepted steps
[mcmc]  - Updated covariance matrix of proposal pdf.
[mcmc] Learn + convergence test @ 22880 samples accepted.
[likelihoodcollection] Average computation time:
   flamingo.inference.masked_ps.MaskedBandPowerLikelihood : 5.29286e-05 s (46645 evaluations, 2.46886 s total)
[theorycollection] Average computation time:
   flamingo.inference.masked_ps.MaskedTSZTheory : 0.0164736 s (46645 evaluations, 768.412 s total)
[mcmc]  - Acceptance rate: 0.478
[mcmc]  - Convergence of means: R-1 = 0.023233 after 18304 accepted steps
[mcmc]  - Updated covariance matrix of proposal pdf.
[mcmc] Learn + convergence test @ 22920 samples accepted.
[likelihoodcollection] Average computation time:
   flamingo.inference.masked_ps.MaskedBandPowerLikelihood : 5.29302e-05 s (46720 evaluations, 2.4729 s total)
[theorycollection] Average computation time:
   flamingo.inference.masked_ps.MaskedTSZTheory : 0.0164738 s (46720 evaluations, 769.655 s total)
[mcmc]  - Acceptance rate: 0.479
[mcmc]  - Convergence of means: R-1 = 0.022614 after 18336 accepted steps
[mcmc]  - Updated covariance matrix of proposal pdf.
[mcmc] Learn + convergence test @ 22960 samples accepted.
[likelihoodcollection] Average computation time:
   flamingo.inference.masked_ps.MaskedBandPowerLikelihood : 5.29466e-05 s (46802 evaluations, 2.47801 s total)
[theorycollection] Average computation time:
   flamingo.inference.masked_ps.MaskedTSZTheory : 0.0164745 s (46802 evaluations, 771.038 s total)
[mcmc]  - Acceptance rate: 0.479
[mcmc]  - Convergence of means: R-1 = 0.021818 after 18368 accepted steps
[mcmc]  - Updated covariance matrix of proposal pdf.
[mcmc] Learn + convergence test @ 23000 samples accepted.
[likelihoodcollection] Average computation time:
   flamingo.inference.masked_ps.MaskedBandPowerLikelihood : 5.29447e-05 s (46875 evaluations, 2.48178 s total)
[theorycollection] Average computation time:
   flamingo.inference.masked_ps.MaskedTSZTheory : 0.0164739 s (46875 evaluations, 772.212 s total)
[mcmc]  - Acceptance rate: 0.479
[mcmc]  - Convergence of means: R-1 = 0.020603 after 18400 accepted steps
[mcmc]  - Updated covariance matrix of proposal pdf.
[mcmc] Learn + convergence test @ 23040 samples accepted.
[likelihoodcollection] Average computation time:
   flamingo.inference.masked_ps.MaskedBandPowerLikelihood : 5.29425e-05 s (46949 evaluations, 2.4856 s total)
[theorycollection] Average computation time:
   flamingo.inference.masked_ps.MaskedTSZTheory : 0.0164738 s (46949 evaluations, 773.428 s total)
[mcmc]  - Acceptance rate: 0.479
[mcmc]  - Convergence of means: R-1 = 0.018896 after 18432 accepted steps
[mcmc]  - Updated covariance matrix of proposal pdf.
[mcmc] Learn + convergence test @ 23080 samples accepted.
[likelihoodcollection] Average computation time:
   flamingo.inference.masked_ps.MaskedBandPowerLikelihood : 5.29388e-05 s (47040 evaluations, 2.49024 s total)
[theorycollection] Average computation time:
   flamingo.inference.masked_ps.MaskedTSZTheory : 0.016474 s (47040 evaluations, 774.937 s total)
[mcmc]  - Acceptance rate: 0.479
[mcmc]  - Convergence of means: R-1 = 0.019423 after 18464 accepted steps
[mcmc]  - Updated covariance matrix of proposal pdf.
[mcmc] Learn + convergence test @ 23120 samples accepted.
[likelihoodcollection] Average computation time:
   flamingo.inference.masked_ps.MaskedBandPowerLikelihood : 5.29452e-05 s (47121 evaluations, 2.49483 s total)
[theorycollection] Average computation time:
   flamingo.inference.masked_ps.MaskedTSZTheory : 0.0164741 s (47121 evaluations, 776.276 s total)
[mcmc]  - Acceptance rate: 0.479
[mcmc]  - Convergence of means: R-1 = 0.020257 after 18496 accepted steps
[mcmc]  - Updated covariance matrix of proposal pdf.
[mcmc] Learn + convergence test @ 23160 samples accepted.
[likelihoodcollection] Average computation time:
   flamingo.inference.masked_ps.MaskedBandPowerLikelihood : 5.29502e-05 s (47210 evaluations, 2.49978 s total)
[theorycollection] Average computation time:
   flamingo.inference.masked_ps.MaskedTSZTheory : 0.0164749 s (47210 evaluations, 777.778 s total)
[mcmc]  - Acceptance rate: 0.479
[mcmc]  - Convergence of means: R-1 = 0.019054 after 18528 accepted steps
[mcmc]  - Updated covariance matrix of proposal pdf.
[mcmc] Learn + convergence test @ 23200 samples accepted.
[likelihoodcollection] Average computation time:
   flamingo.inference.masked_ps.MaskedBandPowerLikelihood : 5.29476e-05 s (47294 evaluations, 2.5041 s total)
[theorycollection] Average computation time:
   flamingo.inference.masked_ps.MaskedTSZTheory : 0.0164751 s (47294 evaluations, 779.173 s total)
[mcmc]  - Acceptance rate: 0.479
[mcmc]  - Convergence of means: R-1 = 0.019192 after 18560 accepted steps
[mcmc]  - Updated covariance matrix of proposal pdf.
[mcmc] Learn + convergence test @ 23240 samples accepted.
[likelihoodcollection] Average computation time:
   flamingo.inference.masked_ps.MaskedBandPowerLikelihood : 5.29437e-05 s (47393 evaluations, 2.50916 s total)
[theorycollection] Average computation time:
   flamingo.inference.masked_ps.MaskedTSZTheory : 0.0164748 s (47393 evaluations, 780.791 s total)
[mcmc]  - Acceptance rate: 0.479
[mcmc]  - Convergence of means: R-1 = 0.017829 after 18592 accepted steps
[mcmc]  - Updated covariance matrix of proposal pdf.
[mcmc] Learn + convergence test @ 23280 samples accepted.
[likelihoodcollection] Average computation time:
   flamingo.inference.masked_ps.MaskedBandPowerLikelihood : 5.29384e-05 s (47477 evaluations, 2.51335 s total)
[theorycollection] Average computation time:
   flamingo.inference.masked_ps.MaskedTSZTheory : 0.0164743 s (47477 evaluations, 782.151 s total)
[mcmc]  - Acceptance rate: 0.479
[mcmc]  - Convergence of means: R-1 = 0.017533 after 18624 accepted steps
[mcmc]  - Updated covariance matrix of proposal pdf.
[mcmc] Learn + convergence test @ 23320 samples accepted.
[likelihoodcollection] Average computation time:
   flamingo.inference.masked_ps.MaskedBandPowerLikelihood : 5.29386e-05 s (47564 evaluations, 2.51797 s total)
[theorycollection] Average computation time:
   flamingo.inference.masked_ps.MaskedTSZTheory : 0.016474 s (47564 evaluations, 783.57 s total)
[mcmc]  - Acceptance rate: 0.478
[mcmc]  - Convergence of means: R-1 = 0.018742 after 18656 accepted steps
[mcmc]  - Updated covariance matrix of proposal pdf.
[mcmc] Learn + convergence test @ 23360 samples accepted.
[likelihoodcollection] Average computation time:
   flamingo.inference.masked_ps.MaskedBandPowerLikelihood : 5.29375e-05 s (47640 evaluations, 2.52194 s total)
[theorycollection] Average computation time:
   flamingo.inference.masked_ps.MaskedTSZTheory : 0.0164745 s (47640 evaluations, 784.843 s total)
[mcmc]  - Acceptance rate: 0.479
[mcmc]  - Convergence of means: R-1 = 0.019156 after 18688 accepted steps
[mcmc]  - Updated covariance matrix of proposal pdf.
[mcmc] Learn + convergence test @ 23400 samples accepted.
[likelihoodcollection] Average computation time:
   flamingo.inference.masked_ps.MaskedBandPowerLikelihood : 5.29394e-05 s (47727 evaluations, 2.52664 s total)
[theorycollection] Average computation time:
   flamingo.inference.masked_ps.MaskedTSZTheory : 0.0164748 s (47727 evaluations, 786.294 s total)
[mcmc]  - Acceptance rate: 0.479
[mcmc]  - Convergence of means: R-1 = 0.020648 after 18720 accepted steps
[mcmc]  - Updated covariance matrix of proposal pdf.
[mcmc] Learn + convergence test @ 23440 samples accepted.
[likelihoodcollection] Average computation time:
   flamingo.inference.masked_ps.MaskedBandPowerLikelihood : 5.29407e-05 s (47800 evaluations, 2.53057 s total)
[theorycollection] Average computation time:
   flamingo.inference.masked_ps.MaskedTSZTheory : 0.0164751 s (47800 evaluations, 787.509 s total)
[mcmc]  - Acceptance rate: 0.479
[mcmc]  - Convergence of means: R-1 = 0.017877 after 18752 accepted steps
[mcmc]  - Updated covariance matrix of proposal pdf.
[mcmc] Learn + convergence test @ 23480 samples accepted.
[likelihoodcollection] Average computation time:
   flamingo.inference.masked_ps.MaskedBandPowerLikelihood : 5.29452e-05 s (47878 evaluations, 2.53491 s total)
[theorycollection] Average computation time:
   flamingo.inference.masked_ps.MaskedTSZTheory : 0.0164751 s (47878 evaluations, 788.794 s total)
[mcmc]  - Acceptance rate: 0.479
[mcmc]  - Convergence of means: R-1 = 0.018160 after 18784 accepted steps
[mcmc]  - Updated covariance matrix of proposal pdf.
[mcmc] Learn + convergence test @ 23520 samples accepted.
[likelihoodcollection] Average computation time:
   flamingo.inference.masked_ps.MaskedBandPowerLikelihood : 5.29456e-05 s (47952 evaluations, 2.53885 s total)
[theorycollection] Average computation time:
   flamingo.inference.masked_ps.MaskedTSZTheory : 0.0164749 s (47952 evaluations, 790.003 s total)
[mcmc]  - Acceptance rate: 0.479
[mcmc]  - Convergence of means: R-1 = 0.019087 after 18816 accepted steps
[mcmc]  - Updated covariance matrix of proposal pdf.
[mcmc] Learn + convergence test @ 23560 samples accepted.
[likelihoodcollection] Average computation time:
   flamingo.inference.masked_ps.MaskedBandPowerLikelihood : 5.29445e-05 s (48019 evaluations, 2.54234 s total)
[theorycollection] Average computation time:
   flamingo.inference.masked_ps.MaskedTSZTheory : 0.0164749 s (48019 evaluations, 791.109 s total)
[mcmc]  - Acceptance rate: 0.479
[mcmc]  - Convergence of means: R-1 = 0.019906 after 18848 accepted steps
[mcmc]  - Updated covariance matrix of proposal pdf.
[mcmc] Learn + convergence test @ 23600 samples accepted.
[likelihoodcollection] Average computation time:
   flamingo.inference.masked_ps.MaskedBandPowerLikelihood : 5.29375e-05 s (48091 evaluations, 2.54582 s total)
[theorycollection] Average computation time:
   flamingo.inference.masked_ps.MaskedTSZTheory : 0.0164744 s (48091 evaluations, 792.269 s total)
[mcmc]  - Acceptance rate: 0.479
[mcmc]  - Convergence of means: R-1 = 0.020107 after 18880 accepted steps
[mcmc]  - Updated covariance matrix of proposal pdf.
[mcmc] Learn + convergence test @ 23640 samples accepted.
[likelihoodcollection] Average computation time:
   flamingo.inference.masked_ps.MaskedBandPowerLikelihood : 5.29318e-05 s (48176 evaluations, 2.55004 s total)
[theorycollection] Average computation time:
   flamingo.inference.masked_ps.MaskedTSZTheory : 0.0164743 s (48176 evaluations, 793.667 s total)
[mcmc]  - Acceptance rate: 0.479
[mcmc]  - Convergence of means: R-1 = 0.020572 after 18912 accepted steps
[mcmc]  - Updated covariance matrix of proposal pdf.
[mcmc] Learn + convergence test @ 23680 samples accepted.
[likelihoodcollection] Average computation time:
   flamingo.inference.masked_ps.MaskedBandPowerLikelihood : 5.29313e-05 s (48263 evaluations, 2.55462 s total)
[theorycollection] Average computation time:
   flamingo.inference.masked_ps.MaskedTSZTheory : 0.0164744 s (48263 evaluations, 795.103 s total)
[mcmc]  - Acceptance rate: 0.480
[mcmc]  - Convergence of means: R-1 = 0.020418 after 18944 accepted steps
[mcmc]  - Updated covariance matrix of proposal pdf.
[mcmc] Learn + convergence test @ 23720 samples accepted.
[likelihoodcollection] Average computation time:
   flamingo.inference.masked_ps.MaskedBandPowerLikelihood : 5.2925e-05 s (48330 evaluations, 2.55787 s total)
[theorycollection] Average computation time:
   flamingo.inference.masked_ps.MaskedTSZTheory : 0.0164736 s (48330 evaluations, 796.169 s total)
[mcmc]  - Acceptance rate: 0.480
[mcmc]  - Convergence of means: R-1 = 0.021950 after 18976 accepted steps
[mcmc]  - Updated covariance matrix of proposal pdf.
[mcmc] Learn + convergence test @ 23760 samples accepted.
[likelihoodcollection] Average computation time:
   flamingo.inference.masked_ps.MaskedBandPowerLikelihood : 5.29211e-05 s (48414 evaluations, 2.56212 s total)
[theorycollection] Average computation time:
   flamingo.inference.masked_ps.MaskedTSZTheory : 0.0164738 s (48414 evaluations, 797.562 s total)
[mcmc]  - Acceptance rate: 0.480
[mcmc]  - Convergence of means: R-1 = 0.022371 after 19008 accepted steps
[mcmc]  - Updated covariance matrix of proposal pdf.
[mcmc] Learn + convergence test @ 23800 samples accepted.
[likelihoodcollection] Average computation time:
   flamingo.inference.masked_ps.MaskedBandPowerLikelihood : 5.29245e-05 s (48489 evaluations, 2.56625 s total)
[theorycollection] Average computation time:
   flamingo.inference.masked_ps.MaskedTSZTheory : 0.0164737 s (48489 evaluations, 798.794 s total)
[mcmc]  - Acceptance rate: 0.480
[mcmc]  - Convergence of means: R-1 = 0.020787 after 19040 accepted steps
[mcmc]  - Updated covariance matrix of proposal pdf.
[mcmc] Learn + convergence test @ 23840 samples accepted.
[likelihoodcollection] Average computation time:
   flamingo.inference.masked_ps.MaskedBandPowerLikelihood : 5.29361e-05 s (48576 evaluations, 2.57142 s total)
[theorycollection] Average computation time:
   flamingo.inference.masked_ps.MaskedTSZTheory : 0.0164734 s (48576 evaluations, 800.21 s total)
[mcmc]  - Acceptance rate: 0.480
[mcmc]  - Convergence of means: R-1 = 0.021321 after 19072 accepted steps
[mcmc]  - Updated covariance matrix of proposal pdf.
[mcmc] Learn + convergence test @ 23880 samples accepted.
[likelihoodcollection] Average computation time:
   flamingo.inference.masked_ps.MaskedBandPowerLikelihood : 5.29455e-05 s (48653 evaluations, 2.57596 s total)
[theorycollection] Average computation time:
   flamingo.inference.masked_ps.MaskedTSZTheory : 0.0164731 s (48653 evaluations, 801.466 s total)
[mcmc]  - Acceptance rate: 0.480
[mcmc]  - Convergence of means: R-1 = 0.022404 after 19104 accepted steps
[mcmc]  - Updated covariance matrix of proposal pdf.
[mcmc] Learn + convergence test @ 23920 samples accepted.
[likelihoodcollection] Average computation time:
   flamingo.inference.masked_ps.MaskedBandPowerLikelihood : 5.29417e-05 s (48731 evaluations, 2.5799 s total)
[theorycollection] Average computation time:
   flamingo.inference.masked_ps.MaskedTSZTheory : 0.0164731 s (48731 evaluations, 802.751 s total)
[mcmc]  - Acceptance rate: 0.480
[mcmc]  - Convergence of means: R-1 = 0.023382 after 19136 accepted steps
[mcmc]  - Updated covariance matrix of proposal pdf.
[mcmc] Learn + convergence test @ 23960 samples accepted.
[likelihoodcollection] Average computation time:
   flamingo.inference.masked_ps.MaskedBandPowerLikelihood : 5.29391e-05 s (48804 evaluations, 2.58364 s total)
[theorycollection] Average computation time:
   flamingo.inference.masked_ps.MaskedTSZTheory : 0.0164725 s (48804 evaluations, 803.923 s total)
[mcmc]  - Acceptance rate: 0.480
[mcmc]  - Convergence of means: R-1 = 0.023957 after 19168 accepted steps
[mcmc]  - Updated covariance matrix of proposal pdf.
[mcmc] Learn + convergence test @ 24000 samples accepted.
[likelihoodcollection] Average computation time:
   flamingo.inference.masked_ps.MaskedBandPowerLikelihood : 5.29426e-05 s (48892 evaluations, 2.58847 s total)
[theorycollection] Average computation time:
   flamingo.inference.masked_ps.MaskedTSZTheory : 0.0164727 s (48892 evaluations, 805.385 s total)
[mcmc]  - Acceptance rate: 0.480
[mcmc]  - Convergence of means: R-1 = 0.025882 after 19200 accepted steps
[mcmc]  - Updated covariance matrix of proposal pdf.
[mcmc] Learn + convergence test @ 24040 samples accepted.
[likelihoodcollection] Average computation time:
   flamingo.inference.masked_ps.MaskedBandPowerLikelihood : 5.29506e-05 s (48976 evaluations, 2.59331 s total)
[theorycollection] Average computation time:
   flamingo.inference.masked_ps.MaskedTSZTheory : 0.0164731 s (48976 evaluations, 806.786 s total)
[mcmc]  - Acceptance rate: 0.480
[mcmc]  - Convergence of means: R-1 = 0.025972 after 19232 accepted steps
[mcmc]  - Updated covariance matrix of proposal pdf.
[mcmc] Learn + convergence test @ 24080 samples accepted.
[likelihoodcollection] Average computation time:
   flamingo.inference.masked_ps.MaskedBandPowerLikelihood : 5.29486e-05 s (49067 evaluations, 2.59803 s total)
[theorycollection] Average computation time:
   flamingo.inference.masked_ps.MaskedTSZTheory : 0.0164731 s (49067 evaluations, 808.284 s total)
[mcmc]  - Acceptance rate: 0.480
[mcmc]  - Convergence of means: R-1 = 0.023475 after 19264 accepted steps
[mcmc]  - Updated covariance matrix of proposal pdf.
[mcmc] Learn + convergence test @ 24120 samples accepted.
[likelihoodcollection] Average computation time:
   flamingo.inference.masked_ps.MaskedBandPowerLikelihood : 5.29461e-05 s (49172 evaluations, 2.60347 s total)
[theorycollection] Average computation time:
   flamingo.inference.masked_ps.MaskedTSZTheory : 0.0164727 s (49172 evaluations, 809.994 s total)
[mcmc]  - Acceptance rate: 0.479
[mcmc]  - Convergence of means: R-1 = 0.021904 after 19296 accepted steps
[mcmc]  - Updated covariance matrix of proposal pdf.
[mcmc] Learn + convergence test @ 24160 samples accepted.
[likelihoodcollection] Average computation time:
   flamingo.inference.masked_ps.MaskedBandPowerLikelihood : 5.29419e-05 s (49250 evaluations, 2.60739 s total)
[theorycollection] Average computation time:
   flamingo.inference.masked_ps.MaskedTSZTheory : 0.0164725 s (49250 evaluations, 811.273 s total)
[mcmc]  - Acceptance rate: 0.479
[mcmc]  - Convergence of means: R-1 = 0.021542 after 19328 accepted steps
[mcmc]  - Updated covariance matrix of proposal pdf.
[mcmc] Learn + convergence test @ 24200 samples accepted.
[likelihoodcollection] Average computation time:
   flamingo.inference.masked_ps.MaskedBandPowerLikelihood : 5.29396e-05 s (49333 evaluations, 2.61167 s total)
[theorycollection] Average computation time:
   flamingo.inference.masked_ps.MaskedTSZTheory : 0.0164721 s (49333 evaluations, 812.616 s total)
[mcmc]  - Acceptance rate: 0.479
[mcmc]  - Convergence of means: R-1 = 0.022618 after 19360 accepted steps
[mcmc]  - Updated covariance matrix of proposal pdf.
[mcmc] Learn + convergence test @ 24240 samples accepted.
[likelihoodcollection] Average computation time:
   flamingo.inference.masked_ps.MaskedBandPowerLikelihood : 5.29362e-05 s (49416 evaluations, 2.61589 s total)
[theorycollection] Average computation time:
   flamingo.inference.masked_ps.MaskedTSZTheory : 0.0164722 s (49416 evaluations, 813.99 s total)
[mcmc]  - Acceptance rate: 0.479
[mcmc]  - Convergence of means: R-1 = 0.023620 after 19392 accepted steps
[mcmc]  - Updated covariance matrix of proposal pdf.
[mcmc] Learn + convergence test @ 24280 samples accepted.
[likelihoodcollection] Average computation time:
   flamingo.inference.masked_ps.MaskedBandPowerLikelihood : 5.29394e-05 s (49494 evaluations, 2.62018 s total)
[theorycollection] Average computation time:
   flamingo.inference.masked_ps.MaskedTSZTheory : 0.0164728 s (49494 evaluations, 815.304 s total)
[mcmc]  - Acceptance rate: 0.479
[mcmc]  - Convergence of means: R-1 = 0.024524 after 19424 accepted steps
[mcmc]  - Updated covariance matrix of proposal pdf.
[mcmc] Learn + convergence test @ 24320 samples accepted.
[likelihoodcollection] Average computation time:
   flamingo.inference.masked_ps.MaskedBandPowerLikelihood : 5.29388e-05 s (49573 evaluations, 2.62434 s total)
[theorycollection] Average computation time:
   flamingo.inference.masked_ps.MaskedTSZTheory : 0.0164729 s (49573 evaluations, 816.61 s total)
[mcmc]  - Acceptance rate: 0.479
[mcmc]  - Convergence of means: R-1 = 0.025283 after 19456 accepted steps
[mcmc]  - Updated covariance matrix of proposal pdf.
[mcmc] Learn + convergence test @ 24360 samples accepted.
[likelihoodcollection] Average computation time:
   flamingo.inference.masked_ps.MaskedBandPowerLikelihood : 5.29504e-05 s (49657 evaluations, 2.62936 s total)
[theorycollection] Average computation time:
   flamingo.inference.masked_ps.MaskedTSZTheory : 0.0164735 s (49657 evaluations, 818.025 s total)
[mcmc]  - Acceptance rate: 0.479
[mcmc]  - Convergence of means: R-1 = 0.027669 after 19488 accepted steps
[mcmc]  - Updated covariance matrix of proposal pdf.
[mcmc] Learn + convergence test @ 24400 samples accepted.
[likelihoodcollection] Average computation time:
   flamingo.inference.masked_ps.MaskedBandPowerLikelihood : 5.29522e-05 s (49725 evaluations, 2.63305 s total)
[theorycollection] Average computation time:
   flamingo.inference.masked_ps.MaskedTSZTheory : 0.0164728 s (49725 evaluations, 819.111 s total)
[mcmc]  - Acceptance rate: 0.480
[mcmc]  - Convergence of means: R-1 = 0.027372 after 19520 accepted steps
[mcmc]  - Updated covariance matrix of proposal pdf.
[mcmc] Learn + convergence test @ 24440 samples accepted.
[likelihoodcollection] Average computation time:
   flamingo.inference.masked_ps.MaskedBandPowerLikelihood : 5.29478e-05 s (49799 evaluations, 2.63675 s total)
[theorycollection] Average computation time:
   flamingo.inference.masked_ps.MaskedTSZTheory : 0.0164719 s (49799 evaluations, 820.284 s total)
[mcmc]  - Acceptance rate: 0.480
[mcmc]  - Convergence of means: R-1 = 0.028417 after 19552 accepted steps
[mcmc]  - Updated covariance matrix of proposal pdf.
[mcmc] Progress @ 2026-08-03 01:39:35 : 50423 steps taken, and 24464 accepted.
[mcmc] Learn + convergence test @ 24480 samples accepted.
[likelihoodcollection] Average computation time:
   flamingo.inference.masked_ps.MaskedBandPowerLikelihood : 5.29568e-05 s (49891 evaluations, 2.64207 s total)
[theorycollection] Average computation time:
   flamingo.inference.masked_ps.MaskedTSZTheory : 0.0164721 s (49891 evaluations, 821.808 s total)
[mcmc]  - Acceptance rate: 0.480
[mcmc]  - Convergence of means: R-1 = 0.026429 after 19584 accepted steps
[mcmc]  - Updated covariance matrix of proposal pdf.
[mcmc] Learn + convergence test @ 24520 samples accepted.
[likelihoodcollection] Average computation time:
   flamingo.inference.masked_ps.MaskedBandPowerLikelihood : 5.29545e-05 s (49995 evaluations, 2.64746 s total)
[theorycollection] Average computation time:
   flamingo.inference.masked_ps.MaskedTSZTheory : 0.0164724 s (49995 evaluations, 823.536 s total)
[mcmc]  - Acceptance rate: 0.479
[mcmc]  - Convergence of means: R-1 = 0.024331 after 19616 accepted steps
[mcmc]  - Updated covariance matrix of proposal pdf.
[mcmc] Learn + convergence test @ 24560 samples accepted.
[likelihoodcollection] Average computation time:
   flamingo.inference.masked_ps.MaskedBandPowerLikelihood : 5.29612e-05 s (50088 evaluations, 2.65272 s total)
[theorycollection] Average computation time:
   flamingo.inference.masked_ps.MaskedTSZTheory : 0.0164724 s (50088 evaluations, 825.072 s total)
[mcmc]  - Acceptance rate: 0.479
[mcmc]  - Convergence of means: R-1 = 0.023756 after 19648 accepted steps
[mcmc]  - Updated covariance matrix of proposal pdf.
[mcmc] Learn + convergence test @ 24600 samples accepted.
[likelihoodcollection] Average computation time:
   flamingo.inference.masked_ps.MaskedBandPowerLikelihood : 5.29627e-05 s (50159 evaluations, 2.65656 s total)
[theorycollection] Average computation time:
   flamingo.inference.masked_ps.MaskedTSZTheory : 0.0164718 s (50159 evaluations, 826.21 s total)
[mcmc]  - Acceptance rate: 0.479
[mcmc]  - Convergence of means: R-1 = 0.022071 after 19680 accepted steps
[mcmc]  - Updated covariance matrix of proposal pdf.
[mcmc] Learn + convergence test @ 24640 samples accepted.
[likelihoodcollection] Average computation time:
   flamingo.inference.masked_ps.MaskedBandPowerLikelihood : 5.29646e-05 s (50249 evaluations, 2.66142 s total)
[theorycollection] Average computation time:
   flamingo.inference.masked_ps.MaskedTSZTheory : 0.0164723 s (50249 evaluations, 827.718 s total)
[mcmc]  - Acceptance rate: 0.479
[mcmc]  - Convergence of means: R-1 = 0.021544 after 19712 accepted steps
[mcmc]  - Updated covariance matrix of proposal pdf.
[mcmc] Learn + convergence test @ 24680 samples accepted.
[likelihoodcollection] Average computation time:
   flamingo.inference.masked_ps.MaskedBandPowerLikelihood : 5.29727e-05 s (50326 evaluations, 2.6659 s total)
[theorycollection] Average computation time:
   flamingo.inference.masked_ps.MaskedTSZTheory : 0.0164726 s (50326 evaluations, 829.002 s total)
[mcmc]  - Acceptance rate: 0.479
[mcmc]  - Convergence of means: R-1 = 0.020489 after 19744 accepted steps
[mcmc]  - Updated covariance matrix of proposal pdf.
[mcmc] Learn + convergence test @ 24720 samples accepted.
[likelihoodcollection] Average computation time:
   flamingo.inference.masked_ps.MaskedBandPowerLikelihood : 5.29734e-05 s (50413 evaluations, 2.67055 s total)
[theorycollection] Average computation time:
   flamingo.inference.masked_ps.MaskedTSZTheory : 0.0164726 s (50413 evaluations, 830.435 s total)
[mcmc]  - Acceptance rate: 0.479
[mcmc]  - Convergence of means: R-1 = 0.020849 after 19776 accepted steps
[mcmc]  - Updated covariance matrix of proposal pdf.
[mcmc] Learn + convergence test @ 24760 samples accepted.
[likelihoodcollection] Average computation time:
   flamingo.inference.masked_ps.MaskedBandPowerLikelihood : 5.29791e-05 s (50492 evaluations, 2.67502 s total)
[theorycollection] Average computation time:
   flamingo.inference.masked_ps.MaskedTSZTheory : 0.0164727 s (50492 evaluations, 831.74 s total)
[mcmc]  - Acceptance rate: 0.480
[mcmc]  - Convergence of means: R-1 = 0.021044 after 19808 accepted steps
[mcmc]  - Updated covariance matrix of proposal pdf.
[mcmc] Learn + convergence test @ 24800 samples accepted.
[likelihoodcollection] Average computation time:
   flamingo.inference.masked_ps.MaskedBandPowerLikelihood : 5.29845e-05 s (50567 evaluations, 2.67927 s total)
[theorycollection] Average computation time:
   flamingo.inference.masked_ps.MaskedTSZTheory : 0.016473 s (50567 evaluations, 832.993 s total)
[mcmc]  - Acceptance rate: 0.480
[mcmc]  - Convergence of means: R-1 = 0.019880 after 19840 accepted steps
[mcmc]  - Updated covariance matrix of proposal pdf.
[mcmc] Learn + convergence test @ 24840 samples accepted.
[likelihoodcollection] Average computation time:
   flamingo.inference.masked_ps.MaskedBandPowerLikelihood : 5.29917e-05 s (50657 evaluations, 2.6844 s total)
[theorycollection] Average computation time:
   flamingo.inference.masked_ps.MaskedTSZTheory : 0.0164739 s (50657 evaluations, 834.519 s total)
[mcmc]  - Acceptance rate: 0.480
[mcmc]  - Convergence of means: R-1 = 0.017606 after 19872 accepted steps
[mcmc]  - Updated covariance matrix of proposal pdf.
[mcmc] Learn + convergence test @ 24880 samples accepted.
[likelihoodcollection] Average computation time:
   flamingo.inference.masked_ps.MaskedBandPowerLikelihood : 5.29912e-05 s (50738 evaluations, 2.68867 s total)
[theorycollection] Average computation time:
   flamingo.inference.masked_ps.MaskedTSZTheory : 0.0164742 s (50738 evaluations, 835.869 s total)
[mcmc]  - Acceptance rate: 0.480
[mcmc]  - Convergence of means: R-1 = 0.017199 after 19904 accepted steps
[mcmc]  - Updated covariance matrix of proposal pdf.
[mcmc] Learn + convergence test @ 24920 samples accepted.
[likelihoodcollection] Average computation time:
   flamingo.inference.masked_ps.MaskedBandPowerLikelihood : 5.29933e-05 s (50832 evaluations, 2.69376 s total)
[theorycollection] Average computation time:
   flamingo.inference.masked_ps.MaskedTSZTheory : 0.016474 s (50832 evaluations, 837.409 s total)
[mcmc]  - Acceptance rate: 0.480
[mcmc]  - Convergence of means: R-1 = 0.017475 after 19936 accepted steps
[mcmc]  - Updated covariance matrix of proposal pdf.
[mcmc] Learn + convergence test @ 24960 samples accepted.
[likelihoodcollection] Average computation time:
   flamingo.inference.masked_ps.MaskedBandPowerLikelihood : 5.2998e-05 s (50903 evaluations, 2.69776 s total)
[theorycollection] Average computation time:
   flamingo.inference.masked_ps.MaskedTSZTheory : 0.0164742 s (50903 evaluations, 838.586 s total)
[mcmc]  - Acceptance rate: 0.480
[mcmc]  - Convergence of means: R-1 = 0.016715 after 19968 accepted steps
[mcmc]  - Updated covariance matrix of proposal pdf.
[mcmc] Learn + convergence test @ 25000 samples accepted.
[likelihoodcollection] Average computation time:
   flamingo.inference.masked_ps.MaskedBandPowerLikelihood : 5.29951e-05 s (50983 evaluations, 2.70185 s total)
[theorycollection] Average computation time:
   flamingo.inference.masked_ps.MaskedTSZTheory : 0.0164734 s (50983 evaluations, 839.866 s total)
[mcmc]  - Acceptance rate: 0.480
[mcmc]  - Convergence of means: R-1 = 0.018785 after 20000 accepted steps
[mcmc]  - Updated covariance matrix of proposal pdf.
[mcmc] Learn + convergence test @ 25040 samples accepted.
[likelihoodcollection] Average computation time:
   flamingo.inference.masked_ps.MaskedBandPowerLikelihood : 5.29931e-05 s (51074 evaluations, 2.70657 s total)
[theorycollection] Average computation time:
   flamingo.inference.masked_ps.MaskedTSZTheory : 0.0164731 s (51074 evaluations, 841.347 s total)
[mcmc]  - Acceptance rate: 0.480
[mcmc]  - Convergence of means: R-1 = 0.021766 after 20032 accepted steps
[mcmc]  - Updated covariance matrix of proposal pdf.
[mcmc] Learn + convergence test @ 25080 samples accepted.
[likelihoodcollection] Average computation time:
   flamingo.inference.masked_ps.MaskedBandPowerLikelihood : 5.29908e-05 s (51151 evaluations, 2.71053 s total)
[theorycollection] Average computation time:
   flamingo.inference.masked_ps.MaskedTSZTheory : 0.0164733 s (51151 evaluations, 842.626 s total)
[mcmc]  - Acceptance rate: 0.480
[mcmc]  - Convergence of means: R-1 = 0.021349 after 20064 accepted steps
[mcmc]  - Updated covariance matrix of proposal pdf.
[mcmc] Learn + convergence test @ 25120 samples accepted.
[likelihoodcollection] Average computation time:
   flamingo.inference.masked_ps.MaskedBandPowerLikelihood : 5.29976e-05 s (51234 evaluations, 2.71528 s total)
[theorycollection] Average computation time:
   flamingo.inference.masked_ps.MaskedTSZTheory : 0.0164741 s (51234 evaluations, 844.035 s total)
[mcmc]  - Acceptance rate: 0.480
[mcmc]  - Convergence of means: R-1 = 0.021451 after 20096 accepted steps
[mcmc]  - Updated covariance matrix of proposal pdf.
[mcmc] Learn + convergence test @ 25160 samples accepted.
[likelihoodcollection] Average computation time:
   flamingo.inference.masked_ps.MaskedBandPowerLikelihood : 5.29924e-05 s (51316 evaluations, 2.71936 s total)
[theorycollection] Average computation time:
   flamingo.inference.masked_ps.MaskedTSZTheory : 0.0164738 s (51316 evaluations, 845.371 s total)
[mcmc]  - Acceptance rate: 0.480
[mcmc]  - Convergence of means: R-1 = 0.020404 after 20128 accepted steps
[mcmc]  - Updated covariance matrix of proposal pdf.
[mcmc] Learn + convergence test @ 25200 samples accepted.
[likelihoodcollection] Average computation time:
   flamingo.inference.masked_ps.MaskedBandPowerLikelihood : 5.29858e-05 s (51396 evaluations, 2.72326 s total)
[theorycollection] Average computation time:
   flamingo.inference.masked_ps.MaskedTSZTheory : 0.0164731 s (51396 evaluations, 846.653 s total)
[mcmc]  - Acceptance rate: 0.480
[mcmc]  - Convergence of means: R-1 = 0.021495 after 20160 accepted steps
[mcmc]  - Updated covariance matrix of proposal pdf.
[mcmc] Learn + convergence test @ 25240 samples accepted.
[likelihoodcollection] Average computation time:
   flamingo.inference.masked_ps.MaskedBandPowerLikelihood : 5.29837e-05 s (51463 evaluations, 2.7267 s total)
[theorycollection] Average computation time:
   flamingo.inference.masked_ps.MaskedTSZTheory : 0.0164734 s (51463 evaluations, 847.771 s total)
[mcmc]  - Acceptance rate: 0.480
[mcmc]  - Convergence of means: R-1 = 0.023530 after 20192 accepted steps
[mcmc]  - Updated covariance matrix of proposal pdf.
[mcmc] Learn + convergence test @ 25280 samples accepted.
[likelihoodcollection] Average computation time:
   flamingo.inference.masked_ps.MaskedBandPowerLikelihood : 5.299e-05 s (51539 evaluations, 2.73105 s total)
[theorycollection] Average computation time:
   flamingo.inference.masked_ps.MaskedTSZTheory : 0.0164736 s (51539 evaluations, 849.035 s total)
[mcmc]  - Acceptance rate: 0.480
[mcmc]  - Convergence of means: R-1 = 0.025273 after 20224 accepted steps
[mcmc]  - Updated covariance matrix of proposal pdf.
[mcmc] Learn + convergence test @ 25320 samples accepted.
[likelihoodcollection] Average computation time:
   flamingo.inference.masked_ps.MaskedBandPowerLikelihood : 5.29903e-05 s (51622 evaluations, 2.73546 s total)
[theorycollection] Average computation time:
   flamingo.inference.masked_ps.MaskedTSZTheory : 0.0164737 s (51622 evaluations, 850.403 s total)
[mcmc]  - Acceptance rate: 0.480
[mcmc]  - Convergence of means: R-1 = 0.025737 after 20256 accepted steps
[mcmc]  - Updated covariance matrix of proposal pdf.
[mcmc] Learn + convergence test @ 25360 samples accepted.
[likelihoodcollection] Average computation time:
   flamingo.inference.masked_ps.MaskedBandPowerLikelihood : 5.29959e-05 s (51700 evaluations, 2.73989 s total)
[theorycollection] Average computation time:
   flamingo.inference.masked_ps.MaskedTSZTheory : 0.0164739 s (51700 evaluations, 851.7 s total)
[mcmc]  - Acceptance rate: 0.480
[mcmc]  - Convergence of means: R-1 = 0.025346 after 20288 accepted steps
[mcmc]  - Updated covariance matrix of proposal pdf.
[mcmc] Learn + convergence test @ 25400 samples accepted.
[likelihoodcollection] Average computation time:
   flamingo.inference.masked_ps.MaskedBandPowerLikelihood : 5.29969e-05 s (51790 evaluations, 2.74471 s total)
[theorycollection] Average computation time:
   flamingo.inference.masked_ps.MaskedTSZTheory : 0.0164737 s (51790 evaluations, 853.172 s total)
[mcmc]  - Acceptance rate: 0.480
[mcmc]  - Convergence of means: R-1 = 0.024033 after 20320 accepted steps
[mcmc]  - Updated covariance matrix of proposal pdf.
[mcmc] Learn + convergence test @ 25440 samples accepted.
[likelihoodcollection] Average computation time:
   flamingo.inference.masked_ps.MaskedBandPowerLikelihood : 5.29981e-05 s (51885 evaluations, 2.74981 s total)
[theorycollection] Average computation time:
   flamingo.inference.masked_ps.MaskedTSZTheory : 0.016474 s (51885 evaluations, 854.751 s total)
[mcmc]  - Acceptance rate: 0.480
[mcmc]  - Convergence of means: R-1 = 0.025524 after 20352 accepted steps
[mcmc]  - Updated covariance matrix of proposal pdf.
[mcmc] Learn + convergence test @ 25480 samples accepted.
[likelihoodcollection] Average computation time:
   flamingo.inference.masked_ps.MaskedBandPowerLikelihood : 5.29961e-05 s (51966 evaluations, 2.754 s total)
[theorycollection] Average computation time:
   flamingo.inference.masked_ps.MaskedTSZTheory : 0.0164735 s (51966 evaluations, 856.06 s total)
[mcmc]  - Acceptance rate: 0.480
[mcmc]  - Convergence of means: R-1 = 0.025766 after 20384 accepted steps
[mcmc]  - Updated covariance matrix of proposal pdf.
[mcmc] Learn + convergence test @ 25520 samples accepted.
[likelihoodcollection] Average computation time:
   flamingo.inference.masked_ps.MaskedBandPowerLikelihood : 5.29998e-05 s (52065 evaluations, 2.75943 s total)
[theorycollection] Average computation time:
   flamingo.inference.masked_ps.MaskedTSZTheory : 0.0164738 s (52065 evaluations, 857.71 s total)
[mcmc]  - Acceptance rate: 0.480
[mcmc]  - Convergence of means: R-1 = 0.025176 after 20416 accepted steps
[mcmc]  - Updated covariance matrix of proposal pdf.
[mcmc] Learn + convergence test @ 25560 samples accepted.
[likelihoodcollection] Average computation time:
   flamingo.inference.masked_ps.MaskedBandPowerLikelihood : 5.30003e-05 s (52162 evaluations, 2.7646 s total)
[theorycollection] Average computation time:
   flamingo.inference.masked_ps.MaskedTSZTheory : 0.0164739 s (52162 evaluations, 859.311 s total)
[mcmc]  - Acceptance rate: 0.480
[mcmc]  - Convergence of means: R-1 = 0.024792 after 20448 accepted steps
[mcmc]  - Updated covariance matrix of proposal pdf.
[mcmc] Learn + convergence test @ 25600 samples accepted.
[likelihoodcollection] Average computation time:
   flamingo.inference.masked_ps.MaskedBandPowerLikelihood : 5.30041e-05 s (52247 evaluations, 2.7693 s total)
[theorycollection] Average computation time:
   flamingo.inference.masked_ps.MaskedTSZTheory : 0.016474 s (52247 evaluations, 860.719 s total)
[mcmc]  - Acceptance rate: 0.480
[mcmc]  - Convergence of means: R-1 = 0.023312 after 20480 accepted steps
[mcmc]  - Updated covariance matrix of proposal pdf.
[mcmc] Learn + convergence test @ 25640 samples accepted.
[likelihoodcollection] Average computation time:
   flamingo.inference.masked_ps.MaskedBandPowerLikelihood : 5.30072e-05 s (52322 evaluations, 2.77344 s total)
[theorycollection] Average computation time:
   flamingo.inference.masked_ps.MaskedTSZTheory : 0.0164747 s (52322 evaluations, 861.988 s total)
[mcmc]  - Acceptance rate: 0.480
[mcmc]  - Convergence of means: R-1 = 0.021468 after 20512 accepted steps
[mcmc]  - Updated covariance matrix of proposal pdf.
[mcmc] Learn + convergence test @ 25680 samples accepted.
[likelihoodcollection] Average computation time:
   flamingo.inference.masked_ps.MaskedBandPowerLikelihood : 5.30091e-05 s (52401 evaluations, 2.77773 s total)
[theorycollection] Average computation time:
   flamingo.inference.masked_ps.MaskedTSZTheory : 0.0164747 s (52401 evaluations, 863.289 s total)
[mcmc]  - Acceptance rate: 0.480
[mcmc]  - Convergence of means: R-1 = 0.021015 after 20544 accepted steps
[mcmc]  - Updated covariance matrix of proposal pdf.
[mcmc] Learn + convergence test @ 25720 samples accepted.
[likelihoodcollection] Average computation time:
   flamingo.inference.masked_ps.MaskedBandPowerLikelihood : 5.30097e-05 s (52492 evaluations, 2.78259 s total)
[theorycollection] Average computation time:
   flamingo.inference.masked_ps.MaskedTSZTheory : 0.0164745 s (52492 evaluations, 864.78 s total)
[mcmc]  - Acceptance rate: 0.480
[mcmc]  - Convergence of means: R-1 = 0.020482 after 20576 accepted steps
[mcmc]  - Updated covariance matrix of proposal pdf.
[mcmc] Learn + convergence test @ 25760 samples accepted.
[likelihoodcollection] Average computation time:
   flamingo.inference.masked_ps.MaskedBandPowerLikelihood : 5.30118e-05 s (52574 evaluations, 2.78704 s total)
[theorycollection] Average computation time:
   flamingo.inference.masked_ps.MaskedTSZTheory : 0.0164744 s (52574 evaluations, 866.126 s total)
[mcmc]  - Acceptance rate: 0.480
[mcmc]  - Convergence of means: R-1 = 0.020049 after 20608 accepted steps
[mcmc]  - Updated covariance matrix of proposal pdf.
[mcmc] Learn + convergence test @ 25800 samples accepted.
[likelihoodcollection] Average computation time:
   flamingo.inference.masked_ps.MaskedBandPowerLikelihood : 5.30146e-05 s (52634 evaluations, 2.79037 s total)
[theorycollection] Average computation time:
   flamingo.inference.masked_ps.MaskedTSZTheory : 0.0164743 s (52634 evaluations, 867.109 s total)
[mcmc]  - Acceptance rate: 0.480
[mcmc]  - Convergence of means: R-1 = 0.019975 after 20640 accepted steps
[mcmc]  - Updated covariance matrix of proposal pdf.
[mcmc] Learn + convergence test @ 25840 samples accepted.
[likelihoodcollection] Average computation time:
   flamingo.inference.masked_ps.MaskedBandPowerLikelihood : 5.30165e-05 s (52726 evaluations, 2.79535 s total)
[theorycollection] Average computation time:
   flamingo.inference.masked_ps.MaskedTSZTheory : 0.0164742 s (52726 evaluations, 868.618 s total)
[mcmc]  - Acceptance rate: 0.480
[mcmc]  - Convergence of means: R-1 = 0.019529 after 20672 accepted steps
[mcmc]  - Updated covariance matrix of proposal pdf.
[mcmc] Learn + convergence test @ 25880 samples accepted.
[likelihoodcollection] Average computation time:
   flamingo.inference.masked_ps.MaskedBandPowerLikelihood : 5.30189e-05 s (52816 evaluations, 2.80024 s total)
[theorycollection] Average computation time:
   flamingo.inference.masked_ps.MaskedTSZTheory : 0.0164744 s (52816 evaluations, 870.11 s total)
[mcmc]  - Acceptance rate: 0.480
[mcmc]  - Convergence of means: R-1 = 0.019541 after 20704 accepted steps
[mcmc]  - Updated covariance matrix of proposal pdf.
[mcmc] Learn + convergence test @ 25920 samples accepted.
[likelihoodcollection] Average computation time:
   flamingo.inference.masked_ps.MaskedBandPowerLikelihood : 5.30187e-05 s (52891 evaluations, 2.80421 s total)
[theorycollection] Average computation time:
   flamingo.inference.masked_ps.MaskedTSZTheory : 0.0164746 s (52891 evaluations, 871.36 s total)
[mcmc]  - Acceptance rate: 0.480
[mcmc]  - Convergence of means: R-1 = 0.019767 after 20736 accepted steps
[mcmc]  - Updated covariance matrix of proposal pdf.
[mcmc] Learn + convergence test @ 25960 samples accepted.
[likelihoodcollection] Average computation time:
   flamingo.inference.masked_ps.MaskedBandPowerLikelihood : 5.29881e-05 s (52978 evaluations, 2.8072 s total)
[theorycollection] Average computation time:
   flamingo.inference.masked_ps.MaskedTSZTheory : 0.0164723 s (52978 evaluations, 872.671 s total)
[mcmc]  - Acceptance rate: 0.480
[mcmc]  - Convergence of means: R-1 = 0.020638 after 20768 accepted steps
[mcmc]  - Updated covariance matrix of proposal pdf.
[mcmc] Learn + convergence test @ 26000 samples accepted.
[likelihoodcollection] Average computation time:
   flamingo.inference.masked_ps.MaskedBandPowerLikelihood : 5.29546e-05 s (53052 evaluations, 2.80935 s total)
[theorycollection] Average computation time:
   flamingo.inference.masked_ps.MaskedTSZTheory : 0.0164696 s (53052 evaluations, 873.745 s total)
[mcmc]  - Acceptance rate: 0.480
[mcmc]  - Convergence of means: R-1 = 0.020709 after 20800 accepted steps
[mcmc]  - Updated covariance matrix of proposal pdf.
[mcmc] Learn + convergence test @ 26040 samples accepted.
[likelihoodcollection] Average computation time:
   flamingo.inference.masked_ps.MaskedBandPowerLikelihood : 5.29425e-05 s (53134 evaluations, 2.81305 s total)
[theorycollection] Average computation time:
   flamingo.inference.masked_ps.MaskedTSZTheory : 0.0164678 s (53134 evaluations, 874.998 s total)
[mcmc]  - Acceptance rate: 0.480
[mcmc]  - Convergence of means: R-1 = 0.020037 after 20832 accepted steps
[mcmc]  - Updated covariance matrix of proposal pdf.
[mcmc] Learn + convergence test @ 26080 samples accepted.
[likelihoodcollection] Average computation time:
   flamingo.inference.masked_ps.MaskedBandPowerLikelihood : 5.29317e-05 s (53222 evaluations, 2.81713 s total)
[theorycollection] Average computation time:
   flamingo.inference.masked_ps.MaskedTSZTheory : 0.0164668 s (53222 evaluations, 876.397 s total)
[mcmc]  - Acceptance rate: 0.480
[mcmc]  - Convergence of means: R-1 = 0.019938 after 20864 accepted steps
[mcmc]  - Updated covariance matrix of proposal pdf.
[mcmc] Learn + convergence test @ 26120 samples accepted.
[likelihoodcollection] Average computation time:
   flamingo.inference.masked_ps.MaskedBandPowerLikelihood : 5.29153e-05 s (53289 evaluations, 2.8198 s total)
[theorycollection] Average computation time:
   flamingo.inference.masked_ps.MaskedTSZTheory : 0.0164642 s (53289 evaluations, 877.362 s total)
[mcmc]  - Acceptance rate: 0.480
[mcmc]  - Convergence of means: R-1 = 0.019485 after 20896 accepted steps
[mcmc]  - Updated covariance matrix of proposal pdf.
[mcmc] Learn + convergence test @ 26160 samples accepted.
[likelihoodcollection] Average computation time:
   flamingo.inference.masked_ps.MaskedBandPowerLikelihood : 5.29109e-05 s (53371 evaluations, 2.82391 s total)
[theorycollection] Average computation time:
   flamingo.inference.masked_ps.MaskedTSZTheory : 0.0164638 s (53371 evaluations, 878.688 s total)
[mcmc]  - Acceptance rate: 0.480
[mcmc]  - Convergence of means: R-1 = 0.019479 after 20928 accepted steps
[mcmc]  - Updated covariance matrix of proposal pdf.
[mcmc] Progress @ 2026-08-03 01:40:35 : 54038 steps taken, and 26197 accepted.
[mcmc] Learn + convergence test @ 26200 samples accepted.
[likelihoodcollection] Average computation time:
   flamingo.inference.masked_ps.MaskedBandPowerLikelihood : 5.29058e-05 s (53453 evaluations, 2.82797 s total)
[theorycollection] Average computation time:
   flamingo.inference.masked_ps.MaskedTSZTheory : 0.0164631 s (53453 evaluations, 880.002 s total)
[mcmc]  - Acceptance rate: 0.480
[mcmc]  - Convergence of means: R-1 = 0.018596 after 20960 accepted steps
[mcmc]  - Updated covariance matrix of proposal pdf.
[mcmc] Learn + convergence test @ 26240 samples accepted.
[likelihoodcollection] Average computation time:
   flamingo.inference.masked_ps.MaskedBandPowerLikelihood : 5.2908e-05 s (53533 evaluations, 2.83232 s total)
[theorycollection] Average computation time:
   flamingo.inference.masked_ps.MaskedTSZTheory : 0.016463 s (53533 evaluations, 881.315 s total)
[mcmc]  - Acceptance rate: 0.480
[mcmc]  - Convergence of means: R-1 = 0.018503 after 20992 accepted steps
[mcmc]  - Updated covariance matrix of proposal pdf.
[mcmc] Learn + convergence test @ 26280 samples accepted.
[likelihoodcollection] Average computation time:
   flamingo.inference.masked_ps.MaskedBandPowerLikelihood : 5.29055e-05 s (53609 evaluations, 2.83621 s total)
[theorycollection] Average computation time:
   flamingo.inference.masked_ps.MaskedTSZTheory : 0.0164635 s (53609 evaluations, 882.594 s total)
[mcmc]  - Acceptance rate: 0.480
[mcmc]  - Convergence of means: R-1 = 0.019067 after 21024 accepted steps
[mcmc]  - Updated covariance matrix of proposal pdf.
[mcmc] Learn + convergence test @ 26320 samples accepted.
[likelihoodcollection] Average computation time:
   flamingo.inference.masked_ps.MaskedBandPowerLikelihood : 5.28974e-05 s (53689 evaluations, 2.84001 s total)
[theorycollection] Average computation time:
   flamingo.inference.masked_ps.MaskedTSZTheory : 0.0164636 s (53689 evaluations, 883.914 s total)
[mcmc]  - Acceptance rate: 0.480
[mcmc]  - Convergence of means: R-1 = 0.019150 after 21056 accepted steps
[mcmc]  - Updated covariance matrix of proposal pdf.
[mcmc] Learn + convergence test @ 26360 samples accepted.
[likelihoodcollection] Average computation time:
   flamingo.inference.masked_ps.MaskedBandPowerLikelihood : 5.28959e-05 s (53767 evaluations, 2.84406 s total)
[theorycollection] Average computation time:
   flamingo.inference.masked_ps.MaskedTSZTheory : 0.0164634 s (53767 evaluations, 885.186 s total)
[mcmc]  - Acceptance rate: 0.480
[mcmc]  - Convergence of means: R-1 = 0.018992 after 21088 accepted steps
[mcmc]  - Updated covariance matrix of proposal pdf.
[mcmc] Learn + convergence test @ 26400 samples accepted.
[likelihoodcollection] Average computation time:
   flamingo.inference.masked_ps.MaskedBandPowerLikelihood : 5.28932e-05 s (53848 evaluations, 2.84819 s total)
[theorycollection] Average computation time:
   flamingo.inference.masked_ps.MaskedTSZTheory : 0.0164634 s (53848 evaluations, 886.52 s total)
[mcmc]  - Acceptance rate: 0.480
[mcmc]  - Convergence of means: R-1 = 0.018694 after 21120 accepted steps
[mcmc]  - Updated covariance matrix of proposal pdf.
[mcmc] Learn + convergence test @ 26440 samples accepted.
[likelihoodcollection] Average computation time:
   flamingo.inference.masked_ps.MaskedBandPowerLikelihood : 5.2888e-05 s (53935 evaluations, 2.85251 s total)
[theorycollection] Average computation time:
   flamingo.inference.masked_ps.MaskedTSZTheory : 0.0164631 s (53935 evaluations, 887.936 s total)
[mcmc]  - Acceptance rate: 0.480
[mcmc]  - Convergence of means: R-1 = 0.020068 after 21152 accepted steps
[mcmc]  - Updated covariance matrix of proposal pdf.
[mcmc] Learn + convergence test @ 26480 samples accepted.
[likelihoodcollection] Average computation time:
   flamingo.inference.masked_ps.MaskedBandPowerLikelihood : 5.28864e-05 s (54010 evaluations, 2.8564 s total)
[theorycollection] Average computation time:
   flamingo.inference.masked_ps.MaskedTSZTheory : 0.0164636 s (54010 evaluations, 889.2 s total)
[mcmc]  - Acceptance rate: 0.480
[mcmc]  - Convergence of means: R-1 = 0.021463 after 21184 accepted steps
[mcmc]  - Updated covariance matrix of proposal pdf.
[mcmc] Learn + convergence test @ 26520 samples accepted.
[likelihoodcollection] Average computation time:
   flamingo.inference.masked_ps.MaskedBandPowerLikelihood : 5.28864e-05 s (54090 evaluations, 2.86063 s total)
[theorycollection] Average computation time:
   flamingo.inference.masked_ps.MaskedTSZTheory : 0.0164636 s (54090 evaluations, 890.518 s total)
[mcmc]  - Acceptance rate: 0.480
[mcmc]  - Convergence of means: R-1 = 0.021204 after 21216 accepted steps
[mcmc]  - Updated covariance matrix of proposal pdf.
[mcmc] Learn + convergence test @ 26560 samples accepted.
[likelihoodcollection] Average computation time:
   flamingo.inference.masked_ps.MaskedBandPowerLikelihood : 5.28949e-05 s (54180 evaluations, 2.86584 s total)
[theorycollection] Average computation time:
   flamingo.inference.masked_ps.MaskedTSZTheory : 0.0164644 s (54180 evaluations, 892.043 s total)
[mcmc]  - Acceptance rate: 0.480
[mcmc]  - Convergence of means: R-1 = 0.020147 after 21248 accepted steps
[mcmc]  - Updated covariance matrix of proposal pdf.
[mcmc] Learn + convergence test @ 26600 samples accepted.
[likelihoodcollection] Average computation time:
   flamingo.inference.masked_ps.MaskedBandPowerLikelihood : 5.2895e-05 s (54257 evaluations, 2.86993 s total)
[theorycollection] Average computation time:
   flamingo.inference.masked_ps.MaskedTSZTheory : 0.0164645 s (54257 evaluations, 893.312 s total)
[mcmc]  - Acceptance rate: 0.480
[mcmc]  - Convergence of means: R-1 = 0.021968 after 21280 accepted steps
[mcmc]  - Updated covariance matrix of proposal pdf.
[mcmc] Learn + convergence test @ 26640 samples accepted.
[likelihoodcollection] Average computation time:
   flamingo.inference.masked_ps.MaskedBandPowerLikelihood : 5.28959e-05 s (54332 evaluations, 2.87394 s total)
[theorycollection] Average computation time:
   flamingo.inference.masked_ps.MaskedTSZTheory : 0.0164645 s (54332 evaluations, 894.551 s total)
[mcmc]  - Acceptance rate: 0.480
[mcmc]  - Convergence of means: R-1 = 0.022088 after 21312 accepted steps
[mcmc]  - Updated covariance matrix of proposal pdf.
[mcmc] Learn + convergence test @ 26680 samples accepted.
[likelihoodcollection] Average computation time:
   flamingo.inference.masked_ps.MaskedBandPowerLikelihood : 5.28921e-05 s (54402 evaluations, 2.87744 s total)
[theorycollection] Average computation time:
   flamingo.inference.masked_ps.MaskedTSZTheory : 0.0164645 s (54402 evaluations, 895.704 s total)
[mcmc]  - Acceptance rate: 0.481
[mcmc]  - Convergence of means: R-1 = 0.022197 after 21344 accepted steps
[mcmc]  - Updated covariance matrix of proposal pdf.
[mcmc] Learn + convergence test @ 26720 samples accepted.
[likelihoodcollection] Average computation time:
   flamingo.inference.masked_ps.MaskedBandPowerLikelihood : 5.28912e-05 s (54475 evaluations, 2.88125 s total)
[theorycollection] Average computation time:
   flamingo.inference.masked_ps.MaskedTSZTheory : 0.0164642 s (54475 evaluations, 896.89 s total)
[mcmc]  - Acceptance rate: 0.481
[mcmc]  - Convergence of means: R-1 = 0.022156 after 21376 accepted steps
[mcmc]  - Updated covariance matrix of proposal pdf.
[mcmc] Learn + convergence test @ 26760 samples accepted.
[likelihoodcollection] Average computation time:
   flamingo.inference.masked_ps.MaskedBandPowerLikelihood : 5.28961e-05 s (54556 evaluations, 2.8858 s total)
[theorycollection] Average computation time:
   flamingo.inference.masked_ps.MaskedTSZTheory : 0.0164639 s (54556 evaluations, 898.204 s total)
[mcmc]  - Acceptance rate: 0.481
[mcmc]  - Convergence of means: R-1 = 0.020412 after 21408 accepted steps
[mcmc]  - Updated covariance matrix of proposal pdf.
[mcmc] Learn + convergence test @ 26800 samples accepted.
[likelihoodcollection] Average computation time:
   flamingo.inference.masked_ps.MaskedBandPowerLikelihood : 5.28991e-05 s (54650 evaluations, 2.89093 s total)
[theorycollection] Average computation time:
   flamingo.inference.masked_ps.MaskedTSZTheory : 0.016464 s (54650 evaluations, 899.76 s total)
[mcmc]  - Acceptance rate: 0.481
[mcmc]  - Convergence of means: R-1 = 0.019742 after 21440 accepted steps
[mcmc]  - Updated covariance matrix of proposal pdf.
[mcmc] Learn + convergence test @ 26840 samples accepted.
[likelihoodcollection] Average computation time:
   flamingo.inference.masked_ps.MaskedBandPowerLikelihood : 5.29022e-05 s (54719 evaluations, 2.89476 s total)
[theorycollection] Average computation time:
   flamingo.inference.masked_ps.MaskedTSZTheory : 0.0164642 s (54719 evaluations, 900.905 s total)
[mcmc]  - Acceptance rate: 0.481
[mcmc]  - Convergence of means: R-1 = 0.020698 after 21472 accepted steps
[mcmc]  - Updated covariance matrix of proposal pdf.
[mcmc] Learn + convergence test @ 26880 samples accepted.
[likelihoodcollection] Average computation time:
   flamingo.inference.masked_ps.MaskedBandPowerLikelihood : 5.29025e-05 s (54803 evaluations, 2.89922 s total)
[theorycollection] Average computation time:
   flamingo.inference.masked_ps.MaskedTSZTheory : 0.0164638 s (54803 evaluations, 902.268 s total)
[mcmc]  - Acceptance rate: 0.481
[mcmc]  - Convergence of means: R-1 = 0.021612 after 21504 accepted steps
[mcmc]  - Updated covariance matrix of proposal pdf.
[mcmc] Learn + convergence test @ 26920 samples accepted.
[likelihoodcollection] Average computation time:
   flamingo.inference.masked_ps.MaskedBandPowerLikelihood : 5.28925e-05 s (54879 evaluations, 2.90269 s total)
[theorycollection] Average computation time:
   flamingo.inference.masked_ps.MaskedTSZTheory : 0.0164633 s (54879 evaluations, 903.491 s total)
[mcmc]  - Acceptance rate: 0.481
[mcmc]  - Convergence of means: R-1 = 0.022599 after 21536 accepted steps
[mcmc]  - Updated covariance matrix of proposal pdf.
[mcmc] Learn + convergence test @ 26960 samples accepted.
[likelihoodcollection] Average computation time:
   flamingo.inference.masked_ps.MaskedBandPowerLikelihood : 5.28915e-05 s (54975 evaluations, 2.90771 s total)
[theorycollection] Average computation time:
   flamingo.inference.masked_ps.MaskedTSZTheory : 0.0164633 s (54975 evaluations, 905.072 s total)
[mcmc]  - Acceptance rate: 0.481
[mcmc]  - Convergence of means: R-1 = 0.024041 after 21568 accepted steps
[mcmc]  - Updated covariance matrix of proposal pdf.
[mcmc] Learn + convergence test @ 27000 samples accepted.
[likelihoodcollection] Average computation time:
   flamingo.inference.masked_ps.MaskedBandPowerLikelihood : 5.289e-05 s (55065 evaluations, 2.91239 s total)
[theorycollection] Average computation time:
   flamingo.inference.masked_ps.MaskedTSZTheory : 0.016463 s (55065 evaluations, 906.536 s total)
[mcmc]  - Acceptance rate: 0.480
[mcmc]  - Convergence of means: R-1 = 0.024529 after 21600 accepted steps
[mcmc]  - Updated covariance matrix of proposal pdf.
[mcmc] Learn + convergence test @ 27040 samples accepted.
[likelihoodcollection] Average computation time:
   flamingo.inference.masked_ps.MaskedBandPowerLikelihood : 5.28932e-05 s (55161 evaluations, 2.91764 s total)
[theorycollection] Average computation time:
   flamingo.inference.masked_ps.MaskedTSZTheory : 0.0164633 s (55161 evaluations, 908.134 s total)
[mcmc]  - Acceptance rate: 0.480
[mcmc]  - Convergence of means: R-1 = 0.022664 after 21632 accepted steps
[mcmc]  - Updated covariance matrix of proposal pdf.
[mcmc] Learn + convergence test @ 27080 samples accepted.
[likelihoodcollection] Average computation time:
   flamingo.inference.masked_ps.MaskedBandPowerLikelihood : 5.28969e-05 s (55247 evaluations, 2.92239 s total)
[theorycollection] Average computation time:
   flamingo.inference.masked_ps.MaskedTSZTheory : 0.016463 s (55247 evaluations, 909.533 s total)
[mcmc]  - Acceptance rate: 0.480
[mcmc]  - Convergence of means: R-1 = 0.022385 after 21664 accepted steps
[mcmc]  - Updated covariance matrix of proposal pdf.
[mcmc] Learn + convergence test @ 27120 samples accepted.
[likelihoodcollection] Average computation time:
   flamingo.inference.masked_ps.MaskedBandPowerLikelihood : 5.29063e-05 s (55329 evaluations, 2.92725 s total)
[theorycollection] Average computation time:
   flamingo.inference.masked_ps.MaskedTSZTheory : 0.0164635 s (55329 evaluations, 910.908 s total)
[mcmc]  - Acceptance rate: 0.480
[mcmc]  - Convergence of means: R-1 = 0.021990 after 21696 accepted steps
[mcmc]  - Updated covariance matrix of proposal pdf.
[mcmc] Learn + convergence test @ 27160 samples accepted.
[likelihoodcollection] Average computation time:
   flamingo.inference.masked_ps.MaskedBandPowerLikelihood : 5.29068e-05 s (55415 evaluations, 2.93183 s total)
[theorycollection] Average computation time:
   flamingo.inference.masked_ps.MaskedTSZTheory : 0.0164639 s (55415 evaluations, 912.346 s total)
[mcmc]  - Acceptance rate: 0.480
[mcmc]  - Convergence of means: R-1 = 0.022818 after 21728 accepted steps
[mcmc]  - Updated covariance matrix of proposal pdf.
[mcmc] Learn + convergence test @ 27200 samples accepted.
[likelihoodcollection] Average computation time:
   flamingo.inference.masked_ps.MaskedBandPowerLikelihood : 5.29119e-05 s (55489 evaluations, 2.93603 s total)
[theorycollection] Average computation time:
   flamingo.inference.masked_ps.MaskedTSZTheory : 0.0164639 s (55489 evaluations, 913.568 s total)
[mcmc]  - Acceptance rate: 0.480
[mcmc]  - Convergence of means: R-1 = 0.022057 after 21760 accepted steps
[mcmc]  - Updated covariance matrix of proposal pdf.
[mcmc] Learn + convergence test @ 27240 samples accepted.
[likelihoodcollection] Average computation time:
   flamingo.inference.masked_ps.MaskedBandPowerLikelihood : 5.29133e-05 s (55569 evaluations, 2.94034 s total)
[theorycollection] Average computation time:
   flamingo.inference.masked_ps.MaskedTSZTheory : 0.0164644 s (55569 evaluations, 914.909 s total)
[mcmc]  - Acceptance rate: 0.480
[mcmc]  - Convergence of means: R-1 = 0.020417 after 21792 accepted steps
[mcmc]  - Updated covariance matrix of proposal pdf.
[mcmc] Learn + convergence test @ 27280 samples accepted.
[likelihoodcollection] Average computation time:
   flamingo.inference.masked_ps.MaskedBandPowerLikelihood : 5.29125e-05 s (55658 evaluations, 2.945 s total)
[theorycollection] Average computation time:
   flamingo.inference.masked_ps.MaskedTSZTheory : 0.0164643 s (55658 evaluations, 916.371 s total)
[mcmc]  - Acceptance rate: 0.480
[mcmc]  - Convergence of means: R-1 = 0.021933 after 21824 accepted steps
[mcmc]  - Updated covariance matrix of proposal pdf.
[mcmc] Learn + convergence test @ 27320 samples accepted.
[likelihoodcollection] Average computation time:
   flamingo.inference.masked_ps.MaskedBandPowerLikelihood : 5.29226e-05 s (55733 evaluations, 2.94953 s total)
[theorycollection] Average computation time:
   flamingo.inference.masked_ps.MaskedTSZTheory : 0.0164646 s (55733 evaluations, 917.622 s total)
[mcmc]  - Acceptance rate: 0.480
[mcmc]  - Convergence of means: R-1 = 0.022695 after 21856 accepted steps
[mcmc]  - Updated covariance matrix of proposal pdf.
[mcmc] Learn + convergence test @ 27360 samples accepted.
[likelihoodcollection] Average computation time:
   flamingo.inference.masked_ps.MaskedBandPowerLikelihood : 5.2921e-05 s (55816 evaluations, 2.95384 s total)
[theorycollection] Average computation time:
   flamingo.inference.masked_ps.MaskedTSZTheory : 0.0164643 s (55816 evaluations, 918.972 s total)
[mcmc]  - Acceptance rate: 0.480
[mcmc]  - Convergence of means: R-1 = 0.023857 after 21888 accepted steps
[mcmc]  - Updated covariance matrix of proposal pdf.
[mcmc] Learn + convergence test @ 27400 samples accepted.
[likelihoodcollection] Average computation time:
   flamingo.inference.masked_ps.MaskedBandPowerLikelihood : 5.29201e-05 s (55919 evaluations, 2.95924 s total)
[theorycollection] Average computation time:
   flamingo.inference.masked_ps.MaskedTSZTheory : 0.0164645 s (55919 evaluations, 920.677 s total)
[mcmc]  - Acceptance rate: 0.480
[mcmc]  - Convergence of means: R-1 = 0.024094 after 21920 accepted steps
[mcmc]  - Updated covariance matrix of proposal pdf.
[mcmc] Learn + convergence test @ 27440 samples accepted.
[likelihoodcollection] Average computation time:
   flamingo.inference.masked_ps.MaskedBandPowerLikelihood : 5.29149e-05 s (56004 evaluations, 2.96344 s total)
[theorycollection] Average computation time:
   flamingo.inference.masked_ps.MaskedTSZTheory : 0.0164642 s (56004 evaluations, 922.061 s total)
[mcmc]  - Acceptance rate: 0.480
[mcmc]  - Convergence of means: R-1 = 0.023201 after 21952 accepted steps
[mcmc]  - Updated covariance matrix of proposal pdf.
[mcmc] Learn + convergence test @ 27480 samples accepted.
[likelihoodcollection] Average computation time:
   flamingo.inference.masked_ps.MaskedBandPowerLikelihood : 5.29146e-05 s (56083 evaluations, 2.96761 s total)
[theorycollection] Average computation time:
   flamingo.inference.masked_ps.MaskedTSZTheory : 0.0164644 s (56083 evaluations, 923.371 s total)
[mcmc]  - Acceptance rate: 0.480
[mcmc]  - Convergence of means: R-1 = 0.021442 after 21984 accepted steps
[mcmc]  - Updated covariance matrix of proposal pdf.
[mcmc] Learn + convergence test @ 27520 samples accepted.
[likelihoodcollection] Average computation time:
   flamingo.inference.masked_ps.MaskedBandPowerLikelihood : 5.29166e-05 s (56164 evaluations, 2.97201 s total)
[theorycollection] Average computation time:
   flamingo.inference.masked_ps.MaskedTSZTheory : 0.0164648 s (56164 evaluations, 924.728 s total)
[mcmc]  - Acceptance rate: 0.480
[mcmc]  - Convergence of means: R-1 = 0.020612 after 22016 accepted steps
[mcmc]  - Updated covariance matrix of proposal pdf.
[mcmc] Learn + convergence test @ 27560 samples accepted.
[likelihoodcollection] Average computation time:
   flamingo.inference.masked_ps.MaskedBandPowerLikelihood : 5.29203e-05 s (56254 evaluations, 2.97698 s total)
[theorycollection] Average computation time:
   flamingo.inference.masked_ps.MaskedTSZTheory : 0.016465 s (56254 evaluations, 926.223 s total)
[mcmc]  - Acceptance rate: 0.480
[mcmc]  - Convergence of means: R-1 = 0.019258 after 22048 accepted steps
[mcmc]  - Updated covariance matrix of proposal pdf.
[mcmc] Learn + convergence test @ 27600 samples accepted.
[likelihoodcollection] Average computation time:
   flamingo.inference.masked_ps.MaskedBandPowerLikelihood : 5.29197e-05 s (56363 evaluations, 2.98271 s total)
[theorycollection] Average computation time:
   flamingo.inference.masked_ps.MaskedTSZTheory : 0.0164646 s (56363 evaluations, 927.994 s total)
[mcmc]  - Acceptance rate: 0.480
[mcmc]  - Convergence of means: R-1 = 0.018769 after 22080 accepted steps
[mcmc]  - Updated covariance matrix of proposal pdf.
[mcmc] Learn + convergence test @ 27640 samples accepted.
[likelihoodcollection] Average computation time:
   flamingo.inference.masked_ps.MaskedBandPowerLikelihood : 5.29205e-05 s (56446 evaluations, 2.98715 s total)
[theorycollection] Average computation time:
   flamingo.inference.masked_ps.MaskedTSZTheory : 0.0164646 s (56446 evaluations, 929.359 s total)
[mcmc]  - Acceptance rate: 0.480
[mcmc]  - Convergence of means: R-1 = 0.019777 after 22112 accepted steps
[mcmc]  - Updated covariance matrix of proposal pdf.
[mcmc] Learn + convergence test @ 27680 samples accepted.
[likelihoodcollection] Average computation time:
   flamingo.inference.masked_ps.MaskedBandPowerLikelihood : 5.29272e-05 s (56528 evaluations, 2.99187 s total)
[theorycollection] Average computation time:
   flamingo.inference.masked_ps.MaskedTSZTheory : 0.0164645 s (56528 evaluations, 930.706 s total)
[mcmc]  - Acceptance rate: 0.480
[mcmc]  - Convergence of means: R-1 = 0.020281 after 22144 accepted steps
[mcmc]  - Updated covariance matrix of proposal pdf.
[mcmc] Learn + convergence test @ 27720 samples accepted.
[likelihoodcollection] Average computation time:
   flamingo.inference.masked_ps.MaskedBandPowerLikelihood : 5.2927e-05 s (56609 evaluations, 2.99615 s total)
[theorycollection] Average computation time:
   flamingo.inference.masked_ps.MaskedTSZTheory : 0.0164645 s (56609 evaluations, 932.037 s total)
[mcmc]  - Acceptance rate: 0.480
[mcmc]  - Convergence of means: R-1 = 0.022537 after 22176 accepted steps
[mcmc]  - Updated covariance matrix of proposal pdf.
[mcmc] Learn + convergence test @ 27760 samples accepted.
[likelihoodcollection] Average computation time:
   flamingo.inference.masked_ps.MaskedBandPowerLikelihood : 5.29261e-05 s (56688 evaluations, 3.00027 s total)
[theorycollection] Average computation time:
   flamingo.inference.masked_ps.MaskedTSZTheory : 0.0164642 s (56688 evaluations, 933.32 s total)
[mcmc]  - Acceptance rate: 0.480
[mcmc]  - Convergence of means: R-1 = 0.023069 after 22208 accepted steps
[mcmc]  - Updated covariance matrix of proposal pdf.
[mcmc] Learn + convergence test @ 27800 samples accepted.
[likelihoodcollection] Average computation time:
   flamingo.inference.masked_ps.MaskedBandPowerLikelihood : 5.29248e-05 s (56767 evaluations, 3.00438 s total)
[theorycollection] Average computation time:
   flamingo.inference.masked_ps.MaskedTSZTheory : 0.0164637 s (56767 evaluations, 934.594 s total)
[mcmc]  - Acceptance rate: 0.480
[mcmc]  - Convergence of means: R-1 = 0.021586 after 22240 accepted steps
[mcmc]  - Updated covariance matrix of proposal pdf.
[mcmc] Learn + convergence test @ 27840 samples accepted.
[likelihoodcollection] Average computation time:
   flamingo.inference.masked_ps.MaskedBandPowerLikelihood : 5.29204e-05 s (56845 evaluations, 3.00826 s total)
[theorycollection] Average computation time:
   flamingo.inference.masked_ps.MaskedTSZTheory : 0.0164638 s (56845 evaluations, 935.887 s total)
[mcmc]  - Acceptance rate: 0.480
[mcmc]  - Convergence of means: R-1 = 0.021339 after 22272 accepted steps
[mcmc]  - Updated covariance matrix of proposal pdf.
[mcmc] Learn + convergence test @ 27880 samples accepted.
[likelihoodcollection] Average computation time:
   flamingo.inference.masked_ps.MaskedBandPowerLikelihood : 5.29285e-05 s (56945 evaluations, 3.01401 s total)
[theorycollection] Average computation time:
   flamingo.inference.masked_ps.MaskedTSZTheory : 0.0164639 s (56945 evaluations, 937.535 s total)
[mcmc]  - Acceptance rate: 0.480
[mcmc]  - Convergence of means: R-1 = 0.021193 after 22304 accepted steps
[mcmc]  - Updated covariance matrix of proposal pdf.
[mcmc] Progress @ 2026-08-03 01:41:35 : 57628 steps taken, and 27908 accepted.
[mcmc] Learn + convergence test @ 27920 samples accepted.
[likelihoodcollection] Average computation time:
   flamingo.inference.masked_ps.MaskedBandPowerLikelihood : 5.29305e-05 s (57027 evaluations, 3.01847 s total)
[theorycollection] Average computation time:
   flamingo.inference.masked_ps.MaskedTSZTheory : 0.0164644 s (57027 evaluations, 938.918 s total)
[mcmc]  - Acceptance rate: 0.480
[mcmc]  - Convergence of means: R-1 = 0.019938 after 22336 accepted steps
[mcmc]  - Updated covariance matrix of proposal pdf.
[mcmc] Learn + convergence test @ 27960 samples accepted.
[likelihoodcollection] Average computation time:
   flamingo.inference.masked_ps.MaskedBandPowerLikelihood : 5.29285e-05 s (57103 evaluations, 3.02238 s total)
[theorycollection] Average computation time:
   flamingo.inference.masked_ps.MaskedTSZTheory : 0.0164644 s (57103 evaluations, 940.166 s total)
[mcmc]  - Acceptance rate: 0.480
[mcmc]  - Convergence of means: R-1 = 0.019846 after 22368 accepted steps
[mcmc]  - Updated covariance matrix of proposal pdf.
[mcmc] Learn + convergence test @ 28000 samples accepted.
[likelihoodcollection] Average computation time:
   flamingo.inference.masked_ps.MaskedBandPowerLikelihood : 5.29264e-05 s (57169 evaluations, 3.02575 s total)
[theorycollection] Average computation time:
   flamingo.inference.masked_ps.MaskedTSZTheory : 0.0164645 s (57169 evaluations, 941.262 s total)
[mcmc]  - Acceptance rate: 0.480
[mcmc]  - Convergence of means: R-1 = 0.020227 after 22400 accepted steps
[mcmc]  - Updated covariance matrix of proposal pdf.
[mcmc] Learn + convergence test @ 28040 samples accepted.
[likelihoodcollection] Average computation time:
   flamingo.inference.masked_ps.MaskedBandPowerLikelihood : 5.29233e-05 s (57246 evaluations, 3.02965 s total)
[theorycollection] Average computation time:
   flamingo.inference.masked_ps.MaskedTSZTheory : 0.0164648 s (57246 evaluations, 942.544 s total)
[mcmc]  - Acceptance rate: 0.480
[mcmc]  - Convergence of means: R-1 = 0.020639 after 22432 accepted steps
[mcmc]  - Updated covariance matrix of proposal pdf.
[mcmc] Learn + convergence test @ 28080 samples accepted.
[likelihoodcollection] Average computation time:
   flamingo.inference.masked_ps.MaskedBandPowerLikelihood : 5.29245e-05 s (57321 evaluations, 3.03368 s total)
[theorycollection] Average computation time:
   flamingo.inference.masked_ps.MaskedTSZTheory : 0.0164646 s (57321 evaluations, 943.765 s total)
[mcmc]  - Acceptance rate: 0.480
[mcmc]  - Convergence of means: R-1 = 0.020116 after 22464 accepted steps
[mcmc]  - Updated covariance matrix of proposal pdf.
[mcmc] Learn + convergence test @ 28120 samples accepted.
[likelihoodcollection] Average computation time:
   flamingo.inference.masked_ps.MaskedBandPowerLikelihood : 5.29266e-05 s (57403 evaluations, 3.03815 s total)
[theorycollection] Average computation time:
   flamingo.inference.masked_ps.MaskedTSZTheory : 0.0164649 s (57403 evaluations, 945.135 s total)
[mcmc]  - Acceptance rate: 0.480
[mcmc]  - Convergence of means: R-1 = 0.020653 after 22496 accepted steps
[mcmc]  - Updated covariance matrix of proposal pdf.
[mcmc] Learn + convergence test @ 28160 samples accepted.
[likelihoodcollection] Average computation time:
   flamingo.inference.masked_ps.MaskedBandPowerLikelihood : 5.293e-05 s (57477 evaluations, 3.04226 s total)
[theorycollection] Average computation time:
   flamingo.inference.masked_ps.MaskedTSZTheory : 0.0164651 s (57477 evaluations, 946.362 s total)
[mcmc]  - Acceptance rate: 0.480
[mcmc]  - Convergence of means: R-1 = 0.021580 after 22528 accepted steps
[mcmc]  - Updated covariance matrix of proposal pdf.
[mcmc] Learn + convergence test @ 28200 samples accepted.
[likelihoodcollection] Average computation time:
   flamingo.inference.masked_ps.MaskedBandPowerLikelihood : 5.29267e-05 s (57559 evaluations, 3.04641 s total)
[theorycollection] Average computation time:
   flamingo.inference.masked_ps.MaskedTSZTheory : 0.0164651 s (57559 evaluations, 947.715 s total)
[mcmc]  - Acceptance rate: 0.480
[mcmc]  - Convergence of means: R-1 = 0.021599 after 22560 accepted steps
[mcmc]  - Updated covariance matrix of proposal pdf.
[mcmc] Learn + convergence test @ 28240 samples accepted.
[likelihoodcollection] Average computation time:
   flamingo.inference.masked_ps.MaskedBandPowerLikelihood : 5.29227e-05 s (57643 evaluations, 3.05063 s total)
[theorycollection] Average computation time:
   flamingo.inference.masked_ps.MaskedTSZTheory : 0.0164647 s (57643 evaluations, 949.078 s total)
[mcmc]  - Acceptance rate: 0.480
[mcmc]  - Convergence of means: R-1 = 0.021658 after 22592 accepted steps
[mcmc]  - Updated covariance matrix of proposal pdf.
[mcmc] Learn + convergence test @ 28280 samples accepted.
[likelihoodcollection] Average computation time:
   flamingo.inference.masked_ps.MaskedBandPowerLikelihood : 5.29246e-05 s (57728 evaluations, 3.05523 s total)
[theorycollection] Average computation time:
   flamingo.inference.masked_ps.MaskedTSZTheory : 0.0164648 s (57728 evaluations, 950.483 s total)
[mcmc]  - Acceptance rate: 0.480
[mcmc]  - Convergence of means: R-1 = 0.020913 after 22624 accepted steps
[mcmc]  - Updated covariance matrix of proposal pdf.
[mcmc] Learn + convergence test @ 28320 samples accepted.
[likelihoodcollection] Average computation time:
   flamingo.inference.masked_ps.MaskedBandPowerLikelihood : 5.29247e-05 s (57820 evaluations, 3.06011 s total)
[theorycollection] Average computation time:
   flamingo.inference.masked_ps.MaskedTSZTheory : 0.0164653 s (57820 evaluations, 952.023 s total)
[mcmc]  - Acceptance rate: 0.480
[mcmc]  - Convergence of means: R-1 = 0.021524 after 22656 accepted steps
[mcmc]  - Updated covariance matrix of proposal pdf.
[mcmc] Learn + convergence test @ 28360 samples accepted.
[likelihoodcollection] Average computation time:
   flamingo.inference.masked_ps.MaskedBandPowerLikelihood : 5.29267e-05 s (57895 evaluations, 3.06419 s total)
[theorycollection] Average computation time:
   flamingo.inference.masked_ps.MaskedTSZTheory : 0.0164651 s (57895 evaluations, 953.249 s total)
[mcmc]  - Acceptance rate: 0.480
[mcmc]  - Convergence of means: R-1 = 0.022160 after 22688 accepted steps
[mcmc]  - Updated covariance matrix of proposal pdf.
[mcmc] Learn + convergence test @ 28400 samples accepted.
[likelihoodcollection] Average computation time:
   flamingo.inference.masked_ps.MaskedBandPowerLikelihood : 5.29263e-05 s (57961 evaluations, 3.06766 s total)
[theorycollection] Average computation time:
   flamingo.inference.masked_ps.MaskedTSZTheory : 0.0164653 s (57961 evaluations, 954.347 s total)
[mcmc]  - Acceptance rate: 0.480
[mcmc]  - Convergence of means: R-1 = 0.022505 after 22720 accepted steps
[mcmc]  - Updated covariance matrix of proposal pdf.
[mcmc] Learn + convergence test @ 28440 samples accepted.
[likelihoodcollection] Average computation time:
   flamingo.inference.masked_ps.MaskedBandPowerLikelihood : 5.29233e-05 s (58045 evaluations, 3.07193 s total)
[theorycollection] Average computation time:
   flamingo.inference.masked_ps.MaskedTSZTheory : 0.0164655 s (58045 evaluations, 955.74 s total)
[mcmc]  - Acceptance rate: 0.480
[mcmc]  - Convergence of means: R-1 = 0.022921 after 22752 accepted steps
[mcmc]  - Updated covariance matrix of proposal pdf.
[mcmc] Learn + convergence test @ 28480 samples accepted.
[likelihoodcollection] Average computation time:
   flamingo.inference.masked_ps.MaskedBandPowerLikelihood : 5.29234e-05 s (58109 evaluations, 3.07532 s total)
[theorycollection] Average computation time:
   flamingo.inference.masked_ps.MaskedTSZTheory : 0.0164653 s (58109 evaluations, 956.784 s total)
[mcmc]  - Acceptance rate: 0.481
[mcmc]  - Convergence of means: R-1 = 0.023281 after 22784 accepted steps
[mcmc]  - Updated covariance matrix of proposal pdf.
[mcmc] Learn + convergence test @ 28520 samples accepted.
[likelihoodcollection] Average computation time:
   flamingo.inference.masked_ps.MaskedBandPowerLikelihood : 5.29219e-05 s (58187 evaluations, 3.07936 s total)
[theorycollection] Average computation time:
   flamingo.inference.masked_ps.MaskedTSZTheory : 0.0164651 s (58187 evaluations, 958.056 s total)
[mcmc]  - Acceptance rate: 0.481
[mcmc]  - Convergence of means: R-1 = 0.024561 after 22816 accepted steps
[mcmc]  - Updated covariance matrix of proposal pdf.
[mcmc] Learn + convergence test @ 28560 samples accepted.
[likelihoodcollection] Average computation time:
   flamingo.inference.masked_ps.MaskedBandPowerLikelihood : 5.29222e-05 s (58268 evaluations, 3.08367 s total)
[theorycollection] Average computation time:
   flamingo.inference.masked_ps.MaskedTSZTheory : 0.0164651 s (58268 evaluations, 959.388 s total)
[mcmc]  - Acceptance rate: 0.481
[mcmc]  - Convergence of means: R-1 = 0.025427 after 22848 accepted steps
[mcmc]  - Updated covariance matrix of proposal pdf.
[mcmc] Learn + convergence test @ 28600 samples accepted.
[likelihoodcollection] Average computation time:
   flamingo.inference.masked_ps.MaskedBandPowerLikelihood : 5.29253e-05 s (58352 evaluations, 3.0883 s total)
[theorycollection] Average computation time:
   flamingo.inference.masked_ps.MaskedTSZTheory : 0.0164652 s (58352 evaluations, 960.779 s total)
[mcmc]  - Acceptance rate: 0.481
[mcmc]  - Convergence of means: R-1 = 0.025180 after 22880 accepted steps
[mcmc]  - Updated covariance matrix of proposal pdf.
[mcmc] Learn + convergence test @ 28640 samples accepted.
[likelihoodcollection] Average computation time:
   flamingo.inference.masked_ps.MaskedBandPowerLikelihood : 5.29319e-05 s (58448 evaluations, 3.09376 s total)
[theorycollection] Average computation time:
   flamingo.inference.masked_ps.MaskedTSZTheory : 0.0164654 s (58448 evaluations, 962.372 s total)
[mcmc]  - Acceptance rate: 0.480
[mcmc]  - Convergence of means: R-1 = 0.024017 after 22912 accepted steps
[mcmc]  - Updated covariance matrix of proposal pdf.
[mcmc] Learn + convergence test @ 28680 samples accepted.
[likelihoodcollection] Average computation time:
   flamingo.inference.masked_ps.MaskedBandPowerLikelihood : 5.29343e-05 s (58533 evaluations, 3.0984 s total)
[theorycollection] Average computation time:
   flamingo.inference.masked_ps.MaskedTSZTheory : 0.0164655 s (58533 evaluations, 963.773 s total)
[mcmc]  - Acceptance rate: 0.480
[mcmc]  - Convergence of means: R-1 = 0.023487 after 22944 accepted steps
[mcmc]  - Updated covariance matrix of proposal pdf.
[mcmc] Learn + convergence test @ 28720 samples accepted.
[likelihoodcollection] Average computation time:
   flamingo.inference.masked_ps.MaskedBandPowerLikelihood : 5.29368e-05 s (58618 evaluations, 3.10305 s total)
[theorycollection] Average computation time:
   flamingo.inference.masked_ps.MaskedTSZTheory : 0.0164659 s (58618 evaluations, 965.196 s total)
[mcmc]  - Acceptance rate: 0.480
[mcmc]  - Convergence of means: R-1 = 0.024523 after 22976 accepted steps
[mcmc]  - Updated covariance matrix of proposal pdf.
[mcmc] Learn + convergence test @ 28760 samples accepted.
[likelihoodcollection] Average computation time:
   flamingo.inference.masked_ps.MaskedBandPowerLikelihood : 5.29508e-05 s (58708 evaluations, 3.10864 s total)
[theorycollection] Average computation time:
   flamingo.inference.masked_ps.MaskedTSZTheory : 0.0164659 s (58708 evaluations, 966.677 s total)
[mcmc]  - Acceptance rate: 0.480
[mcmc]  - Convergence of means: R-1 = 0.023991 after 23008 accepted steps
[mcmc]  - Updated covariance matrix of proposal pdf.
[mcmc] Learn + convergence test @ 28800 samples accepted.
[likelihoodcollection] Average computation time:
   flamingo.inference.masked_ps.MaskedBandPowerLikelihood : 5.29512e-05 s (58794 evaluations, 3.11321 s total)
[theorycollection] Average computation time:
   flamingo.inference.masked_ps.MaskedTSZTheory : 0.0164659 s (58794 evaluations, 968.097 s total)
[mcmc]  - Acceptance rate: 0.480
[mcmc]  - Convergence of means: R-1 = 0.023893 after 23040 accepted steps
[mcmc]  - Updated covariance matrix of proposal pdf.
[mcmc] Learn + convergence test @ 28840 samples accepted.
[likelihoodcollection] Average computation time:
   flamingo.inference.masked_ps.MaskedBandPowerLikelihood : 5.29493e-05 s (58878 evaluations, 3.11755 s total)
[theorycollection] Average computation time:
   flamingo.inference.masked_ps.MaskedTSZTheory : 0.0164655 s (58878 evaluations, 969.455 s total)
[mcmc]  - Acceptance rate: 0.480
[mcmc]  - Convergence of means: R-1 = 0.024686 after 23072 accepted steps
[mcmc]  - Updated covariance matrix of proposal pdf.
[mcmc] Learn + convergence test @ 28880 samples accepted.
[likelihoodcollection] Average computation time:
   flamingo.inference.masked_ps.MaskedBandPowerLikelihood : 5.29481e-05 s (58972 evaluations, 3.12245 s total)
[theorycollection] Average computation time:
   flamingo.inference.masked_ps.MaskedTSZTheory : 0.0164652 s (58972 evaluations, 970.986 s total)
[mcmc]  - Acceptance rate: 0.480
[mcmc]  - Convergence of means: R-1 = 0.024434 after 23104 accepted steps
[mcmc]  - Updated covariance matrix of proposal pdf.
[mcmc] Learn + convergence test @ 28920 samples accepted.
[likelihoodcollection] Average computation time:
   flamingo.inference.masked_ps.MaskedBandPowerLikelihood : 5.294e-05 s (59049 evaluations, 3.12606 s total)
[theorycollection] Average computation time:
   flamingo.inference.masked_ps.MaskedTSZTheory : 0.0164646 s (59049 evaluations, 972.218 s total)
[mcmc]  - Acceptance rate: 0.480
[mcmc]  - Convergence of means: R-1 = 0.024845 after 23136 accepted steps
[mcmc]  - Updated covariance matrix of proposal pdf.
[mcmc] Learn + convergence test @ 28960 samples accepted.
[likelihoodcollection] Average computation time:
   flamingo.inference.masked_ps.MaskedBandPowerLikelihood : 5.29486e-05 s (59132 evaluations, 3.13096 s total)
[theorycollection] Average computation time:
   flamingo.inference.masked_ps.MaskedTSZTheory : 0.0164646 s (59132 evaluations, 973.587 s total)
[mcmc]  - Acceptance rate: 0.480
[mcmc]  - Convergence of means: R-1 = 0.025061 after 23168 accepted steps
[mcmc]  - Updated covariance matrix of proposal pdf.
[mcmc] Learn + convergence test @ 29000 samples accepted.
[likelihoodcollection] Average computation time:
   flamingo.inference.masked_ps.MaskedBandPowerLikelihood : 5.29449e-05 s (59207 evaluations, 3.13471 s total)
[theorycollection] Average computation time:
   flamingo.inference.masked_ps.MaskedTSZTheory : 0.0164643 s (59207 evaluations, 974.803 s total)
[mcmc]  - Acceptance rate: 0.480
[mcmc]  - Convergence of means: R-1 = 0.025377 after 23200 accepted steps
[mcmc]  - Updated covariance matrix of proposal pdf.
[mcmc] Learn + convergence test @ 29040 samples accepted.
[likelihoodcollection] Average computation time:
   flamingo.inference.masked_ps.MaskedBandPowerLikelihood : 5.29423e-05 s (59290 evaluations, 3.13895 s total)
[theorycollection] Average computation time:
   flamingo.inference.masked_ps.MaskedTSZTheory : 0.0164644 s (59290 evaluations, 976.173 s total)
[mcmc]  - Acceptance rate: 0.480
[mcmc]  - Convergence of means: R-1 = 0.026069 after 23232 accepted steps
[mcmc]  - Updated covariance matrix of proposal pdf.
[mcmc] Learn + convergence test @ 29080 samples accepted.
[likelihoodcollection] Average computation time:
   flamingo.inference.masked_ps.MaskedBandPowerLikelihood : 5.29514e-05 s (59386 evaluations, 3.14457 s total)
[theorycollection] Average computation time:
   flamingo.inference.masked_ps.MaskedTSZTheory : 0.0164642 s (59386 evaluations, 977.743 s total)
[mcmc]  - Acceptance rate: 0.480
[mcmc]  - Convergence of means: R-1 = 0.026345 after 23264 accepted steps
[mcmc]  - Updated covariance matrix of proposal pdf.
[mcmc] Learn + convergence test @ 29120 samples accepted.
[likelihoodcollection] Average computation time:
   flamingo.inference.masked_ps.MaskedBandPowerLikelihood : 5.29564e-05 s (59469 evaluations, 3.14926 s total)
[theorycollection] Average computation time:
   flamingo.inference.masked_ps.MaskedTSZTheory : 0.0164647 s (59469 evaluations, 979.141 s total)
[mcmc]  - Acceptance rate: 0.480
[mcmc]  - Convergence of means: R-1 = 0.026484 after 23296 accepted steps
[mcmc]  - Updated covariance matrix of proposal pdf.
[mcmc] Learn + convergence test @ 29160 samples accepted.
[likelihoodcollection] Average computation time:
   flamingo.inference.masked_ps.MaskedBandPowerLikelihood : 5.29559e-05 s (59550 evaluations, 3.15352 s total)
[theorycollection] Average computation time:
   flamingo.inference.masked_ps.MaskedTSZTheory : 0.0164645 s (59550 evaluations, 980.462 s total)
[mcmc]  - Acceptance rate: 0.480
[mcmc]  - Convergence of means: R-1 = 0.025780 after 23328 accepted steps
[mcmc]  - Updated covariance matrix of proposal pdf.
[mcmc] Learn + convergence test @ 29200 samples accepted.
[likelihoodcollection] Average computation time:
   flamingo.inference.masked_ps.MaskedBandPowerLikelihood : 5.29597e-05 s (59656 evaluations, 3.15936 s total)
[theorycollection] Average computation time:
   flamingo.inference.masked_ps.MaskedTSZTheory : 0.0164648 s (59656 evaluations, 982.223 s total)
[mcmc]  - Acceptance rate: 0.480
[mcmc]  - Convergence of means: R-1 = 0.024216 after 23360 accepted steps
[mcmc]  - Updated covariance matrix of proposal pdf.
[mcmc] Learn + convergence test @ 29240 samples accepted.
[likelihoodcollection] Average computation time:
   flamingo.inference.masked_ps.MaskedBandPowerLikelihood : 5.2961e-05 s (59746 evaluations, 3.16421 s total)
[theorycollection] Average computation time:
   flamingo.inference.masked_ps.MaskedTSZTheory : 0.0164644 s (59746 evaluations, 983.679 s total)
[mcmc]  - Acceptance rate: 0.480
[mcmc]  - Convergence of means: R-1 = 0.022425 after 23392 accepted steps
[mcmc]  - Updated covariance matrix of proposal pdf.
[mcmc] Learn + convergence test @ 29280 samples accepted.
[likelihoodcollection] Average computation time:
   flamingo.inference.masked_ps.MaskedBandPowerLikelihood : 5.29596e-05 s (59816 evaluations, 3.16783 s total)
[theorycollection] Average computation time:
   flamingo.inference.masked_ps.MaskedTSZTheory : 0.0164641 s (59816 evaluations, 984.819 s total)
[mcmc]  - Acceptance rate: 0.480
[mcmc]  - Convergence of means: R-1 = 0.022807 after 23424 accepted steps
[mcmc]  - Updated covariance matrix of proposal pdf.
[mcmc] Learn + convergence test @ 29320 samples accepted.
[likelihoodcollection] Average computation time:
   flamingo.inference.masked_ps.MaskedBandPowerLikelihood : 5.29585e-05 s (59899 evaluations, 3.17216 s total)
[theorycollection] Average computation time:
   flamingo.inference.masked_ps.MaskedTSZTheory : 0.0164639 s (59899 evaluations, 986.171 s total)
[mcmc]  - Acceptance rate: 0.480
[mcmc]  - Convergence of means: R-1 = 0.022046 after 23456 accepted steps
[mcmc]  - Updated covariance matrix of proposal pdf.
[mcmc] Learn + convergence test @ 29360 samples accepted.
[likelihoodcollection] Average computation time:
   flamingo.inference.masked_ps.MaskedBandPowerLikelihood : 5.29645e-05 s (59993 evaluations, 3.1775 s total)
[theorycollection] Average computation time:
   flamingo.inference.masked_ps.MaskedTSZTheory : 0.0164639 s (59993 evaluations, 987.717 s total)
[mcmc]  - Acceptance rate: 0.480
[mcmc]  - Convergence of means: R-1 = 0.021891 after 23488 accepted steps
[mcmc]  - Updated covariance matrix of proposal pdf.
[mcmc] Learn + convergence test @ 29400 samples accepted.
[likelihoodcollection] Average computation time:
   flamingo.inference.masked_ps.MaskedBandPowerLikelihood : 5.29645e-05 s (60078 evaluations, 3.182 s total)
[theorycollection] Average computation time:
   flamingo.inference.masked_ps.MaskedTSZTheory : 0.0164646 s (60078 evaluations, 989.158 s total)
[mcmc]  - Acceptance rate: 0.480
[mcmc]  - Convergence of means: R-1 = 0.021188 after 23520 accepted steps
[mcmc]  - Updated covariance matrix of proposal pdf.
[mcmc] Learn + convergence test @ 29440 samples accepted.
[likelihoodcollection] Average computation time:
   flamingo.inference.masked_ps.MaskedBandPowerLikelihood : 5.29658e-05 s (60173 evaluations, 3.18711 s total)
[theorycollection] Average computation time:
   flamingo.inference.masked_ps.MaskedTSZTheory : 0.0164646 s (60173 evaluations, 990.726 s total)
[mcmc]  - Acceptance rate: 0.480
[mcmc]  - Convergence of means: R-1 = 0.020954 after 23552 accepted steps
[mcmc]  - Updated covariance matrix of proposal pdf.
[mcmc] Learn + convergence test @ 29480 samples accepted.
[likelihoodcollection] Average computation time:
   flamingo.inference.masked_ps.MaskedBandPowerLikelihood : 5.29751e-05 s (60258 evaluations, 3.19217 s total)
[theorycollection] Average computation time:
   flamingo.inference.masked_ps.MaskedTSZTheory : 0.0164653 s (60258 evaluations, 992.165 s total)
[mcmc]  - Acceptance rate: 0.480
[mcmc]  - Convergence of means: R-1 = 0.020901 after 23584 accepted steps
[mcmc]  - Updated covariance matrix of proposal pdf.
[mcmc] Learn + convergence test @ 29520 samples accepted.
[likelihoodcollection] Average computation time:
   flamingo.inference.masked_ps.MaskedBandPowerLikelihood : 5.29774e-05 s (60334 evaluations, 3.19634 s total)
[theorycollection] Average computation time:
   flamingo.inference.masked_ps.MaskedTSZTheory : 0.0164655 s (60334 evaluations, 993.429 s total)
[mcmc]  - Acceptance rate: 0.480
[mcmc]  - Convergence of means: R-1 = 0.021531 after 23616 accepted steps
[mcmc]  - Updated covariance matrix of proposal pdf.
[mcmc] Learn + convergence test @ 29560 samples accepted.
[likelihoodcollection] Average computation time:
   flamingo.inference.masked_ps.MaskedBandPowerLikelihood : 5.298e-05 s (60411 evaluations, 3.20058 s total)
[theorycollection] Average computation time:
   flamingo.inference.masked_ps.MaskedTSZTheory : 0.0164658 s (60411 evaluations, 994.714 s total)
[mcmc]  - Acceptance rate: 0.480
[mcmc]  - Convergence of means: R-1 = 0.020678 after 23648 accepted steps
[mcmc]  - Updated covariance matrix of proposal pdf.
[mcmc] Learn + convergence test @ 29600 samples accepted.
[likelihoodcollection] Average computation time:
   flamingo.inference.masked_ps.MaskedBandPowerLikelihood : 5.29825e-05 s (60486 evaluations, 3.2047 s total)
[theorycollection] Average computation time:
   flamingo.inference.masked_ps.MaskedTSZTheory : 0.0164662 s (60486 evaluations, 995.974 s total)
[mcmc]  - Acceptance rate: 0.480
[mcmc]  - Convergence of means: R-1 = 0.019919 after 23680 accepted steps
[mcmc]  - Updated covariance matrix of proposal pdf.
[mcmc] Progress @ 2026-08-03 01:42:35 : 61202 steps taken, and 29633 accepted.
[mcmc] Learn + convergence test @ 29640 samples accepted.
[likelihoodcollection] Average computation time:
   flamingo.inference.masked_ps.MaskedBandPowerLikelihood : 5.29834e-05 s (60569 evaluations, 3.20915 s total)
[theorycollection] Average computation time:
   flamingo.inference.masked_ps.MaskedTSZTheory : 0.0164666 s (60569 evaluations, 997.365 s total)
[mcmc]  - Acceptance rate: 0.480
[mcmc]  - Convergence of means: R-1 = 0.020561 after 23712 accepted steps
[mcmc]  - Updated covariance matrix of proposal pdf.
[mcmc] Learn + convergence test @ 29680 samples accepted.
[likelihoodcollection] Average computation time:
   flamingo.inference.masked_ps.MaskedBandPowerLikelihood : 5.29807e-05 s (60657 evaluations, 3.21365 s total)
[theorycollection] Average computation time:
   flamingo.inference.masked_ps.MaskedTSZTheory : 0.0164667 s (60657 evaluations, 998.82 s total)
[mcmc]  - Acceptance rate: 0.480
[mcmc]  - Convergence of means: R-1 = 0.019177 after 23744 accepted steps
[mcmc]  - Updated covariance matrix of proposal pdf.
[mcmc] Learn + convergence test @ 29720 samples accepted.
[likelihoodcollection] Average computation time:
   flamingo.inference.masked_ps.MaskedBandPowerLikelihood : 5.29713e-05 s (60739 evaluations, 3.21743 s total)
[theorycollection] Average computation time:
   flamingo.inference.masked_ps.MaskedTSZTheory : 0.0164664 s (60739 evaluations, 1000.15 s total)
[mcmc]  - Acceptance rate: 0.480
[mcmc]  - Convergence of means: R-1 = 0.018463 after 23776 accepted steps
[mcmc]  - Updated covariance matrix of proposal pdf.
[mcmc] Learn + convergence test @ 29760 samples accepted.
[likelihoodcollection] Average computation time:
   flamingo.inference.masked_ps.MaskedBandPowerLikelihood : 5.29875e-05 s (60811 evaluations, 3.22222 s total)
[theorycollection] Average computation time:
   flamingo.inference.masked_ps.MaskedTSZTheory : 0.0164662 s (60811 evaluations, 1001.32 s total)
[mcmc]  - Acceptance rate: 0.480
[mcmc]  - Convergence of means: R-1 = 0.017532 after 23808 accepted steps
[mcmc]  - Updated covariance matrix of proposal pdf.
[mcmc] Learn + convergence test @ 29800 samples accepted.
[likelihoodcollection] Average computation time:
   flamingo.inference.masked_ps.MaskedBandPowerLikelihood : 5.29911e-05 s (60898 evaluations, 3.22705 s total)
[theorycollection] Average computation time:
   flamingo.inference.masked_ps.MaskedTSZTheory : 0.016466 s (60898 evaluations, 1002.75 s total)
[mcmc]  - Acceptance rate: 0.480
[mcmc]  - Convergence of means: R-1 = 0.016834 after 23840 accepted steps
[mcmc]  - Updated covariance matrix of proposal pdf.
[mcmc] Learn + convergence test @ 29840 samples accepted.
[likelihoodcollection] Average computation time:
   flamingo.inference.masked_ps.MaskedBandPowerLikelihood : 5.299e-05 s (60987 evaluations, 3.2317 s total)
[theorycollection] Average computation time:
   flamingo.inference.masked_ps.MaskedTSZTheory : 0.0164663 s (60987 evaluations, 1004.23 s total)
[mcmc]  - Acceptance rate: 0.480
[mcmc]  - Convergence of means: R-1 = 0.017256 after 23872 accepted steps
[mcmc]  - Updated covariance matrix of proposal pdf.
[mcmc] Learn + convergence test @ 29880 samples accepted.
[likelihoodcollection] Average computation time:
   flamingo.inference.masked_ps.MaskedBandPowerLikelihood : 5.29861e-05 s (61070 evaluations, 3.23586 s total)
[theorycollection] Average computation time:
   flamingo.inference.masked_ps.MaskedTSZTheory : 0.0164665 s (61070 evaluations, 1005.61 s total)
[mcmc]  - Acceptance rate: 0.480
[mcmc]  - Convergence of means: R-1 = 0.017985 after 23904 accepted steps
[mcmc]  - Updated covariance matrix of proposal pdf.
[mcmc] Learn + convergence test @ 29920 samples accepted.
[likelihoodcollection] Average computation time:
   flamingo.inference.masked_ps.MaskedBandPowerLikelihood : 5.29856e-05 s (61145 evaluations, 3.23981 s total)
[theorycollection] Average computation time:
   flamingo.inference.masked_ps.MaskedTSZTheory : 0.0164669 s (61145 evaluations, 1006.87 s total)
[mcmc]  - Acceptance rate: 0.480
[mcmc]  - Convergence of means: R-1 = 0.018377 after 23936 accepted steps
[mcmc]  - Updated covariance matrix of proposal pdf.
[mcmc] Learn + convergence test @ 29960 samples accepted.
[likelihoodcollection] Average computation time:
   flamingo.inference.masked_ps.MaskedBandPowerLikelihood : 5.29913e-05 s (61221 evaluations, 3.24418 s total)
[theorycollection] Average computation time:
   flamingo.inference.masked_ps.MaskedTSZTheory : 0.0164669 s (61221 evaluations, 1008.12 s total)
[mcmc]  - Acceptance rate: 0.480
[mcmc]  - Convergence of means: R-1 = 0.018358 after 23968 accepted steps
[mcmc]  - Updated covariance matrix of proposal pdf.
[mcmc] Learn + convergence test @ 30000 samples accepted.
[likelihoodcollection] Average computation time:
   flamingo.inference.masked_ps.MaskedBandPowerLikelihood : 5.2985e-05 s (61293 evaluations, 3.24761 s total)
[theorycollection] Average computation time:
   flamingo.inference.masked_ps.MaskedTSZTheory : 0.0164665 s (61293 evaluations, 1009.28 s total)
[mcmc]  - Acceptance rate: 0.480
[mcmc]  - Convergence of means: R-1 = 0.019607 after 24000 accepted steps
[mcmc]  - Updated covariance matrix of proposal pdf.
[mcmc] Learn + convergence test @ 30040 samples accepted.
[likelihoodcollection] Average computation time:
   flamingo.inference.masked_ps.MaskedBandPowerLikelihood : 5.29837e-05 s (61366 evaluations, 3.2514 s total)
[theorycollection] Average computation time:
   flamingo.inference.masked_ps.MaskedTSZTheory : 0.0164665 s (61366 evaluations, 1010.48 s total)
[mcmc]  - Acceptance rate: 0.480
[mcmc]  - Convergence of means: R-1 = 0.019921 after 24032 accepted steps
[mcmc]  - Updated covariance matrix of proposal pdf.
[mcmc] Learn + convergence test @ 30080 samples accepted.
[likelihoodcollection] Average computation time:
   flamingo.inference.masked_ps.MaskedBandPowerLikelihood : 5.29803e-05 s (61439 evaluations, 3.25505 s total)
[theorycollection] Average computation time:
   flamingo.inference.masked_ps.MaskedTSZTheory : 0.0164664 s (61439 evaluations, 1011.68 s total)
[mcmc]  - Acceptance rate: 0.480
[mcmc]  - Convergence of means: R-1 = 0.020564 after 24064 accepted steps
[mcmc]  - Updated covariance matrix of proposal pdf.
[mcmc] Learn + convergence test @ 30120 samples accepted.
[likelihoodcollection] Average computation time:
   flamingo.inference.masked_ps.MaskedBandPowerLikelihood : 5.29807e-05 s (61526 evaluations, 3.25969 s total)
[theorycollection] Average computation time:
   flamingo.inference.masked_ps.MaskedTSZTheory : 0.0164667 s (61526 evaluations, 1013.13 s total)
[mcmc]  - Acceptance rate: 0.480
[mcmc]  - Convergence of means: R-1 = 0.021117 after 24096 accepted steps
[mcmc]  - Updated covariance matrix of proposal pdf.
[mcmc] Learn + convergence test @ 30160 samples accepted.
[likelihoodcollection] Average computation time:
   flamingo.inference.masked_ps.MaskedBandPowerLikelihood : 5.29805e-05 s (61597 evaluations, 3.26344 s total)
[theorycollection] Average computation time:
   flamingo.inference.masked_ps.MaskedTSZTheory : 0.0164663 s (61597 evaluations, 1014.27 s total)
[mcmc]  - Acceptance rate: 0.480
[mcmc]  - Convergence of means: R-1 = 0.019609 after 24128 accepted steps
[mcmc]  - Updated covariance matrix of proposal pdf.
[mcmc] Learn + convergence test @ 30200 samples accepted.
[likelihoodcollection] Average computation time:
   flamingo.inference.masked_ps.MaskedBandPowerLikelihood : 5.29875e-05 s (61683 evaluations, 3.26843 s total)
[theorycollection] Average computation time:
   flamingo.inference.masked_ps.MaskedTSZTheory : 0.0164662 s (61683 evaluations, 1015.69 s total)
[mcmc]  - Acceptance rate: 0.480
[mcmc]  - Convergence of means: R-1 = 0.018665 after 24160 accepted steps
[mcmc]  - Updated covariance matrix of proposal pdf.
[mcmc] Learn + convergence test @ 30240 samples accepted.
[likelihoodcollection] Average computation time:
   flamingo.inference.masked_ps.MaskedBandPowerLikelihood : 5.29854e-05 s (61770 evaluations, 3.27291 s total)
[theorycollection] Average computation time:
   flamingo.inference.masked_ps.MaskedTSZTheory : 0.0164657 s (61770 evaluations, 1017.08 s total)
[mcmc]  - Acceptance rate: 0.480
[mcmc]  - Convergence of means: R-1 = 0.018807 after 24192 accepted steps
[mcmc]  - Updated covariance matrix of proposal pdf.
[mcmc] Learn + convergence test @ 30280 samples accepted.
[likelihoodcollection] Average computation time:
   flamingo.inference.masked_ps.MaskedBandPowerLikelihood : 5.29832e-05 s (61840 evaluations, 3.27648 s total)
[theorycollection] Average computation time:
   flamingo.inference.masked_ps.MaskedTSZTheory : 0.0164654 s (61840 evaluations, 1018.22 s total)
[mcmc]  - Acceptance rate: 0.481
[mcmc]  - Convergence of means: R-1 = 0.019555 after 24224 accepted steps
[mcmc]  - Updated covariance matrix of proposal pdf.
[mcmc] Learn + convergence test @ 30320 samples accepted.
[likelihoodcollection] Average computation time:
   flamingo.inference.masked_ps.MaskedBandPowerLikelihood : 5.2988e-05 s (61937 evaluations, 3.28192 s total)
[theorycollection] Average computation time:
   flamingo.inference.masked_ps.MaskedTSZTheory : 0.0164654 s (61937 evaluations, 1019.81 s total)
[mcmc]  - Acceptance rate: 0.480
[mcmc]  - Convergence of means: R-1 = 0.019521 after 24256 accepted steps
[mcmc]  - Updated covariance matrix of proposal pdf.
[mcmc] Learn + convergence test @ 30360 samples accepted.
[likelihoodcollection] Average computation time:
   flamingo.inference.masked_ps.MaskedBandPowerLikelihood : 5.29858e-05 s (62017 evaluations, 3.28602 s total)
[theorycollection] Average computation time:
   flamingo.inference.masked_ps.MaskedTSZTheory : 0.0164657 s (62017 evaluations, 1021.16 s total)
[mcmc]  - Acceptance rate: 0.480
[mcmc]  - Convergence of means: R-1 = 0.019020 after 24288 accepted steps
[mcmc]  - Updated covariance matrix of proposal pdf.
[mcmc] Learn + convergence test @ 30400 samples accepted.
[likelihoodcollection] Average computation time:
   flamingo.inference.masked_ps.MaskedBandPowerLikelihood : 5.29846e-05 s (62101 evaluations, 3.2904 s total)
[theorycollection] Average computation time:
   flamingo.inference.masked_ps.MaskedTSZTheory : 0.0164657 s (62101 evaluations, 1022.54 s total)
[mcmc]  - Acceptance rate: 0.480
[mcmc]  - Convergence of means: R-1 = 0.018165 after 24320 accepted steps
[mcmc]  - Updated covariance matrix of proposal pdf.
[mcmc] Learn + convergence test @ 30440 samples accepted.
[likelihoodcollection] Average computation time:
   flamingo.inference.masked_ps.MaskedBandPowerLikelihood : 5.29829e-05 s (62184 evaluations, 3.29469 s total)
[theorycollection] Average computation time:
   flamingo.inference.masked_ps.MaskedTSZTheory : 0.0164655 s (62184 evaluations, 1023.89 s total)
[mcmc]  - Acceptance rate: 0.480
[mcmc]  - Convergence of means: R-1 = 0.018607 after 24352 accepted steps
[mcmc]  - Updated covariance matrix of proposal pdf.
[mcmc] Learn + convergence test @ 30480 samples accepted.
[likelihoodcollection] Average computation time:
   flamingo.inference.masked_ps.MaskedBandPowerLikelihood : 5.29855e-05 s (62267 evaluations, 3.29925 s total)
[theorycollection] Average computation time:
   flamingo.inference.masked_ps.MaskedTSZTheory : 0.0164659 s (62267 evaluations, 1025.28 s total)
[mcmc]  - Acceptance rate: 0.480
[mcmc]  - Convergence of means: R-1 = 0.018131 after 24384 accepted steps
[mcmc]  - Updated covariance matrix of proposal pdf.
[mcmc] Learn + convergence test @ 30520 samples accepted.
[likelihoodcollection] Average computation time:
   flamingo.inference.masked_ps.MaskedBandPowerLikelihood : 5.29832e-05 s (62335 evaluations, 3.30271 s total)
[theorycollection] Average computation time:
   flamingo.inference.masked_ps.MaskedTSZTheory : 0.0164658 s (62335 evaluations, 1026.4 s total)
[mcmc]  - Acceptance rate: 0.480
[mcmc]  - Convergence of means: R-1 = 0.016651 after 24416 accepted steps
[mcmc]  - Updated covariance matrix of proposal pdf.
[mcmc] Learn + convergence test @ 30560 samples accepted.
[likelihoodcollection] Average computation time:
   flamingo.inference.masked_ps.MaskedBandPowerLikelihood : 5.29807e-05 s (62403 evaluations, 3.30616 s total)
[theorycollection] Average computation time:
   flamingo.inference.masked_ps.MaskedTSZTheory : 0.0164659 s (62403 evaluations, 1027.52 s total)
[mcmc]  - Acceptance rate: 0.481
[mcmc]  - Convergence of means: R-1 = 0.015638 after 24448 accepted steps
[mcmc]  - Updated covariance matrix of proposal pdf.
[mcmc] Learn + convergence test @ 30600 samples accepted.
[likelihoodcollection] Average computation time:
   flamingo.inference.masked_ps.MaskedBandPowerLikelihood : 5.29824e-05 s (62486 evaluations, 3.31066 s total)
[theorycollection] Average computation time:
   flamingo.inference.masked_ps.MaskedTSZTheory : 0.0164662 s (62486 evaluations, 1028.91 s total)
[mcmc]  - Acceptance rate: 0.480
[mcmc]  - Convergence of means: R-1 = 0.015924 after 24480 accepted steps
[mcmc]  - Updated covariance matrix of proposal pdf.
[mcmc] Learn + convergence test @ 30640 samples accepted.
[likelihoodcollection] Average computation time:
   flamingo.inference.masked_ps.MaskedBandPowerLikelihood : 5.29845e-05 s (62570 evaluations, 3.31524 s total)
[theorycollection] Average computation time:
   flamingo.inference.masked_ps.MaskedTSZTheory : 0.0164661 s (62570 evaluations, 1030.28 s total)
[mcmc]  - Acceptance rate: 0.480
[mcmc]  - Convergence of means: R-1 = 0.016677 after 24512 accepted steps
[mcmc]  - Updated covariance matrix of proposal pdf.
[mcmc] Learn + convergence test @ 30680 samples accepted.
[likelihoodcollection] Average computation time:
   flamingo.inference.masked_ps.MaskedBandPowerLikelihood : 5.2989e-05 s (62660 evaluations, 3.32029 s total)
[theorycollection] Average computation time:
   flamingo.inference.masked_ps.MaskedTSZTheory : 0.0164658 s (62660 evaluations, 1031.75 s total)
[mcmc]  - Acceptance rate: 0.480
[mcmc]  - Convergence of means: R-1 = 0.016160 after 24544 accepted steps
[mcmc]  - Updated covariance matrix of proposal pdf.
[mcmc] Learn + convergence test @ 30720 samples accepted.
[likelihoodcollection] Average computation time:
   flamingo.inference.masked_ps.MaskedBandPowerLikelihood : 5.2987e-05 s (62746 evaluations, 3.32472 s total)
[theorycollection] Average computation time:
   flamingo.inference.masked_ps.MaskedTSZTheory : 0.0164658 s (62746 evaluations, 1033.16 s total)
[mcmc]  - Acceptance rate: 0.480
[mcmc]  - Convergence of means: R-1 = 0.016808 after 24576 accepted steps
[mcmc]  - Updated covariance matrix of proposal pdf.
[mcmc] Learn + convergence test @ 30760 samples accepted.
[likelihoodcollection] Average computation time:
   flamingo.inference.masked_ps.MaskedBandPowerLikelihood : 5.29821e-05 s (62821 evaluations, 3.32839 s total)
[theorycollection] Average computation time:
   flamingo.inference.masked_ps.MaskedTSZTheory : 0.0164653 s (62821 evaluations, 1034.37 s total)
[mcmc]  - Acceptance rate: 0.480
[mcmc]  - Convergence of means: R-1 = 0.016835 after 24608 accepted steps
[mcmc]  - Updated covariance matrix of proposal pdf.
[mcmc] Learn + convergence test @ 30800 samples accepted.
[likelihoodcollection] Average computation time:
   flamingo.inference.masked_ps.MaskedBandPowerLikelihood : 5.29786e-05 s (62905 evaluations, 3.33262 s total)
[theorycollection] Average computation time:
   flamingo.inference.masked_ps.MaskedTSZTheory : 0.0164654 s (62905 evaluations, 1035.76 s total)
[mcmc]  - Acceptance rate: 0.480
[mcmc]  - Convergence of means: R-1 = 0.016323 after 24640 accepted steps
[mcmc]  - Updated covariance matrix of proposal pdf.
[mcmc] Learn + convergence test @ 30840 samples accepted.
[likelihoodcollection] Average computation time:
   flamingo.inference.masked_ps.MaskedBandPowerLikelihood : 5.29795e-05 s (62999 evaluations, 3.33766 s total)
[theorycollection] Average computation time:
   flamingo.inference.masked_ps.MaskedTSZTheory : 0.0164656 s (62999 evaluations, 1037.32 s total)
[mcmc]  - Acceptance rate: 0.480
[mcmc]  - Convergence of means: R-1 = 0.016172 after 24672 accepted steps
[mcmc]  - Updated covariance matrix of proposal pdf.
[mcmc] Learn + convergence test @ 30880 samples accepted.
[likelihoodcollection] Average computation time:
   flamingo.inference.masked_ps.MaskedBandPowerLikelihood : 5.29801e-05 s (63062 evaluations, 3.34103 s total)
[theorycollection] Average computation time:
   flamingo.inference.masked_ps.MaskedTSZTheory : 0.0164654 s (63062 evaluations, 1038.34 s total)
[mcmc]  - Acceptance rate: 0.480
[mcmc]  - Convergence of means: R-1 = 0.016576 after 24704 accepted steps
[mcmc]  - Updated covariance matrix of proposal pdf.
[mcmc] Learn + convergence test @ 30920 samples accepted.
[likelihoodcollection] Average computation time:
   flamingo.inference.masked_ps.MaskedBandPowerLikelihood : 5.29794e-05 s (63147 evaluations, 3.34549 s total)
[theorycollection] Average computation time:
   flamingo.inference.masked_ps.MaskedTSZTheory : 0.0164653 s (63147 evaluations, 1039.73 s total)
[mcmc]  - Acceptance rate: 0.480
[mcmc]  - Convergence of means: R-1 = 0.017330 after 24736 accepted steps
[mcmc]  - Updated covariance matrix of proposal pdf.
[mcmc] Learn + convergence test @ 30960 samples accepted.
[likelihoodcollection] Average computation time:
   flamingo.inference.masked_ps.MaskedBandPowerLikelihood : 5.299e-05 s (63232 evaluations, 3.35066 s total)
[theorycollection] Average computation time:
   flamingo.inference.masked_ps.MaskedTSZTheory : 0.0164655 s (63232 evaluations, 1041.15 s total)
[mcmc]  - Acceptance rate: 0.480
[mcmc]  - Convergence of means: R-1 = 0.016524 after 24768 accepted steps
[mcmc]  - Updated covariance matrix of proposal pdf.
[mcmc] Learn + convergence test @ 31000 samples accepted.
[likelihoodcollection] Average computation time:
   flamingo.inference.masked_ps.MaskedBandPowerLikelihood : 5.29873e-05 s (63312 evaluations, 3.35473 s total)
[theorycollection] Average computation time:
   flamingo.inference.masked_ps.MaskedTSZTheory : 0.0164655 s (63312 evaluations, 1042.46 s total)
[mcmc]  - Acceptance rate: 0.480
[mcmc]  - Convergence of means: R-1 = 0.016120 after 24800 accepted steps
[mcmc]  - Updated covariance matrix of proposal pdf.
[mcmc] Learn + convergence test @ 31040 samples accepted.
[likelihoodcollection] Average computation time:
   flamingo.inference.masked_ps.MaskedBandPowerLikelihood : 5.29833e-05 s (63413 evaluations, 3.35983 s total)
[theorycollection] Average computation time:
   flamingo.inference.masked_ps.MaskedTSZTheory : 0.0164652 s (63413 evaluations, 1044.11 s total)
[mcmc]  - Acceptance rate: 0.480
[mcmc]  - Convergence of means: R-1 = 0.015770 after 24832 accepted steps
[mcmc]  - Updated covariance matrix of proposal pdf.
[mcmc] Learn + convergence test @ 31080 samples accepted.
[likelihoodcollection] Average computation time:
   flamingo.inference.masked_ps.MaskedBandPowerLikelihood : 5.29852e-05 s (63495 evaluations, 3.3643 s total)
[theorycollection] Average computation time:
   flamingo.inference.masked_ps.MaskedTSZTheory : 0.0164656 s (63495 evaluations, 1045.48 s total)
[mcmc]  - Acceptance rate: 0.480
[mcmc]  - Convergence of means: R-1 = 0.015535 after 24864 accepted steps
[mcmc]  - Updated covariance matrix of proposal pdf.
[mcmc] Learn + convergence test @ 31120 samples accepted.
[likelihoodcollection] Average computation time:
   flamingo.inference.masked_ps.MaskedBandPowerLikelihood : 5.29833e-05 s (63589 evaluations, 3.36916 s total)
[theorycollection] Average computation time:
   flamingo.inference.masked_ps.MaskedTSZTheory : 0.0164659 s (63589 evaluations, 1047.05 s total)
[mcmc]  - Acceptance rate: 0.480
[mcmc]  - Convergence of means: R-1 = 0.015877 after 24896 accepted steps
[mcmc]  - Updated covariance matrix of proposal pdf.
[mcmc] Learn + convergence test @ 31160 samples accepted.
[likelihoodcollection] Average computation time:
   flamingo.inference.masked_ps.MaskedBandPowerLikelihood : 5.2983e-05 s (63667 evaluations, 3.37327 s total)
[theorycollection] Average computation time:
   flamingo.inference.masked_ps.MaskedTSZTheory : 0.0164659 s (63667 evaluations, 1048.33 s total)
[mcmc]  - Acceptance rate: 0.480
[mcmc]  - Convergence of means: R-1 = 0.015920 after 24928 accepted steps
[mcmc]  - Updated covariance matrix of proposal pdf.
[mcmc] Learn + convergence test @ 31200 samples accepted.
[likelihoodcollection] Average computation time:
   flamingo.inference.masked_ps.MaskedBandPowerLikelihood : 5.29771e-05 s (63743 evaluations, 3.37692 s total)
[theorycollection] Average computation time:
   flamingo.inference.masked_ps.MaskedTSZTheory : 0.0164659 s (63743 evaluations, 1049.59 s total)
[mcmc]  - Acceptance rate: 0.480
[mcmc]  - Convergence of means: R-1 = 0.016528 after 24960 accepted steps
[mcmc]  - Updated covariance matrix of proposal pdf.
[mcmc] Learn + convergence test @ 31240 samples accepted.
[likelihoodcollection] Average computation time:
   flamingo.inference.masked_ps.MaskedBandPowerLikelihood : 5.29783e-05 s (63815 evaluations, 3.38081 s total)
[theorycollection] Average computation time:
   flamingo.inference.masked_ps.MaskedTSZTheory : 0.0164661 s (63815 evaluations, 1050.79 s total)
[mcmc]  - Acceptance rate: 0.480
[mcmc]  - Convergence of means: R-1 = 0.017343 after 24992 accepted steps
[mcmc]  - Updated covariance matrix of proposal pdf.
[mcmc] Learn + convergence test @ 31280 samples accepted.
[likelihoodcollection] Average computation time:
   flamingo.inference.masked_ps.MaskedBandPowerLikelihood : 5.29784e-05 s (63903 evaluations, 3.38548 s total)
[theorycollection] Average computation time:
   flamingo.inference.masked_ps.MaskedTSZTheory : 0.0164658 s (63903 evaluations, 1052.22 s total)
[mcmc]  - Acceptance rate: 0.480
[mcmc]  - Convergence of means: R-1 = 0.017598 after 25024 accepted steps
[mcmc]  - Updated covariance matrix of proposal pdf.
[mcmc] Learn + convergence test @ 31320 samples accepted.
[likelihoodcollection] Average computation time:
   flamingo.inference.masked_ps.MaskedBandPowerLikelihood : 5.29819e-05 s (63972 evaluations, 3.38936 s total)
[theorycollection] Average computation time:
   flamingo.inference.masked_ps.MaskedTSZTheory : 0.0164659 s (63972 evaluations, 1053.36 s total)
[mcmc]  - Acceptance rate: 0.480
[mcmc]  - Convergence of means: R-1 = 0.018106 after 25056 accepted steps
[mcmc]  - Updated covariance matrix of proposal pdf.
[mcmc] Learn + convergence test @ 31360 samples accepted.
[likelihoodcollection] Average computation time:
   flamingo.inference.masked_ps.MaskedBandPowerLikelihood : 5.29762e-05 s (64058 evaluations, 3.39355 s total)
[theorycollection] Average computation time:
   flamingo.inference.masked_ps.MaskedTSZTheory : 0.0164654 s (64058 evaluations, 1054.74 s total)
[mcmc]  - Acceptance rate: 0.480
[mcmc]  - Convergence of means: R-1 = 0.018942 after 25088 accepted steps
[mcmc]  - Updated covariance matrix of proposal pdf.
[mcmc] Progress @ 2026-08-03 01:43:35 : 64799 steps taken, and 31382 accepted.
[mcmc] Learn + convergence test @ 31400 samples accepted.
[likelihoodcollection] Average computation time:
   flamingo.inference.masked_ps.MaskedBandPowerLikelihood : 5.29755e-05 s (64158 evaluations, 3.3988 s total)
[theorycollection] Average computation time:
   flamingo.inference.masked_ps.MaskedTSZTheory : 0.0164656 s (64158 evaluations, 1056.4 s total)
[mcmc]  - Acceptance rate: 0.480
[mcmc]  - Convergence of means: R-1 = 0.019849 after 25120 accepted steps
[mcmc]  - Updated covariance matrix of proposal pdf.
[mcmc] Learn + convergence test @ 31440 samples accepted.
[likelihoodcollection] Average computation time:
   flamingo.inference.masked_ps.MaskedBandPowerLikelihood : 5.29718e-05 s (64248 evaluations, 3.40333 s total)
[theorycollection] Average computation time:
   flamingo.inference.masked_ps.MaskedTSZTheory : 0.0164653 s (64248 evaluations, 1057.86 s total)
[mcmc]  - Acceptance rate: 0.480
[mcmc]  - Convergence of means: R-1 = 0.019296 after 25152 accepted steps
[mcmc]  - Updated covariance matrix of proposal pdf.
[mcmc] Learn + convergence test @ 31480 samples accepted.
[likelihoodcollection] Average computation time:
   flamingo.inference.masked_ps.MaskedBandPowerLikelihood : 5.29674e-05 s (64330 evaluations, 3.40739 s total)
[theorycollection] Average computation time:
   flamingo.inference.masked_ps.MaskedTSZTheory : 0.0164655 s (64330 evaluations, 1059.23 s total)
[mcmc]  - Acceptance rate: 0.480
[mcmc]  - Convergence of means: R-1 = 0.019781 after 25184 accepted steps
[mcmc]  - Updated covariance matrix of proposal pdf.
[mcmc] Learn + convergence test @ 31520 samples accepted.
[likelihoodcollection] Average computation time:
   flamingo.inference.masked_ps.MaskedBandPowerLikelihood : 5.29712e-05 s (64415 evaluations, 3.41214 s total)
[theorycollection] Average computation time:
   flamingo.inference.masked_ps.MaskedTSZTheory : 0.0164657 s (64415 evaluations, 1060.64 s total)
[mcmc]  - Acceptance rate: 0.480
[mcmc]  - Convergence of means: R-1 = 0.019852 after 25216 accepted steps
[mcmc]  - Updated covariance matrix of proposal pdf.
[mcmc] Learn + convergence test @ 31560 samples accepted.
[likelihoodcollection] Average computation time:
   flamingo.inference.masked_ps.MaskedBandPowerLikelihood : 5.29727e-05 s (64470 evaluations, 3.41515 s total)
[theorycollection] Average computation time:
   flamingo.inference.masked_ps.MaskedTSZTheory : 0.0164661 s (64470 evaluations, 1061.57 s total)
[mcmc]  - Acceptance rate: 0.480
[mcmc]  - Convergence of means: R-1 = 0.019532 after 25248 accepted steps
[mcmc]  - Updated covariance matrix of proposal pdf.
[mcmc] Learn + convergence test @ 31600 samples accepted.
[likelihoodcollection] Average computation time:
   flamingo.inference.masked_ps.MaskedBandPowerLikelihood : 5.29808e-05 s (64547 evaluations, 3.41975 s total)
[theorycollection] Average computation time:
   flamingo.inference.masked_ps.MaskedTSZTheory : 0.0164666 s (64547 evaluations, 1062.87 s total)
[mcmc]  - Acceptance rate: 0.480
[mcmc]  - Convergence of means: R-1 = 0.019134 after 25280 accepted steps
[mcmc]  - Updated covariance matrix of proposal pdf.
[mcmc] Learn + convergence test @ 31640 samples accepted.
[likelihoodcollection] Average computation time:
   flamingo.inference.masked_ps.MaskedBandPowerLikelihood : 5.2977e-05 s (64631 evaluations, 3.42396 s total)
[theorycollection] Average computation time:
   flamingo.inference.masked_ps.MaskedTSZTheory : 0.0164664 s (64631 evaluations, 1064.24 s total)
[mcmc]  - Acceptance rate: 0.480
[mcmc]  - Convergence of means: R-1 = 0.018872 after 25312 accepted steps
[mcmc]  - Updated covariance matrix of proposal pdf.
[mcmc] Learn + convergence test @ 31680 samples accepted.
[likelihoodcollection] Average computation time:
   flamingo.inference.masked_ps.MaskedBandPowerLikelihood : 5.29762e-05 s (64709 evaluations, 3.42803 s total)
[theorycollection] Average computation time:
   flamingo.inference.masked_ps.MaskedTSZTheory : 0.0164666 s (64709 evaluations, 1065.54 s total)
[mcmc]  - Acceptance rate: 0.480
[mcmc]  - Convergence of means: R-1 = 0.017347 after 25344 accepted steps
[mcmc]  - Updated covariance matrix of proposal pdf.
[mcmc] Learn + convergence test @ 31720 samples accepted.
[likelihoodcollection] Average computation time:
   flamingo.inference.masked_ps.MaskedBandPowerLikelihood : 5.29741e-05 s (64787 evaluations, 3.43204 s total)
[theorycollection] Average computation time:
   flamingo.inference.masked_ps.MaskedTSZTheory : 0.0164661 s (64787 evaluations, 1066.79 s total)
[mcmc]  - Acceptance rate: 0.480
[mcmc]  - Convergence of means: R-1 = 0.015757 after 25376 accepted steps
[mcmc]  - Updated covariance matrix of proposal pdf.
[mcmc] Learn + convergence test @ 31760 samples accepted.
[likelihoodcollection] Average computation time:
   flamingo.inference.masked_ps.MaskedBandPowerLikelihood : 5.29771e-05 s (64870 evaluations, 3.43663 s total)
[theorycollection] Average computation time:
   flamingo.inference.masked_ps.MaskedTSZTheory : 0.0164662 s (64870 evaluations, 1068.16 s total)
[mcmc]  - Acceptance rate: 0.480
[mcmc]  - Convergence of means: R-1 = 0.017234 after 25408 accepted steps
[mcmc]  - Updated covariance matrix of proposal pdf.
[mcmc] Learn + convergence test @ 31800 samples accepted.
[likelihoodcollection] Average computation time:
   flamingo.inference.masked_ps.MaskedBandPowerLikelihood : 5.29816e-05 s (64966 evaluations, 3.442 s total)
[theorycollection] Average computation time:
   flamingo.inference.masked_ps.MaskedTSZTheory : 0.0164671 s (64966 evaluations, 1069.8 s total)
[mcmc]  - Acceptance rate: 0.480
[mcmc]  - Convergence of means: R-1 = 0.018795 after 25440 accepted steps
[mcmc]  - Updated covariance matrix of proposal pdf.
[mcmc] Learn + convergence test @ 31840 samples accepted.
[likelihoodcollection] Average computation time:
   flamingo.inference.masked_ps.MaskedBandPowerLikelihood : 5.2978e-05 s (65043 evaluations, 3.44585 s total)
[theorycollection] Average computation time:
   flamingo.inference.masked_ps.MaskedTSZTheory : 0.0164669 s (65043 evaluations, 1071.05 s total)
[mcmc]  - Acceptance rate: 0.480
[mcmc]  - Convergence of means: R-1 = 0.019245 after 25472 accepted steps
[mcmc]  - Updated covariance matrix of proposal pdf.
[mcmc] Learn + convergence test @ 31880 samples accepted.
[likelihoodcollection] Average computation time:
   flamingo.inference.masked_ps.MaskedBandPowerLikelihood : 5.29751e-05 s (65135 evaluations, 3.45053 s total)
[theorycollection] Average computation time:
   flamingo.inference.masked_ps.MaskedTSZTheory : 0.0164669 s (65135 evaluations, 1072.57 s total)
[mcmc]  - Acceptance rate: 0.480
[mcmc]  - Convergence of means: R-1 = 0.019213 after 25504 accepted steps
[mcmc]  - Updated covariance matrix of proposal pdf.
[mcmc] Learn + convergence test @ 31920 samples accepted.
[likelihoodcollection] Average computation time:
   flamingo.inference.masked_ps.MaskedBandPowerLikelihood : 5.29773e-05 s (65221 evaluations, 3.45524 s total)
[theorycollection] Average computation time:
   flamingo.inference.masked_ps.MaskedTSZTheory : 0.016467 s (65221 evaluations, 1073.99 s total)
[mcmc]  - Acceptance rate: 0.480
[mcmc]  - Convergence of means: R-1 = 0.019132 after 25536 accepted steps
[mcmc]  - Updated covariance matrix of proposal pdf.
[mcmc] Learn + convergence test @ 31960 samples accepted.
[likelihoodcollection] Average computation time:
   flamingo.inference.masked_ps.MaskedBandPowerLikelihood : 5.29808e-05 s (65294 evaluations, 3.45933 s total)
[theorycollection] Average computation time:
   flamingo.inference.masked_ps.MaskedTSZTheory : 0.0164671 s (65294 evaluations, 1075.2 s total)
[mcmc]  - Acceptance rate: 0.480
[mcmc]  - Convergence of means: R-1 = 0.019259 after 25568 accepted steps
[mcmc]  - Updated covariance matrix of proposal pdf.
[mcmc] Learn + convergence test @ 32000 samples accepted.
[likelihoodcollection] Average computation time:
   flamingo.inference.masked_ps.MaskedBandPowerLikelihood : 5.29819e-05 s (65367 evaluations, 3.46327 s total)
[theorycollection] Average computation time:
   flamingo.inference.masked_ps.MaskedTSZTheory : 0.0164671 s (65367 evaluations, 1076.4 s total)
[mcmc]  - Acceptance rate: 0.480
[mcmc]  - Convergence of means: R-1 = 0.019410 after 25600 accepted steps
[mcmc]  - Updated covariance matrix of proposal pdf.
[mcmc] Learn + convergence test @ 32040 samples accepted.
[likelihoodcollection] Average computation time:
   flamingo.inference.masked_ps.MaskedBandPowerLikelihood : 5.29825e-05 s (65455 evaluations, 3.46797 s total)
[theorycollection] Average computation time:
   flamingo.inference.masked_ps.MaskedTSZTheory : 0.0164665 s (65455 evaluations, 1077.81 s total)
[mcmc]  - Acceptance rate: 0.480
[mcmc]  - Convergence of means: R-1 = 0.018872 after 25632 accepted steps
[mcmc]  - Updated covariance matrix of proposal pdf.
[mcmc] Learn + convergence test @ 32080 samples accepted.
[likelihoodcollection] Average computation time:
   flamingo.inference.masked_ps.MaskedBandPowerLikelihood : 5.29824e-05 s (65559 evaluations, 3.47347 s total)
[theorycollection] Average computation time:
   flamingo.inference.masked_ps.MaskedTSZTheory : 0.0164671 s (65559 evaluations, 1079.56 s total)
[mcmc]  - Acceptance rate: 0.480
[mcmc]  - Convergence of means: R-1 = 0.017354 after 25664 accepted steps
[mcmc]  - Updated covariance matrix of proposal pdf.
[mcmc] Learn + convergence test @ 32120 samples accepted.
[likelihoodcollection] Average computation time:
   flamingo.inference.masked_ps.MaskedBandPowerLikelihood : 5.29779e-05 s (65660 evaluations, 3.47853 s total)
[theorycollection] Average computation time:
   flamingo.inference.masked_ps.MaskedTSZTheory : 0.0164674 s (65660 evaluations, 1081.25 s total)
[mcmc]  - Acceptance rate: 0.480
[mcmc]  - Convergence of means: R-1 = 0.016459 after 25696 accepted steps
[mcmc]  - Updated covariance matrix of proposal pdf.
[mcmc] Learn + convergence test @ 32160 samples accepted.
[likelihoodcollection] Average computation time:
   flamingo.inference.masked_ps.MaskedBandPowerLikelihood : 5.29801e-05 s (65729 evaluations, 3.48233 s total)
[theorycollection] Average computation time:
   flamingo.inference.masked_ps.MaskedTSZTheory : 0.0164675 s (65729 evaluations, 1082.39 s total)
[mcmc]  - Acceptance rate: 0.480
[mcmc]  - Convergence of means: R-1 = 0.016778 after 25728 accepted steps
[mcmc]  - Updated covariance matrix of proposal pdf.
[mcmc] Learn + convergence test @ 32200 samples accepted.
[likelihoodcollection] Average computation time:
   flamingo.inference.masked_ps.MaskedBandPowerLikelihood : 5.29767e-05 s (65807 evaluations, 3.48624 s total)
[theorycollection] Average computation time:
   flamingo.inference.masked_ps.MaskedTSZTheory : 0.0164676 s (65807 evaluations, 1083.69 s total)
[mcmc]  - Acceptance rate: 0.480
[mcmc]  - Convergence of means: R-1 = 0.016031 after 25760 accepted steps
[mcmc]  - Updated covariance matrix of proposal pdf.
[mcmc] Learn + convergence test @ 32240 samples accepted.
[likelihoodcollection] Average computation time:
   flamingo.inference.masked_ps.MaskedBandPowerLikelihood : 5.29759e-05 s (65886 evaluations, 3.49037 s total)
[theorycollection] Average computation time:
   flamingo.inference.masked_ps.MaskedTSZTheory : 0.0164675 s (65886 evaluations, 1084.98 s total)
[mcmc]  - Acceptance rate: 0.480
[mcmc]  - Convergence of means: R-1 = 0.015805 after 25792 accepted steps
[mcmc]  - Updated covariance matrix of proposal pdf.
[mcmc] Learn + convergence test @ 32280 samples accepted.
[likelihoodcollection] Average computation time:
   flamingo.inference.masked_ps.MaskedBandPowerLikelihood : 5.29742e-05 s (65965 evaluations, 3.49444 s total)
[theorycollection] Average computation time:
   flamingo.inference.masked_ps.MaskedTSZTheory : 0.0164676 s (65965 evaluations, 1086.29 s total)
[mcmc]  - Acceptance rate: 0.480
[mcmc]  - Convergence of means: R-1 = 0.016529 after 25824 accepted steps
[mcmc]  - Updated covariance matrix of proposal pdf.
[mcmc] Learn + convergence test @ 32320 samples accepted.
[likelihoodcollection] Average computation time:
   flamingo.inference.masked_ps.MaskedBandPowerLikelihood : 5.29761e-05 s (66032 evaluations, 3.49812 s total)
[theorycollection] Average computation time:
   flamingo.inference.masked_ps.MaskedTSZTheory : 0.0164678 s (66032 evaluations, 1087.4 s total)
[mcmc]  - Acceptance rate: 0.480
[mcmc]  - Convergence of means: R-1 = 0.016201 after 25856 accepted steps
[mcmc]  - Updated covariance matrix of proposal pdf.
[mcmc] Learn + convergence test @ 32360 samples accepted.
[likelihoodcollection] Average computation time:
   flamingo.inference.masked_ps.MaskedBandPowerLikelihood : 5.29719e-05 s (66129 evaluations, 3.50298 s total)
[theorycollection] Average computation time:
   flamingo.inference.masked_ps.MaskedTSZTheory : 0.0164676 s (66129 evaluations, 1088.99 s total)
[mcmc]  - Acceptance rate: 0.480
[mcmc]  - Convergence of means: R-1 = 0.016951 after 25888 accepted steps
[mcmc]  - Updated covariance matrix of proposal pdf.
[mcmc] Learn + convergence test @ 32400 samples accepted.
[likelihoodcollection] Average computation time:
   flamingo.inference.masked_ps.MaskedBandPowerLikelihood : 5.29733e-05 s (66203 evaluations, 3.50699 s total)
[theorycollection] Average computation time:
   flamingo.inference.masked_ps.MaskedTSZTheory : 0.0164675 s (66203 evaluations, 1090.2 s total)
[mcmc]  - Acceptance rate: 0.480
[mcmc]  - Convergence of means: R-1 = 0.017043 after 25920 accepted steps
[mcmc]  - Updated covariance matrix of proposal pdf.
[mcmc] Learn + convergence test @ 32440 samples accepted.
[likelihoodcollection] Average computation time:
   flamingo.inference.masked_ps.MaskedBandPowerLikelihood : 5.29703e-05 s (66282 evaluations, 3.51098 s total)
[theorycollection] Average computation time:
   flamingo.inference.masked_ps.MaskedTSZTheory : 0.0164672 s (66282 evaluations, 1091.48 s total)
[mcmc]  - Acceptance rate: 0.480
[mcmc]  - Convergence of means: R-1 = 0.017674 after 25952 accepted steps
[mcmc]  - Updated covariance matrix of proposal pdf.
[mcmc] Learn + convergence test @ 32480 samples accepted.
[likelihoodcollection] Average computation time:
   flamingo.inference.masked_ps.MaskedBandPowerLikelihood : 5.29658e-05 s (66365 evaluations, 3.51507 s total)
[theorycollection] Average computation time:
   flamingo.inference.masked_ps.MaskedTSZTheory : 0.016467 s (66365 evaluations, 1092.83 s total)
[mcmc]  - Acceptance rate: 0.480
[mcmc]  - Convergence of means: R-1 = 0.017363 after 25984 accepted steps
[mcmc]  - Updated covariance matrix of proposal pdf.
[mcmc] Learn + convergence test @ 32520 samples accepted.
[likelihoodcollection] Average computation time:
   flamingo.inference.masked_ps.MaskedBandPowerLikelihood : 5.297e-05 s (66441 evaluations, 3.51938 s total)
[theorycollection] Average computation time:
   flamingo.inference.masked_ps.MaskedTSZTheory : 0.0164672 s (66441 evaluations, 1094.1 s total)
[mcmc]  - Acceptance rate: 0.480
[mcmc]  - Convergence of means: R-1 = 0.016483 after 26016 accepted steps
[mcmc]  - Updated covariance matrix of proposal pdf.
[mcmc] Learn + convergence test @ 32560 samples accepted.
[likelihoodcollection] Average computation time:
   flamingo.inference.masked_ps.MaskedBandPowerLikelihood : 5.29692e-05 s (66540 evaluations, 3.52457 s total)
[theorycollection] Average computation time:
   flamingo.inference.masked_ps.MaskedTSZTheory : 0.0164674 s (66540 evaluations, 1095.74 s total)
[mcmc]  - Acceptance rate: 0.480
[mcmc]  - Convergence of means: R-1 = 0.017151 after 26048 accepted steps
[mcmc]  - Updated covariance matrix of proposal pdf.
[mcmc] Learn + convergence test @ 32600 samples accepted.
[likelihoodcollection] Average computation time:
   flamingo.inference.masked_ps.MaskedBandPowerLikelihood : 5.29672e-05 s (66624 evaluations, 3.52889 s total)
[theorycollection] Average computation time:
   flamingo.inference.masked_ps.MaskedTSZTheory : 0.0164672 s (66624 evaluations, 1097.11 s total)
[mcmc]  - Acceptance rate: 0.480
[mcmc]  - Convergence of means: R-1 = 0.017002 after 26080 accepted steps
[mcmc]  - Updated covariance matrix of proposal pdf.
[mcmc] Learn + convergence test @ 32640 samples accepted.
[likelihoodcollection] Average computation time:
   flamingo.inference.masked_ps.MaskedBandPowerLikelihood : 5.29677e-05 s (66696 evaluations, 3.53273 s total)
[theorycollection] Average computation time:
   flamingo.inference.masked_ps.MaskedTSZTheory : 0.0164678 s (66696 evaluations, 1098.34 s total)
[mcmc]  - Acceptance rate: 0.480
[mcmc]  - Convergence of means: R-1 = 0.015918 after 26112 accepted steps
[mcmc]  - Updated covariance matrix of proposal pdf.
[mcmc] Learn + convergence test @ 32680 samples accepted.
[likelihoodcollection] Average computation time:
   flamingo.inference.masked_ps.MaskedBandPowerLikelihood : 5.29677e-05 s (66769 evaluations, 3.5366 s total)
[theorycollection] Average computation time:
   flamingo.inference.masked_ps.MaskedTSZTheory : 0.0164679 s (66769 evaluations, 1099.54 s total)
[mcmc]  - Acceptance rate: 0.480
[mcmc]  - Convergence of means: R-1 = 0.014800 after 26144 accepted steps
[mcmc]  - Updated covariance matrix of proposal pdf.
[mcmc] Learn + convergence test @ 32720 samples accepted.
[likelihoodcollection] Average computation time:
   flamingo.inference.masked_ps.MaskedBandPowerLikelihood : 5.29722e-05 s (66858 evaluations, 3.54162 s total)
[theorycollection] Average computation time:
   flamingo.inference.masked_ps.MaskedTSZTheory : 0.0164678 s (66858 evaluations, 1101 s total)
[mcmc]  - Acceptance rate: 0.480
[mcmc]  - Convergence of means: R-1 = 0.015129 after 26176 accepted steps
[mcmc]  - Updated covariance matrix of proposal pdf.
[mcmc] Learn + convergence test @ 32760 samples accepted.
[likelihoodcollection] Average computation time:
   flamingo.inference.masked_ps.MaskedBandPowerLikelihood : 5.29769e-05 s (66949 evaluations, 3.54675 s total)
[theorycollection] Average computation time:
   flamingo.inference.masked_ps.MaskedTSZTheory : 0.0164681 s (66949 evaluations, 1102.53 s total)
[mcmc]  - Acceptance rate: 0.480
[mcmc]  - Convergence of means: R-1 = 0.013121 after 26208 accepted steps
[mcmc]  - Updated covariance matrix of proposal pdf.
[mcmc] Learn + convergence test @ 32800 samples accepted.
[likelihoodcollection] Average computation time:
   flamingo.inference.masked_ps.MaskedBandPowerLikelihood : 5.29713e-05 s (67031 evaluations, 3.55072 s total)
[theorycollection] Average computation time:
   flamingo.inference.masked_ps.MaskedTSZTheory : 0.0164679 s (67031 evaluations, 1103.86 s total)
[mcmc]  - Acceptance rate: 0.480
[mcmc]  - Convergence of means: R-1 = 0.012162 after 26240 accepted steps
[mcmc]  - Updated covariance matrix of proposal pdf.
[mcmc] Learn + convergence test @ 32840 samples accepted.
[likelihoodcollection] Average computation time:
   flamingo.inference.masked_ps.MaskedBandPowerLikelihood : 5.29688e-05 s (67124 evaluations, 3.55548 s total)
[theorycollection] Average computation time:
   flamingo.inference.masked_ps.MaskedTSZTheory : 0.0164681 s (67124 evaluations, 1105.4 s total)
[mcmc]  - Acceptance rate: 0.480
[mcmc]  - Convergence of means: R-1 = 0.011863 after 26272 accepted steps
[mcmc]  - Updated covariance matrix of proposal pdf.
[mcmc] Learn + convergence test @ 32880 samples accepted.
[likelihoodcollection] Average computation time:
   flamingo.inference.masked_ps.MaskedBandPowerLikelihood : 5.29719e-05 s (67205 evaluations, 3.55998 s total)
[theorycollection] Average computation time:
   flamingo.inference.masked_ps.MaskedTSZTheory : 0.0164678 s (67205 evaluations, 1106.72 s total)
[mcmc]  - Acceptance rate: 0.480
[mcmc]  - Convergence of means: R-1 = 0.012050 after 26304 accepted steps
[mcmc]  - Updated covariance matrix of proposal pdf.
[mcmc] Learn + convergence test @ 32920 samples accepted.
[likelihoodcollection] Average computation time:
   flamingo.inference.masked_ps.MaskedBandPowerLikelihood : 5.29703e-05 s (67286 evaluations, 3.56416 s total)
[theorycollection] Average computation time:
   flamingo.inference.masked_ps.MaskedTSZTheory : 0.0164677 s (67286 evaluations, 1108.04 s total)
[mcmc]  - Acceptance rate: 0.480
[mcmc]  - Convergence of means: R-1 = 0.011565 after 26336 accepted steps
[mcmc]  - Updated covariance matrix of proposal pdf.
[mcmc] Learn + convergence test @ 32960 samples accepted.
[likelihoodcollection] Average computation time:
   flamingo.inference.masked_ps.MaskedBandPowerLikelihood : 5.29711e-05 s (67374 evaluations, 3.56888 s total)
[theorycollection] Average computation time:
   flamingo.inference.masked_ps.MaskedTSZTheory : 0.0164677 s (67374 evaluations, 1109.5 s total)
[mcmc]  - Acceptance rate: 0.480
[mcmc]  - Convergence of means: R-1 = 0.012008 after 26368 accepted steps
[mcmc]  - Updated covariance matrix of proposal pdf.
[mcmc] Learn + convergence test @ 33000 samples accepted.
[likelihoodcollection] Average computation time:
   flamingo.inference.masked_ps.MaskedBandPowerLikelihood : 5.2967e-05 s (67460 evaluations, 3.57316 s total)
[theorycollection] Average computation time:
   flamingo.inference.masked_ps.MaskedTSZTheory : 0.0164673 s (67460 evaluations, 1110.89 s total)
[mcmc]  - Acceptance rate: 0.480
[mcmc]  - Convergence of means: R-1 = 0.012676 after 26400 accepted steps
[mcmc]  - Updated covariance matrix of proposal pdf.
[mcmc] Learn + convergence test @ 33040 samples accepted.
[likelihoodcollection] Average computation time:
   flamingo.inference.masked_ps.MaskedBandPowerLikelihood : 5.29704e-05 s (67546 evaluations, 3.57794 s total)
[theorycollection] Average computation time:
   flamingo.inference.masked_ps.MaskedTSZTheory : 0.0164671 s (67546 evaluations, 1112.29 s total)
[mcmc]  - Acceptance rate: 0.480
[mcmc]  - Convergence of means: R-1 = 0.013252 after 26432 accepted steps
[mcmc]  - Updated covariance matrix of proposal pdf.
[mcmc] Learn + convergence test @ 33080 samples accepted.
[likelihoodcollection] Average computation time:
   flamingo.inference.masked_ps.MaskedBandPowerLikelihood : 5.29639e-05 s (67626 evaluations, 3.58174 s total)
[theorycollection] Average computation time:
   flamingo.inference.masked_ps.MaskedTSZTheory : 0.0164671 s (67626 evaluations, 1113.61 s total)
[mcmc]  - Acceptance rate: 0.480
[mcmc]  - Convergence of means: R-1 = 0.014184 after 26464 accepted steps
[mcmc]  - Updated covariance matrix of proposal pdf.
[mcmc] Progress @ 2026-08-03 01:44:35 : 68381 steps taken, and 33098 accepted.
[mcmc] Learn + convergence test @ 33120 samples accepted.
[likelihoodcollection] Average computation time:
   flamingo.inference.masked_ps.MaskedBandPowerLikelihood : 5.29608e-05 s (67702 evaluations, 3.58555 s total)
[theorycollection] Average computation time:
   flamingo.inference.masked_ps.MaskedTSZTheory : 0.0164674 s (67702 evaluations, 1114.87 s total)
[mcmc]  - Acceptance rate: 0.480
[mcmc]  - Convergence of means: R-1 = 0.014361 after 26496 accepted steps
[mcmc]  - Updated covariance matrix of proposal pdf.
[mcmc] Learn + convergence test @ 33160 samples accepted.
[likelihoodcollection] Average computation time:
   flamingo.inference.masked_ps.MaskedBandPowerLikelihood : 5.29584e-05 s (67788 evaluations, 3.58995 s total)
[theorycollection] Average computation time:
   flamingo.inference.masked_ps.MaskedTSZTheory : 0.0164673 s (67788 evaluations, 1116.29 s total)
[mcmc]  - Acceptance rate: 0.480
[mcmc]  - Convergence of means: R-1 = 0.014510 after 26528 accepted steps
[mcmc]  - Updated covariance matrix of proposal pdf.
[mcmc] Learn + convergence test @ 33200 samples accepted.
[likelihoodcollection] Average computation time:
   flamingo.inference.masked_ps.MaskedBandPowerLikelihood : 5.29576e-05 s (67872 evaluations, 3.59434 s total)
[theorycollection] Average computation time:
   flamingo.inference.masked_ps.MaskedTSZTheory : 0.0164672 s (67872 evaluations, 1117.66 s total)
[mcmc]  - Acceptance rate: 0.480
[mcmc]  - Convergence of means: R-1 = 0.014298 after 26560 accepted steps
[mcmc]  - Updated covariance matrix of proposal pdf.
[mcmc] Learn + convergence test @ 33240 samples accepted.
[likelihoodcollection] Average computation time:
   flamingo.inference.masked_ps.MaskedBandPowerLikelihood : 5.29586e-05 s (67937 evaluations, 3.59785 s total)
[theorycollection] Average computation time:
   flamingo.inference.masked_ps.MaskedTSZTheory : 0.0164673 s (67937 evaluations, 1118.74 s total)
[mcmc]  - Acceptance rate: 0.480
[mcmc]  - Convergence of means: R-1 = 0.014077 after 26592 accepted steps
[mcmc]  - Updated covariance matrix of proposal pdf.
[mcmc] Learn + convergence test @ 33280 samples accepted.
[likelihoodcollection] Average computation time:
   flamingo.inference.masked_ps.MaskedBandPowerLikelihood : 5.29615e-05 s (68014 evaluations, 3.60212 s total)
[theorycollection] Average computation time:
   flamingo.inference.masked_ps.MaskedTSZTheory : 0.0164675 s (68014 evaluations, 1120.02 s total)
[mcmc]  - Acceptance rate: 0.480
[mcmc]  - Convergence of means: R-1 = 0.013649 after 26624 accepted steps
[mcmc]  - Updated covariance matrix of proposal pdf.
[mcmc] Learn + convergence test @ 33320 samples accepted.
[likelihoodcollection] Average computation time:
   flamingo.inference.masked_ps.MaskedBandPowerLikelihood : 5.29619e-05 s (68100 evaluations, 3.60671 s total)
[theorycollection] Average computation time:
   flamingo.inference.masked_ps.MaskedTSZTheory : 0.016468 s (68100 evaluations, 1121.47 s total)
[mcmc]  - Acceptance rate: 0.480
[mcmc]  - Convergence of means: R-1 = 0.013513 after 26656 accepted steps
[mcmc]  - Updated covariance matrix of proposal pdf.
[mcmc] Learn + convergence test @ 33360 samples accepted.
[likelihoodcollection] Average computation time:
   flamingo.inference.masked_ps.MaskedBandPowerLikelihood : 5.29597e-05 s (68176 evaluations, 3.61058 s total)
[theorycollection] Average computation time:
   flamingo.inference.masked_ps.MaskedTSZTheory : 0.0164677 s (68176 evaluations, 1122.7 s total)
[mcmc]  - Acceptance rate: 0.480
[mcmc]  - Convergence of means: R-1 = 0.013790 after 26688 accepted steps
[mcmc]  - Updated covariance matrix of proposal pdf.
[mcmc] Learn + convergence test @ 33400 samples accepted.
[likelihoodcollection] Average computation time:
   flamingo.inference.masked_ps.MaskedBandPowerLikelihood : 5.29609e-05 s (68286 evaluations, 3.61649 s total)
[theorycollection] Average computation time:
   flamingo.inference.masked_ps.MaskedTSZTheory : 0.0164681 s (68286 evaluations, 1124.54 s total)
[mcmc]  - Acceptance rate: 0.480
[mcmc]  - Convergence of means: R-1 = 0.013653 after 26720 accepted steps
[mcmc]  - Updated covariance matrix of proposal pdf.
[mcmc] Learn + convergence test @ 33440 samples accepted.
[likelihoodcollection] Average computation time:
   flamingo.inference.masked_ps.MaskedBandPowerLikelihood : 5.29577e-05 s (68379 evaluations, 3.62119 s total)
[theorycollection] Average computation time:
   flamingo.inference.masked_ps.MaskedTSZTheory : 0.0164678 s (68379 evaluations, 1126.05 s total)
[mcmc]  - Acceptance rate: 0.480
[mcmc]  - Convergence of means: R-1 = 0.013401 after 26752 accepted steps
[mcmc]  - Updated covariance matrix of proposal pdf.
[mcmc] Learn + convergence test @ 33480 samples accepted.
[likelihoodcollection] Average computation time:
   flamingo.inference.masked_ps.MaskedBandPowerLikelihood : 5.29588e-05 s (68461 evaluations, 3.62561 s total)
[theorycollection] Average computation time:
   flamingo.inference.masked_ps.MaskedTSZTheory : 0.016468 s (68461 evaluations, 1127.41 s total)
[mcmc]  - Acceptance rate: 0.480
[mcmc]  - Convergence of means: R-1 = 0.013483 after 26784 accepted steps
[mcmc]  - Updated covariance matrix of proposal pdf.
[mcmc] Learn + convergence test @ 33520 samples accepted.
[likelihoodcollection] Average computation time:
   flamingo.inference.masked_ps.MaskedBandPowerLikelihood : 5.29613e-05 s (68535 evaluations, 3.6297 s total)
[theorycollection] Average computation time:
   flamingo.inference.masked_ps.MaskedTSZTheory : 0.0164683 s (68535 evaluations, 1128.66 s total)
[mcmc]  - Acceptance rate: 0.480
[mcmc]  - Convergence of means: R-1 = 0.012501 after 26816 accepted steps
[mcmc]  - Updated covariance matrix of proposal pdf.
[mcmc] Learn + convergence test @ 33560 samples accepted.
[likelihoodcollection] Average computation time:
   flamingo.inference.masked_ps.MaskedBandPowerLikelihood : 5.29635e-05 s (68598 evaluations, 3.63319 s total)
[theorycollection] Average computation time:
   flamingo.inference.masked_ps.MaskedTSZTheory : 0.0164681 s (68598 evaluations, 1129.68 s total)
[mcmc]  - Acceptance rate: 0.480
[mcmc]  - Convergence of means: R-1 = 0.011931 after 26848 accepted steps
[mcmc]  - Updated covariance matrix of proposal pdf.
[mcmc] Learn + convergence test @ 33600 samples accepted.
[likelihoodcollection] Average computation time:
   flamingo.inference.masked_ps.MaskedBandPowerLikelihood : 5.29553e-05 s (68689 evaluations, 3.63745 s total)
[theorycollection] Average computation time:
   flamingo.inference.masked_ps.MaskedTSZTheory : 0.0164678 s (68689 evaluations, 1131.15 s total)
[mcmc]  - Acceptance rate: 0.480
[mcmc]  - Convergence of means: R-1 = 0.010619 after 26880 accepted steps
[mcmc]  - Updated covariance matrix of proposal pdf.
[mcmc] Learn + convergence test @ 33640 samples accepted.
[likelihoodcollection] Average computation time:
   flamingo.inference.masked_ps.MaskedBandPowerLikelihood : 5.29582e-05 s (68779 evaluations, 3.64241 s total)
[theorycollection] Average computation time:
   flamingo.inference.masked_ps.MaskedTSZTheory : 0.0164679 s (68779 evaluations, 1132.65 s total)
[mcmc]  - Acceptance rate: 0.480
[mcmc]  - Convergence of means: R-1 = 0.011094 after 26912 accepted steps
[mcmc]  - Updated covariance matrix of proposal pdf.
[mcmc] Learn + convergence test @ 33680 samples accepted.
[likelihoodcollection] Average computation time:
   flamingo.inference.masked_ps.MaskedBandPowerLikelihood : 5.29632e-05 s (68855 evaluations, 3.64678 s total)
[theorycollection] Average computation time:
   flamingo.inference.masked_ps.MaskedTSZTheory : 0.0164681 s (68855 evaluations, 1133.91 s total)
[mcmc]  - Acceptance rate: 0.480
[mcmc]  - Convergence of means: R-1 = 0.013002 after 26944 accepted steps
[mcmc]  - Updated covariance matrix of proposal pdf.
[mcmc] Learn + convergence test @ 33720 samples accepted.
[likelihoodcollection] Average computation time:
   flamingo.inference.masked_ps.MaskedBandPowerLikelihood : 5.2967e-05 s (68928 evaluations, 3.65091 s total)
[theorycollection] Average computation time:
   flamingo.inference.masked_ps.MaskedTSZTheory : 0.0164685 s (68928 evaluations, 1135.14 s total)
[mcmc]  - Acceptance rate: 0.480
[mcmc]  - Convergence of means: R-1 = 0.017546 after 26976 accepted steps
[mcmc]  - Updated covariance matrix of proposal pdf.
[mcmc] Learn + convergence test @ 33760 samples accepted.
[likelihoodcollection] Average computation time:
   flamingo.inference.masked_ps.MaskedBandPowerLikelihood : 5.29658e-05 s (69020 evaluations, 3.6557 s total)
[theorycollection] Average computation time:
   flamingo.inference.masked_ps.MaskedTSZTheory : 0.0164682 s (69020 evaluations, 1136.63 s total)
[mcmc]  - Acceptance rate: 0.480
[mcmc]  - Convergence of means: R-1 = 0.017519 after 27008 accepted steps
[mcmc]  - Updated covariance matrix of proposal pdf.
[mcmc] Learn + convergence test @ 33800 samples accepted.
[likelihoodcollection] Average computation time:
   flamingo.inference.masked_ps.MaskedBandPowerLikelihood : 5.29619e-05 s (69089 evaluations, 3.65908 s total)
[theorycollection] Average computation time:
   flamingo.inference.masked_ps.MaskedTSZTheory : 0.0164678 s (69089 evaluations, 1137.74 s total)
[mcmc]  - Acceptance rate: 0.480
[mcmc]  - Convergence of means: R-1 = 0.018000 after 27040 accepted steps
[mcmc]  - Updated covariance matrix of proposal pdf.
[mcmc] Learn + convergence test @ 33840 samples accepted.
[likelihoodcollection] Average computation time:
   flamingo.inference.masked_ps.MaskedBandPowerLikelihood : 5.29629e-05 s (69176 evaluations, 3.66376 s total)
[theorycollection] Average computation time:
   flamingo.inference.masked_ps.MaskedTSZTheory : 0.0164677 s (69176 evaluations, 1139.17 s total)
[mcmc]  - Acceptance rate: 0.480
[mcmc]  - Convergence of means: R-1 = 0.019139 after 27072 accepted steps
[mcmc]  - Updated covariance matrix of proposal pdf.
[mcmc] Learn + convergence test @ 33880 samples accepted.
[likelihoodcollection] Average computation time:
   flamingo.inference.masked_ps.MaskedBandPowerLikelihood : 5.29615e-05 s (69254 evaluations, 3.6678 s total)
[theorycollection] Average computation time:
   flamingo.inference.masked_ps.MaskedTSZTheory : 0.0164675 s (69254 evaluations, 1140.44 s total)
[mcmc]  - Acceptance rate: 0.480
[mcmc]  - Convergence of means: R-1 = 0.018515 after 27104 accepted steps
[mcmc]  - Updated covariance matrix of proposal pdf.
[mcmc] Learn + convergence test @ 33920 samples accepted.
[likelihoodcollection] Average computation time:
   flamingo.inference.masked_ps.MaskedBandPowerLikelihood : 5.2963e-05 s (69333 evaluations, 3.67208 s total)
[theorycollection] Average computation time:
   flamingo.inference.masked_ps.MaskedTSZTheory : 0.0164678 s (69333 evaluations, 1141.76 s total)
[mcmc]  - Acceptance rate: 0.480
[mcmc]  - Convergence of means: R-1 = 0.018486 after 27136 accepted steps
[mcmc]  - Updated covariance matrix of proposal pdf.
[mcmc] Learn + convergence test @ 33960 samples accepted.
[likelihoodcollection] Average computation time:
   flamingo.inference.masked_ps.MaskedBandPowerLikelihood : 5.29624e-05 s (69415 evaluations, 3.67639 s total)
[theorycollection] Average computation time:
   flamingo.inference.masked_ps.MaskedTSZTheory : 0.0164681 s (69415 evaluations, 1143.13 s total)
[mcmc]  - Acceptance rate: 0.480
[mcmc]  - Convergence of means: R-1 = 0.017730 after 27168 accepted steps
[mcmc]  - Updated covariance matrix of proposal pdf.
[mcmc] Learn + convergence test @ 34000 samples accepted.
[likelihoodcollection] Average computation time:
   flamingo.inference.masked_ps.MaskedBandPowerLikelihood : 5.29576e-05 s (69498 evaluations, 3.68044 s total)
[theorycollection] Average computation time:
   flamingo.inference.masked_ps.MaskedTSZTheory : 0.0164682 s (69498 evaluations, 1144.51 s total)
[mcmc]  - Acceptance rate: 0.480
[mcmc]  - Convergence of means: R-1 = 0.017826 after 27200 accepted steps
[mcmc]  - Updated covariance matrix of proposal pdf.
[mcmc] Learn + convergence test @ 34040 samples accepted.
[likelihoodcollection] Average computation time:
   flamingo.inference.masked_ps.MaskedBandPowerLikelihood : 5.29559e-05 s (69575 evaluations, 3.68441 s total)
[theorycollection] Average computation time:
   flamingo.inference.masked_ps.MaskedTSZTheory : 0.0164684 s (69575 evaluations, 1145.79 s total)
[mcmc]  - Acceptance rate: 0.480
[mcmc]  - Convergence of means: R-1 = 0.017289 after 27232 accepted steps
[mcmc]  - Updated covariance matrix of proposal pdf.
[mcmc] Learn + convergence test @ 34080 samples accepted.
[likelihoodcollection] Average computation time:
   flamingo.inference.masked_ps.MaskedBandPowerLikelihood : 5.29537e-05 s (69686 evaluations, 3.69013 s total)
[theorycollection] Average computation time:
   flamingo.inference.masked_ps.MaskedTSZTheory : 0.0164686 s (69686 evaluations, 1147.63 s total)
[mcmc]  - Acceptance rate: 0.480
[mcmc]  - Convergence of means: R-1 = 0.017889 after 27264 accepted steps
[mcmc]  - Updated covariance matrix of proposal pdf.
[mcmc] Learn + convergence test @ 34120 samples accepted.
[likelihoodcollection] Average computation time:
   flamingo.inference.masked_ps.MaskedBandPowerLikelihood : 5.29523e-05 s (69764 evaluations, 3.69416 s total)
[theorycollection] Average computation time:
   flamingo.inference.masked_ps.MaskedTSZTheory : 0.0164687 s (69764 evaluations, 1148.92 s total)
[mcmc]  - Acceptance rate: 0.480
[mcmc]  - Convergence of means: R-1 = 0.017806 after 27296 accepted steps
[mcmc]  - Updated covariance matrix of proposal pdf.
[mcmc] Learn + convergence test @ 34160 samples accepted.
[likelihoodcollection] Average computation time:
   flamingo.inference.masked_ps.MaskedBandPowerLikelihood : 5.29488e-05 s (69841 evaluations, 3.698 s total)
[theorycollection] Average computation time:
   flamingo.inference.masked_ps.MaskedTSZTheory : 0.0164685 s (69841 evaluations, 1150.17 s total)
[mcmc]  - Acceptance rate: 0.480
[mcmc]  - Convergence of means: R-1 = 0.016734 after 27328 accepted steps
[mcmc]  - Updated covariance matrix of proposal pdf.
[mcmc] Learn + convergence test @ 34200 samples accepted.
[likelihoodcollection] Average computation time:
   flamingo.inference.masked_ps.MaskedBandPowerLikelihood : 5.29583e-05 s (69917 evaluations, 3.70269 s total)
[theorycollection] Average computation time:
   flamingo.inference.masked_ps.MaskedTSZTheory : 0.0164689 s (69917 evaluations, 1151.45 s total)
[mcmc]  - Acceptance rate: 0.480
[mcmc]  - Convergence of means: R-1 = 0.017342 after 27360 accepted steps
[mcmc]  - Updated covariance matrix of proposal pdf.
[mcmc] Learn + convergence test @ 34240 samples accepted.
[likelihoodcollection] Average computation time:
   flamingo.inference.masked_ps.MaskedBandPowerLikelihood : 5.29625e-05 s (70000 evaluations, 3.70738 s total)
[theorycollection] Average computation time:
   flamingo.inference.masked_ps.MaskedTSZTheory : 0.0164689 s (70000 evaluations, 1152.83 s total)
[mcmc]  - Acceptance rate: 0.480
[mcmc]  - Convergence of means: R-1 = 0.017656 after 27392 accepted steps
[mcmc]  - Updated covariance matrix of proposal pdf.
[mcmc] Learn + convergence test @ 34280 samples accepted.
[likelihoodcollection] Average computation time:
   flamingo.inference.masked_ps.MaskedBandPowerLikelihood : 5.29626e-05 s (70087 evaluations, 3.71199 s total)
[theorycollection] Average computation time:
   flamingo.inference.masked_ps.MaskedTSZTheory : 0.016469 s (70087 evaluations, 1154.26 s total)
[mcmc]  - Acceptance rate: 0.480
[mcmc]  - Convergence of means: R-1 = 0.017643 after 27424 accepted steps
[mcmc]  - Updated covariance matrix of proposal pdf.
[mcmc] Learn + convergence test @ 34320 samples accepted.
[likelihoodcollection] Average computation time:
   flamingo.inference.masked_ps.MaskedBandPowerLikelihood : 5.29655e-05 s (70167 evaluations, 3.71643 s total)
[theorycollection] Average computation time:
   flamingo.inference.masked_ps.MaskedTSZTheory : 0.0164692 s (70167 evaluations, 1155.6 s total)
[mcmc]  - Acceptance rate: 0.480
[mcmc]  - Convergence of means: R-1 = 0.017707 after 27456 accepted steps
[mcmc]  - Updated covariance matrix of proposal pdf.
[mcmc] Learn + convergence test @ 34360 samples accepted.
[likelihoodcollection] Average computation time:
   flamingo.inference.masked_ps.MaskedBandPowerLikelihood : 5.29628e-05 s (70256 evaluations, 3.72095 s total)
[theorycollection] Average computation time:
   flamingo.inference.masked_ps.MaskedTSZTheory : 0.0164691 s (70256 evaluations, 1157.05 s total)
[mcmc]  - Acceptance rate: 0.480
[mcmc]  - Convergence of means: R-1 = 0.017305 after 27488 accepted steps
[mcmc]  - Updated covariance matrix of proposal pdf.
[mcmc] Learn + convergence test @ 34400 samples accepted.
[likelihoodcollection] Average computation time:
   flamingo.inference.masked_ps.MaskedBandPowerLikelihood : 5.29602e-05 s (70349 evaluations, 3.7257 s total)
[theorycollection] Average computation time:
   flamingo.inference.masked_ps.MaskedTSZTheory : 0.0164691 s (70349 evaluations, 1158.59 s total)
[mcmc]  - Acceptance rate: 0.480
[mcmc]  - Convergence of means: R-1 = 0.016659 after 27520 accepted steps
[mcmc]  - Updated covariance matrix of proposal pdf.
[mcmc] Learn + convergence test @ 34440 samples accepted.
[likelihoodcollection] Average computation time:
   flamingo.inference.masked_ps.MaskedBandPowerLikelihood : 5.29613e-05 s (70431 evaluations, 3.73012 s total)
[theorycollection] Average computation time:
   flamingo.inference.masked_ps.MaskedTSZTheory : 0.0164689 s (70431 evaluations, 1159.92 s total)
[mcmc]  - Acceptance rate: 0.480
[mcmc]  - Convergence of means: R-1 = 0.016028 after 27552 accepted steps
[mcmc]  - Updated covariance matrix of proposal pdf.
[mcmc] Learn + convergence test @ 34480 samples accepted.
[likelihoodcollection] Average computation time:
   flamingo.inference.masked_ps.MaskedBandPowerLikelihood : 5.29567e-05 s (70501 evaluations, 3.7335 s total)
[theorycollection] Average computation time:
   flamingo.inference.masked_ps.MaskedTSZTheory : 0.0164687 s (70501 evaluations, 1161.06 s total)
[mcmc]  - Acceptance rate: 0.480
[mcmc]  - Convergence of means: R-1 = 0.016224 after 27584 accepted steps
[mcmc]  - Updated covariance matrix of proposal pdf.
[mcmc] Learn + convergence test @ 34520 samples accepted.
[likelihoodcollection] Average computation time:
   flamingo.inference.masked_ps.MaskedBandPowerLikelihood : 5.29598e-05 s (70586 evaluations, 3.73822 s total)
[theorycollection] Average computation time:
   flamingo.inference.masked_ps.MaskedTSZTheory : 0.0164688 s (70586 evaluations, 1162.47 s total)
[mcmc]  - Acceptance rate: 0.480
[mcmc]  - Convergence of means: R-1 = 0.017303 after 27616 accepted steps
[mcmc]  - Updated covariance matrix of proposal pdf.
[mcmc] Learn + convergence test @ 34560 samples accepted.
[likelihoodcollection] Average computation time:
   flamingo.inference.masked_ps.MaskedBandPowerLikelihood : 5.29612e-05 s (70669 evaluations, 3.74271 s total)
[theorycollection] Average computation time:
   flamingo.inference.masked_ps.MaskedTSZTheory : 0.016469 s (70669 evaluations, 1163.85 s total)
[mcmc]  - Acceptance rate: 0.480
[mcmc]  - Convergence of means: R-1 = 0.018079 after 27648 accepted steps
[mcmc]  - Updated covariance matrix of proposal pdf.
[mcmc] Learn + convergence test @ 34600 samples accepted.
[likelihoodcollection] Average computation time:
   flamingo.inference.masked_ps.MaskedBandPowerLikelihood : 5.29634e-05 s (70772 evaluations, 3.74833 s total)
[theorycollection] Average computation time:
   flamingo.inference.masked_ps.MaskedTSZTheory : 0.0164692 s (70772 evaluations, 1165.56 s total)
[mcmc]  - Acceptance rate: 0.480
[mcmc]  - Convergence of means: R-1 = 0.018965 after 27680 accepted steps
[mcmc]  - Updated covariance matrix of proposal pdf.
[mcmc] Learn + convergence test @ 34640 samples accepted.
[likelihoodcollection] Average computation time:
   flamingo.inference.masked_ps.MaskedBandPowerLikelihood : 5.2965e-05 s (70856 evaluations, 3.75289 s total)
[theorycollection] Average computation time:
   flamingo.inference.masked_ps.MaskedTSZTheory : 0.0164693 s (70856 evaluations, 1166.95 s total)
[mcmc]  - Acceptance rate: 0.480
[mcmc]  - Convergence of means: R-1 = 0.019201 after 27712 accepted steps
[mcmc]  - Updated covariance matrix of proposal pdf.
[mcmc] Learn + convergence test @ 34680 samples accepted.
[likelihoodcollection] Average computation time:
   flamingo.inference.masked_ps.MaskedBandPowerLikelihood : 5.29637e-05 s (70948 evaluations, 3.75767 s total)
[theorycollection] Average computation time:
   flamingo.inference.masked_ps.MaskedTSZTheory : 0.016469 s (70948 evaluations, 1168.45 s total)
[mcmc]  - Acceptance rate: 0.480
[mcmc]  - Convergence of means: R-1 = 0.020326 after 27744 accepted steps
[mcmc]  - Updated covariance matrix of proposal pdf.
[mcmc] Learn + convergence test @ 34720 samples accepted.
[likelihoodcollection] Average computation time:
   flamingo.inference.masked_ps.MaskedBandPowerLikelihood : 5.2963e-05 s (71005 evaluations, 3.76064 s total)
[theorycollection] Average computation time:
   flamingo.inference.masked_ps.MaskedTSZTheory : 0.016469 s (71005 evaluations, 1169.38 s total)
[mcmc]  - Acceptance rate: 0.480
[mcmc]  - Convergence of means: R-1 = 0.019132 after 27776 accepted steps
[mcmc]  - Updated covariance matrix of proposal pdf.
[mcmc] Learn + convergence test @ 34760 samples accepted.
[likelihoodcollection] Average computation time:
   flamingo.inference.masked_ps.MaskedBandPowerLikelihood : 5.29577e-05 s (71112 evaluations, 3.76593 s total)
[theorycollection] Average computation time:
   flamingo.inference.masked_ps.MaskedTSZTheory : 0.0164689 s (71112 evaluations, 1171.14 s total)
[mcmc]  - Acceptance rate: 0.480
[mcmc]  - Convergence of means: R-1 = 0.019695 after 27808 accepted steps
[mcmc]  - Updated covariance matrix of proposal pdf.
[mcmc] Learn + convergence test @ 34800 samples accepted.
[likelihoodcollection] Average computation time:
   flamingo.inference.masked_ps.MaskedBandPowerLikelihood : 5.295e-05 s (71193 evaluations, 3.76967 s total)
[theorycollection] Average computation time:
   flamingo.inference.masked_ps.MaskedTSZTheory : 0.0164685 s (71193 evaluations, 1172.45 s total)
[mcmc]  - Acceptance rate: 0.480
[mcmc]  - Convergence of means: R-1 = 0.018464 after 27840 accepted steps
[mcmc]  - Updated covariance matrix of proposal pdf.
[mcmc] Progress @ 2026-08-03 01:45:35 : 72000 steps taken, and 34804 accepted.
[mcmc] Learn + convergence test @ 34840 samples accepted.
[likelihoodcollection] Average computation time:
   flamingo.inference.masked_ps.MaskedBandPowerLikelihood : 5.29524e-05 s (71275 evaluations, 3.77418 s total)
[theorycollection] Average computation time:
   flamingo.inference.masked_ps.MaskedTSZTheory : 0.0164687 s (71275 evaluations, 1173.81 s total)
[mcmc]  - Acceptance rate: 0.480
[mcmc]  - Convergence of means: R-1 = 0.017907 after 27872 accepted steps
[mcmc]  - Updated covariance matrix of proposal pdf.
[mcmc] Learn + convergence test @ 34880 samples accepted.
[likelihoodcollection] Average computation time:
   flamingo.inference.masked_ps.MaskedBandPowerLikelihood : 5.29507e-05 s (71358 evaluations, 3.77845 s total)
[theorycollection] Average computation time:
   flamingo.inference.masked_ps.MaskedTSZTheory : 0.0164686 s (71358 evaluations, 1175.16 s total)
[mcmc]  - Acceptance rate: 0.480
[mcmc]  - Convergence of means: R-1 = 0.018501 after 27904 accepted steps
[mcmc]  - Updated covariance matrix of proposal pdf.
[mcmc] Learn + convergence test @ 34920 samples accepted.
[likelihoodcollection] Average computation time:
   flamingo.inference.masked_ps.MaskedBandPowerLikelihood : 5.29546e-05 s (71423 evaluations, 3.78217 s total)
[theorycollection] Average computation time:
   flamingo.inference.masked_ps.MaskedTSZTheory : 0.0164686 s (71423 evaluations, 1176.23 s total)
[mcmc]  - Acceptance rate: 0.480
[mcmc]  - Convergence of means: R-1 = 0.019720 after 27936 accepted steps
[mcmc]  - Updated covariance matrix of proposal pdf.
[mcmc] Learn + convergence test @ 34960 samples accepted.
[likelihoodcollection] Average computation time:
   flamingo.inference.masked_ps.MaskedBandPowerLikelihood : 5.29592e-05 s (71500 evaluations, 3.78658 s total)
[theorycollection] Average computation time:
   flamingo.inference.masked_ps.MaskedTSZTheory : 0.016469 s (71500 evaluations, 1177.53 s total)
[mcmc]  - Acceptance rate: 0.480
[mcmc]  - Convergence of means: R-1 = 0.019405 after 27968 accepted steps
[mcmc]  - Updated covariance matrix of proposal pdf.
[mcmc] Learn + convergence test @ 35000 samples accepted.
[likelihoodcollection] Average computation time:
   flamingo.inference.masked_ps.MaskedBandPowerLikelihood : 5.29586e-05 s (71571 evaluations, 3.7903 s total)
[theorycollection] Average computation time:
   flamingo.inference.masked_ps.MaskedTSZTheory : 0.016469 s (71571 evaluations, 1178.7 s total)
[mcmc]  - Acceptance rate: 0.480
[mcmc]  - Convergence of means: R-1 = 0.018907 after 28000 accepted steps
[mcmc]  - Updated covariance matrix of proposal pdf.
[mcmc] Learn + convergence test @ 35040 samples accepted.
[likelihoodcollection] Average computation time:
   flamingo.inference.masked_ps.MaskedBandPowerLikelihood : 5.2953e-05 s (71651 evaluations, 3.79413 s total)
[theorycollection] Average computation time:
   flamingo.inference.masked_ps.MaskedTSZTheory : 0.0164688 s (71651 evaluations, 1180 s total)
[mcmc]  - Acceptance rate: 0.480
[mcmc]  - Convergence of means: R-1 = 0.019132 after 28032 accepted steps
[mcmc]  - Updated covariance matrix of proposal pdf.
[mcmc] Learn + convergence test @ 35080 samples accepted.
[likelihoodcollection] Average computation time:
   flamingo.inference.masked_ps.MaskedBandPowerLikelihood : 5.29543e-05 s (71732 evaluations, 3.79851 s total)
[theorycollection] Average computation time:
   flamingo.inference.masked_ps.MaskedTSZTheory : 0.0164686 s (71732 evaluations, 1181.32 s total)
[mcmc]  - Acceptance rate: 0.480
[mcmc]  - Convergence of means: R-1 = 0.019677 after 28064 accepted steps
[mcmc]  - Updated covariance matrix of proposal pdf.
[mcmc] Learn + convergence test @ 35120 samples accepted.
[likelihoodcollection] Average computation time:
   flamingo.inference.masked_ps.MaskedBandPowerLikelihood : 5.29559e-05 s (71805 evaluations, 3.8025 s total)
[theorycollection] Average computation time:
   flamingo.inference.masked_ps.MaskedTSZTheory : 0.0164686 s (71805 evaluations, 1182.53 s total)
[mcmc]  - Acceptance rate: 0.480
[mcmc]  - Convergence of means: R-1 = 0.018728 after 28096 accepted steps
[mcmc]  - Updated covariance matrix of proposal pdf.
[mcmc] Learn + convergence test @ 35160 samples accepted.
[likelihoodcollection] Average computation time:
   flamingo.inference.masked_ps.MaskedBandPowerLikelihood : 5.29608e-05 s (71884 evaluations, 3.80704 s total)
[theorycollection] Average computation time:
   flamingo.inference.masked_ps.MaskedTSZTheory : 0.0164685 s (71884 evaluations, 1183.82 s total)
[mcmc]  - Acceptance rate: 0.480
[mcmc]  - Convergence of means: R-1 = 0.018088 after 28128 accepted steps
[mcmc]  - Updated covariance matrix of proposal pdf.
[mcmc] Learn + convergence test @ 35200 samples accepted.
[likelihoodcollection] Average computation time:
   flamingo.inference.masked_ps.MaskedBandPowerLikelihood : 5.29602e-05 s (71966 evaluations, 3.81133 s total)
[theorycollection] Average computation time:
   flamingo.inference.masked_ps.MaskedTSZTheory : 0.0164684 s (71966 evaluations, 1185.16 s total)
[mcmc]  - Acceptance rate: 0.480
[mcmc]  - Convergence of means: R-1 = 0.018470 after 28160 accepted steps
[mcmc]  - Updated covariance matrix of proposal pdf.
[mcmc] Learn + convergence test @ 35240 samples accepted.
[likelihoodcollection] Average computation time:
   flamingo.inference.masked_ps.MaskedBandPowerLikelihood : 5.29629e-05 s (72043 evaluations, 3.81561 s total)
[theorycollection] Average computation time:
   flamingo.inference.masked_ps.MaskedTSZTheory : 0.0164684 s (72043 evaluations, 1186.43 s total)
[mcmc]  - Acceptance rate: 0.480
[mcmc]  - Convergence of means: R-1 = 0.019553 after 28192 accepted steps
[mcmc]  - Updated covariance matrix of proposal pdf.
[mcmc] Learn + convergence test @ 35280 samples accepted.
[likelihoodcollection] Average computation time:
   flamingo.inference.masked_ps.MaskedBandPowerLikelihood : 5.29591e-05 s (72115 evaluations, 3.81915 s total)
[theorycollection] Average computation time:
   flamingo.inference.masked_ps.MaskedTSZTheory : 0.0164682 s (72115 evaluations, 1187.6 s total)
[mcmc]  - Acceptance rate: 0.480
[mcmc]  - Convergence of means: R-1 = 0.019950 after 28224 accepted steps
[mcmc]  - Updated covariance matrix of proposal pdf.
[mcmc] Learn + convergence test @ 35320 samples accepted.
[likelihoodcollection] Average computation time:
   flamingo.inference.masked_ps.MaskedBandPowerLikelihood : 5.29585e-05 s (72193 evaluations, 3.82324 s total)
[theorycollection] Average computation time:
   flamingo.inference.masked_ps.MaskedTSZTheory : 0.0164683 s (72193 evaluations, 1188.89 s total)
[mcmc]  - Acceptance rate: 0.480
[mcmc]  - Convergence of means: R-1 = 0.019779 after 28256 accepted steps
[mcmc]  - Updated covariance matrix of proposal pdf.
[mcmc] Learn + convergence test @ 35360 samples accepted.
[likelihoodcollection] Average computation time:
   flamingo.inference.masked_ps.MaskedBandPowerLikelihood : 5.29588e-05 s (72267 evaluations, 3.82718 s total)
[theorycollection] Average computation time:
   flamingo.inference.masked_ps.MaskedTSZTheory : 0.0164683 s (72267 evaluations, 1190.12 s total)
[mcmc]  - Acceptance rate: 0.480
[mcmc]  - Convergence of means: R-1 = 0.018751 after 28288 accepted steps
[mcmc]  - Updated covariance matrix of proposal pdf.
[mcmc] Learn + convergence test @ 35400 samples accepted.
[likelihoodcollection] Average computation time:
   flamingo.inference.masked_ps.MaskedBandPowerLikelihood : 5.29598e-05 s (72341 evaluations, 3.83117 s total)
[theorycollection] Average computation time:
   flamingo.inference.masked_ps.MaskedTSZTheory : 0.0164687 s (72341 evaluations, 1191.36 s total)
[mcmc]  - Acceptance rate: 0.481
[mcmc]  - Convergence of means: R-1 = 0.018665 after 28320 accepted steps
[mcmc]  - Updated covariance matrix of proposal pdf.
[mcmc] Learn + convergence test @ 35440 samples accepted.
[likelihoodcollection] Average computation time:
   flamingo.inference.masked_ps.MaskedBandPowerLikelihood : 5.29618e-05 s (72416 evaluations, 3.83528 s total)
[theorycollection] Average computation time:
   flamingo.inference.masked_ps.MaskedTSZTheory : 0.0164686 s (72416 evaluations, 1192.59 s total)
[mcmc]  - Acceptance rate: 0.481
[mcmc]  - Convergence of means: R-1 = 0.019115 after 28352 accepted steps
[mcmc]  - Updated covariance matrix of proposal pdf.
[mcmc] Learn + convergence test @ 35480 samples accepted.
[likelihoodcollection] Average computation time:
   flamingo.inference.masked_ps.MaskedBandPowerLikelihood : 5.29599e-05 s (72490 evaluations, 3.83906 s total)
[theorycollection] Average computation time:
   flamingo.inference.masked_ps.MaskedTSZTheory : 0.0164683 s (72490 evaluations, 1193.79 s total)
[mcmc]  - Acceptance rate: 0.481
[mcmc]  - Convergence of means: R-1 = 0.019236 after 28384 accepted steps
[mcmc]  - Updated covariance matrix of proposal pdf.
[mcmc] Learn + convergence test @ 35520 samples accepted.
[likelihoodcollection] Average computation time:
   flamingo.inference.masked_ps.MaskedBandPowerLikelihood : 5.29617e-05 s (72569 evaluations, 3.84337 s total)
[theorycollection] Average computation time:
   flamingo.inference.masked_ps.MaskedTSZTheory : 0.0164683 s (72569 evaluations, 1195.09 s total)
[mcmc]  - Acceptance rate: 0.481
[mcmc]  - Convergence of means: R-1 = 0.020309 after 28416 accepted steps
[mcmc]  - Updated covariance matrix of proposal pdf.
[mcmc] Learn + convergence test @ 35560 samples accepted.
[likelihoodcollection] Average computation time:
   flamingo.inference.masked_ps.MaskedBandPowerLikelihood : 5.29628e-05 s (72632 evaluations, 3.8468 s total)
[theorycollection] Average computation time:
   flamingo.inference.masked_ps.MaskedTSZTheory : 0.0164684 s (72632 evaluations, 1196.13 s total)
[mcmc]  - Acceptance rate: 0.481
[mcmc]  - Convergence of means: R-1 = 0.019991 after 28448 accepted steps
[mcmc]  - Updated covariance matrix of proposal pdf.
[mcmc] Learn + convergence test @ 35600 samples accepted.
[likelihoodcollection] Average computation time:
   flamingo.inference.masked_ps.MaskedBandPowerLikelihood : 5.29641e-05 s (72720 evaluations, 3.85155 s total)
[theorycollection] Average computation time:
   flamingo.inference.masked_ps.MaskedTSZTheory : 0.0164683 s (72720 evaluations, 1197.57 s total)
[mcmc]  - Acceptance rate: 0.481
[mcmc]  - Convergence of means: R-1 = 0.021089 after 28480 accepted steps
[mcmc]  - Updated covariance matrix of proposal pdf.
[mcmc] Learn + convergence test @ 35640 samples accepted.
[likelihoodcollection] Average computation time:
   flamingo.inference.masked_ps.MaskedBandPowerLikelihood : 5.29585e-05 s (72795 evaluations, 3.85511 s total)
[theorycollection] Average computation time:
   flamingo.inference.masked_ps.MaskedTSZTheory : 0.016468 s (72795 evaluations, 1198.79 s total)
[mcmc]  - Acceptance rate: 0.481
[mcmc]  - Convergence of means: R-1 = 0.020066 after 28512 accepted steps
[mcmc]  - Updated covariance matrix of proposal pdf.
[mcmc] Learn + convergence test @ 35680 samples accepted.
[likelihoodcollection] Average computation time:
   flamingo.inference.masked_ps.MaskedBandPowerLikelihood : 5.29609e-05 s (72877 evaluations, 3.85963 s total)
[theorycollection] Average computation time:
   flamingo.inference.masked_ps.MaskedTSZTheory : 0.0164679 s (72877 evaluations, 1200.13 s total)
[mcmc]  - Acceptance rate: 0.481
[mcmc]  - Convergence of means: R-1 = 0.020596 after 28544 accepted steps
[mcmc]  - Updated covariance matrix of proposal pdf.
[mcmc] Learn + convergence test @ 35720 samples accepted.
[likelihoodcollection] Average computation time:
   flamingo.inference.masked_ps.MaskedBandPowerLikelihood : 5.29593e-05 s (72956 evaluations, 3.8637 s total)
[theorycollection] Average computation time:
   flamingo.inference.masked_ps.MaskedTSZTheory : 0.0164676 s (72956 evaluations, 1201.41 s total)
[mcmc]  - Acceptance rate: 0.481
[mcmc]  - Convergence of means: R-1 = 0.020005 after 28576 accepted steps
[mcmc]  - Updated covariance matrix of proposal pdf.
[mcmc] Learn + convergence test @ 35760 samples accepted.
[likelihoodcollection] Average computation time:
   flamingo.inference.masked_ps.MaskedBandPowerLikelihood : 5.29619e-05 s (73040 evaluations, 3.86834 s total)
[theorycollection] Average computation time:
   flamingo.inference.masked_ps.MaskedTSZTheory : 0.0164676 s (73040 evaluations, 1202.79 s total)
[mcmc]  - Acceptance rate: 0.481
[mcmc]  - Convergence of means: R-1 = 0.019092 after 28608 accepted steps
[mcmc]  - Updated covariance matrix of proposal pdf.
[mcmc] Learn + convergence test @ 35800 samples accepted.
[likelihoodcollection] Average computation time:
   flamingo.inference.masked_ps.MaskedBandPowerLikelihood : 5.29595e-05 s (73127 evaluations, 3.87277 s total)
[theorycollection] Average computation time:
   flamingo.inference.masked_ps.MaskedTSZTheory : 0.0164674 s (73127 evaluations, 1204.21 s total)
[mcmc]  - Acceptance rate: 0.481
[mcmc]  - Convergence of means: R-1 = 0.019462 after 28640 accepted steps
[mcmc]  - Updated covariance matrix of proposal pdf.
[mcmc] Learn + convergence test @ 35840 samples accepted.
[likelihoodcollection] Average computation time:
   flamingo.inference.masked_ps.MaskedBandPowerLikelihood : 5.29626e-05 s (73225 evaluations, 3.87819 s total)
[theorycollection] Average computation time:
   flamingo.inference.masked_ps.MaskedTSZTheory : 0.0164677 s (73225 evaluations, 1205.85 s total)
[mcmc]  - Acceptance rate: 0.481
[mcmc]  - Convergence of means: R-1 = 0.018810 after 28672 accepted steps
[mcmc]  - Updated covariance matrix of proposal pdf.
[mcmc] Learn + convergence test @ 35880 samples accepted.
[likelihoodcollection] Average computation time:
   flamingo.inference.masked_ps.MaskedBandPowerLikelihood : 5.297e-05 s (73297 evaluations, 3.88254 s total)
[theorycollection] Average computation time:
   flamingo.inference.masked_ps.MaskedTSZTheory : 0.0164678 s (73297 evaluations, 1207.04 s total)
[mcmc]  - Acceptance rate: 0.481
[mcmc]  - Convergence of means: R-1 = 0.019234 after 28704 accepted steps
[mcmc]  - Updated covariance matrix of proposal pdf.
[mcmc] Learn + convergence test @ 35920 samples accepted.
[likelihoodcollection] Average computation time:
   flamingo.inference.masked_ps.MaskedBandPowerLikelihood : 5.29742e-05 s (73373 evaluations, 3.88687 s total)
[theorycollection] Average computation time:
   flamingo.inference.masked_ps.MaskedTSZTheory : 0.0164679 s (73373 evaluations, 1208.3 s total)
[mcmc]  - Acceptance rate: 0.481
[mcmc]  - Convergence of means: R-1 = 0.020391 after 28736 accepted steps
[mcmc]  - Updated covariance matrix of proposal pdf.
[mcmc] Learn + convergence test @ 35960 samples accepted.
[likelihoodcollection] Average computation time:
   flamingo.inference.masked_ps.MaskedBandPowerLikelihood : 5.2973e-05 s (73438 evaluations, 3.89023 s total)
[theorycollection] Average computation time:
   flamingo.inference.masked_ps.MaskedTSZTheory : 0.0164676 s (73438 evaluations, 1209.35 s total)
[mcmc]  - Acceptance rate: 0.481
[mcmc]  - Convergence of means: R-1 = 0.021499 after 28768 accepted steps
[mcmc]  - Updated covariance matrix of proposal pdf.
[mcmc] Learn + convergence test @ 36000 samples accepted.
[likelihoodcollection] Average computation time:
   flamingo.inference.masked_ps.MaskedBandPowerLikelihood : 5.29738e-05 s (73532 evaluations, 3.89527 s total)
[theorycollection] Average computation time:
   flamingo.inference.masked_ps.MaskedTSZTheory : 0.0164677 s (73532 evaluations, 1210.9 s total)
[mcmc]  - Acceptance rate: 0.481
[mcmc]  - Convergence of means: R-1 = 0.022270 after 28800 accepted steps
[mcmc]  - Updated covariance matrix of proposal pdf.
[mcmc] Learn + convergence test @ 36040 samples accepted.
[likelihoodcollection] Average computation time:
   flamingo.inference.masked_ps.MaskedBandPowerLikelihood : 5.29722e-05 s (73621 evaluations, 3.89986 s total)
[theorycollection] Average computation time:
   flamingo.inference.masked_ps.MaskedTSZTheory : 0.016468 s (73621 evaluations, 1212.39 s total)
[mcmc]  - Acceptance rate: 0.481
[mcmc]  - Convergence of means: R-1 = 0.021006 after 28832 accepted steps
[mcmc]  - Updated covariance matrix of proposal pdf.
[mcmc] Learn + convergence test @ 36080 samples accepted.
[likelihoodcollection] Average computation time:
   flamingo.inference.masked_ps.MaskedBandPowerLikelihood : 5.29725e-05 s (73711 evaluations, 3.90465 s total)
[theorycollection] Average computation time:
   flamingo.inference.masked_ps.MaskedTSZTheory : 0.0164685 s (73711 evaluations, 1213.91 s total)
[mcmc]  - Acceptance rate: 0.481
[mcmc]  - Convergence of means: R-1 = 0.019218 after 28864 accepted steps
[mcmc]  - Updated covariance matrix of proposal pdf.
[mcmc] Learn + convergence test @ 36120 samples accepted.
[likelihoodcollection] Average computation time:
   flamingo.inference.masked_ps.MaskedBandPowerLikelihood : 5.29771e-05 s (73789 evaluations, 3.90912 s total)
[theorycollection] Average computation time:
   flamingo.inference.masked_ps.MaskedTSZTheory : 0.0164687 s (73789 evaluations, 1215.21 s total)
[mcmc]  - Acceptance rate: 0.481
[mcmc]  - Convergence of means: R-1 = 0.018263 after 28896 accepted steps
[mcmc]  - Updated covariance matrix of proposal pdf.
[mcmc] Learn + convergence test @ 36160 samples accepted.
[likelihoodcollection] Average computation time:
   flamingo.inference.masked_ps.MaskedBandPowerLikelihood : 5.29749e-05 s (73863 evaluations, 3.91288 s total)
[theorycollection] Average computation time:
   flamingo.inference.masked_ps.MaskedTSZTheory : 0.0164685 s (73863 evaluations, 1216.41 s total)
[mcmc]  - Acceptance rate: 0.481
[mcmc]  - Convergence of means: R-1 = 0.016997 after 28928 accepted steps
[mcmc]  - Updated covariance matrix of proposal pdf.
[mcmc] Learn + convergence test @ 36200 samples accepted.
[likelihoodcollection] Average computation time:
   flamingo.inference.masked_ps.MaskedBandPowerLikelihood : 5.29723e-05 s (73952 evaluations, 3.91741 s total)
[theorycollection] Average computation time:
   flamingo.inference.masked_ps.MaskedTSZTheory : 0.0164684 s (73952 evaluations, 1217.87 s total)
[mcmc]  - Acceptance rate: 0.481
[mcmc]  - Convergence of means: R-1 = 0.017020 after 28960 accepted steps
[mcmc]  - Updated covariance matrix of proposal pdf.
[mcmc] Learn + convergence test @ 36240 samples accepted.
[likelihoodcollection] Average computation time:
   flamingo.inference.masked_ps.MaskedBandPowerLikelihood : 5.29697e-05 s (74045 evaluations, 3.92214 s total)
[theorycollection] Average computation time:
   flamingo.inference.masked_ps.MaskedTSZTheory : 0.0164682 s (74045 evaluations, 1219.39 s total)
[mcmc]  - Acceptance rate: 0.481
[mcmc]  - Convergence of means: R-1 = 0.017100 after 28992 accepted steps
[mcmc]  - Updated covariance matrix of proposal pdf.
[mcmc] Learn + convergence test @ 36280 samples accepted.
[likelihoodcollection] Average computation time:
   flamingo.inference.masked_ps.MaskedBandPowerLikelihood : 5.29716e-05 s (74123 evaluations, 3.92641 s total)
[theorycollection] Average computation time:
   flamingo.inference.masked_ps.MaskedTSZTheory : 0.0164683 s (74123 evaluations, 1220.68 s total)
[mcmc]  - Acceptance rate: 0.481
[mcmc]  - Convergence of means: R-1 = 0.017179 after 29024 accepted steps
[mcmc]  - Updated covariance matrix of proposal pdf.
[mcmc] Learn + convergence test @ 36320 samples accepted.
[likelihoodcollection] Average computation time:
   flamingo.inference.masked_ps.MaskedBandPowerLikelihood : 5.29715e-05 s (74206 evaluations, 3.9308 s total)
[theorycollection] Average computation time:
   flamingo.inference.masked_ps.MaskedTSZTheory : 0.0164685 s (74206 evaluations, 1222.06 s total)
[mcmc]  - Acceptance rate: 0.481
[mcmc]  - Convergence of means: R-1 = 0.016582 after 29056 accepted steps
[mcmc]  - Updated covariance matrix of proposal pdf.
[mcmc] Learn + convergence test @ 36360 samples accepted.
[likelihoodcollection] Average computation time:
   flamingo.inference.masked_ps.MaskedBandPowerLikelihood : 5.29695e-05 s (74288 evaluations, 3.935 s total)
[theorycollection] Average computation time:
   flamingo.inference.masked_ps.MaskedTSZTheory : 0.0164683 s (74288 evaluations, 1223.4 s total)
[mcmc]  - Acceptance rate: 0.481
[mcmc]  - Convergence of means: R-1 = 0.017174 after 29088 accepted steps
[mcmc]  - Updated covariance matrix of proposal pdf.
[mcmc] Learn + convergence test @ 36400 samples accepted.
[likelihoodcollection] Average computation time:
   flamingo.inference.masked_ps.MaskedBandPowerLikelihood : 5.29668e-05 s (74369 evaluations, 3.93909 s total)
[theorycollection] Average computation time:
   flamingo.inference.masked_ps.MaskedTSZTheory : 0.0164684 s (74369 evaluations, 1224.74 s total)
[mcmc]  - Acceptance rate: 0.481
[mcmc]  - Convergence of means: R-1 = 0.016209 after 29120 accepted steps
[mcmc]  - Updated covariance matrix of proposal pdf.
[mcmc] Learn + convergence test @ 36440 samples accepted.
[likelihoodcollection] Average computation time:
   flamingo.inference.masked_ps.MaskedBandPowerLikelihood : 5.29674e-05 s (74450 evaluations, 3.94342 s total)
[theorycollection] Average computation time:
   flamingo.inference.masked_ps.MaskedTSZTheory : 0.0164686 s (74450 evaluations, 1226.09 s total)
[mcmc]  - Acceptance rate: 0.481
[mcmc]  - Convergence of means: R-1 = 0.015711 after 29152 accepted steps
[mcmc]  - Updated covariance matrix of proposal pdf.
[mcmc] Learn + convergence test @ 36480 samples accepted.
[likelihoodcollection] Average computation time:
   flamingo.inference.masked_ps.MaskedBandPowerLikelihood : 5.29671e-05 s (74518 evaluations, 3.94701 s total)
[theorycollection] Average computation time:
   flamingo.inference.masked_ps.MaskedTSZTheory : 0.0164685 s (74518 evaluations, 1227.2 s total)
[mcmc]  - Acceptance rate: 0.481
[mcmc]  - Convergence of means: R-1 = 0.015462 after 29184 accepted steps
[mcmc]  - Updated covariance matrix of proposal pdf.
[mcmc] Learn + convergence test @ 36520 samples accepted.
[likelihoodcollection] Average computation time:
   flamingo.inference.masked_ps.MaskedBandPowerLikelihood : 5.29709e-05 s (74597 evaluations, 3.95147 s total)
[theorycollection] Average computation time:
   flamingo.inference.masked_ps.MaskedTSZTheory : 0.0164688 s (74597 evaluations, 1228.52 s total)
[mcmc]  - Acceptance rate: 0.481
[mcmc]  - Convergence of means: R-1 = 0.014973 after 29216 accepted steps
[mcmc]  - Updated covariance matrix of proposal pdf.
[mcmc] Learn + convergence test @ 36560 samples accepted.
[likelihoodcollection] Average computation time:
   flamingo.inference.masked_ps.MaskedBandPowerLikelihood : 5.29681e-05 s (74662 evaluations, 3.95471 s total)
[theorycollection] Average computation time:
   flamingo.inference.masked_ps.MaskedTSZTheory : 0.0164686 s (74662 evaluations, 1229.58 s total)
[mcmc]  - Acceptance rate: 0.481
[mcmc]  - Convergence of means: R-1 = 0.014711 after 29248 accepted steps
[mcmc]  - Updated covariance matrix of proposal pdf.
[mcmc] Progress @ 2026-08-03 01:46:35 : 75576 steps taken, and 36599 accepted.
[mcmc] Learn + convergence test @ 36600 samples accepted.
[likelihoodcollection] Average computation time:
   flamingo.inference.masked_ps.MaskedBandPowerLikelihood : 5.29735e-05 s (74763 evaluations, 3.96046 s total)
[theorycollection] Average computation time:
   flamingo.inference.masked_ps.MaskedTSZTheory : 0.0164692 s (74763 evaluations, 1231.28 s total)
[mcmc]  - Acceptance rate: 0.481
[mcmc]  - Convergence of means: R-1 = 0.014424 after 29280 accepted steps
[mcmc]  - Updated covariance matrix of proposal pdf.
[mcmc] Learn + convergence test @ 36640 samples accepted.
[likelihoodcollection] Average computation time:
   flamingo.inference.masked_ps.MaskedBandPowerLikelihood : 5.29724e-05 s (74852 evaluations, 3.96509 s total)
[theorycollection] Average computation time:
   flamingo.inference.masked_ps.MaskedTSZTheory : 0.0164688 s (74852 evaluations, 1232.73 s total)
[mcmc]  - Acceptance rate: 0.481
[mcmc]  - Convergence of means: R-1 = 0.013644 after 29312 accepted steps
[mcmc]  - Updated covariance matrix of proposal pdf.
[mcmc] Learn + convergence test @ 36680 samples accepted.
[likelihoodcollection] Average computation time:
   flamingo.inference.masked_ps.MaskedBandPowerLikelihood : 5.29705e-05 s (74922 evaluations, 3.96866 s total)
[theorycollection] Average computation time:
   flamingo.inference.masked_ps.MaskedTSZTheory : 0.0164691 s (74922 evaluations, 1233.9 s total)
[mcmc]  - Acceptance rate: 0.481
[mcmc]  - Convergence of means: R-1 = 0.013690 after 29344 accepted steps
[mcmc]  - Updated covariance matrix of proposal pdf.
[mcmc] Learn + convergence test @ 36720 samples accepted.
[likelihoodcollection] Average computation time:
   flamingo.inference.masked_ps.MaskedBandPowerLikelihood : 5.29656e-05 s (75023 evaluations, 3.97364 s total)
[theorycollection] Average computation time:
   flamingo.inference.masked_ps.MaskedTSZTheory : 0.0164691 s (75023 evaluations, 1235.56 s total)
[mcmc]  - Acceptance rate: 0.481
[mcmc]  - Convergence of means: R-1 = 0.014372 after 29376 accepted steps
[mcmc]  - Updated covariance matrix of proposal pdf.
[mcmc] Learn + convergence test @ 36760 samples accepted.
[likelihoodcollection] Average computation time:
   flamingo.inference.masked_ps.MaskedBandPowerLikelihood : 5.29653e-05 s (75103 evaluations, 3.97785 s total)
[theorycollection] Average computation time:
   flamingo.inference.masked_ps.MaskedTSZTheory : 0.0164691 s (75103 evaluations, 1236.88 s total)
[mcmc]  - Acceptance rate: 0.481
[mcmc]  - Convergence of means: R-1 = 0.014053 after 29408 accepted steps
[mcmc]  - Updated covariance matrix of proposal pdf.
[mcmc] Learn + convergence test @ 36800 samples accepted.
[likelihoodcollection] Average computation time:
   flamingo.inference.masked_ps.MaskedBandPowerLikelihood : 5.29646e-05 s (75186 evaluations, 3.9822 s total)
[theorycollection] Average computation time:
   flamingo.inference.masked_ps.MaskedTSZTheory : 0.0164697 s (75186 evaluations, 1238.29 s total)
[mcmc]  - Acceptance rate: 0.481
[mcmc]  - Convergence of means: R-1 = 0.013950 after 29440 accepted steps
[mcmc]  - Updated covariance matrix of proposal pdf.
[mcmc] Learn + convergence test @ 36840 samples accepted.
[likelihoodcollection] Average computation time:
   flamingo.inference.masked_ps.MaskedBandPowerLikelihood : 5.29668e-05 s (75266 evaluations, 3.9866 s total)
[theorycollection] Average computation time:
   flamingo.inference.masked_ps.MaskedTSZTheory : 0.0164699 s (75266 evaluations, 1239.63 s total)
[mcmc]  - Acceptance rate: 0.481
[mcmc]  - Convergence of means: R-1 = 0.013154 after 29472 accepted steps
[mcmc]  - Updated covariance matrix of proposal pdf.
[mcmc] Learn + convergence test @ 36880 samples accepted.
[likelihoodcollection] Average computation time:
   flamingo.inference.masked_ps.MaskedBandPowerLikelihood : 5.29704e-05 s (75346 evaluations, 3.99111 s total)
[theorycollection] Average computation time:
   flamingo.inference.masked_ps.MaskedTSZTheory : 0.0164698 s (75346 evaluations, 1240.94 s total)
[mcmc]  - Acceptance rate: 0.481
[mcmc]  - Convergence of means: R-1 = 0.012984 after 29504 accepted steps
[mcmc]  - Updated covariance matrix of proposal pdf.
[mcmc] Learn + convergence test @ 36920 samples accepted.
[likelihoodcollection] Average computation time:
   flamingo.inference.masked_ps.MaskedBandPowerLikelihood : 5.29709e-05 s (75432 evaluations, 3.9957 s total)
[theorycollection] Average computation time:
   flamingo.inference.masked_ps.MaskedTSZTheory : 0.0164699 s (75432 evaluations, 1242.36 s total)
[mcmc]  - Acceptance rate: 0.481
[mcmc]  - Convergence of means: R-1 = 0.014094 after 29536 accepted steps
[mcmc]  - Updated covariance matrix of proposal pdf.
[mcmc] Learn + convergence test @ 36960 samples accepted.
[likelihoodcollection] Average computation time:
   flamingo.inference.masked_ps.MaskedBandPowerLikelihood : 5.29722e-05 s (75510 evaluations, 3.99993 s total)
[theorycollection] Average computation time:
   flamingo.inference.masked_ps.MaskedTSZTheory : 0.0164699 s (75510 evaluations, 1243.64 s total)
[mcmc]  - Acceptance rate: 0.481
[mcmc]  - Convergence of means: R-1 = 0.016047 after 29568 accepted steps
[mcmc]  - Updated covariance matrix of proposal pdf.
[mcmc] Learn + convergence test @ 37000 samples accepted.
[likelihoodcollection] Average computation time:
   flamingo.inference.masked_ps.MaskedBandPowerLikelihood : 5.29725e-05 s (75593 evaluations, 4.00435 s total)
[theorycollection] Average computation time:
   flamingo.inference.masked_ps.MaskedTSZTheory : 0.0164696 s (75593 evaluations, 1244.99 s total)
[mcmc]  - Acceptance rate: 0.481
[mcmc]  - Convergence of means: R-1 = 0.017644 after 29600 accepted steps
[mcmc]  - Updated covariance matrix of proposal pdf.
[mcmc] Learn + convergence test @ 37040 samples accepted.
[likelihoodcollection] Average computation time:
   flamingo.inference.masked_ps.MaskedBandPowerLikelihood : 5.29717e-05 s (75679 evaluations, 4.00885 s total)
[theorycollection] Average computation time:
   flamingo.inference.masked_ps.MaskedTSZTheory : 0.0164695 s (75679 evaluations, 1246.4 s total)
[mcmc]  - Acceptance rate: 0.481
[mcmc]  - Convergence of means: R-1 = 0.016944 after 29632 accepted steps
[mcmc]  - Updated covariance matrix of proposal pdf.
[mcmc] Learn + convergence test @ 37080 samples accepted.
[likelihoodcollection] Average computation time:
   flamingo.inference.masked_ps.MaskedBandPowerLikelihood : 5.29689e-05 s (75761 evaluations, 4.01298 s total)
[theorycollection] Average computation time:
   flamingo.inference.masked_ps.MaskedTSZTheory : 0.0164697 s (75761 evaluations, 1247.76 s total)
[mcmc]  - Acceptance rate: 0.481
[mcmc]  - Convergence of means: R-1 = 0.016596 after 29664 accepted steps
[mcmc]  - Updated covariance matrix of proposal pdf.
[mcmc] Learn + convergence test @ 37120 samples accepted.
[likelihoodcollection] Average computation time:
   flamingo.inference.masked_ps.MaskedBandPowerLikelihood : 5.29676e-05 s (75829 evaluations, 4.01648 s total)
[theorycollection] Average computation time:
   flamingo.inference.masked_ps.MaskedTSZTheory : 0.0164699 s (75829 evaluations, 1248.89 s total)
[mcmc]  - Acceptance rate: 0.481
[mcmc]  - Convergence of means: R-1 = 0.016589 after 29696 accepted steps
[mcmc]  - Updated covariance matrix of proposal pdf.
[mcmc] Learn + convergence test @ 37160 samples accepted.
[likelihoodcollection] Average computation time:
   flamingo.inference.masked_ps.MaskedBandPowerLikelihood : 5.29674e-05 s (75929 evaluations, 4.02176 s total)
[theorycollection] Average computation time:
   flamingo.inference.masked_ps.MaskedTSZTheory : 0.0164702 s (75929 evaluations, 1250.56 s total)
[mcmc]  - Acceptance rate: 0.481
[mcmc]  - Convergence of means: R-1 = 0.016364 after 29728 accepted steps
[mcmc]  - Updated covariance matrix of proposal pdf.
[mcmc] Learn + convergence test @ 37200 samples accepted.
[likelihoodcollection] Average computation time:
   flamingo.inference.masked_ps.MaskedBandPowerLikelihood : 5.29666e-05 s (76006 evaluations, 4.02578 s total)
[theorycollection] Average computation time:
   flamingo.inference.masked_ps.MaskedTSZTheory : 0.0164702 s (76006 evaluations, 1251.83 s total)
[mcmc]  - Acceptance rate: 0.481
[mcmc]  - Convergence of means: R-1 = 0.015276 after 29760 accepted steps
[mcmc]  - Updated covariance matrix of proposal pdf.
[mcmc] Learn + convergence test @ 37240 samples accepted.
[likelihoodcollection] Average computation time:
   flamingo.inference.masked_ps.MaskedBandPowerLikelihood : 5.29601e-05 s (76105 evaluations, 4.03053 s total)
[theorycollection] Average computation time:
   flamingo.inference.masked_ps.MaskedTSZTheory : 0.0164702 s (76105 evaluations, 1253.47 s total)
[mcmc]  - Acceptance rate: 0.481
[mcmc]  - Convergence of means: R-1 = 0.014892 after 29792 accepted steps
[mcmc]  - Updated covariance matrix of proposal pdf.
[mcmc] Learn + convergence test @ 37280 samples accepted.
[likelihoodcollection] Average computation time:
   flamingo.inference.masked_ps.MaskedBandPowerLikelihood : 5.29616e-05 s (76192 evaluations, 4.03525 s total)
[theorycollection] Average computation time:
   flamingo.inference.masked_ps.MaskedTSZTheory : 0.0164705 s (76192 evaluations, 1254.92 s total)
[mcmc]  - Acceptance rate: 0.481
[mcmc]  - Convergence of means: R-1 = 0.014706 after 29824 accepted steps
[mcmc]  - Updated covariance matrix of proposal pdf.
[mcmc] Learn + convergence test @ 37320 samples accepted.
[likelihoodcollection] Average computation time:
   flamingo.inference.masked_ps.MaskedBandPowerLikelihood : 5.29629e-05 s (76282 evaluations, 4.04012 s total)
[theorycollection] Average computation time:
   flamingo.inference.masked_ps.MaskedTSZTheory : 0.0164707 s (76282 evaluations, 1256.42 s total)
[mcmc]  - Acceptance rate: 0.481
[mcmc]  - Convergence of means: R-1 = 0.014844 after 29856 accepted steps
[mcmc]  - Updated covariance matrix of proposal pdf.
[mcmc] Learn + convergence test @ 37360 samples accepted.
[likelihoodcollection] Average computation time:
   flamingo.inference.masked_ps.MaskedBandPowerLikelihood : 5.29631e-05 s (76352 evaluations, 4.04384 s total)
[theorycollection] Average computation time:
   flamingo.inference.masked_ps.MaskedTSZTheory : 0.016471 s (76352 evaluations, 1257.59 s total)
[mcmc]  - Acceptance rate: 0.481
[mcmc]  - Convergence of means: R-1 = 0.014863 after 29888 accepted steps
[mcmc]  - Updated covariance matrix of proposal pdf.
[mcmc] Learn + convergence test @ 37400 samples accepted.
[likelihoodcollection] Average computation time:
   flamingo.inference.masked_ps.MaskedBandPowerLikelihood : 5.29605e-05 s (76431 evaluations, 4.04782 s total)
[theorycollection] Average computation time:
   flamingo.inference.masked_ps.MaskedTSZTheory : 0.0164708 s (76431 evaluations, 1258.88 s total)
[mcmc]  - Acceptance rate: 0.481
[mcmc]  - Convergence of means: R-1 = 0.014954 after 29920 accepted steps
[mcmc]  - Updated covariance matrix of proposal pdf.
[mcmc] Learn + convergence test @ 37440 samples accepted.
[likelihoodcollection] Average computation time:
   flamingo.inference.masked_ps.MaskedBandPowerLikelihood : 5.29563e-05 s (76512 evaluations, 4.05179 s total)
[theorycollection] Average computation time:
   flamingo.inference.masked_ps.MaskedTSZTheory : 0.0164708 s (76512 evaluations, 1260.21 s total)
[mcmc]  - Acceptance rate: 0.481
[mcmc]  - Convergence of means: R-1 = 0.015038 after 29952 accepted steps
[mcmc]  - Updated covariance matrix of proposal pdf.
[mcmc] Learn + convergence test @ 37480 samples accepted.
[likelihoodcollection] Average computation time:
   flamingo.inference.masked_ps.MaskedBandPowerLikelihood : 5.29541e-05 s (76587 evaluations, 4.0556 s total)
[theorycollection] Average computation time:
   flamingo.inference.masked_ps.MaskedTSZTheory : 0.016471 s (76587 evaluations, 1261.47 s total)
[mcmc]  - Acceptance rate: 0.481
[mcmc]  - Convergence of means: R-1 = 0.014524 after 29984 accepted steps
[mcmc]  - Updated covariance matrix of proposal pdf.
[mcmc] Learn + convergence test @ 37520 samples accepted.
[likelihoodcollection] Average computation time:
   flamingo.inference.masked_ps.MaskedBandPowerLikelihood : 5.29519e-05 s (76666 evaluations, 4.05961 s total)
[theorycollection] Average computation time:
   flamingo.inference.masked_ps.MaskedTSZTheory : 0.0164712 s (76666 evaluations, 1262.78 s total)
[mcmc]  - Acceptance rate: 0.481
[mcmc]  - Convergence of means: R-1 = 0.015122 after 30016 accepted steps
[mcmc]  - Updated covariance matrix of proposal pdf.
[mcmc] Learn + convergence test @ 37560 samples accepted.
[likelihoodcollection] Average computation time:
   flamingo.inference.masked_ps.MaskedBandPowerLikelihood : 5.29497e-05 s (76751 evaluations, 4.06394 s total)
[theorycollection] Average computation time:
   flamingo.inference.masked_ps.MaskedTSZTheory : 0.0164713 s (76751 evaluations, 1264.19 s total)
[mcmc]  - Acceptance rate: 0.481
[mcmc]  - Convergence of means: R-1 = 0.015890 after 30048 accepted steps
[mcmc]  - Updated covariance matrix of proposal pdf.
[mcmc] Learn + convergence test @ 37600 samples accepted.
[likelihoodcollection] Average computation time:
   flamingo.inference.masked_ps.MaskedBandPowerLikelihood : 5.29504e-05 s (76829 evaluations, 4.06812 s total)
[theorycollection] Average computation time:
   flamingo.inference.masked_ps.MaskedTSZTheory : 0.0164712 s (76829 evaluations, 1265.47 s total)
[mcmc]  - Acceptance rate: 0.481
[mcmc]  - Convergence of means: R-1 = 0.015887 after 30080 accepted steps
[mcmc]  - Updated covariance matrix of proposal pdf.
[mcmc] Learn + convergence test @ 37640 samples accepted.
[likelihoodcollection] Average computation time:
   flamingo.inference.masked_ps.MaskedBandPowerLikelihood : 5.29496e-05 s (76897 evaluations, 4.07166 s total)
[theorycollection] Average computation time:
   flamingo.inference.masked_ps.MaskedTSZTheory : 0.0164711 s (76897 evaluations, 1266.58 s total)
[mcmc]  - Acceptance rate: 0.481
[mcmc]  - Convergence of means: R-1 = 0.015746 after 30112 accepted steps
[mcmc]  - Updated covariance matrix of proposal pdf.
[mcmc] Learn + convergence test @ 37680 samples accepted.
[likelihoodcollection] Average computation time:
   flamingo.inference.masked_ps.MaskedBandPowerLikelihood : 5.29492e-05 s (76981 evaluations, 4.07609 s total)
[theorycollection] Average computation time:
   flamingo.inference.masked_ps.MaskedTSZTheory : 0.0164708 s (76981 evaluations, 1267.94 s total)
[mcmc]  - Acceptance rate: 0.481
[mcmc]  - Convergence of means: R-1 = 0.015651 after 30144 accepted steps
[mcmc]  - Updated covariance matrix of proposal pdf.
[mcmc] Learn + convergence test @ 37720 samples accepted.
[likelihoodcollection] Average computation time:
   flamingo.inference.masked_ps.MaskedBandPowerLikelihood : 5.29522e-05 s (77080 evaluations, 4.08155 s total)
[theorycollection] Average computation time:
   flamingo.inference.masked_ps.MaskedTSZTheory : 0.0164714 s (77080 evaluations, 1269.61 s total)
[mcmc]  - Acceptance rate: 0.481
[mcmc]  - Convergence of means: R-1 = 0.015488 after 30176 accepted steps
[mcmc]  - Updated covariance matrix of proposal pdf.
[mcmc] Learn + convergence test @ 37760 samples accepted.
[likelihoodcollection] Average computation time:
   flamingo.inference.masked_ps.MaskedBandPowerLikelihood : 5.29511e-05 s (77167 evaluations, 4.08608 s total)
[theorycollection] Average computation time:
   flamingo.inference.masked_ps.MaskedTSZTheory : 0.0164715 s (77167 evaluations, 1271.05 s total)
[mcmc]  - Acceptance rate: 0.481
[mcmc]  - Convergence of means: R-1 = 0.015588 after 30208 accepted steps
[mcmc]  - Updated covariance matrix of proposal pdf.
[mcmc] Learn + convergence test @ 37800 samples accepted.
[likelihoodcollection] Average computation time:
   flamingo.inference.masked_ps.MaskedBandPowerLikelihood : 5.29568e-05 s (77256 evaluations, 4.09123 s total)
[theorycollection] Average computation time:
   flamingo.inference.masked_ps.MaskedTSZTheory : 0.0164719 s (77256 evaluations, 1272.55 s total)
[mcmc]  - Acceptance rate: 0.481
[mcmc]  - Convergence of means: R-1 = 0.015937 after 30240 accepted steps
[mcmc]  - Updated covariance matrix of proposal pdf.
[mcmc] Learn + convergence test @ 37840 samples accepted.
[likelihoodcollection] Average computation time:
   flamingo.inference.masked_ps.MaskedBandPowerLikelihood : 5.29593e-05 s (77317 evaluations, 4.09465 s total)
[theorycollection] Average computation time:
   flamingo.inference.masked_ps.MaskedTSZTheory : 0.0164722 s (77317 evaluations, 1273.58 s total)
[mcmc]  - Acceptance rate: 0.481
[mcmc]  - Convergence of means: R-1 = 0.015926 after 30272 accepted steps
[mcmc]  - Updated covariance matrix of proposal pdf.
[mcmc] Learn + convergence test @ 37880 samples accepted.
[likelihoodcollection] Average computation time:
   flamingo.inference.masked_ps.MaskedBandPowerLikelihood : 5.29645e-05 s (77413 evaluations, 4.10014 s total)
[theorycollection] Average computation time:
   flamingo.inference.masked_ps.MaskedTSZTheory : 0.0164724 s (77413 evaluations, 1275.17 s total)
[mcmc]  - Acceptance rate: 0.481
[mcmc]  - Convergence of means: R-1 = 0.015523 after 30304 accepted steps
[mcmc]  - Updated covariance matrix of proposal pdf.
[mcmc] Learn + convergence test @ 37920 samples accepted.
[likelihoodcollection] Average computation time:
   flamingo.inference.masked_ps.MaskedBandPowerLikelihood : 5.2964e-05 s (77493 evaluations, 4.10434 s total)
[theorycollection] Average computation time:
   flamingo.inference.masked_ps.MaskedTSZTheory : 0.0164723 s (77493 evaluations, 1276.49 s total)
[mcmc]  - Acceptance rate: 0.481
[mcmc]  - Convergence of means: R-1 = 0.014535 after 30336 accepted steps
[mcmc]  - Updated covariance matrix of proposal pdf.
[mcmc] Learn + convergence test @ 37960 samples accepted.
[likelihoodcollection] Average computation time:
   flamingo.inference.masked_ps.MaskedBandPowerLikelihood : 5.29615e-05 s (77571 evaluations, 4.10828 s total)
[theorycollection] Average computation time:
   flamingo.inference.masked_ps.MaskedTSZTheory : 0.0164723 s (77571 evaluations, 1277.77 s total)
[mcmc]  - Acceptance rate: 0.481
[mcmc]  - Convergence of means: R-1 = 0.015471 after 30368 accepted steps
[mcmc]  - Updated covariance matrix of proposal pdf.
[mcmc] Learn + convergence test @ 38000 samples accepted.
[likelihoodcollection] Average computation time:
   flamingo.inference.masked_ps.MaskedBandPowerLikelihood : 5.29646e-05 s (77645 evaluations, 4.11244 s total)
[theorycollection] Average computation time:
   flamingo.inference.masked_ps.MaskedTSZTheory : 0.0164722 s (77645 evaluations, 1278.98 s total)
[mcmc]  - Acceptance rate: 0.481
[mcmc]  - Convergence of means: R-1 = 0.016052 after 30400 accepted steps
[mcmc]  - Updated covariance matrix of proposal pdf.
[mcmc] Learn + convergence test @ 38040 samples accepted.
[likelihoodcollection] Average computation time:
   flamingo.inference.masked_ps.MaskedBandPowerLikelihood : 5.29662e-05 s (77735 evaluations, 4.11733 s total)
[theorycollection] Average computation time:
   flamingo.inference.masked_ps.MaskedTSZTheory : 0.0164722 s (77735 evaluations, 1280.47 s total)
[mcmc]  - Acceptance rate: 0.481
[mcmc]  - Convergence of means: R-1 = 0.015382 after 30432 accepted steps
[mcmc]  - Updated covariance matrix of proposal pdf.
[mcmc] Learn + convergence test @ 38080 samples accepted.
[likelihoodcollection] Average computation time:
   flamingo.inference.masked_ps.MaskedBandPowerLikelihood : 5.29657e-05 s (77816 evaluations, 4.12158 s total)
[theorycollection] Average computation time:
   flamingo.inference.masked_ps.MaskedTSZTheory : 0.0164723 s (77816 evaluations, 1281.81 s total)
[mcmc]  - Acceptance rate: 0.481
[mcmc]  - Convergence of means: R-1 = 0.014654 after 30464 accepted steps
[mcmc]  - Updated covariance matrix of proposal pdf.
[mcmc] Learn + convergence test @ 38120 samples accepted.
[likelihoodcollection] Average computation time:
   flamingo.inference.masked_ps.MaskedBandPowerLikelihood : 5.29628e-05 s (77908 evaluations, 4.12623 s total)
[theorycollection] Average computation time:
   flamingo.inference.masked_ps.MaskedTSZTheory : 0.0164724 s (77908 evaluations, 1283.33 s total)
[mcmc]  - Acceptance rate: 0.481
[mcmc]  - Convergence of means: R-1 = 0.014868 after 30496 accepted steps
[mcmc]  - Updated covariance matrix of proposal pdf.
[mcmc] Learn + convergence test @ 38160 samples accepted.
[likelihoodcollection] Average computation time:
   flamingo.inference.masked_ps.MaskedBandPowerLikelihood : 5.29675e-05 s (77985 evaluations, 4.13067 s total)
[theorycollection] Average computation time:
   flamingo.inference.masked_ps.MaskedTSZTheory : 0.0164728 s (77985 evaluations, 1284.63 s total)
[mcmc]  - Acceptance rate: 0.481
[mcmc]  - Convergence of means: R-1 = 0.014102 after 30528 accepted steps
[mcmc]  - Updated covariance matrix of proposal pdf.
[mcmc] Learn + convergence test @ 38200 samples accepted.
[likelihoodcollection] Average computation time:
   flamingo.inference.masked_ps.MaskedBandPowerLikelihood : 5.29689e-05 s (78051 evaluations, 4.13428 s total)
[theorycollection] Average computation time:
   flamingo.inference.masked_ps.MaskedTSZTheory : 0.0164727 s (78051 evaluations, 1285.71 s total)
[mcmc]  - Acceptance rate: 0.481
[mcmc]  - Convergence of means: R-1 = 0.013579 after 30560 accepted steps
[mcmc]  - Updated covariance matrix of proposal pdf.
[mcmc] Learn + convergence test @ 38240 samples accepted.
[likelihoodcollection] Average computation time:
   flamingo.inference.masked_ps.MaskedBandPowerLikelihood : 5.29645e-05 s (78133 evaluations, 4.13828 s total)
[theorycollection] Average computation time:
   flamingo.inference.masked_ps.MaskedTSZTheory : 0.016473 s (78133 evaluations, 1287.08 s total)
[mcmc]  - Acceptance rate: 0.481
[mcmc]  - Convergence of means: R-1 = 0.013198 after 30592 accepted steps
[mcmc]  - Updated covariance matrix of proposal pdf.
[mcmc] Learn + convergence test @ 38280 samples accepted.
[likelihoodcollection] Average computation time:
   flamingo.inference.masked_ps.MaskedBandPowerLikelihood : 5.29622e-05 s (78214 evaluations, 4.14238 s total)
[theorycollection] Average computation time:
   flamingo.inference.masked_ps.MaskedTSZTheory : 0.0164729 s (78214 evaluations, 1288.41 s total)
[mcmc]  - Acceptance rate: 0.481
[mcmc]  - Convergence of means: R-1 = 0.012717 after 30624 accepted steps
[mcmc]  - Updated covariance matrix of proposal pdf.
[mcmc] Learn + convergence test @ 38320 samples accepted.
[likelihoodcollection] Average computation time:
   flamingo.inference.masked_ps.MaskedBandPowerLikelihood : 5.29614e-05 s (78294 evaluations, 4.14656 s total)
[theorycollection] Average computation time:
   flamingo.inference.masked_ps.MaskedTSZTheory : 0.0164729 s (78294 evaluations, 1289.73 s total)
[mcmc]  - Acceptance rate: 0.481
[mcmc]  - Convergence of means: R-1 = 0.012327 after 30656 accepted steps
[mcmc]  - Updated covariance matrix of proposal pdf.
[mcmc] Progress @ 2026-08-03 01:47:35 : 79152 steps taken, and 38322 accepted.
[mcmc] Learn + convergence test @ 38360 samples accepted.
[likelihoodcollection] Average computation time:
   flamingo.inference.masked_ps.MaskedBandPowerLikelihood : 5.29615e-05 s (78375 evaluations, 4.15086 s total)
[theorycollection] Average computation time:
   flamingo.inference.masked_ps.MaskedTSZTheory : 0.0164733 s (78375 evaluations, 1291.1 s total)
[mcmc]  - Acceptance rate: 0.481
[mcmc]  - Convergence of means: R-1 = 0.011952 after 30688 accepted steps
[mcmc]  - Updated covariance matrix of proposal pdf.
[mcmc] Learn + convergence test @ 38400 samples accepted.
[likelihoodcollection] Average computation time:
   flamingo.inference.masked_ps.MaskedBandPowerLikelihood : 5.29643e-05 s (78448 evaluations, 4.15494 s total)
[theorycollection] Average computation time:
   flamingo.inference.masked_ps.MaskedTSZTheory : 0.0164733 s (78448 evaluations, 1292.29 s total)
[mcmc]  - Acceptance rate: 0.481
[mcmc]  - Convergence of means: R-1 = 0.012011 after 30720 accepted steps
[mcmc]  - Updated covariance matrix of proposal pdf.
[mcmc] Learn + convergence test @ 38440 samples accepted.
[likelihoodcollection] Average computation time:
   flamingo.inference.masked_ps.MaskedBandPowerLikelihood : 5.2967e-05 s (78520 evaluations, 4.15897 s total)
[theorycollection] Average computation time:
   flamingo.inference.masked_ps.MaskedTSZTheory : 0.0164735 s (78520 evaluations, 1293.5 s total)
[mcmc]  - Acceptance rate: 0.481
[mcmc]  - Convergence of means: R-1 = 0.011586 after 30752 accepted steps
[mcmc]  - Updated covariance matrix of proposal pdf.
[mcmc] Learn + convergence test @ 38480 samples accepted.
[likelihoodcollection] Average computation time:
   flamingo.inference.masked_ps.MaskedBandPowerLikelihood : 5.29699e-05 s (78592 evaluations, 4.16301 s total)
[theorycollection] Average computation time:
   flamingo.inference.masked_ps.MaskedTSZTheory : 0.0164737 s (78592 evaluations, 1294.7 s total)
[mcmc]  - Acceptance rate: 0.481
[mcmc]  - Convergence of means: R-1 = 0.011503 after 30784 accepted steps
[mcmc]  - Updated covariance matrix of proposal pdf.
[mcmc] Learn + convergence test @ 38520 samples accepted.
[likelihoodcollection] Average computation time:
   flamingo.inference.masked_ps.MaskedBandPowerLikelihood : 5.29721e-05 s (78664 evaluations, 4.16699 s total)
[theorycollection] Average computation time:
   flamingo.inference.masked_ps.MaskedTSZTheory : 0.0164734 s (78664 evaluations, 1295.86 s total)
[mcmc]  - Acceptance rate: 0.481
[mcmc]  - Convergence of means: R-1 = 0.011770 after 30816 accepted steps
[mcmc]  - Updated covariance matrix of proposal pdf.
[mcmc] Learn + convergence test @ 38560 samples accepted.
[likelihoodcollection] Average computation time:
   flamingo.inference.masked_ps.MaskedBandPowerLikelihood : 5.29804e-05 s (78746 evaluations, 4.17199 s total)
[theorycollection] Average computation time:
   flamingo.inference.masked_ps.MaskedTSZTheory : 0.0164737 s (78746 evaluations, 1297.23 s total)
[mcmc]  - Acceptance rate: 0.481
[mcmc]  - Convergence of means: R-1 = 0.011869 after 30848 accepted steps
[mcmc]  - Updated covariance matrix of proposal pdf.
[mcmc] Learn + convergence test @ 38600 samples accepted.
[likelihoodcollection] Average computation time:
   flamingo.inference.masked_ps.MaskedBandPowerLikelihood : 5.29802e-05 s (78816 evaluations, 4.17569 s total)
[theorycollection] Average computation time:
   flamingo.inference.masked_ps.MaskedTSZTheory : 0.0164737 s (78816 evaluations, 1298.39 s total)
[mcmc]  - Acceptance rate: 0.481
[mcmc]  - Convergence of means: R-1 = 0.012418 after 30880 accepted steps
[mcmc]  - Updated covariance matrix of proposal pdf.
[mcmc] Learn + convergence test @ 38640 samples accepted.
[likelihoodcollection] Average computation time:
   flamingo.inference.masked_ps.MaskedBandPowerLikelihood : 5.29828e-05 s (78921 evaluations, 4.18145 s total)
[theorycollection] Average computation time:
   flamingo.inference.masked_ps.MaskedTSZTheory : 0.0164743 s (78921 evaluations, 1300.17 s total)
[mcmc]  - Acceptance rate: 0.481
[mcmc]  - Convergence of means: R-1 = 0.013325 after 30912 accepted steps
[mcmc]  - Updated covariance matrix of proposal pdf.
[mcmc] Learn + convergence test @ 38680 samples accepted.
[likelihoodcollection] Average computation time:
   flamingo.inference.masked_ps.MaskedBandPowerLikelihood : 5.29862e-05 s (79016 evaluations, 4.18676 s total)
[theorycollection] Average computation time:
   flamingo.inference.masked_ps.MaskedTSZTheory : 0.0164745 s (79016 evaluations, 1301.75 s total)
[mcmc]  - Acceptance rate: 0.481
[mcmc]  - Convergence of means: R-1 = 0.013096 after 30944 accepted steps
[mcmc]  - Updated covariance matrix of proposal pdf.
[mcmc] Learn + convergence test @ 38720 samples accepted.
[likelihoodcollection] Average computation time:
   flamingo.inference.masked_ps.MaskedBandPowerLikelihood : 5.29868e-05 s (79094 evaluations, 4.19094 s total)
[theorycollection] Average computation time:
   flamingo.inference.masked_ps.MaskedTSZTheory : 0.0164747 s (79094 evaluations, 1303.05 s total)
[mcmc]  - Acceptance rate: 0.481
[mcmc]  - Convergence of means: R-1 = 0.012354 after 30976 accepted steps
[mcmc]  - Updated covariance matrix of proposal pdf.
[mcmc] Learn + convergence test @ 38760 samples accepted.
[likelihoodcollection] Average computation time:
   flamingo.inference.masked_ps.MaskedBandPowerLikelihood : 5.29885e-05 s (79173 evaluations, 4.19526 s total)
[theorycollection] Average computation time:
   flamingo.inference.masked_ps.MaskedTSZTheory : 0.0164748 s (79173 evaluations, 1304.36 s total)
[mcmc]  - Acceptance rate: 0.481
[mcmc]  - Convergence of means: R-1 = 0.012414 after 31008 accepted steps
[mcmc]  - Updated covariance matrix of proposal pdf.
[mcmc] Learn + convergence test @ 38800 samples accepted.
[likelihoodcollection] Average computation time:
   flamingo.inference.masked_ps.MaskedBandPowerLikelihood : 5.29867e-05 s (79263 evaluations, 4.19989 s total)
[theorycollection] Average computation time:
   flamingo.inference.masked_ps.MaskedTSZTheory : 0.0164748 s (79263 evaluations, 1305.84 s total)
[mcmc]  - Acceptance rate: 0.481
[mcmc]  - Convergence of means: R-1 = 0.011782 after 31040 accepted steps
[mcmc]  - Updated covariance matrix of proposal pdf.
[mcmc] Learn + convergence test @ 38840 samples accepted.
[likelihoodcollection] Average computation time:
   flamingo.inference.masked_ps.MaskedBandPowerLikelihood : 5.29855e-05 s (79347 evaluations, 4.20424 s total)
[theorycollection] Average computation time:
   flamingo.inference.masked_ps.MaskedTSZTheory : 0.0164748 s (79347 evaluations, 1307.22 s total)
[mcmc]  - Acceptance rate: 0.481
[mcmc]  - Convergence of means: R-1 = 0.011338 after 31072 accepted steps
[mcmc]  - Updated covariance matrix of proposal pdf.
[mcmc] Learn + convergence test @ 38880 samples accepted.
[likelihoodcollection] Average computation time:
   flamingo.inference.masked_ps.MaskedBandPowerLikelihood : 5.29862e-05 s (79454 evaluations, 4.20997 s total)
[theorycollection] Average computation time:
   flamingo.inference.masked_ps.MaskedTSZTheory : 0.0164751 s (79454 evaluations, 1309.01 s total)
[mcmc]  - Acceptance rate: 0.481
[mcmc]  - Convergence of means: R-1 = 0.010961 after 31104 accepted steps
[mcmc]  - Updated covariance matrix of proposal pdf.
[mcmc] Learn + convergence test @ 38920 samples accepted.
[likelihoodcollection] Average computation time:
   flamingo.inference.masked_ps.MaskedBandPowerLikelihood : 5.29887e-05 s (79531 evaluations, 4.21424 s total)
[theorycollection] Average computation time:
   flamingo.inference.masked_ps.MaskedTSZTheory : 0.0164751 s (79531 evaluations, 1310.28 s total)
[mcmc]  - Acceptance rate: 0.481
[mcmc]  - Convergence of means: R-1 = 0.010205 after 31136 accepted steps
[mcmc]  - Updated covariance matrix of proposal pdf.
[mcmc] Learn + convergence test @ 38960 samples accepted.
[likelihoodcollection] Average computation time:
   flamingo.inference.masked_ps.MaskedBandPowerLikelihood : 5.29865e-05 s (79606 evaluations, 4.21804 s total)
[theorycollection] Average computation time:
   flamingo.inference.masked_ps.MaskedTSZTheory : 0.0164749 s (79606 evaluations, 1311.5 s total)
[mcmc]  - Acceptance rate: 0.481
[mcmc]  - Convergence of means: R-1 = 0.010544 after 31168 accepted steps
[mcmc]  - Updated covariance matrix of proposal pdf.
[mcmc] Learn + convergence test @ 39000 samples accepted.
[likelihoodcollection] Average computation time:
   flamingo.inference.masked_ps.MaskedBandPowerLikelihood : 5.29913e-05 s (79687 evaluations, 4.22272 s total)
[theorycollection] Average computation time:
   flamingo.inference.masked_ps.MaskedTSZTheory : 0.0164751 s (79687 evaluations, 1312.85 s total)
[mcmc]  - Acceptance rate: 0.481
[mcmc]  - Convergence of means: R-1 = 0.011843 after 31200 accepted steps
[mcmc]  - Updated covariance matrix of proposal pdf.
[mcmc] Learn + convergence test @ 39040 samples accepted.
[likelihoodcollection] Average computation time:
   flamingo.inference.masked_ps.MaskedBandPowerLikelihood : 5.29938e-05 s (79762 evaluations, 4.22689 s total)
[theorycollection] Average computation time:
   flamingo.inference.masked_ps.MaskedTSZTheory : 0.0164753 s (79762 evaluations, 1314.1 s total)
[mcmc]  - Acceptance rate: 0.481
[mcmc]  - Convergence of means: R-1 = 0.012712 after 31232 accepted steps
[mcmc]  - Updated covariance matrix of proposal pdf.
[mcmc] Learn + convergence test @ 39080 samples accepted.
[likelihoodcollection] Average computation time:
   flamingo.inference.masked_ps.MaskedBandPowerLikelihood : 5.29947e-05 s (79853 evaluations, 4.23179 s total)
[theorycollection] Average computation time:
   flamingo.inference.masked_ps.MaskedTSZTheory : 0.016475 s (79853 evaluations, 1315.58 s total)
[mcmc]  - Acceptance rate: 0.481
[mcmc]  - Convergence of means: R-1 = 0.014457 after 31264 accepted steps
[mcmc]  - Updated covariance matrix of proposal pdf.
[mcmc] Learn + convergence test @ 39120 samples accepted.
[likelihoodcollection] Average computation time:
   flamingo.inference.masked_ps.MaskedBandPowerLikelihood : 5.29969e-05 s (79922 evaluations, 4.23562 s total)
[theorycollection] Average computation time:
   flamingo.inference.masked_ps.MaskedTSZTheory : 0.016475 s (79922 evaluations, 1316.72 s total)
[mcmc]  - Acceptance rate: 0.481
[mcmc]  - Convergence of means: R-1 = 0.014612 after 31296 accepted steps
[mcmc]  - Updated covariance matrix of proposal pdf.
[mcmc] Learn + convergence test @ 39160 samples accepted.
[likelihoodcollection] Average computation time:
   flamingo.inference.masked_ps.MaskedBandPowerLikelihood : 5.29979e-05 s (80003 evaluations, 4.23999 s total)
[theorycollection] Average computation time:
   flamingo.inference.masked_ps.MaskedTSZTheory : 0.0164749 s (80003 evaluations, 1318.04 s total)
[mcmc]  - Acceptance rate: 0.481
[mcmc]  - Convergence of means: R-1 = 0.014809 after 31328 accepted steps
[mcmc]  - Updated covariance matrix of proposal pdf.
[mcmc] Learn + convergence test @ 39200 samples accepted.
[likelihoodcollection] Average computation time:
   flamingo.inference.masked_ps.MaskedBandPowerLikelihood : 5.29992e-05 s (80084 evaluations, 4.24439 s total)
[theorycollection] Average computation time:
   flamingo.inference.masked_ps.MaskedTSZTheory : 0.0164749 s (80084 evaluations, 1319.38 s total)
[mcmc]  - Acceptance rate: 0.481
[mcmc]  - Convergence of means: R-1 = 0.015135 after 31360 accepted steps
[mcmc]  - Updated covariance matrix of proposal pdf.
[mcmc] Learn + convergence test @ 39240 samples accepted.
[likelihoodcollection] Average computation time:
   flamingo.inference.masked_ps.MaskedBandPowerLikelihood : 5.30005e-05 s (80173 evaluations, 4.24921 s total)
[theorycollection] Average computation time:
   flamingo.inference.masked_ps.MaskedTSZTheory : 0.0164748 s (80173 evaluations, 1320.84 s total)
[mcmc]  - Acceptance rate: 0.481
[mcmc]  - Convergence of means: R-1 = 0.015044 after 31392 accepted steps
[mcmc]  - Updated covariance matrix of proposal pdf.
[mcmc] Learn + convergence test @ 39280 samples accepted.
[likelihoodcollection] Average computation time:
   flamingo.inference.masked_ps.MaskedBandPowerLikelihood : 5.29973e-05 s (80246 evaluations, 4.25282 s total)
[theorycollection] Average computation time:
   flamingo.inference.masked_ps.MaskedTSZTheory : 0.0164747 s (80246 evaluations, 1322.03 s total)
[mcmc]  - Acceptance rate: 0.481
[mcmc]  - Convergence of means: R-1 = 0.014975 after 31424 accepted steps
[mcmc]  - Updated covariance matrix of proposal pdf.
[mcmc] Learn + convergence test @ 39320 samples accepted.
[likelihoodcollection] Average computation time:
   flamingo.inference.masked_ps.MaskedBandPowerLikelihood : 5.29978e-05 s (80317 evaluations, 4.25663 s total)
[theorycollection] Average computation time:
   flamingo.inference.masked_ps.MaskedTSZTheory : 0.0164747 s (80317 evaluations, 1323.2 s total)
[mcmc]  - Acceptance rate: 0.481
[mcmc]  - Convergence of means: R-1 = 0.014775 after 31456 accepted steps
[mcmc]  - Updated covariance matrix of proposal pdf.
[mcmc] Learn + convergence test @ 39360 samples accepted.
[likelihoodcollection] Average computation time:
   flamingo.inference.masked_ps.MaskedBandPowerLikelihood : 5.30028e-05 s (80395 evaluations, 4.26116 s total)
[theorycollection] Average computation time:
   flamingo.inference.masked_ps.MaskedTSZTheory : 0.0164747 s (80395 evaluations, 1324.48 s total)
[mcmc]  - Acceptance rate: 0.481
[mcmc]  - Convergence of means: R-1 = 0.014565 after 31488 accepted steps
[mcmc]  - Updated covariance matrix of proposal pdf.
[mcmc] Learn + convergence test @ 39400 samples accepted.
[likelihoodcollection] Average computation time:
   flamingo.inference.masked_ps.MaskedBandPowerLikelihood : 5.30036e-05 s (80499 evaluations, 4.26674 s total)
[theorycollection] Average computation time:
   flamingo.inference.masked_ps.MaskedTSZTheory : 0.0164748 s (80499 evaluations, 1326.21 s total)
[mcmc]  - Acceptance rate: 0.481
[mcmc]  - Convergence of means: R-1 = 0.014463 after 31520 accepted steps
[mcmc]  - Updated covariance matrix of proposal pdf.
[mcmc] Learn + convergence test @ 39440 samples accepted.
[likelihoodcollection] Average computation time:
   flamingo.inference.masked_ps.MaskedBandPowerLikelihood : 5.3004e-05 s (80585 evaluations, 4.27133 s total)
[theorycollection] Average computation time:
   flamingo.inference.masked_ps.MaskedTSZTheory : 0.0164747 s (80585 evaluations, 1327.62 s total)
[mcmc]  - Acceptance rate: 0.481
[mcmc]  - Convergence of means: R-1 = 0.014566 after 31552 accepted steps
[mcmc]  - Updated covariance matrix of proposal pdf.
[mcmc] Learn + convergence test @ 39480 samples accepted.
[likelihoodcollection] Average computation time:
   flamingo.inference.masked_ps.MaskedBandPowerLikelihood : 5.30037e-05 s (80662 evaluations, 4.27539 s total)
[theorycollection] Average computation time:
   flamingo.inference.masked_ps.MaskedTSZTheory : 0.016475 s (80662 evaluations, 1328.91 s total)
[mcmc]  - Acceptance rate: 0.481
[mcmc]  - Convergence of means: R-1 = 0.014571 after 31584 accepted steps
[mcmc]  - Updated covariance matrix of proposal pdf.
[mcmc] Learn + convergence test @ 39520 samples accepted.
[likelihoodcollection] Average computation time:
   flamingo.inference.masked_ps.MaskedBandPowerLikelihood : 5.3003e-05 s (80749 evaluations, 4.27994 s total)
[theorycollection] Average computation time:
   flamingo.inference.masked_ps.MaskedTSZTheory : 0.016475 s (80749 evaluations, 1330.34 s total)
[mcmc]  - Acceptance rate: 0.481
[mcmc]  - Convergence of means: R-1 = 0.014704 after 31616 accepted steps
[mcmc]  - Updated covariance matrix of proposal pdf.
[mcmc] Learn + convergence test @ 39560 samples accepted.
[likelihoodcollection] Average computation time:
   flamingo.inference.masked_ps.MaskedBandPowerLikelihood : 5.3007e-05 s (80824 evaluations, 4.28424 s total)
[theorycollection] Average computation time:
   flamingo.inference.masked_ps.MaskedTSZTheory : 0.0164752 s (80824 evaluations, 1331.59 s total)
[mcmc]  - Acceptance rate: 0.481
[mcmc]  - Convergence of means: R-1 = 0.014460 after 31648 accepted steps
[mcmc]  - Updated covariance matrix of proposal pdf.
[mcmc] Learn + convergence test @ 39600 samples accepted.
[likelihoodcollection] Average computation time:
   flamingo.inference.masked_ps.MaskedBandPowerLikelihood : 5.30087e-05 s (80900 evaluations, 4.2884 s total)
[theorycollection] Average computation time:
   flamingo.inference.masked_ps.MaskedTSZTheory : 0.0164754 s (80900 evaluations, 1332.86 s total)
[mcmc]  - Acceptance rate: 0.481
[mcmc]  - Convergence of means: R-1 = 0.014722 after 31680 accepted steps
[mcmc]  - Updated covariance matrix of proposal pdf.
[mcmc] Learn + convergence test @ 39640 samples accepted.
[likelihoodcollection] Average computation time:
   flamingo.inference.masked_ps.MaskedBandPowerLikelihood : 5.30111e-05 s (80974 evaluations, 4.29252 s total)
[theorycollection] Average computation time:
   flamingo.inference.masked_ps.MaskedTSZTheory : 0.0164755 s (80974 evaluations, 1334.09 s total)
[mcmc]  - Acceptance rate: 0.481
[mcmc]  - Convergence of means: R-1 = 0.014408 after 31712 accepted steps
[mcmc]  - Updated covariance matrix of proposal pdf.
[mcmc] Learn + convergence test @ 39680 samples accepted.
[likelihoodcollection] Average computation time:
   flamingo.inference.masked_ps.MaskedBandPowerLikelihood : 5.30124e-05 s (81058 evaluations, 4.29708 s total)
[theorycollection] Average computation time:
   flamingo.inference.masked_ps.MaskedTSZTheory : 0.0164754 s (81058 evaluations, 1335.46 s total)
[mcmc]  - Acceptance rate: 0.481
[mcmc]  - Convergence of means: R-1 = 0.014913 after 31744 accepted steps
[mcmc]  - Updated covariance matrix of proposal pdf.
[mcmc] Learn + convergence test @ 39720 samples accepted.
[likelihoodcollection] Average computation time:
   flamingo.inference.masked_ps.MaskedBandPowerLikelihood : 5.3014e-05 s (81139 evaluations, 4.3015 s total)
[theorycollection] Average computation time:
   flamingo.inference.masked_ps.MaskedTSZTheory : 0.0164754 s (81139 evaluations, 1336.8 s total)
[mcmc]  - Acceptance rate: 0.481
[mcmc]  - Convergence of means: R-1 = 0.015925 after 31776 accepted steps
[mcmc]  - Updated covariance matrix of proposal pdf.
[mcmc] Learn + convergence test @ 39760 samples accepted.
[likelihoodcollection] Average computation time:
   flamingo.inference.masked_ps.MaskedBandPowerLikelihood : 5.30132e-05 s (81219 evaluations, 4.30568 s total)
[theorycollection] Average computation time:
   flamingo.inference.masked_ps.MaskedTSZTheory : 0.0164752 s (81219 evaluations, 1338.1 s total)
[mcmc]  - Acceptance rate: 0.481
[mcmc]  - Convergence of means: R-1 = 0.016686 after 31808 accepted steps
[mcmc]  - Updated covariance matrix of proposal pdf.
[mcmc] Learn + convergence test @ 39800 samples accepted.
[likelihoodcollection] Average computation time:
   flamingo.inference.masked_ps.MaskedBandPowerLikelihood : 5.30096e-05 s (81308 evaluations, 4.31011 s total)
[theorycollection] Average computation time:
   flamingo.inference.masked_ps.MaskedTSZTheory : 0.0164748 s (81308 evaluations, 1339.53 s total)
[mcmc]  - Acceptance rate: 0.481
[mcmc]  - Convergence of means: R-1 = 0.017383 after 31840 accepted steps
[mcmc]  - Updated covariance matrix of proposal pdf.
[mcmc] Learn + convergence test @ 39840 samples accepted.
[likelihoodcollection] Average computation time:
   flamingo.inference.masked_ps.MaskedBandPowerLikelihood : 5.30108e-05 s (81398 evaluations, 4.31497 s total)
[theorycollection] Average computation time:
   flamingo.inference.masked_ps.MaskedTSZTheory : 0.016475 s (81398 evaluations, 1341.03 s total)
[mcmc]  - Acceptance rate: 0.481
[mcmc]  - Convergence of means: R-1 = 0.017438 after 31872 accepted steps
[mcmc]  - Updated covariance matrix of proposal pdf.
[mcmc] Learn + convergence test @ 39880 samples accepted.
[likelihoodcollection] Average computation time:
   flamingo.inference.masked_ps.MaskedBandPowerLikelihood : 5.3013e-05 s (81483 evaluations, 4.31965 s total)
[theorycollection] Average computation time:
   flamingo.inference.masked_ps.MaskedTSZTheory : 0.016475 s (81483 evaluations, 1342.43 s total)
[mcmc]  - Acceptance rate: 0.481
[mcmc]  - Convergence of means: R-1 = 0.016780 after 31904 accepted steps
[mcmc]  - Updated covariance matrix of proposal pdf.
[mcmc] Learn + convergence test @ 39920 samples accepted.
[likelihoodcollection] Average computation time:
   flamingo.inference.masked_ps.MaskedBandPowerLikelihood : 5.3015e-05 s (81558 evaluations, 4.3238 s total)
[theorycollection] Average computation time:
   flamingo.inference.masked_ps.MaskedTSZTheory : 0.016475 s (81558 evaluations, 1343.67 s total)
[mcmc]  - Acceptance rate: 0.481
[mcmc]  - Convergence of means: R-1 = 0.016598 after 31936 accepted steps
[mcmc]  - Updated covariance matrix of proposal pdf.
[mcmc] Learn + convergence test @ 39960 samples accepted.
[likelihoodcollection] Average computation time:
   flamingo.inference.masked_ps.MaskedBandPowerLikelihood : 5.30151e-05 s (81627 evaluations, 4.32746 s total)
[theorycollection] Average computation time:
   flamingo.inference.masked_ps.MaskedTSZTheory : 0.0164752 s (81627 evaluations, 1344.82 s total)
[mcmc]  - Acceptance rate: 0.481
[mcmc]  - Convergence of means: R-1 = 0.016469 after 31968 accepted steps
[mcmc]  - Updated covariance matrix of proposal pdf.
[mcmc] Learn + convergence test @ 40000 samples accepted.
[likelihoodcollection] Average computation time:
   flamingo.inference.masked_ps.MaskedBandPowerLikelihood : 5.3014e-05 s (81703 evaluations, 4.3314 s total)
[theorycollection] Average computation time:
   flamingo.inference.masked_ps.MaskedTSZTheory : 0.0164748 s (81703 evaluations, 1346.04 s total)
[mcmc]  - Acceptance rate: 0.481
[mcmc]  - Convergence of means: R-1 = 0.016366 after 32000 accepted steps
[mcmc]  - Updated covariance matrix of proposal pdf.
[mcmc] Learn + convergence test @ 40040 samples accepted.
[likelihoodcollection] Average computation time:
   flamingo.inference.masked_ps.MaskedBandPowerLikelihood : 5.3011e-05 s (81782 evaluations, 4.33534 s total)
[theorycollection] Average computation time:
   flamingo.inference.masked_ps.MaskedTSZTheory : 0.0164745 s (81782 evaluations, 1347.32 s total)
[mcmc]  - Acceptance rate: 0.481
[mcmc]  - Convergence of means: R-1 = 0.016434 after 32032 accepted steps
[mcmc]  - Updated covariance matrix of proposal pdf.
[mcmc] Progress @ 2026-08-03 01:48:35 : 82739 steps taken, and 40072 accepted.
[mcmc] Learn + convergence test @ 40080 samples accepted.
[likelihoodcollection] Average computation time:
   flamingo.inference.masked_ps.MaskedBandPowerLikelihood : 5.30086e-05 s (81861 evaluations, 4.33934 s total)
[theorycollection] Average computation time:
   flamingo.inference.masked_ps.MaskedTSZTheory : 0.0164742 s (81861 evaluations, 1348.6 s total)
[mcmc]  - Acceptance rate: 0.481
[mcmc]  - Convergence of means: R-1 = 0.015934 after 32064 accepted steps
[mcmc]  - Updated covariance matrix of proposal pdf.
[mcmc] Learn + convergence test @ 40120 samples accepted.
[likelihoodcollection] Average computation time:
   flamingo.inference.masked_ps.MaskedBandPowerLikelihood : 5.30077e-05 s (81952 evaluations, 4.34409 s total)
[theorycollection] Average computation time:
   flamingo.inference.masked_ps.MaskedTSZTheory : 0.0164741 s (81952 evaluations, 1350.08 s total)
[mcmc]  - Acceptance rate: 0.481
[mcmc]  - Convergence of means: R-1 = 0.015683 after 32096 accepted steps
[mcmc]  - Updated covariance matrix of proposal pdf.
[mcmc] Learn + convergence test @ 40160 samples accepted.
[likelihoodcollection] Average computation time:
   flamingo.inference.masked_ps.MaskedBandPowerLikelihood : 5.30078e-05 s (82016 evaluations, 4.34748 s total)
[theorycollection] Average computation time:
   flamingo.inference.masked_ps.MaskedTSZTheory : 0.0164741 s (82016 evaluations, 1351.14 s total)
[mcmc]  - Acceptance rate: 0.481
[mcmc]  - Convergence of means: R-1 = 0.015507 after 32128 accepted steps
[mcmc]  - Updated covariance matrix of proposal pdf.
[mcmc] Learn + convergence test @ 40200 samples accepted.
[likelihoodcollection] Average computation time:
   flamingo.inference.masked_ps.MaskedBandPowerLikelihood : 5.30033e-05 s (82101 evaluations, 4.35162 s total)
[theorycollection] Average computation time:
   flamingo.inference.masked_ps.MaskedTSZTheory : 0.016474 s (82101 evaluations, 1352.53 s total)
[mcmc]  - Acceptance rate: 0.481
[mcmc]  - Convergence of means: R-1 = 0.014783 after 32160 accepted steps
[mcmc]  - Updated covariance matrix of proposal pdf.
[mcmc] Learn + convergence test @ 40240 samples accepted.
[likelihoodcollection] Average computation time:
   flamingo.inference.masked_ps.MaskedBandPowerLikelihood : 5.30018e-05 s (82196 evaluations, 4.35654 s total)
[theorycollection] Average computation time:
   flamingo.inference.masked_ps.MaskedTSZTheory : 0.0164741 s (82196 evaluations, 1354.1 s total)
[mcmc]  - Acceptance rate: 0.481
[mcmc]  - Convergence of means: R-1 = 0.013917 after 32192 accepted steps
[mcmc]  - Updated covariance matrix of proposal pdf.
[mcmc] Learn + convergence test @ 40280 samples accepted.
[likelihoodcollection] Average computation time:
   flamingo.inference.masked_ps.MaskedBandPowerLikelihood : 5.3001e-05 s (82279 evaluations, 4.36087 s total)
[theorycollection] Average computation time:
   flamingo.inference.masked_ps.MaskedTSZTheory : 0.0164741 s (82279 evaluations, 1355.47 s total)
[mcmc]  - Acceptance rate: 0.481
[mcmc]  - Convergence of means: R-1 = 0.013225 after 32224 accepted steps
[mcmc]  - Updated covariance matrix of proposal pdf.
[mcmc] Learn + convergence test @ 40320 samples accepted.
[likelihoodcollection] Average computation time:
   flamingo.inference.masked_ps.MaskedBandPowerLikelihood : 5.29971e-05 s (82349 evaluations, 4.36426 s total)
[theorycollection] Average computation time:
   flamingo.inference.masked_ps.MaskedTSZTheory : 0.0164738 s (82349 evaluations, 1356.6 s total)
[mcmc]  - Acceptance rate: 0.481
[mcmc]  - Convergence of means: R-1 = 0.012904 after 32256 accepted steps
[mcmc]  - Updated covariance matrix of proposal pdf.
[mcmc] Learn + convergence test @ 40360 samples accepted.
[likelihoodcollection] Average computation time:
   flamingo.inference.masked_ps.MaskedBandPowerLikelihood : 5.2998e-05 s (82437 evaluations, 4.36899 s total)
[theorycollection] Average computation time:
   flamingo.inference.masked_ps.MaskedTSZTheory : 0.016474 s (82437 evaluations, 1358.07 s total)
[mcmc]  - Acceptance rate: 0.481
[mcmc]  - Convergence of means: R-1 = 0.012728 after 32288 accepted steps
[mcmc]  - Updated covariance matrix of proposal pdf.
[mcmc] Learn + convergence test @ 40400 samples accepted.
[likelihoodcollection] Average computation time:
   flamingo.inference.masked_ps.MaskedBandPowerLikelihood : 5.30049e-05 s (82514 evaluations, 4.37365 s total)
[theorycollection] Average computation time:
   flamingo.inference.masked_ps.MaskedTSZTheory : 0.0164743 s (82514 evaluations, 1359.36 s total)
[mcmc]  - Acceptance rate: 0.481
[mcmc]  - Convergence of means: R-1 = 0.012379 after 32320 accepted steps
[mcmc]  - Updated covariance matrix of proposal pdf.
[mcmc] Learn + convergence test @ 40440 samples accepted.
[likelihoodcollection] Average computation time:
   flamingo.inference.masked_ps.MaskedBandPowerLikelihood : 5.3005e-05 s (82581 evaluations, 4.37721 s total)
[theorycollection] Average computation time:
   flamingo.inference.masked_ps.MaskedTSZTheory : 0.0164744 s (82581 evaluations, 1360.47 s total)
[mcmc]  - Acceptance rate: 0.481
[mcmc]  - Convergence of means: R-1 = 0.012396 after 32352 accepted steps
[mcmc]  - Updated covariance matrix of proposal pdf.
[mcmc] Learn + convergence test @ 40480 samples accepted.
[likelihoodcollection] Average computation time:
   flamingo.inference.masked_ps.MaskedBandPowerLikelihood : 5.30089e-05 s (82653 evaluations, 4.38134 s total)
[theorycollection] Average computation time:
   flamingo.inference.masked_ps.MaskedTSZTheory : 0.0164742 s (82653 evaluations, 1361.64 s total)
[mcmc]  - Acceptance rate: 0.481
[mcmc]  - Convergence of means: R-1 = 0.012364 after 32384 accepted steps
[mcmc]  - Updated covariance matrix of proposal pdf.
[mcmc] Learn + convergence test @ 40520 samples accepted.
[likelihoodcollection] Average computation time:
   flamingo.inference.masked_ps.MaskedBandPowerLikelihood : 5.30105e-05 s (82733 evaluations, 4.38572 s total)
[theorycollection] Average computation time:
   flamingo.inference.masked_ps.MaskedTSZTheory : 0.0164742 s (82733 evaluations, 1362.96 s total)
[mcmc]  - Acceptance rate: 0.481
[mcmc]  - Convergence of means: R-1 = 0.012575 after 32416 accepted steps
[mcmc]  - Updated covariance matrix of proposal pdf.
[mcmc] Learn + convergence test @ 40560 samples accepted.
[likelihoodcollection] Average computation time:
   flamingo.inference.masked_ps.MaskedBandPowerLikelihood : 5.30072e-05 s (82821 evaluations, 4.39011 s total)
[theorycollection] Average computation time:
   flamingo.inference.masked_ps.MaskedTSZTheory : 0.016474 s (82821 evaluations, 1364.39 s total)
[mcmc]  - Acceptance rate: 0.481
[mcmc]  - Convergence of means: R-1 = 0.011948 after 32448 accepted steps
[mcmc]  - Updated covariance matrix of proposal pdf.
[mcmc] Learn + convergence test @ 40600 samples accepted.
[likelihoodcollection] Average computation time:
   flamingo.inference.masked_ps.MaskedBandPowerLikelihood : 5.3006e-05 s (82901 evaluations, 4.39425 s total)
[theorycollection] Average computation time:
   flamingo.inference.masked_ps.MaskedTSZTheory : 0.016474 s (82901 evaluations, 1365.71 s total)
[mcmc]  - Acceptance rate: 0.481
[mcmc]  - Convergence of means: R-1 = 0.011691 after 32480 accepted steps
[mcmc]  - Updated covariance matrix of proposal pdf.
[mcmc] Learn + convergence test @ 40640 samples accepted.
[likelihoodcollection] Average computation time:
   flamingo.inference.masked_ps.MaskedBandPowerLikelihood : 5.30051e-05 s (82983 evaluations, 4.39852 s total)
[theorycollection] Average computation time:
   flamingo.inference.masked_ps.MaskedTSZTheory : 0.0164745 s (82983 evaluations, 1367.11 s total)
[mcmc]  - Acceptance rate: 0.481
[mcmc]  - Convergence of means: R-1 = 0.010891 after 32512 accepted steps
[mcmc]  - Updated covariance matrix of proposal pdf.
[mcmc] Learn + convergence test @ 40680 samples accepted.
[likelihoodcollection] Average computation time:
   flamingo.inference.masked_ps.MaskedBandPowerLikelihood : 5.30124e-05 s (83068 evaluations, 4.40364 s total)
[theorycollection] Average computation time:
   flamingo.inference.masked_ps.MaskedTSZTheory : 0.0164747 s (83068 evaluations, 1368.52 s total)
[mcmc]  - Acceptance rate: 0.481
[mcmc]  - Convergence of means: R-1 = 0.010331 after 32544 accepted steps
[mcmc]  - Updated covariance matrix of proposal pdf.
[mcmc] Learn + convergence test @ 40720 samples accepted.
[likelihoodcollection] Average computation time:
   flamingo.inference.masked_ps.MaskedBandPowerLikelihood : 5.30119e-05 s (83139 evaluations, 4.40736 s total)
[theorycollection] Average computation time:
   flamingo.inference.masked_ps.MaskedTSZTheory : 0.0164747 s (83139 evaluations, 1369.69 s total)
[mcmc]  - Acceptance rate: 0.481
[mcmc]  - Convergence of means: R-1 = 0.010233 after 32576 accepted steps
[mcmc]  - Updated covariance matrix of proposal pdf.
[mcmc] Learn + convergence test @ 40760 samples accepted.
[likelihoodcollection] Average computation time:
   flamingo.inference.masked_ps.MaskedBandPowerLikelihood : 5.30151e-05 s (83222 evaluations, 4.41202 s total)
[theorycollection] Average computation time:
   flamingo.inference.masked_ps.MaskedTSZTheory : 0.0164749 s (83222 evaluations, 1371.07 s total)
[mcmc]  - Acceptance rate: 0.481
[mcmc]  - Convergence of means: R-1 = 0.009607 after 32608 accepted steps
[mcmc]  - Updated covariance matrix of proposal pdf.
[mcmc] Learn + convergence test @ 40800 samples accepted.
[likelihoodcollection] Average computation time:
   flamingo.inference.masked_ps.MaskedBandPowerLikelihood : 5.30125e-05 s (83300 evaluations, 4.41594 s total)
[theorycollection] Average computation time:
   flamingo.inference.masked_ps.MaskedTSZTheory : 0.0164744 s (83300 evaluations, 1372.32 s total)
[mcmc]  - Acceptance rate: 0.481
[mcmc]  - Convergence of means: R-1 = 0.009911 after 32640 accepted steps
[mcmc]  - Convergence of bounds: R-1 = 0.057343 after 40800 accepted steps
[mcmc] The run has converged!
[mcmc] Sampling complete after 40800 accepted steps.
[flamingo.inference.masked_ps.maskedbandpowerlikelihood] Average evaluation time for flamingo.inference.masked_ps.MaskedBandPowerLikelihood: 5.30125e-05 s  (83300 evaluations)
[flamingo.inference.masked_ps.maskedtsztheory] Average evaluation time for flamingo.inference.masked_ps.MaskedTSZTheory: 0.0164744 s  (83300 evaluations)
