
=== qgt5 (q_cat=5.0) ===
Authorization required, but no authorization protocol specified

Authorization required, but no authorization protocol specified

Authorization required, but no authorization protocol specified

Authorization required, but no authorization protocol specified

[output] Output to be read-from/written-into folder '/scratch/scratch-lxu/flamingo_repo/chains/l1_m9_qfrommap_signal_only/qgt5', with prefix 'chain'
[mcmc] Getting initial point... (this may take a few seconds)
[mcmc] Initial point: H0:67.06433, sigma_8:0.822202, n_s:0.9618187, omega_b:0.01977769, Omega_m:0.3232766, A_SZ:-4.100261, alpha_SZ:1.114331, sigma_lnY:0.1400999
[model] Measuring speeds... (this may take a few seconds)
[model] Setting measured speeds (per sec): {flamingo.inference.masked_ps.MaskedBandPowerLikelihood: 17500.0, flamingo.inference.masked_ps.MaskedTSZTheory: 57.7}
[mcmc] Covariance matrix loaded for params ['H0', 'sigma_8', 'n_s', 'omega_b', 'Omega_m', 'A_SZ', 'alpha_SZ', 'sigma_lnY']
[mcmc] All parameters' covariance loaded from given covmat.
[mcmc] Sampling! (NB: no accepted step will be saved until 50 burn-in samples have been obtained)
[mcmc] Progress @ 2026-08-03 01:49:29 : 1 steps taken -- still burning in, 50 accepted steps left.
[mcmc] Finished burn-in phase: discarded 50 accepted steps.
[mcmc] Learn + convergence test @ 40 samples accepted.
[likelihoodcollection] Average computation time:
   flamingo.inference.masked_ps.MaskedBandPowerLikelihood : 5.38136e-05 s (205 evaluations, 0.0110318 s total)
[theorycollection] Average computation time:
   flamingo.inference.masked_ps.MaskedTSZTheory : 0.01633 s (205 evaluations, 3.34765 s total)
[mcmc]  - Acceptance rate: 0.432
[mcmc]  - Convergence of means: R-1 = 63.884661 after 32 accepted steps
[mcmc]  - Updated covariance matrix of proposal pdf.
[mcmc] Learn + convergence test @ 80 samples accepted.
[likelihoodcollection] Average computation time:
   flamingo.inference.masked_ps.MaskedBandPowerLikelihood : 5.46667e-05 s (304 evaluations, 0.0166187 s total)
[theorycollection] Average computation time:
   flamingo.inference.masked_ps.MaskedTSZTheory : 0.0163539 s (304 evaluations, 4.97157 s total)
[mcmc]  - Acceptance rate: 0.435
[mcmc]  - Convergence of means: R-1 = 22.203780 after 64 accepted steps
[mcmc]  - Updated covariance matrix of proposal pdf.
[mcmc] Learn + convergence test @ 120 samples accepted.
[likelihoodcollection] Average computation time:
   flamingo.inference.masked_ps.MaskedBandPowerLikelihood : 5.41377e-05 s (402 evaluations, 0.0217634 s total)
[theorycollection] Average computation time:
   flamingo.inference.masked_ps.MaskedTSZTheory : 0.0163266 s (402 evaluations, 6.56329 s total)
[mcmc]  - Acceptance rate: 0.414
[mcmc]  - Convergence of means: R-1 = 27.157709 after 96 accepted steps
[mcmc]  - Updated covariance matrix of proposal pdf.
[mcmc] Learn + convergence test @ 160 samples accepted.
[likelihoodcollection] Average computation time:
   flamingo.inference.masked_ps.MaskedBandPowerLikelihood : 5.37372e-05 s (534 evaluations, 0.0286957 s total)
[theorycollection] Average computation time:
   flamingo.inference.masked_ps.MaskedTSZTheory : 0.0164617 s (534 evaluations, 8.79052 s total)
[mcmc]  - Acceptance rate: 0.373
[mcmc]  - Convergence of means: R-1 = 24.014999 after 128 accepted steps
[mcmc]  - Updated covariance matrix of proposal pdf.
[mcmc] Learn + convergence test @ 200 samples accepted.
[likelihoodcollection] Average computation time:
   flamingo.inference.masked_ps.MaskedBandPowerLikelihood : 5.32674e-05 s (642 evaluations, 0.0341977 s total)
[theorycollection] Average computation time:
   flamingo.inference.masked_ps.MaskedTSZTheory : 0.0164619 s (642 evaluations, 10.5686 s total)
[mcmc]  - Acceptance rate: 0.366
[mcmc]  - Convergence of means: R-1 = 34.625130 after 160 accepted steps
[mcmc]  - Updated covariance matrix of proposal pdf.
[mcmc] Learn + convergence test @ 240 samples accepted.
[likelihoodcollection] Average computation time:
   flamingo.inference.masked_ps.MaskedBandPowerLikelihood : 5.28569e-05 s (731 evaluations, 0.0386384 s total)
[theorycollection] Average computation time:
   flamingo.inference.masked_ps.MaskedTSZTheory : 0.0164476 s (731 evaluations, 12.0232 s total)
[mcmc]  - Acceptance rate: 0.378
[mcmc]  - Convergence of means: R-1 = 16.012977 after 192 accepted steps
[mcmc]  - Updated covariance matrix of proposal pdf.
[mcmc] Learn + convergence test @ 280 samples accepted.
[likelihoodcollection] Average computation time:
   flamingo.inference.masked_ps.MaskedBandPowerLikelihood : 5.24884e-05 s (800 evaluations, 0.0419907 s total)
[theorycollection] Average computation time:
   flamingo.inference.masked_ps.MaskedTSZTheory : 0.0164275 s (800 evaluations, 13.142 s total)
[mcmc]  - Acceptance rate: 0.395
[mcmc]  - Convergence of means: R-1 = 11.251152 after 224 accepted steps
[mcmc]  - Updated covariance matrix of proposal pdf.
[mcmc] Learn + convergence test @ 320 samples accepted.
[likelihoodcollection] Average computation time:
   flamingo.inference.masked_ps.MaskedBandPowerLikelihood : 5.25953e-05 s (864 evaluations, 0.0454423 s total)
[theorycollection] Average computation time:
   flamingo.inference.masked_ps.MaskedTSZTheory : 0.0164434 s (864 evaluations, 14.2071 s total)
[mcmc]  - Acceptance rate: 0.416
[mcmc]  - Convergence of means: R-1 = 17.975226 after 256 accepted steps
[mcmc]  - Updated covariance matrix of proposal pdf.
[mcmc] Learn + convergence test @ 360 samples accepted.
[likelihoodcollection] Average computation time:
   flamingo.inference.masked_ps.MaskedBandPowerLikelihood : 5.2682e-05 s (930 evaluations, 0.0489943 s total)
[theorycollection] Average computation time:
   flamingo.inference.masked_ps.MaskedTSZTheory : 0.0164469 s (930 evaluations, 15.2956 s total)
[mcmc]  - Acceptance rate: 0.440
[mcmc]  - Convergence of means: R-1 = 20.467374 after 288 accepted steps
[mcmc]  - Updated covariance matrix of proposal pdf.
[mcmc] Learn + convergence test @ 400 samples accepted.
[likelihoodcollection] Average computation time:
   flamingo.inference.masked_ps.MaskedBandPowerLikelihood : 5.24306e-05 s (993 evaluations, 0.0520636 s total)
[theorycollection] Average computation time:
   flamingo.inference.masked_ps.MaskedTSZTheory : 0.0164494 s (993 evaluations, 16.3343 s total)
[mcmc]  - Acceptance rate: 0.462
[mcmc]  - Convergence of means: R-1 = 12.530672 after 320 accepted steps
[mcmc]  - Updated covariance matrix of proposal pdf.
[mcmc] Learn + convergence test @ 440 samples accepted.
[likelihoodcollection] Average computation time:
   flamingo.inference.masked_ps.MaskedBandPowerLikelihood : 5.23628e-05 s (1068 evaluations, 0.0559234 s total)
[theorycollection] Average computation time:
   flamingo.inference.masked_ps.MaskedTSZTheory : 0.0164453 s (1068 evaluations, 17.5636 s total)
[mcmc]  - Acceptance rate: 0.467
[mcmc]  - Convergence of means: R-1 = 18.690181 after 352 accepted steps
[mcmc]  - Updated covariance matrix of proposal pdf.
[mcmc] Learn + convergence test @ 480 samples accepted.
[likelihoodcollection] Average computation time:
   flamingo.inference.masked_ps.MaskedBandPowerLikelihood : 5.23911e-05 s (1134 evaluations, 0.0594115 s total)
[theorycollection] Average computation time:
   flamingo.inference.masked_ps.MaskedTSZTheory : 0.0164678 s (1134 evaluations, 18.6745 s total)
[mcmc]  - Acceptance rate: 0.485
[mcmc]  - Convergence of means: R-1 = 17.912675 after 384 accepted steps
[mcmc]  - Updated covariance matrix of proposal pdf.
[mcmc] Learn + convergence test @ 520 samples accepted.
[likelihoodcollection] Average computation time:
   flamingo.inference.masked_ps.MaskedBandPowerLikelihood : 5.25838e-05 s (1197 evaluations, 0.0629428 s total)
[theorycollection] Average computation time:
   flamingo.inference.masked_ps.MaskedTSZTheory : 0.0164847 s (1197 evaluations, 19.7322 s total)
[mcmc]  - Acceptance rate: 0.497
[mcmc]  - Convergence of means: R-1 = 9.787180 after 416 accepted steps
[mcmc]  - Updated covariance matrix of proposal pdf.
[mcmc] Learn + convergence test @ 560 samples accepted.
[likelihoodcollection] Average computation time:
   flamingo.inference.masked_ps.MaskedBandPowerLikelihood : 5.24262e-05 s (1269 evaluations, 0.0665289 s total)
[theorycollection] Average computation time:
   flamingo.inference.masked_ps.MaskedTSZTheory : 0.0164761 s (1269 evaluations, 20.9082 s total)
[mcmc]  - Acceptance rate: 0.502
[mcmc]  - Convergence of means: R-1 = 8.916204 after 448 accepted steps
[mcmc]  - Updated covariance matrix of proposal pdf.
[mcmc] Learn + convergence test @ 600 samples accepted.
[likelihoodcollection] Average computation time:
   flamingo.inference.masked_ps.MaskedBandPowerLikelihood : 5.22556e-05 s (1353 evaluations, 0.0707019 s total)
[theorycollection] Average computation time:
   flamingo.inference.masked_ps.MaskedTSZTheory : 0.0164718 s (1353 evaluations, 22.2864 s total)
[mcmc]  - Acceptance rate: 0.502
[mcmc]  - Convergence of means: R-1 = 12.052784 after 480 accepted steps
[mcmc]  - Updated covariance matrix of proposal pdf.
[mcmc] Learn + convergence test @ 640 samples accepted.
[likelihoodcollection] Average computation time:
   flamingo.inference.masked_ps.MaskedBandPowerLikelihood : 5.25876e-05 s (1426 evaluations, 0.0749899 s total)
[theorycollection] Average computation time:
   flamingo.inference.masked_ps.MaskedTSZTheory : 0.0164951 s (1426 evaluations, 23.522 s total)
[mcmc]  - Acceptance rate: 0.510
[mcmc]  - Convergence of means: R-1 = 18.072491 after 512 accepted steps
[mcmc]  - Updated covariance matrix of proposal pdf.
[mcmc] Learn + convergence test @ 680 samples accepted.
[likelihoodcollection] Average computation time:
   flamingo.inference.masked_ps.MaskedBandPowerLikelihood : 5.27799e-05 s (1493 evaluations, 0.0788004 s total)
[theorycollection] Average computation time:
   flamingo.inference.masked_ps.MaskedTSZTheory : 0.0165146 s (1493 evaluations, 24.6563 s total)
[mcmc]  - Acceptance rate: 0.525
[mcmc]  - Convergence of means: R-1 = 12.847783 after 544 accepted steps
[mcmc]  - Updated covariance matrix of proposal pdf.
[mcmc] Learn + convergence test @ 720 samples accepted.
[likelihoodcollection] Average computation time:
   flamingo.inference.masked_ps.MaskedBandPowerLikelihood : 5.28145e-05 s (1571 evaluations, 0.0829715 s total)
[theorycollection] Average computation time:
   flamingo.inference.masked_ps.MaskedTSZTheory : 0.0165417 s (1571 evaluations, 25.9871 s total)
[mcmc]  - Acceptance rate: 0.524
[mcmc]  - Convergence of means: R-1 = 9.596062 after 576 accepted steps
[mcmc]  - Updated covariance matrix of proposal pdf.
[mcmc] Learn + convergence test @ 760 samples accepted.
[likelihoodcollection] Average computation time:
   flamingo.inference.masked_ps.MaskedBandPowerLikelihood : 5.27895e-05 s (1648 evaluations, 0.086997 s total)
[theorycollection] Average computation time:
   flamingo.inference.masked_ps.MaskedTSZTheory : 0.0165517 s (1648 evaluations, 27.2773 s total)
[mcmc]  - Acceptance rate: 0.528
[mcmc]  - Convergence of means: R-1 = 10.562746 after 608 accepted steps
[mcmc]  - Updated covariance matrix of proposal pdf.
[mcmc] Learn + convergence test @ 800 samples accepted.
[likelihoodcollection] Average computation time:
   flamingo.inference.masked_ps.MaskedBandPowerLikelihood : 5.26947e-05 s (1719 evaluations, 0.0905821 s total)
[theorycollection] Average computation time:
   flamingo.inference.masked_ps.MaskedTSZTheory : 0.0165249 s (1719 evaluations, 28.4063 s total)
[mcmc]  - Acceptance rate: 0.536
[mcmc]  - Convergence of means: R-1 = 13.795120 after 640 accepted steps
[mcmc]  - Updated covariance matrix of proposal pdf.
[mcmc] Learn + convergence test @ 840 samples accepted.
[likelihoodcollection] Average computation time:
   flamingo.inference.masked_ps.MaskedBandPowerLikelihood : 5.25825e-05 s (1795 evaluations, 0.0943856 s total)
[theorycollection] Average computation time:
   flamingo.inference.masked_ps.MaskedTSZTheory : 0.0165132 s (1795 evaluations, 29.6412 s total)
[mcmc]  - Acceptance rate: 0.537
[mcmc]  - Convergence of means: R-1 = 19.504207 after 672 accepted steps
[mcmc]  - Updated covariance matrix of proposal pdf.
[mcmc] Learn + convergence test @ 880 samples accepted.
[likelihoodcollection] Average computation time:
   flamingo.inference.masked_ps.MaskedBandPowerLikelihood : 5.25553e-05 s (1870 evaluations, 0.0982783 s total)
[theorycollection] Average computation time:
   flamingo.inference.masked_ps.MaskedTSZTheory : 0.0165071 s (1870 evaluations, 30.8683 s total)
[mcmc]  - Acceptance rate: 0.538
[mcmc]  - Convergence of means: R-1 = 20.666581 after 704 accepted steps
[mcmc]  - Updated covariance matrix of proposal pdf.
[mcmc] Learn + convergence test @ 920 samples accepted.
[likelihoodcollection] Average computation time:
   flamingo.inference.masked_ps.MaskedBandPowerLikelihood : 5.24718e-05 s (1936 evaluations, 0.101585 s total)
[theorycollection] Average computation time:
   flamingo.inference.masked_ps.MaskedTSZTheory : 0.016501 s (1936 evaluations, 31.946 s total)
[mcmc]  - Acceptance rate: 0.541
[mcmc]  - Convergence of means: R-1 = 9.554285 after 736 accepted steps
[mcmc]  - Updated covariance matrix of proposal pdf.
[mcmc] Learn + convergence test @ 960 samples accepted.
[likelihoodcollection] Average computation time:
   flamingo.inference.masked_ps.MaskedBandPowerLikelihood : 5.26002e-05 s (2014 evaluations, 0.105937 s total)
[theorycollection] Average computation time:
   flamingo.inference.masked_ps.MaskedTSZTheory : 0.0164812 s (2014 evaluations, 33.1931 s total)
[mcmc]  - Acceptance rate: 0.542
[mcmc]  - Convergence of means: R-1 = 8.421212 after 768 accepted steps
[mcmc]  - Updated covariance matrix of proposal pdf.
[mcmc] Learn + convergence test @ 1000 samples accepted.
[likelihoodcollection] Average computation time:
   flamingo.inference.masked_ps.MaskedBandPowerLikelihood : 5.26559e-05 s (2098 evaluations, 0.110472 s total)
[theorycollection] Average computation time:
   flamingo.inference.masked_ps.MaskedTSZTheory : 0.0164731 s (2098 evaluations, 34.5605 s total)
[mcmc]  - Acceptance rate: 0.543
[mcmc]  - Convergence of means: R-1 = 8.192486 after 800 accepted steps
[mcmc]  - Updated covariance matrix of proposal pdf.
[mcmc] Learn + convergence test @ 1040 samples accepted.
[likelihoodcollection] Average computation time:
   flamingo.inference.masked_ps.MaskedBandPowerLikelihood : 5.25136e-05 s (2188 evaluations, 0.1149 s total)
[theorycollection] Average computation time:
   flamingo.inference.masked_ps.MaskedTSZTheory : 0.0164774 s (2188 evaluations, 36.0525 s total)
[mcmc]  - Acceptance rate: 0.540
[mcmc]  - Convergence of means: R-1 = 8.142375 after 832 accepted steps
[mcmc]  - Updated covariance matrix of proposal pdf.
[mcmc] Learn + convergence test @ 1080 samples accepted.
[likelihoodcollection] Average computation time:
   flamingo.inference.masked_ps.MaskedBandPowerLikelihood : 5.26207e-05 s (2264 evaluations, 0.119133 s total)
[theorycollection] Average computation time:
   flamingo.inference.masked_ps.MaskedTSZTheory : 0.0164756 s (2264 evaluations, 37.3008 s total)
[mcmc]  - Acceptance rate: 0.539
[mcmc]  - Convergence of means: R-1 = 7.535698 after 864 accepted steps
[mcmc]  - Updated covariance matrix of proposal pdf.
[mcmc] Learn + convergence test @ 1120 samples accepted.
[likelihoodcollection] Average computation time:
   flamingo.inference.masked_ps.MaskedBandPowerLikelihood : 5.28057e-05 s (2361 evaluations, 0.124674 s total)
[theorycollection] Average computation time:
   flamingo.inference.masked_ps.MaskedTSZTheory : 0.0164731 s (2361 evaluations, 38.8929 s total)
[mcmc]  - Acceptance rate: 0.532
[mcmc]  - Convergence of means: R-1 = 6.267828 after 896 accepted steps
[mcmc]  - Updated covariance matrix of proposal pdf.
[mcmc] Learn + convergence test @ 1160 samples accepted.
[likelihoodcollection] Average computation time:
   flamingo.inference.masked_ps.MaskedBandPowerLikelihood : 5.28576e-05 s (2429 evaluations, 0.128391 s total)
[theorycollection] Average computation time:
   flamingo.inference.masked_ps.MaskedTSZTheory : 0.016478 s (2429 evaluations, 40.0252 s total)
[mcmc]  - Acceptance rate: 0.527
[mcmc]  - Convergence of means: R-1 = 8.065845 after 928 accepted steps
[mcmc]  - Updated covariance matrix of proposal pdf.
[mcmc] Learn + convergence test @ 1200 samples accepted.
[likelihoodcollection] Average computation time:
   flamingo.inference.masked_ps.MaskedBandPowerLikelihood : 5.29758e-05 s (2505 evaluations, 0.132704 s total)
[theorycollection] Average computation time:
   flamingo.inference.masked_ps.MaskedTSZTheory : 0.016484 s (2505 evaluations, 41.2925 s total)
[mcmc]  - Acceptance rate: 0.527
[mcmc]  - Convergence of means: R-1 = 7.556548 after 960 accepted steps
[mcmc]  - Updated covariance matrix of proposal pdf.
[mcmc] Learn + convergence test @ 1240 samples accepted.
[likelihoodcollection] Average computation time:
   flamingo.inference.masked_ps.MaskedBandPowerLikelihood : 5.31002e-05 s (2573 evaluations, 0.136627 s total)
[theorycollection] Average computation time:
   flamingo.inference.masked_ps.MaskedTSZTheory : 0.0164882 s (2573 evaluations, 42.4241 s total)
[mcmc]  - Acceptance rate: 0.529
[mcmc]  - Convergence of means: R-1 = 6.175303 after 992 accepted steps
[mcmc]  - Updated covariance matrix of proposal pdf.
[mcmc] Learn + convergence test @ 1280 samples accepted.
[likelihoodcollection] Average computation time:
   flamingo.inference.masked_ps.MaskedBandPowerLikelihood : 5.33091e-05 s (2657 evaluations, 0.141642 s total)
[theorycollection] Average computation time:
   flamingo.inference.masked_ps.MaskedTSZTheory : 0.0164948 s (2657 evaluations, 43.8267 s total)
[mcmc]  - Acceptance rate: 0.525
[mcmc]  - Convergence of means: R-1 = 6.512418 after 1024 accepted steps
[mcmc]  - Updated covariance matrix of proposal pdf.
[mcmc] Learn + convergence test @ 1320 samples accepted.
[likelihoodcollection] Average computation time:
   flamingo.inference.masked_ps.MaskedBandPowerLikelihood : 5.33584e-05 s (2743 evaluations, 0.146362 s total)
[theorycollection] Average computation time:
   flamingo.inference.masked_ps.MaskedTSZTheory : 0.0164966 s (2743 evaluations, 45.2502 s total)
[mcmc]  - Acceptance rate: 0.522
[mcmc]  - Convergence of means: R-1 = 6.594977 after 1056 accepted steps
[mcmc]  - Updated covariance matrix of proposal pdf.
[mcmc] Learn + convergence test @ 1360 samples accepted.
[likelihoodcollection] Average computation time:
   flamingo.inference.masked_ps.MaskedBandPowerLikelihood : 5.33919e-05 s (2814 evaluations, 0.150245 s total)
[theorycollection] Average computation time:
   flamingo.inference.masked_ps.MaskedTSZTheory : 0.0165074 s (2814 evaluations, 46.4517 s total)
[mcmc]  - Acceptance rate: 0.524
[mcmc]  - Convergence of means: R-1 = 4.914141 after 1088 accepted steps
[mcmc]  - Updated covariance matrix of proposal pdf.
[mcmc] Learn + convergence test @ 1400 samples accepted.
[likelihoodcollection] Average computation time:
   flamingo.inference.masked_ps.MaskedBandPowerLikelihood : 5.3424e-05 s (2883 evaluations, 0.154021 s total)
[theorycollection] Average computation time:
   flamingo.inference.masked_ps.MaskedTSZTheory : 0.0165156 s (2883 evaluations, 47.6144 s total)
[mcmc]  - Acceptance rate: 0.525
[mcmc]  - Convergence of means: R-1 = 2.702777 after 1120 accepted steps
[mcmc]  - Updated covariance matrix of proposal pdf.
[mcmc] Learn + convergence test @ 1440 samples accepted.
[likelihoodcollection] Average computation time:
   flamingo.inference.masked_ps.MaskedBandPowerLikelihood : 5.3415e-05 s (2970 evaluations, 0.158642 s total)
[theorycollection] Average computation time:
   flamingo.inference.masked_ps.MaskedTSZTheory : 0.0165128 s (2970 evaluations, 49.0431 s total)
[mcmc]  - Acceptance rate: 0.520
[mcmc]  - Convergence of means: R-1 = 2.321845 after 1152 accepted steps
[mcmc]  - Updated covariance matrix of proposal pdf.
[mcmc] Learn + convergence test @ 1480 samples accepted.
[likelihoodcollection] Average computation time:
   flamingo.inference.masked_ps.MaskedBandPowerLikelihood : 5.33644e-05 s (3048 evaluations, 0.162655 s total)
[theorycollection] Average computation time:
   flamingo.inference.masked_ps.MaskedTSZTheory : 0.0165044 s (3048 evaluations, 50.3054 s total)
[mcmc]  - Acceptance rate: 0.519
[mcmc]  - Convergence of means: R-1 = 1.822035 after 1184 accepted steps
[mcmc]  - Updated covariance matrix of proposal pdf.
[mcmc] Learn + convergence test @ 1520 samples accepted.
[likelihoodcollection] Average computation time:
   flamingo.inference.masked_ps.MaskedBandPowerLikelihood : 5.3375e-05 s (3125 evaluations, 0.166797 s total)
[theorycollection] Average computation time:
   flamingo.inference.masked_ps.MaskedTSZTheory : 0.0165124 s (3125 evaluations, 51.6013 s total)
[mcmc]  - Acceptance rate: 0.518
[mcmc]  - Convergence of means: R-1 = 1.733398 after 1216 accepted steps
[mcmc]  - Updated covariance matrix of proposal pdf.
[mcmc] Learn + convergence test @ 1560 samples accepted.
[likelihoodcollection] Average computation time:
   flamingo.inference.masked_ps.MaskedBandPowerLikelihood : 5.34378e-05 s (3194 evaluations, 0.17068 s total)
[theorycollection] Average computation time:
   flamingo.inference.masked_ps.MaskedTSZTheory : 0.0165118 s (3194 evaluations, 52.7388 s total)
[mcmc]  - Acceptance rate: 0.519
[mcmc]  - Convergence of means: R-1 = 1.789607 after 1248 accepted steps
[mcmc]  - Updated covariance matrix of proposal pdf.
[mcmc] Learn + convergence test @ 1600 samples accepted.
[likelihoodcollection] Average computation time:
   flamingo.inference.masked_ps.MaskedBandPowerLikelihood : 5.35273e-05 s (3259 evaluations, 0.174446 s total)
[theorycollection] Average computation time:
   flamingo.inference.masked_ps.MaskedTSZTheory : 0.0165076 s (3259 evaluations, 53.7983 s total)
[mcmc]  - Acceptance rate: 0.523
[mcmc]  - Convergence of means: R-1 = 1.729266 after 1280 accepted steps
[mcmc]  - Updated covariance matrix of proposal pdf.
[mcmc] Learn + convergence test @ 1640 samples accepted.
[likelihoodcollection] Average computation time:
   flamingo.inference.masked_ps.MaskedBandPowerLikelihood : 5.3504e-05 s (3327 evaluations, 0.178008 s total)
[theorycollection] Average computation time:
   flamingo.inference.masked_ps.MaskedTSZTheory : 0.0165004 s (3327 evaluations, 54.8969 s total)
[mcmc]  - Acceptance rate: 0.523
[mcmc]  - Convergence of means: R-1 = 1.618228 after 1312 accepted steps
[mcmc]  - Updated covariance matrix of proposal pdf.
[mcmc] Learn + convergence test @ 1680 samples accepted.
[likelihoodcollection] Average computation time:
   flamingo.inference.masked_ps.MaskedBandPowerLikelihood : 5.34979e-05 s (3408 evaluations, 0.182321 s total)
[theorycollection] Average computation time:
   flamingo.inference.masked_ps.MaskedTSZTheory : 0.0165052 s (3408 evaluations, 56.2496 s total)
[mcmc]  - Acceptance rate: 0.521
[mcmc]  - Convergence of means: R-1 = 1.844623 after 1344 accepted steps
[mcmc]  - Updated covariance matrix of proposal pdf.
[mcmc] Learn + convergence test @ 1720 samples accepted.
[likelihoodcollection] Average computation time:
   flamingo.inference.masked_ps.MaskedBandPowerLikelihood : 5.34533e-05 s (3479 evaluations, 0.185964 s total)
[theorycollection] Average computation time:
   flamingo.inference.masked_ps.MaskedTSZTheory : 0.0164969 s (3479 evaluations, 57.3928 s total)
[mcmc]  - Acceptance rate: 0.521
[mcmc]  - Convergence of means: R-1 = 2.087009 after 1376 accepted steps
[mcmc]  - Updated covariance matrix of proposal pdf.
[mcmc] Learn + convergence test @ 1760 samples accepted.
[likelihoodcollection] Average computation time:
   flamingo.inference.masked_ps.MaskedBandPowerLikelihood : 5.34089e-05 s (3554 evaluations, 0.189815 s total)
[theorycollection] Average computation time:
   flamingo.inference.masked_ps.MaskedTSZTheory : 0.0164956 s (3554 evaluations, 58.6253 s total)
[mcmc]  - Acceptance rate: 0.521
[mcmc]  - Convergence of means: R-1 = 1.893212 after 1408 accepted steps
[mcmc]  - Updated covariance matrix of proposal pdf.
[mcmc] Progress @ 2026-08-03 01:50:29 : 3631 steps taken, and 1768 accepted.
[mcmc] Learn + convergence test @ 1800 samples accepted.
[likelihoodcollection] Average computation time:
   flamingo.inference.masked_ps.MaskedBandPowerLikelihood : 5.34074e-05 s (3647 evaluations, 0.194777 s total)
[theorycollection] Average computation time:
   flamingo.inference.masked_ps.MaskedTSZTheory : 0.0164884 s (3647 evaluations, 60.1333 s total)
[mcmc]  - Acceptance rate: 0.518
[mcmc]  - Convergence of means: R-1 = 1.477107 after 1440 accepted steps
[mcmc]  - Updated covariance matrix of proposal pdf.
[mcmc] Learn + convergence test @ 1840 samples accepted.
[likelihoodcollection] Average computation time:
   flamingo.inference.masked_ps.MaskedBandPowerLikelihood : 5.34375e-05 s (3737 evaluations, 0.199696 s total)
[theorycollection] Average computation time:
   flamingo.inference.masked_ps.MaskedTSZTheory : 0.0164878 s (3737 evaluations, 61.6149 s total)
[mcmc]  - Acceptance rate: 0.515
[mcmc]  - Convergence of means: R-1 = 1.188747 after 1472 accepted steps
[mcmc]  - Updated covariance matrix of proposal pdf.
[mcmc] Learn + convergence test @ 1880 samples accepted.
[likelihoodcollection] Average computation time:
   flamingo.inference.masked_ps.MaskedBandPowerLikelihood : 5.34551e-05 s (3818 evaluations, 0.204092 s total)
[theorycollection] Average computation time:
   flamingo.inference.masked_ps.MaskedTSZTheory : 0.0164927 s (3818 evaluations, 62.969 s total)
[mcmc]  - Acceptance rate: 0.513
[mcmc]  - Convergence of means: R-1 = 1.037082 after 1504 accepted steps
[mcmc]  - Updated covariance matrix of proposal pdf.
[mcmc] Learn + convergence test @ 1920 samples accepted.
[likelihoodcollection] Average computation time:
   flamingo.inference.masked_ps.MaskedBandPowerLikelihood : 5.34069e-05 s (3891 evaluations, 0.207806 s total)
[theorycollection] Average computation time:
   flamingo.inference.masked_ps.MaskedTSZTheory : 0.0164881 s (3891 evaluations, 64.1551 s total)
[mcmc]  - Acceptance rate: 0.513
[mcmc]  - Convergence of means: R-1 = 0.872383 after 1536 accepted steps
[mcmc]  - Updated covariance matrix of proposal pdf.
[mcmc] Learn + convergence test @ 1960 samples accepted.
[likelihoodcollection] Average computation time:
   flamingo.inference.masked_ps.MaskedBandPowerLikelihood : 5.33317e-05 s (3961 evaluations, 0.211247 s total)
[theorycollection] Average computation time:
   flamingo.inference.masked_ps.MaskedTSZTheory : 0.0164889 s (3961 evaluations, 65.3126 s total)
[mcmc]  - Acceptance rate: 0.513
[mcmc]  - Convergence of means: R-1 = 0.732259 after 1568 accepted steps
[mcmc]  - Updated covariance matrix of proposal pdf.
[mcmc] Learn + convergence test @ 2000 samples accepted.
[likelihoodcollection] Average computation time:
   flamingo.inference.masked_ps.MaskedBandPowerLikelihood : 5.3345e-05 s (4034 evaluations, 0.215194 s total)
[theorycollection] Average computation time:
   flamingo.inference.masked_ps.MaskedTSZTheory : 0.0164895 s (4034 evaluations, 66.5187 s total)
[mcmc]  - Acceptance rate: 0.513
[mcmc]  - Convergence of means: R-1 = 0.640313 after 1600 accepted steps
[mcmc]  - Updated covariance matrix of proposal pdf.
[mcmc] Learn + convergence test @ 2040 samples accepted.
[likelihoodcollection] Average computation time:
   flamingo.inference.masked_ps.MaskedBandPowerLikelihood : 5.33191e-05 s (4098 evaluations, 0.218502 s total)
[theorycollection] Average computation time:
   flamingo.inference.masked_ps.MaskedTSZTheory : 0.016487 s (4098 evaluations, 67.5636 s total)
[mcmc]  - Acceptance rate: 0.515
[mcmc]  - Convergence of means: R-1 = 0.699755 after 1632 accepted steps
[mcmc]  - Updated covariance matrix of proposal pdf.
[mcmc] Learn + convergence test @ 2080 samples accepted.
[likelihoodcollection] Average computation time:
   flamingo.inference.masked_ps.MaskedBandPowerLikelihood : 5.33503e-05 s (4191 evaluations, 0.223591 s total)
[theorycollection] Average computation time:
   flamingo.inference.masked_ps.MaskedTSZTheory : 0.01649 s (4191 evaluations, 69.1095 s total)
[mcmc]  - Acceptance rate: 0.512
[mcmc]  - Convergence of means: R-1 = 0.698238 after 1664 accepted steps
[mcmc]  - Updated covariance matrix of proposal pdf.
[mcmc] Learn + convergence test @ 2120 samples accepted.
[likelihoodcollection] Average computation time:
   flamingo.inference.masked_ps.MaskedBandPowerLikelihood : 5.32905e-05 s (4260 evaluations, 0.227017 s total)
[theorycollection] Average computation time:
   flamingo.inference.masked_ps.MaskedTSZTheory : 0.0164855 s (4260 evaluations, 70.2281 s total)
[mcmc]  - Acceptance rate: 0.513
[mcmc]  - Convergence of means: R-1 = 0.728384 after 1696 accepted steps
[mcmc]  - Updated covariance matrix of proposal pdf.
[mcmc] Learn + convergence test @ 2160 samples accepted.
[likelihoodcollection] Average computation time:
   flamingo.inference.masked_ps.MaskedBandPowerLikelihood : 5.33331e-05 s (4344 evaluations, 0.231679 s total)
[theorycollection] Average computation time:
   flamingo.inference.masked_ps.MaskedTSZTheory : 0.0164857 s (4344 evaluations, 71.6137 s total)
[mcmc]  - Acceptance rate: 0.511
[mcmc]  - Convergence of means: R-1 = 0.628235 after 1728 accepted steps
[mcmc]  - Updated covariance matrix of proposal pdf.
[mcmc] Learn + convergence test @ 2200 samples accepted.
[likelihoodcollection] Average computation time:
   flamingo.inference.masked_ps.MaskedBandPowerLikelihood : 5.32914e-05 s (4436 evaluations, 0.236401 s total)
[theorycollection] Average computation time:
   flamingo.inference.masked_ps.MaskedTSZTheory : 0.0164813 s (4436 evaluations, 73.1111 s total)
[mcmc]  - Acceptance rate: 0.509
[mcmc]  - Convergence of means: R-1 = 0.545995 after 1760 accepted steps
[mcmc]  - Updated covariance matrix of proposal pdf.
[mcmc] Learn + convergence test @ 2240 samples accepted.
[likelihoodcollection] Average computation time:
   flamingo.inference.masked_ps.MaskedBandPowerLikelihood : 5.33289e-05 s (4516 evaluations, 0.240833 s total)
[theorycollection] Average computation time:
   flamingo.inference.masked_ps.MaskedTSZTheory : 0.0164848 s (4516 evaluations, 74.4455 s total)
[mcmc]  - Acceptance rate: 0.508
[mcmc]  - Convergence of means: R-1 = 0.603123 after 1792 accepted steps
[mcmc]  - Updated covariance matrix of proposal pdf.
[mcmc] Learn + convergence test @ 2280 samples accepted.
[likelihoodcollection] Average computation time:
   flamingo.inference.masked_ps.MaskedBandPowerLikelihood : 5.33421e-05 s (4621 evaluations, 0.246494 s total)
[theorycollection] Average computation time:
   flamingo.inference.masked_ps.MaskedTSZTheory : 0.0164842 s (4621 evaluations, 76.1737 s total)
[mcmc]  - Acceptance rate: 0.504
[mcmc]  - Convergence of means: R-1 = 0.623589 after 1824 accepted steps
[mcmc]  - Updated covariance matrix of proposal pdf.
[mcmc] Learn + convergence test @ 2320 samples accepted.
[likelihoodcollection] Average computation time:
   flamingo.inference.masked_ps.MaskedBandPowerLikelihood : 5.33445e-05 s (4703 evaluations, 0.250879 s total)
[theorycollection] Average computation time:
   flamingo.inference.masked_ps.MaskedTSZTheory : 0.0164844 s (4703 evaluations, 77.526 s total)
[mcmc]  - Acceptance rate: 0.503
[mcmc]  - Convergence of means: R-1 = 0.457660 after 1856 accepted steps
[mcmc]  - Updated covariance matrix of proposal pdf.
[mcmc] Learn + convergence test @ 2360 samples accepted.
[likelihoodcollection] Average computation time:
   flamingo.inference.masked_ps.MaskedBandPowerLikelihood : 5.32742e-05 s (4778 evaluations, 0.254544 s total)
[theorycollection] Average computation time:
   flamingo.inference.masked_ps.MaskedTSZTheory : 0.0164828 s (4778 evaluations, 78.7549 s total)
[mcmc]  - Acceptance rate: 0.503
[mcmc]  - Convergence of means: R-1 = 0.540653 after 1888 accepted steps
[mcmc]  - Updated covariance matrix of proposal pdf.
[mcmc] Learn + convergence test @ 2400 samples accepted.
[likelihoodcollection] Average computation time:
   flamingo.inference.masked_ps.MaskedBandPowerLikelihood : 5.31731e-05 s (4857 evaluations, 0.258262 s total)
[theorycollection] Average computation time:
   flamingo.inference.masked_ps.MaskedTSZTheory : 0.016477 s (4857 evaluations, 80.0286 s total)
[mcmc]  - Acceptance rate: 0.502
[mcmc]  - Convergence of means: R-1 = 0.544725 after 1920 accepted steps
[mcmc]  - Updated covariance matrix of proposal pdf.
[mcmc] Learn + convergence test @ 2440 samples accepted.
[likelihoodcollection] Average computation time:
   flamingo.inference.masked_ps.MaskedBandPowerLikelihood : 5.30884e-05 s (4931 evaluations, 0.261779 s total)
[theorycollection] Average computation time:
   flamingo.inference.masked_ps.MaskedTSZTheory : 0.0164794 s (4931 evaluations, 81.2598 s total)
[mcmc]  - Acceptance rate: 0.502
[mcmc]  - Convergence of means: R-1 = 0.473058 after 1952 accepted steps
[mcmc]  - Updated covariance matrix of proposal pdf.
[mcmc] Learn + convergence test @ 2480 samples accepted.
[likelihoodcollection] Average computation time:
   flamingo.inference.masked_ps.MaskedBandPowerLikelihood : 5.31541e-05 s (5017 evaluations, 0.266674 s total)
[theorycollection] Average computation time:
   flamingo.inference.masked_ps.MaskedTSZTheory : 0.0164821 s (5017 evaluations, 82.6907 s total)
[mcmc]  - Acceptance rate: 0.500
[mcmc]  - Convergence of means: R-1 = 0.469103 after 1984 accepted steps
[mcmc]  - Updated covariance matrix of proposal pdf.
[mcmc] Learn + convergence test @ 2520 samples accepted.
[likelihoodcollection] Average computation time:
   flamingo.inference.masked_ps.MaskedBandPowerLikelihood : 5.31736e-05 s (5108 evaluations, 0.271611 s total)
[theorycollection] Average computation time:
   flamingo.inference.masked_ps.MaskedTSZTheory : 0.016482 s (5108 evaluations, 84.19 s total)
[mcmc]  - Acceptance rate: 0.497
[mcmc]  - Convergence of means: R-1 = 0.574943 after 2016 accepted steps
[mcmc]  - Updated covariance matrix of proposal pdf.
[mcmc] Learn + convergence test @ 2560 samples accepted.
[likelihoodcollection] Average computation time:
   flamingo.inference.masked_ps.MaskedBandPowerLikelihood : 5.31999e-05 s (5186 evaluations, 0.275895 s total)
[theorycollection] Average computation time:
   flamingo.inference.masked_ps.MaskedTSZTheory : 0.0164822 s (5186 evaluations, 85.4769 s total)
[mcmc]  - Acceptance rate: 0.496
[mcmc]  - Convergence of means: R-1 = 0.455070 after 2048 accepted steps
[mcmc]  - Updated covariance matrix of proposal pdf.
[mcmc] Learn + convergence test @ 2600 samples accepted.
[likelihoodcollection] Average computation time:
   flamingo.inference.masked_ps.MaskedBandPowerLikelihood : 5.32073e-05 s (5252 evaluations, 0.279445 s total)
[theorycollection] Average computation time:
   flamingo.inference.masked_ps.MaskedTSZTheory : 0.0164864 s (5252 evaluations, 86.5864 s total)
[mcmc]  - Acceptance rate: 0.498
[mcmc]  - Convergence of means: R-1 = 0.520997 after 2080 accepted steps
[mcmc]  - Updated covariance matrix of proposal pdf.
[mcmc] Learn + convergence test @ 2640 samples accepted.
[likelihoodcollection] Average computation time:
   flamingo.inference.masked_ps.MaskedBandPowerLikelihood : 5.31421e-05 s (5336 evaluations, 0.283566 s total)
[theorycollection] Average computation time:
   flamingo.inference.masked_ps.MaskedTSZTheory : 0.0164809 s (5336 evaluations, 87.9423 s total)
[mcmc]  - Acceptance rate: 0.498
[mcmc]  - Convergence of means: R-1 = 0.642639 after 2112 accepted steps
[mcmc]  - Updated covariance matrix of proposal pdf.
[mcmc] Learn + convergence test @ 2680 samples accepted.
[likelihoodcollection] Average computation time:
   flamingo.inference.masked_ps.MaskedBandPowerLikelihood : 5.3163e-05 s (5412 evaluations, 0.287718 s total)
[theorycollection] Average computation time:
   flamingo.inference.masked_ps.MaskedTSZTheory : 0.0164787 s (5412 evaluations, 89.1825 s total)
[mcmc]  - Acceptance rate: 0.498
[mcmc]  - Convergence of means: R-1 = 0.655920 after 2144 accepted steps
[mcmc]  - Updated covariance matrix of proposal pdf.
[mcmc] Learn + convergence test @ 2720 samples accepted.
[likelihoodcollection] Average computation time:
   flamingo.inference.masked_ps.MaskedBandPowerLikelihood : 5.3181e-05 s (5489 evaluations, 0.29191 s total)
[theorycollection] Average computation time:
   flamingo.inference.masked_ps.MaskedTSZTheory : 0.0164745 s (5489 evaluations, 90.4286 s total)
[mcmc]  - Acceptance rate: 0.498
[mcmc]  - Convergence of means: R-1 = 0.374258 after 2176 accepted steps
[mcmc]  - Updated covariance matrix of proposal pdf.
[mcmc] Learn + convergence test @ 2760 samples accepted.
[likelihoodcollection] Average computation time:
   flamingo.inference.masked_ps.MaskedBandPowerLikelihood : 5.31548e-05 s (5576 evaluations, 0.296391 s total)
[theorycollection] Average computation time:
   flamingo.inference.masked_ps.MaskedTSZTheory : 0.0164712 s (5576 evaluations, 91.8431 s total)
[mcmc]  - Acceptance rate: 0.497
[mcmc]  - Convergence of means: R-1 = 0.347093 after 2208 accepted steps
[mcmc]  - Updated covariance matrix of proposal pdf.
[mcmc] Learn + convergence test @ 2800 samples accepted.
[likelihoodcollection] Average computation time:
   flamingo.inference.masked_ps.MaskedBandPowerLikelihood : 5.31397e-05 s (5658 evaluations, 0.300664 s total)
[theorycollection] Average computation time:
   flamingo.inference.masked_ps.MaskedTSZTheory : 0.0164708 s (5658 evaluations, 93.192 s total)
[mcmc]  - Acceptance rate: 0.496
[mcmc]  - Convergence of means: R-1 = 0.352974 after 2240 accepted steps
[mcmc]  - Updated covariance matrix of proposal pdf.
[mcmc] Learn + convergence test @ 2840 samples accepted.
[likelihoodcollection] Average computation time:
   flamingo.inference.masked_ps.MaskedBandPowerLikelihood : 5.32132e-05 s (5748 evaluations, 0.30587 s total)
[theorycollection] Average computation time:
   flamingo.inference.masked_ps.MaskedTSZTheory : 0.0164758 s (5748 evaluations, 94.703 s total)
[mcmc]  - Acceptance rate: 0.495
[mcmc]  - Convergence of means: R-1 = 0.278427 after 2272 accepted steps
[mcmc]  - Updated covariance matrix of proposal pdf.
[mcmc] Learn + convergence test @ 2880 samples accepted.
[likelihoodcollection] Average computation time:
   flamingo.inference.masked_ps.MaskedBandPowerLikelihood : 5.32216e-05 s (5824 evaluations, 0.309963 s total)
[theorycollection] Average computation time:
   flamingo.inference.masked_ps.MaskedTSZTheory : 0.0164785 s (5824 evaluations, 95.9707 s total)
[mcmc]  - Acceptance rate: 0.495
[mcmc]  - Convergence of means: R-1 = 0.254714 after 2304 accepted steps
[mcmc]  - Updated covariance matrix of proposal pdf.
[mcmc] Learn + convergence test @ 2920 samples accepted.
[likelihoodcollection] Average computation time:
   flamingo.inference.masked_ps.MaskedBandPowerLikelihood : 5.32215e-05 s (5910 evaluations, 0.314539 s total)
[theorycollection] Average computation time:
   flamingo.inference.masked_ps.MaskedTSZTheory : 0.0164804 s (5910 evaluations, 97.3991 s total)
[mcmc]  - Acceptance rate: 0.494
[mcmc]  - Convergence of means: R-1 = 0.232255 after 2336 accepted steps
[mcmc]  - Updated covariance matrix of proposal pdf.
[mcmc] Learn + convergence test @ 2960 samples accepted.
[likelihoodcollection] Average computation time:
   flamingo.inference.masked_ps.MaskedBandPowerLikelihood : 5.32783e-05 s (5998 evaluations, 0.319563 s total)
[theorycollection] Average computation time:
   flamingo.inference.masked_ps.MaskedTSZTheory : 0.016484 s (5998 evaluations, 98.871 s total)
[mcmc]  - Acceptance rate: 0.494
[mcmc]  - Convergence of means: R-1 = 0.174761 after 2368 accepted steps
[mcmc]  - Updated covariance matrix of proposal pdf.
[mcmc] Learn + convergence test @ 3000 samples accepted.
[likelihoodcollection] Average computation time:
   flamingo.inference.masked_ps.MaskedBandPowerLikelihood : 5.32591e-05 s (6075 evaluations, 0.323549 s total)
[theorycollection] Average computation time:
   flamingo.inference.masked_ps.MaskedTSZTheory : 0.0164846 s (6075 evaluations, 100.144 s total)
[mcmc]  - Acceptance rate: 0.494
[mcmc]  - Convergence of means: R-1 = 0.164090 after 2400 accepted steps
[mcmc]  - Updated covariance matrix of proposal pdf.
[mcmc] Learn + convergence test @ 3040 samples accepted.
[likelihoodcollection] Average computation time:
   flamingo.inference.masked_ps.MaskedBandPowerLikelihood : 5.32652e-05 s (6142 evaluations, 0.327155 s total)
[theorycollection] Average computation time:
   flamingo.inference.masked_ps.MaskedTSZTheory : 0.0164793 s (6142 evaluations, 101.216 s total)
[mcmc]  - Acceptance rate: 0.495
[mcmc]  - Convergence of means: R-1 = 0.174435 after 2432 accepted steps
[mcmc]  - Updated covariance matrix of proposal pdf.
[mcmc] Learn + convergence test @ 3080 samples accepted.
[likelihoodcollection] Average computation time:
   flamingo.inference.masked_ps.MaskedBandPowerLikelihood : 5.35085e-05 s (6214 evaluations, 0.332502 s total)
[theorycollection] Average computation time:
   flamingo.inference.masked_ps.MaskedTSZTheory : 0.0164817 s (6214 evaluations, 102.418 s total)
[mcmc]  - Acceptance rate: 0.496
[mcmc]  - Convergence of means: R-1 = 0.217232 after 2464 accepted steps
[mcmc]  - Updated covariance matrix of proposal pdf.
[mcmc] Learn + convergence test @ 3120 samples accepted.
[likelihoodcollection] Average computation time:
   flamingo.inference.masked_ps.MaskedBandPowerLikelihood : 5.34942e-05 s (6306 evaluations, 0.337334 s total)
[theorycollection] Average computation time:
   flamingo.inference.masked_ps.MaskedTSZTheory : 0.0164847 s (6306 evaluations, 103.952 s total)
[mcmc]  - Acceptance rate: 0.495
[mcmc]  - Convergence of means: R-1 = 0.315119 after 2496 accepted steps
[mcmc]  - Updated covariance matrix of proposal pdf.
[mcmc] Learn + convergence test @ 3160 samples accepted.
[likelihoodcollection] Average computation time:
   flamingo.inference.masked_ps.MaskedBandPowerLikelihood : 5.35026e-05 s (6383 evaluations, 0.341507 s total)
[theorycollection] Average computation time:
   flamingo.inference.masked_ps.MaskedTSZTheory : 0.0164872 s (6383 evaluations, 105.238 s total)
[mcmc]  - Acceptance rate: 0.495
[mcmc]  - Convergence of means: R-1 = 0.471582 after 2528 accepted steps
[mcmc]  - Updated covariance matrix of proposal pdf.
[mcmc] Learn + convergence test @ 3200 samples accepted.
[likelihoodcollection] Average computation time:
   flamingo.inference.masked_ps.MaskedBandPowerLikelihood : 5.3498e-05 s (6478 evaluations, 0.34656 s total)
[theorycollection] Average computation time:
   flamingo.inference.masked_ps.MaskedTSZTheory : 0.016492 s (6478 evaluations, 106.835 s total)
[mcmc]  - Acceptance rate: 0.494
[mcmc]  - Convergence of means: R-1 = 0.508865 after 2560 accepted steps
[mcmc]  - Updated covariance matrix of proposal pdf.
[mcmc] Learn + convergence test @ 3240 samples accepted.
[likelihoodcollection] Average computation time:
   flamingo.inference.masked_ps.MaskedBandPowerLikelihood : 5.34639e-05 s (6545 evaluations, 0.349921 s total)
[theorycollection] Average computation time:
   flamingo.inference.masked_ps.MaskedTSZTheory : 0.0164931 s (6545 evaluations, 107.947 s total)
[mcmc]  - Acceptance rate: 0.494
[mcmc]  - Convergence of means: R-1 = 0.479757 after 2592 accepted steps
[mcmc]  - Updated covariance matrix of proposal pdf.
[mcmc] Learn + convergence test @ 3280 samples accepted.
[likelihoodcollection] Average computation time:
   flamingo.inference.masked_ps.MaskedBandPowerLikelihood : 5.34378e-05 s (6635 evaluations, 0.35456 s total)
[theorycollection] Average computation time:
   flamingo.inference.masked_ps.MaskedTSZTheory : 0.0164944 s (6635 evaluations, 109.441 s total)
[mcmc]  - Acceptance rate: 0.493
[mcmc]  - Convergence of means: R-1 = 0.357981 after 2624 accepted steps
[mcmc]  - Updated covariance matrix of proposal pdf.
[mcmc] Learn + convergence test @ 3320 samples accepted.
[likelihoodcollection] Average computation time:
   flamingo.inference.masked_ps.MaskedBandPowerLikelihood : 5.34857e-05 s (6711 evaluations, 0.358942 s total)
[theorycollection] Average computation time:
   flamingo.inference.masked_ps.MaskedTSZTheory : 0.0164963 s (6711 evaluations, 110.707 s total)
[mcmc]  - Acceptance rate: 0.493
[mcmc]  - Convergence of means: R-1 = 0.317965 after 2656 accepted steps
[mcmc]  - Updated covariance matrix of proposal pdf.
[mcmc] Learn + convergence test @ 3360 samples accepted.
[likelihoodcollection] Average computation time:
   flamingo.inference.masked_ps.MaskedBandPowerLikelihood : 5.35341e-05 s (6794 evaluations, 0.363711 s total)
[theorycollection] Average computation time:
   flamingo.inference.masked_ps.MaskedTSZTheory : 0.0165012 s (6794 evaluations, 112.109 s total)
[mcmc]  - Acceptance rate: 0.493
[mcmc]  - Convergence of means: R-1 = 0.348167 after 2688 accepted steps
[mcmc]  - Updated covariance matrix of proposal pdf.
[mcmc] Learn + convergence test @ 3400 samples accepted.
[likelihoodcollection] Average computation time:
   flamingo.inference.masked_ps.MaskedBandPowerLikelihood : 5.35145e-05 s (6862 evaluations, 0.367217 s total)
[theorycollection] Average computation time:
   flamingo.inference.masked_ps.MaskedTSZTheory : 0.0165031 s (6862 evaluations, 113.244 s total)
[mcmc]  - Acceptance rate: 0.494
[mcmc]  - Convergence of means: R-1 = 0.301025 after 2720 accepted steps
[mcmc]  - Updated covariance matrix of proposal pdf.
[mcmc] Learn + convergence test @ 3440 samples accepted.
[likelihoodcollection] Average computation time:
   flamingo.inference.masked_ps.MaskedBandPowerLikelihood : 5.35271e-05 s (6945 evaluations, 0.371746 s total)
[theorycollection] Average computation time:
   flamingo.inference.masked_ps.MaskedTSZTheory : 0.0165029 s (6945 evaluations, 114.612 s total)
[mcmc]  - Acceptance rate: 0.493
[mcmc]  - Convergence of means: R-1 = 0.247632 after 2752 accepted steps
[mcmc]  - Updated covariance matrix of proposal pdf.
[mcmc] Learn + convergence test @ 3480 samples accepted.
[likelihoodcollection] Average computation time:
   flamingo.inference.masked_ps.MaskedBandPowerLikelihood : 5.36287e-05 s (7027 evaluations, 0.376849 s total)
[theorycollection] Average computation time:
   flamingo.inference.masked_ps.MaskedTSZTheory : 0.0165083 s (7027 evaluations, 116.004 s total)
[mcmc]  - Acceptance rate: 0.493
[mcmc]  - Convergence of means: R-1 = 0.302118 after 2784 accepted steps
[mcmc]  - Updated covariance matrix of proposal pdf.
[mcmc] Learn + convergence test @ 3520 samples accepted.
[likelihoodcollection] Average computation time:
   flamingo.inference.masked_ps.MaskedBandPowerLikelihood : 5.36316e-05 s (7110 evaluations, 0.381321 s total)
[theorycollection] Average computation time:
   flamingo.inference.masked_ps.MaskedTSZTheory : 0.016512 s (7110 evaluations, 117.4 s total)
[mcmc]  - Acceptance rate: 0.492
[mcmc]  - Convergence of means: R-1 = 0.318196 after 2816 accepted steps
[mcmc]  - Updated covariance matrix of proposal pdf.
[mcmc] Progress @ 2026-08-03 01:51:29 : 7264 steps taken, and 3525 accepted.
[mcmc] Learn + convergence test @ 3560 samples accepted.
[likelihoodcollection] Average computation time:
   flamingo.inference.masked_ps.MaskedBandPowerLikelihood : 5.36176e-05 s (7194 evaluations, 0.385725 s total)
[theorycollection] Average computation time:
   flamingo.inference.masked_ps.MaskedTSZTheory : 0.0165127 s (7194 evaluations, 118.792 s total)
[mcmc]  - Acceptance rate: 0.491
[mcmc]  - Convergence of means: R-1 = 0.326996 after 2848 accepted steps
[mcmc]  - Updated covariance matrix of proposal pdf.
[mcmc] Learn + convergence test @ 3600 samples accepted.
[likelihoodcollection] Average computation time:
   flamingo.inference.masked_ps.MaskedBandPowerLikelihood : 5.35909e-05 s (7293 evaluations, 0.390838 s total)
[theorycollection] Average computation time:
   flamingo.inference.masked_ps.MaskedTSZTheory : 0.0165149 s (7293 evaluations, 120.443 s total)
[mcmc]  - Acceptance rate: 0.489
[mcmc]  - Convergence of means: R-1 = 0.299995 after 2880 accepted steps
[mcmc]  - Updated covariance matrix of proposal pdf.
[mcmc] Learn + convergence test @ 3640 samples accepted.
[likelihoodcollection] Average computation time:
   flamingo.inference.masked_ps.MaskedBandPowerLikelihood : 5.36191e-05 s (7383 evaluations, 0.39587 s total)
[theorycollection] Average computation time:
   flamingo.inference.masked_ps.MaskedTSZTheory : 0.0165189 s (7383 evaluations, 121.959 s total)
[mcmc]  - Acceptance rate: 0.488
[mcmc]  - Convergence of means: R-1 = 0.246243 after 2912 accepted steps
[mcmc]  - Updated covariance matrix of proposal pdf.
[mcmc] Learn + convergence test @ 3680 samples accepted.
[likelihoodcollection] Average computation time:
   flamingo.inference.masked_ps.MaskedBandPowerLikelihood : 5.3578e-05 s (7461 evaluations, 0.399746 s total)
[theorycollection] Average computation time:
   flamingo.inference.masked_ps.MaskedTSZTheory : 0.0165177 s (7461 evaluations, 123.239 s total)
[mcmc]  - Acceptance rate: 0.488
[mcmc]  - Convergence of means: R-1 = 0.235376 after 2944 accepted steps
[mcmc]  - Updated covariance matrix of proposal pdf.
[mcmc] Learn + convergence test @ 3720 samples accepted.
[likelihoodcollection] Average computation time:
   flamingo.inference.masked_ps.MaskedBandPowerLikelihood : 5.35766e-05 s (7548 evaluations, 0.404396 s total)
[theorycollection] Average computation time:
   flamingo.inference.masked_ps.MaskedTSZTheory : 0.0165213 s (7548 evaluations, 124.703 s total)
[mcmc]  - Acceptance rate: 0.488
[mcmc]  - Convergence of means: R-1 = 0.224712 after 2976 accepted steps
[mcmc]  - Updated covariance matrix of proposal pdf.
[mcmc] Learn + convergence test @ 3760 samples accepted.
[likelihoodcollection] Average computation time:
   flamingo.inference.masked_ps.MaskedBandPowerLikelihood : 5.35953e-05 s (7638 evaluations, 0.409361 s total)
[theorycollection] Average computation time:
   flamingo.inference.masked_ps.MaskedTSZTheory : 0.0165232 s (7638 evaluations, 126.204 s total)
[mcmc]  - Acceptance rate: 0.487
[mcmc]  - Convergence of means: R-1 = 0.192838 after 3008 accepted steps
[mcmc]  - Updated covariance matrix of proposal pdf.
[mcmc] Learn + convergence test @ 3800 samples accepted.
[likelihoodcollection] Average computation time:
   flamingo.inference.masked_ps.MaskedBandPowerLikelihood : 5.36026e-05 s (7716 evaluations, 0.413598 s total)
[theorycollection] Average computation time:
   flamingo.inference.masked_ps.MaskedTSZTheory : 0.0165277 s (7716 evaluations, 127.528 s total)
[mcmc]  - Acceptance rate: 0.487
[mcmc]  - Convergence of means: R-1 = 0.162559 after 3040 accepted steps
[mcmc]  - Updated covariance matrix of proposal pdf.
[mcmc] Learn + convergence test @ 3840 samples accepted.
[likelihoodcollection] Average computation time:
   flamingo.inference.masked_ps.MaskedBandPowerLikelihood : 5.35921e-05 s (7803 evaluations, 0.41818 s total)
[theorycollection] Average computation time:
   flamingo.inference.masked_ps.MaskedTSZTheory : 0.0165301 s (7803 evaluations, 128.984 s total)
[mcmc]  - Acceptance rate: 0.486
[mcmc]  - Convergence of means: R-1 = 0.159900 after 3072 accepted steps
[mcmc]  - Updated covariance matrix of proposal pdf.
[mcmc] Learn + convergence test @ 3880 samples accepted.
[likelihoodcollection] Average computation time:
   flamingo.inference.masked_ps.MaskedBandPowerLikelihood : 5.35802e-05 s (7889 evaluations, 0.422694 s total)
[theorycollection] Average computation time:
   flamingo.inference.masked_ps.MaskedTSZTheory : 0.0165333 s (7889 evaluations, 130.432 s total)
[mcmc]  - Acceptance rate: 0.484
[mcmc]  - Convergence of means: R-1 = 0.139954 after 3104 accepted steps
[mcmc]  - Updated covariance matrix of proposal pdf.
[mcmc] Learn + convergence test @ 3920 samples accepted.
[likelihoodcollection] Average computation time:
   flamingo.inference.masked_ps.MaskedBandPowerLikelihood : 5.35615e-05 s (7983 evaluations, 0.427581 s total)
[theorycollection] Average computation time:
   flamingo.inference.masked_ps.MaskedTSZTheory : 0.0165334 s (7983 evaluations, 131.986 s total)
[mcmc]  - Acceptance rate: 0.483
[mcmc]  - Convergence of means: R-1 = 0.123231 after 3136 accepted steps
[mcmc]  - Updated covariance matrix of proposal pdf.
[mcmc] Learn + convergence test @ 3960 samples accepted.
[likelihoodcollection] Average computation time:
   flamingo.inference.masked_ps.MaskedBandPowerLikelihood : 5.35781e-05 s (8058 evaluations, 0.431732 s total)
[theorycollection] Average computation time:
   flamingo.inference.masked_ps.MaskedTSZTheory : 0.0165356 s (8058 evaluations, 133.243 s total)
[mcmc]  - Acceptance rate: 0.483
[mcmc]  - Convergence of means: R-1 = 0.104909 after 3168 accepted steps
[mcmc]  - Updated covariance matrix of proposal pdf.
[mcmc] Learn + convergence test @ 4000 samples accepted.
[likelihoodcollection] Average computation time:
   flamingo.inference.masked_ps.MaskedBandPowerLikelihood : 5.35701e-05 s (8130 evaluations, 0.435525 s total)
[theorycollection] Average computation time:
   flamingo.inference.masked_ps.MaskedTSZTheory : 0.0165372 s (8130 evaluations, 134.447 s total)
[mcmc]  - Acceptance rate: 0.484
[mcmc]  - Convergence of means: R-1 = 0.113170 after 3200 accepted steps
[mcmc]  - Updated covariance matrix of proposal pdf.
[mcmc] Learn + convergence test @ 4040 samples accepted.
[likelihoodcollection] Average computation time:
   flamingo.inference.masked_ps.MaskedBandPowerLikelihood : 5.35576e-05 s (8199 evaluations, 0.439118 s total)
[theorycollection] Average computation time:
   flamingo.inference.masked_ps.MaskedTSZTheory : 0.0165363 s (8199 evaluations, 135.581 s total)
[mcmc]  - Acceptance rate: 0.485
[mcmc]  - Convergence of means: R-1 = 0.118988 after 3232 accepted steps
[mcmc]  - Updated covariance matrix of proposal pdf.
[mcmc] Learn + convergence test @ 4080 samples accepted.
[likelihoodcollection] Average computation time:
   flamingo.inference.masked_ps.MaskedBandPowerLikelihood : 5.35438e-05 s (8264 evaluations, 0.442486 s total)
[theorycollection] Average computation time:
   flamingo.inference.masked_ps.MaskedTSZTheory : 0.0165363 s (8264 evaluations, 136.656 s total)
[mcmc]  - Acceptance rate: 0.486
[mcmc]  - Convergence of means: R-1 = 0.119218 after 3264 accepted steps
[mcmc]  - Updated covariance matrix of proposal pdf.
[mcmc] Learn + convergence test @ 4120 samples accepted.
[likelihoodcollection] Average computation time:
   flamingo.inference.masked_ps.MaskedBandPowerLikelihood : 5.35268e-05 s (8344 evaluations, 0.446628 s total)
[theorycollection] Average computation time:
   flamingo.inference.masked_ps.MaskedTSZTheory : 0.0165392 s (8344 evaluations, 138.003 s total)
[mcmc]  - Acceptance rate: 0.486
[mcmc]  - Convergence of means: R-1 = 0.096606 after 3296 accepted steps
[mcmc]  - Updated covariance matrix of proposal pdf.
[mcmc] Learn + convergence test @ 4160 samples accepted.
[likelihoodcollection] Average computation time:
   flamingo.inference.masked_ps.MaskedBandPowerLikelihood : 5.35572e-05 s (8422 evaluations, 0.451059 s total)
[theorycollection] Average computation time:
   flamingo.inference.masked_ps.MaskedTSZTheory : 0.0165406 s (8422 evaluations, 139.305 s total)
[mcmc]  - Acceptance rate: 0.486
[mcmc]  - Convergence of means: R-1 = 0.110761 after 3328 accepted steps
[mcmc]  - Updated covariance matrix of proposal pdf.
[mcmc] Learn + convergence test @ 4200 samples accepted.
[likelihoodcollection] Average computation time:
   flamingo.inference.masked_ps.MaskedBandPowerLikelihood : 5.35586e-05 s (8503 evaluations, 0.455409 s total)
[theorycollection] Average computation time:
   flamingo.inference.masked_ps.MaskedTSZTheory : 0.0165427 s (8503 evaluations, 140.663 s total)
[mcmc]  - Acceptance rate: 0.485
[mcmc]  - Convergence of means: R-1 = 0.096489 after 3360 accepted steps
[mcmc]  - Updated covariance matrix of proposal pdf.
[mcmc] Learn + convergence test @ 4240 samples accepted.
[likelihoodcollection] Average computation time:
   flamingo.inference.masked_ps.MaskedBandPowerLikelihood : 5.35282e-05 s (8585 evaluations, 0.45954 s total)
[theorycollection] Average computation time:
   flamingo.inference.masked_ps.MaskedTSZTheory : 0.0165436 s (8585 evaluations, 142.027 s total)
[mcmc]  - Acceptance rate: 0.485
[mcmc]  - Convergence of means: R-1 = 0.107491 after 3392 accepted steps
[mcmc]  - Updated covariance matrix of proposal pdf.
[mcmc] Learn + convergence test @ 4280 samples accepted.
[likelihoodcollection] Average computation time:
   flamingo.inference.masked_ps.MaskedBandPowerLikelihood : 5.35725e-05 s (8664 evaluations, 0.464152 s total)
[theorycollection] Average computation time:
   flamingo.inference.masked_ps.MaskedTSZTheory : 0.0165439 s (8664 evaluations, 143.336 s total)
[mcmc]  - Acceptance rate: 0.486
[mcmc]  - Convergence of means: R-1 = 0.142407 after 3424 accepted steps
[mcmc]  - Updated covariance matrix of proposal pdf.
[mcmc] Learn + convergence test @ 4320 samples accepted.
[likelihoodcollection] Average computation time:
   flamingo.inference.masked_ps.MaskedBandPowerLikelihood : 5.3577e-05 s (8748 evaluations, 0.468691 s total)
[theorycollection] Average computation time:
   flamingo.inference.masked_ps.MaskedTSZTheory : 0.0165447 s (8748 evaluations, 144.733 s total)
[mcmc]  - Acceptance rate: 0.484
[mcmc]  - Convergence of means: R-1 = 0.158122 after 3456 accepted steps
[mcmc]  - Updated covariance matrix of proposal pdf.
[mcmc] Learn + convergence test @ 4360 samples accepted.
[likelihoodcollection] Average computation time:
   flamingo.inference.masked_ps.MaskedBandPowerLikelihood : 5.36173e-05 s (8844 evaluations, 0.474191 s total)
[theorycollection] Average computation time:
   flamingo.inference.masked_ps.MaskedTSZTheory : 0.0165476 s (8844 evaluations, 146.347 s total)
[mcmc]  - Acceptance rate: 0.483
[mcmc]  - Convergence of means: R-1 = 0.156272 after 3488 accepted steps
[mcmc]  - Updated covariance matrix of proposal pdf.
[mcmc] Learn + convergence test @ 4400 samples accepted.
[likelihoodcollection] Average computation time:
   flamingo.inference.masked_ps.MaskedBandPowerLikelihood : 5.36012e-05 s (8924 evaluations, 0.478337 s total)
[theorycollection] Average computation time:
   flamingo.inference.masked_ps.MaskedTSZTheory : 0.0165464 s (8924 evaluations, 147.66 s total)
[mcmc]  - Acceptance rate: 0.483
[mcmc]  - Convergence of means: R-1 = 0.138528 after 3520 accepted steps
[mcmc]  - Updated covariance matrix of proposal pdf.
[mcmc] Learn + convergence test @ 4440 samples accepted.
[likelihoodcollection] Average computation time:
   flamingo.inference.masked_ps.MaskedBandPowerLikelihood : 5.3581e-05 s (9028 evaluations, 0.483729 s total)
[theorycollection] Average computation time:
   flamingo.inference.masked_ps.MaskedTSZTheory : 0.0165418 s (9028 evaluations, 149.339 s total)
[mcmc]  - Acceptance rate: 0.481
[mcmc]  - Convergence of means: R-1 = 0.145543 after 3552 accepted steps
[mcmc]  - Updated covariance matrix of proposal pdf.
[mcmc] Learn + convergence test @ 4480 samples accepted.
[likelihoodcollection] Average computation time:
   flamingo.inference.masked_ps.MaskedBandPowerLikelihood : 5.35987e-05 s (9104 evaluations, 0.487962 s total)
[theorycollection] Average computation time:
   flamingo.inference.masked_ps.MaskedTSZTheory : 0.0165437 s (9104 evaluations, 150.614 s total)
[mcmc]  - Acceptance rate: 0.481
[mcmc]  - Convergence of means: R-1 = 0.158840 after 3584 accepted steps
[mcmc]  - Updated covariance matrix of proposal pdf.
[mcmc] Learn + convergence test @ 4520 samples accepted.
[likelihoodcollection] Average computation time:
   flamingo.inference.masked_ps.MaskedBandPowerLikelihood : 5.35751e-05 s (9167 evaluations, 0.491123 s total)
[theorycollection] Average computation time:
   flamingo.inference.masked_ps.MaskedTSZTheory : 0.0165427 s (9167 evaluations, 151.647 s total)
[mcmc]  - Acceptance rate: 0.482
[mcmc]  - Convergence of means: R-1 = 0.164394 after 3616 accepted steps
[mcmc]  - Updated covariance matrix of proposal pdf.
[mcmc] Learn + convergence test @ 4560 samples accepted.
[likelihoodcollection] Average computation time:
   flamingo.inference.masked_ps.MaskedBandPowerLikelihood : 5.35525e-05 s (9240 evaluations, 0.494825 s total)
[theorycollection] Average computation time:
   flamingo.inference.masked_ps.MaskedTSZTheory : 0.0165416 s (9240 evaluations, 152.844 s total)
[mcmc]  - Acceptance rate: 0.482
[mcmc]  - Convergence of means: R-1 = 0.179724 after 3648 accepted steps
[mcmc]  - Updated covariance matrix of proposal pdf.
[mcmc] Learn + convergence test @ 4600 samples accepted.
[likelihoodcollection] Average computation time:
   flamingo.inference.masked_ps.MaskedBandPowerLikelihood : 5.35504e-05 s (9316 evaluations, 0.498876 s total)
[theorycollection] Average computation time:
   flamingo.inference.masked_ps.MaskedTSZTheory : 0.0165421 s (9316 evaluations, 154.106 s total)
[mcmc]  - Acceptance rate: 0.482
[mcmc]  - Convergence of means: R-1 = 0.182112 after 3680 accepted steps
[mcmc]  - Updated covariance matrix of proposal pdf.
[mcmc] Learn + convergence test @ 4640 samples accepted.
[likelihoodcollection] Average computation time:
   flamingo.inference.masked_ps.MaskedBandPowerLikelihood : 5.35402e-05 s (9394 evaluations, 0.502956 s total)
[theorycollection] Average computation time:
   flamingo.inference.masked_ps.MaskedTSZTheory : 0.0165436 s (9394 evaluations, 155.411 s total)
[mcmc]  - Acceptance rate: 0.482
[mcmc]  - Convergence of means: R-1 = 0.219265 after 3712 accepted steps
[mcmc]  - Updated covariance matrix of proposal pdf.
[mcmc] Learn + convergence test @ 4680 samples accepted.
[likelihoodcollection] Average computation time:
   flamingo.inference.masked_ps.MaskedBandPowerLikelihood : 5.35691e-05 s (9495 evaluations, 0.508638 s total)
[theorycollection] Average computation time:
   flamingo.inference.masked_ps.MaskedTSZTheory : 0.0165464 s (9495 evaluations, 157.108 s total)
[mcmc]  - Acceptance rate: 0.481
[mcmc]  - Convergence of means: R-1 = 0.233931 after 3744 accepted steps
[mcmc]  - Updated covariance matrix of proposal pdf.
[mcmc] Learn + convergence test @ 4720 samples accepted.
[likelihoodcollection] Average computation time:
   flamingo.inference.masked_ps.MaskedBandPowerLikelihood : 5.35896e-05 s (9579 evaluations, 0.513335 s total)
[theorycollection] Average computation time:
   flamingo.inference.masked_ps.MaskedTSZTheory : 0.016549 s (9579 evaluations, 158.523 s total)
[mcmc]  - Acceptance rate: 0.481
[mcmc]  - Convergence of means: R-1 = 0.241072 after 3776 accepted steps
[mcmc]  - Updated covariance matrix of proposal pdf.
[mcmc] Learn + convergence test @ 4760 samples accepted.
[likelihoodcollection] Average computation time:
   flamingo.inference.masked_ps.MaskedBandPowerLikelihood : 5.36246e-05 s (9663 evaluations, 0.518174 s total)
[theorycollection] Average computation time:
   flamingo.inference.masked_ps.MaskedTSZTheory : 0.0165488 s (9663 evaluations, 159.911 s total)
[mcmc]  - Acceptance rate: 0.481
[mcmc]  - Convergence of means: R-1 = 0.256420 after 3808 accepted steps
[mcmc]  - Updated covariance matrix of proposal pdf.
[mcmc] Learn + convergence test @ 4800 samples accepted.
[likelihoodcollection] Average computation time:
   flamingo.inference.masked_ps.MaskedBandPowerLikelihood : 5.35856e-05 s (9769 evaluations, 0.523477 s total)
[theorycollection] Average computation time:
   flamingo.inference.masked_ps.MaskedTSZTheory : 0.0165481 s (9769 evaluations, 161.658 s total)
[mcmc]  - Acceptance rate: 0.479
[mcmc]  - Convergence of means: R-1 = 0.291371 after 3840 accepted steps
[mcmc]  - Updated covariance matrix of proposal pdf.
[mcmc] Learn + convergence test @ 4840 samples accepted.
[likelihoodcollection] Average computation time:
   flamingo.inference.masked_ps.MaskedBandPowerLikelihood : 5.36116e-05 s (9862 evaluations, 0.528717 s total)
[theorycollection] Average computation time:
   flamingo.inference.masked_ps.MaskedTSZTheory : 0.0165492 s (9862 evaluations, 163.209 s total)
[mcmc]  - Acceptance rate: 0.479
[mcmc]  - Convergence of means: R-1 = 0.293391 after 3872 accepted steps
[mcmc]  - Updated covariance matrix of proposal pdf.
[mcmc] Learn + convergence test @ 4880 samples accepted.
[likelihoodcollection] Average computation time:
   flamingo.inference.masked_ps.MaskedBandPowerLikelihood : 5.35859e-05 s (9951 evaluations, 0.533233 s total)
[theorycollection] Average computation time:
   flamingo.inference.masked_ps.MaskedTSZTheory : 0.0165501 s (9951 evaluations, 164.69 s total)
[mcmc]  - Acceptance rate: 0.477
[mcmc]  - Convergence of means: R-1 = 0.271854 after 3904 accepted steps
[mcmc]  - Updated covariance matrix of proposal pdf.
[mcmc] Learn + convergence test @ 4920 samples accepted.
[likelihoodcollection] Average computation time:
   flamingo.inference.masked_ps.MaskedBandPowerLikelihood : 5.3555e-05 s (10025 evaluations, 0.536889 s total)
[theorycollection] Average computation time:
   flamingo.inference.masked_ps.MaskedTSZTheory : 0.0165489 s (10025 evaluations, 165.902 s total)
[mcmc]  - Acceptance rate: 0.477
[mcmc]  - Convergence of means: R-1 = 0.254032 after 3936 accepted steps
[mcmc]  - Updated covariance matrix of proposal pdf.
[mcmc] Learn + convergence test @ 4960 samples accepted.
[likelihoodcollection] Average computation time:
   flamingo.inference.masked_ps.MaskedBandPowerLikelihood : 5.35214e-05 s (10108 evaluations, 0.540995 s total)
[theorycollection] Average computation time:
   flamingo.inference.masked_ps.MaskedTSZTheory : 0.0165469 s (10108 evaluations, 167.256 s total)
[mcmc]  - Acceptance rate: 0.477
[mcmc]  - Convergence of means: R-1 = 0.281115 after 3968 accepted steps
[mcmc]  - Updated covariance matrix of proposal pdf.
[mcmc] Learn + convergence test @ 5000 samples accepted.
[likelihoodcollection] Average computation time:
   flamingo.inference.masked_ps.MaskedBandPowerLikelihood : 5.3485e-05 s (10187 evaluations, 0.544852 s total)
[theorycollection] Average computation time:
   flamingo.inference.masked_ps.MaskedTSZTheory : 0.0165467 s (10187 evaluations, 168.561 s total)
[mcmc]  - Acceptance rate: 0.478
[mcmc]  - Convergence of means: R-1 = 0.262018 after 4000 accepted steps
[mcmc]  - Updated covariance matrix of proposal pdf.
[mcmc] Learn + convergence test @ 5040 samples accepted.
[likelihoodcollection] Average computation time:
   flamingo.inference.masked_ps.MaskedBandPowerLikelihood : 5.35115e-05 s (10271 evaluations, 0.549616 s total)
[theorycollection] Average computation time:
   flamingo.inference.masked_ps.MaskedTSZTheory : 0.0165495 s (10271 evaluations, 169.98 s total)
[mcmc]  - Acceptance rate: 0.478
[mcmc]  - Convergence of means: R-1 = 0.271023 after 4032 accepted steps
[mcmc]  - Updated covariance matrix of proposal pdf.
[mcmc] Learn + convergence test @ 5080 samples accepted.
[likelihoodcollection] Average computation time:
   flamingo.inference.masked_ps.MaskedBandPowerLikelihood : 5.34924e-05 s (10370 evaluations, 0.554716 s total)
[theorycollection] Average computation time:
   flamingo.inference.masked_ps.MaskedTSZTheory : 0.0165481 s (10370 evaluations, 171.604 s total)
[mcmc]  - Acceptance rate: 0.477
[mcmc]  - Convergence of means: R-1 = 0.264735 after 4064 accepted steps
[mcmc]  - Updated covariance matrix of proposal pdf.
[mcmc] Learn + convergence test @ 5120 samples accepted.
[likelihoodcollection] Average computation time:
   flamingo.inference.masked_ps.MaskedBandPowerLikelihood : 5.35034e-05 s (10458 evaluations, 0.559539 s total)
[theorycollection] Average computation time:
   flamingo.inference.masked_ps.MaskedTSZTheory : 0.0165484 s (10458 evaluations, 173.063 s total)
[mcmc]  - Acceptance rate: 0.477
[mcmc]  - Convergence of means: R-1 = 0.258175 after 4096 accepted steps
[mcmc]  - Updated covariance matrix of proposal pdf.
[mcmc] Learn + convergence test @ 5160 samples accepted.
[likelihoodcollection] Average computation time:
   flamingo.inference.masked_ps.MaskedBandPowerLikelihood : 5.34804e-05 s (10558 evaluations, 0.564646 s total)
[theorycollection] Average computation time:
   flamingo.inference.masked_ps.MaskedTSZTheory : 0.0165509 s (10558 evaluations, 174.744 s total)
[mcmc]  - Acceptance rate: 0.475
[mcmc]  - Convergence of means: R-1 = 0.220041 after 4128 accepted steps
[mcmc]  - Updated covariance matrix of proposal pdf.
[mcmc] Learn + convergence test @ 5200 samples accepted.
[likelihoodcollection] Average computation time:
   flamingo.inference.masked_ps.MaskedBandPowerLikelihood : 5.34938e-05 s (10642 evaluations, 0.569281 s total)
[theorycollection] Average computation time:
   flamingo.inference.masked_ps.MaskedTSZTheory : 0.0165494 s (10642 evaluations, 176.119 s total)
[mcmc]  - Acceptance rate: 0.475
[mcmc]  - Convergence of means: R-1 = 0.256137 after 4160 accepted steps
[mcmc]  - Updated covariance matrix of proposal pdf.
[mcmc] Progress @ 2026-08-03 01:52:29 : 10975 steps taken, and 5203 accepted.
[mcmc] Learn + convergence test @ 5240 samples accepted.
[likelihoodcollection] Average computation time:
   flamingo.inference.masked_ps.MaskedBandPowerLikelihood : 5.34957e-05 s (10714 evaluations, 0.573153 s total)
[theorycollection] Average computation time:
   flamingo.inference.masked_ps.MaskedTSZTheory : 0.0165506 s (10714 evaluations, 177.323 s total)
[mcmc]  - Acceptance rate: 0.475
[mcmc]  - Convergence of means: R-1 = 0.268016 after 4192 accepted steps
[mcmc]  - Updated covariance matrix of proposal pdf.
[mcmc] Learn + convergence test @ 5280 samples accepted.
[likelihoodcollection] Average computation time:
   flamingo.inference.masked_ps.MaskedBandPowerLikelihood : 5.35481e-05 s (10800 evaluations, 0.57832 s total)
[theorycollection] Average computation time:
   flamingo.inference.masked_ps.MaskedTSZTheory : 0.0165542 s (10800 evaluations, 178.786 s total)
[mcmc]  - Acceptance rate: 0.475
[mcmc]  - Convergence of means: R-1 = 0.279870 after 4224 accepted steps
[mcmc]  - Updated covariance matrix of proposal pdf.
[mcmc] Learn + convergence test @ 5320 samples accepted.
[likelihoodcollection] Average computation time:
   flamingo.inference.masked_ps.MaskedBandPowerLikelihood : 5.35794e-05 s (10874 evaluations, 0.582622 s total)
[theorycollection] Average computation time:
   flamingo.inference.masked_ps.MaskedTSZTheory : 0.0165582 s (10874 evaluations, 180.054 s total)
[mcmc]  - Acceptance rate: 0.475
[mcmc]  - Convergence of means: R-1 = 0.277181 after 4256 accepted steps
[mcmc]  - Updated covariance matrix of proposal pdf.
[mcmc] Learn + convergence test @ 5360 samples accepted.
[likelihoodcollection] Average computation time:
   flamingo.inference.masked_ps.MaskedBandPowerLikelihood : 5.35835e-05 s (10970 evaluations, 0.587811 s total)
[theorycollection] Average computation time:
   flamingo.inference.masked_ps.MaskedTSZTheory : 0.0165581 s (10970 evaluations, 181.642 s total)
[mcmc]  - Acceptance rate: 0.474
[mcmc]  - Convergence of means: R-1 = 0.264366 after 4288 accepted steps
[mcmc]  - Updated covariance matrix of proposal pdf.
[mcmc] Learn + convergence test @ 5400 samples accepted.
[likelihoodcollection] Average computation time:
   flamingo.inference.masked_ps.MaskedBandPowerLikelihood : 5.3588e-05 s (11059 evaluations, 0.59263 s total)
[theorycollection] Average computation time:
   flamingo.inference.masked_ps.MaskedTSZTheory : 0.0165589 s (11059 evaluations, 183.125 s total)
[mcmc]  - Acceptance rate: 0.474
[mcmc]  - Convergence of means: R-1 = 0.246055 after 4320 accepted steps
[mcmc]  - Updated covariance matrix of proposal pdf.
[mcmc] Learn + convergence test @ 5440 samples accepted.
[likelihoodcollection] Average computation time:
   flamingo.inference.masked_ps.MaskedBandPowerLikelihood : 5.35957e-05 s (11142 evaluations, 0.597163 s total)
[theorycollection] Average computation time:
   flamingo.inference.masked_ps.MaskedTSZTheory : 0.0165603 s (11142 evaluations, 184.514 s total)
[mcmc]  - Acceptance rate: 0.474
[mcmc]  - Convergence of means: R-1 = 0.208378 after 4352 accepted steps
[mcmc]  - Updated covariance matrix of proposal pdf.
[mcmc] Learn + convergence test @ 5480 samples accepted.
[likelihoodcollection] Average computation time:
   flamingo.inference.masked_ps.MaskedBandPowerLikelihood : 5.36006e-05 s (11214 evaluations, 0.601077 s total)
[theorycollection] Average computation time:
   flamingo.inference.masked_ps.MaskedTSZTheory : 0.0165616 s (11214 evaluations, 185.722 s total)
[mcmc]  - Acceptance rate: 0.474
[mcmc]  - Convergence of means: R-1 = 0.198628 after 4384 accepted steps
[mcmc]  - Updated covariance matrix of proposal pdf.
[mcmc] Learn + convergence test @ 5520 samples accepted.
[likelihoodcollection] Average computation time:
   flamingo.inference.masked_ps.MaskedBandPowerLikelihood : 5.36264e-05 s (11285 evaluations, 0.605174 s total)
[theorycollection] Average computation time:
   flamingo.inference.masked_ps.MaskedTSZTheory : 0.0165616 s (11285 evaluations, 186.898 s total)
[mcmc]  - Acceptance rate: 0.474
[mcmc]  - Convergence of means: R-1 = 0.204967 after 4416 accepted steps
[mcmc]  - Updated covariance matrix of proposal pdf.
[mcmc] Learn + convergence test @ 5560 samples accepted.
[likelihoodcollection] Average computation time:
   flamingo.inference.masked_ps.MaskedBandPowerLikelihood : 5.3627e-05 s (11379 evaluations, 0.610222 s total)
[theorycollection] Average computation time:
   flamingo.inference.masked_ps.MaskedTSZTheory : 0.0165615 s (11379 evaluations, 188.454 s total)
[mcmc]  - Acceptance rate: 0.474
[mcmc]  - Convergence of means: R-1 = 0.198847 after 4448 accepted steps
[mcmc]  - Updated covariance matrix of proposal pdf.
[mcmc] Learn + convergence test @ 5600 samples accepted.
[likelihoodcollection] Average computation time:
   flamingo.inference.masked_ps.MaskedBandPowerLikelihood : 5.3653e-05 s (11456 evaluations, 0.614649 s total)
[theorycollection] Average computation time:
   flamingo.inference.masked_ps.MaskedTSZTheory : 0.0165612 s (11456 evaluations, 189.725 s total)
[mcmc]  - Acceptance rate: 0.475
[mcmc]  - Convergence of means: R-1 = 0.200415 after 4480 accepted steps
[mcmc]  - Updated covariance matrix of proposal pdf.
[mcmc] Learn + convergence test @ 5640 samples accepted.
[likelihoodcollection] Average computation time:
   flamingo.inference.masked_ps.MaskedBandPowerLikelihood : 5.37132e-05 s (11540 evaluations, 0.61985 s total)
[theorycollection] Average computation time:
   flamingo.inference.masked_ps.MaskedTSZTheory : 0.0165608 s (11540 evaluations, 191.111 s total)
[mcmc]  - Acceptance rate: 0.474
[mcmc]  - Convergence of means: R-1 = 0.204361 after 4512 accepted steps
[mcmc]  - Updated covariance matrix of proposal pdf.
[mcmc] Learn + convergence test @ 5680 samples accepted.
[likelihoodcollection] Average computation time:
   flamingo.inference.masked_ps.MaskedBandPowerLikelihood : 5.37445e-05 s (11618 evaluations, 0.624403 s total)
[theorycollection] Average computation time:
   flamingo.inference.masked_ps.MaskedTSZTheory : 0.0165617 s (11618 evaluations, 192.414 s total)
[mcmc]  - Acceptance rate: 0.475
[mcmc]  - Convergence of means: R-1 = 0.200267 after 4544 accepted steps
[mcmc]  - Updated covariance matrix of proposal pdf.
[mcmc] Learn + convergence test @ 5720 samples accepted.
[likelihoodcollection] Average computation time:
   flamingo.inference.masked_ps.MaskedBandPowerLikelihood : 5.37153e-05 s (11690 evaluations, 0.627931 s total)
[theorycollection] Average computation time:
   flamingo.inference.masked_ps.MaskedTSZTheory : 0.0165619 s (11690 evaluations, 193.608 s total)
[mcmc]  - Acceptance rate: 0.476
[mcmc]  - Convergence of means: R-1 = 0.183424 after 4576 accepted steps
[mcmc]  - Updated covariance matrix of proposal pdf.
[mcmc] Learn + convergence test @ 5760 samples accepted.
[likelihoodcollection] Average computation time:
   flamingo.inference.masked_ps.MaskedBandPowerLikelihood : 5.36989e-05 s (11770 evaluations, 0.632036 s total)
[theorycollection] Average computation time:
   flamingo.inference.masked_ps.MaskedTSZTheory : 0.0165615 s (11770 evaluations, 194.929 s total)
[mcmc]  - Acceptance rate: 0.476
[mcmc]  - Convergence of means: R-1 = 0.178581 after 4608 accepted steps
[mcmc]  - Updated covariance matrix of proposal pdf.
[mcmc] Learn + convergence test @ 5800 samples accepted.
[likelihoodcollection] Average computation time:
   flamingo.inference.masked_ps.MaskedBandPowerLikelihood : 5.36567e-05 s (11851 evaluations, 0.635886 s total)
[theorycollection] Average computation time:
   flamingo.inference.masked_ps.MaskedTSZTheory : 0.0165574 s (11851 evaluations, 196.222 s total)
[mcmc]  - Acceptance rate: 0.476
[mcmc]  - Convergence of means: R-1 = 0.176365 after 4640 accepted steps
[mcmc]  - Updated covariance matrix of proposal pdf.
[mcmc] Learn + convergence test @ 5840 samples accepted.
[likelihoodcollection] Average computation time:
   flamingo.inference.masked_ps.MaskedBandPowerLikelihood : 5.36456e-05 s (11931 evaluations, 0.640046 s total)
[theorycollection] Average computation time:
   flamingo.inference.masked_ps.MaskedTSZTheory : 0.0165585 s (11931 evaluations, 197.559 s total)
[mcmc]  - Acceptance rate: 0.476
[mcmc]  - Convergence of means: R-1 = 0.167296 after 4672 accepted steps
[mcmc]  - Updated covariance matrix of proposal pdf.
[mcmc] Learn + convergence test @ 5880 samples accepted.
[likelihoodcollection] Average computation time:
   flamingo.inference.masked_ps.MaskedBandPowerLikelihood : 5.36484e-05 s (12023 evaluations, 0.645015 s total)
[theorycollection] Average computation time:
   flamingo.inference.masked_ps.MaskedTSZTheory : 0.0165592 s (12023 evaluations, 199.092 s total)
[mcmc]  - Acceptance rate: 0.476
[mcmc]  - Convergence of means: R-1 = 0.157616 after 4704 accepted steps
[mcmc]  - Updated covariance matrix of proposal pdf.
[mcmc] Learn + convergence test @ 5920 samples accepted.
[likelihoodcollection] Average computation time:
   flamingo.inference.masked_ps.MaskedBandPowerLikelihood : 5.36816e-05 s (12111 evaluations, 0.650137 s total)
[theorycollection] Average computation time:
   flamingo.inference.masked_ps.MaskedTSZTheory : 0.0165613 s (12111 evaluations, 200.574 s total)
[mcmc]  - Acceptance rate: 0.475
[mcmc]  - Convergence of means: R-1 = 0.157363 after 4736 accepted steps
[mcmc]  - Updated covariance matrix of proposal pdf.
[mcmc] Learn + convergence test @ 5960 samples accepted.
[likelihoodcollection] Average computation time:
   flamingo.inference.masked_ps.MaskedBandPowerLikelihood : 5.3697e-05 s (12193 evaluations, 0.654728 s total)
[theorycollection] Average computation time:
   flamingo.inference.masked_ps.MaskedTSZTheory : 0.0165634 s (12193 evaluations, 201.957 s total)
[mcmc]  - Acceptance rate: 0.475
[mcmc]  - Convergence of means: R-1 = 0.157541 after 4768 accepted steps
[mcmc]  - Updated covariance matrix of proposal pdf.
[mcmc] Learn + convergence test @ 6000 samples accepted.
[likelihoodcollection] Average computation time:
   flamingo.inference.masked_ps.MaskedBandPowerLikelihood : 5.37027e-05 s (12267 evaluations, 0.658771 s total)
[theorycollection] Average computation time:
   flamingo.inference.masked_ps.MaskedTSZTheory : 0.0165649 s (12267 evaluations, 203.202 s total)
[mcmc]  - Acceptance rate: 0.475
[mcmc]  - Convergence of means: R-1 = 0.151708 after 4800 accepted steps
[mcmc]  - Updated covariance matrix of proposal pdf.
[mcmc] Learn + convergence test @ 6040 samples accepted.
[likelihoodcollection] Average computation time:
   flamingo.inference.masked_ps.MaskedBandPowerLikelihood : 5.36934e-05 s (12335 evaluations, 0.662309 s total)
[theorycollection] Average computation time:
   flamingo.inference.masked_ps.MaskedTSZTheory : 0.0165636 s (12335 evaluations, 204.313 s total)
[mcmc]  - Acceptance rate: 0.476
[mcmc]  - Convergence of means: R-1 = 0.147464 after 4832 accepted steps
[mcmc]  - Updated covariance matrix of proposal pdf.
[mcmc] Learn + convergence test @ 6080 samples accepted.
[likelihoodcollection] Average computation time:
   flamingo.inference.masked_ps.MaskedBandPowerLikelihood : 5.36883e-05 s (12417 evaluations, 0.666648 s total)
[theorycollection] Average computation time:
   flamingo.inference.masked_ps.MaskedTSZTheory : 0.0165635 s (12417 evaluations, 205.669 s total)
[mcmc]  - Acceptance rate: 0.475
[mcmc]  - Convergence of means: R-1 = 0.133275 after 4864 accepted steps
[mcmc]  - Updated covariance matrix of proposal pdf.
[mcmc] Learn + convergence test @ 6120 samples accepted.
[likelihoodcollection] Average computation time:
   flamingo.inference.masked_ps.MaskedBandPowerLikelihood : 5.37118e-05 s (12505 evaluations, 0.671667 s total)
[theorycollection] Average computation time:
   flamingo.inference.masked_ps.MaskedTSZTheory : 0.0165648 s (12505 evaluations, 207.142 s total)
[mcmc]  - Acceptance rate: 0.475
[mcmc]  - Convergence of means: R-1 = 0.126169 after 4896 accepted steps
[mcmc]  - Updated covariance matrix of proposal pdf.
[mcmc] Learn + convergence test @ 6160 samples accepted.
[likelihoodcollection] Average computation time:
   flamingo.inference.masked_ps.MaskedBandPowerLikelihood : 5.37261e-05 s (12599 evaluations, 0.676895 s total)
[theorycollection] Average computation time:
   flamingo.inference.masked_ps.MaskedTSZTheory : 0.0165667 s (12599 evaluations, 208.724 s total)
[mcmc]  - Acceptance rate: 0.474
[mcmc]  - Convergence of means: R-1 = 0.111034 after 4928 accepted steps
[mcmc]  - Updated covariance matrix of proposal pdf.
[mcmc] Learn + convergence test @ 6200 samples accepted.
[likelihoodcollection] Average computation time:
   flamingo.inference.masked_ps.MaskedBandPowerLikelihood : 5.37114e-05 s (12681 evaluations, 0.681115 s total)
[theorycollection] Average computation time:
   flamingo.inference.masked_ps.MaskedTSZTheory : 0.0165663 s (12681 evaluations, 210.078 s total)
[mcmc]  - Acceptance rate: 0.474
[mcmc]  - Convergence of means: R-1 = 0.122569 after 4960 accepted steps
[mcmc]  - Updated covariance matrix of proposal pdf.
[mcmc] Learn + convergence test @ 6240 samples accepted.
[likelihoodcollection] Average computation time:
   flamingo.inference.masked_ps.MaskedBandPowerLikelihood : 5.37039e-05 s (12763 evaluations, 0.685422 s total)
[theorycollection] Average computation time:
   flamingo.inference.masked_ps.MaskedTSZTheory : 0.0165662 s (12763 evaluations, 211.435 s total)
[mcmc]  - Acceptance rate: 0.475
[mcmc]  - Convergence of means: R-1 = 0.113742 after 4992 accepted steps
[mcmc]  - Updated covariance matrix of proposal pdf.
[mcmc] Learn + convergence test @ 6280 samples accepted.
[likelihoodcollection] Average computation time:
   flamingo.inference.masked_ps.MaskedBandPowerLikelihood : 5.37205e-05 s (12842 evaluations, 0.689879 s total)
[theorycollection] Average computation time:
   flamingo.inference.masked_ps.MaskedTSZTheory : 0.0165677 s (12842 evaluations, 212.762 s total)
[mcmc]  - Acceptance rate: 0.475
[mcmc]  - Convergence of means: R-1 = 0.106765 after 5024 accepted steps
[mcmc]  - Updated covariance matrix of proposal pdf.
[mcmc] Learn + convergence test @ 6320 samples accepted.
[likelihoodcollection] Average computation time:
   flamingo.inference.masked_ps.MaskedBandPowerLikelihood : 5.37401e-05 s (12922 evaluations, 0.694429 s total)
[theorycollection] Average computation time:
   flamingo.inference.masked_ps.MaskedTSZTheory : 0.0165689 s (12922 evaluations, 214.104 s total)
[mcmc]  - Acceptance rate: 0.474
[mcmc]  - Convergence of means: R-1 = 0.103566 after 5056 accepted steps
[mcmc]  - Updated covariance matrix of proposal pdf.
[mcmc] Learn + convergence test @ 6360 samples accepted.
[likelihoodcollection] Average computation time:
   flamingo.inference.masked_ps.MaskedBandPowerLikelihood : 5.37259e-05 s (12994 evaluations, 0.698114 s total)
[theorycollection] Average computation time:
   flamingo.inference.masked_ps.MaskedTSZTheory : 0.0165698 s (12994 evaluations, 215.309 s total)
[mcmc]  - Acceptance rate: 0.474
[mcmc]  - Convergence of means: R-1 = 0.099376 after 5088 accepted steps
[mcmc]  - Updated covariance matrix of proposal pdf.
[mcmc] Learn + convergence test @ 6400 samples accepted.
[likelihoodcollection] Average computation time:
   flamingo.inference.masked_ps.MaskedBandPowerLikelihood : 5.37707e-05 s (13087 evaluations, 0.703698 s total)
[theorycollection] Average computation time:
   flamingo.inference.masked_ps.MaskedTSZTheory : 0.0165699 s (13087 evaluations, 216.851 s total)
[mcmc]  - Acceptance rate: 0.473
[mcmc]  - Convergence of means: R-1 = 0.095984 after 5120 accepted steps
[mcmc]  - Updated covariance matrix of proposal pdf.
[mcmc] Learn + convergence test @ 6440 samples accepted.
[likelihoodcollection] Average computation time:
   flamingo.inference.masked_ps.MaskedBandPowerLikelihood : 5.37495e-05 s (13160 evaluations, 0.707344 s total)
[theorycollection] Average computation time:
   flamingo.inference.masked_ps.MaskedTSZTheory : 0.0165686 s (13160 evaluations, 218.042 s total)
[mcmc]  - Acceptance rate: 0.474
[mcmc]  - Convergence of means: R-1 = 0.078720 after 5152 accepted steps
[mcmc]  - Updated covariance matrix of proposal pdf.
[mcmc] Learn + convergence test @ 6480 samples accepted.
[likelihoodcollection] Average computation time:
   flamingo.inference.masked_ps.MaskedBandPowerLikelihood : 5.37538e-05 s (13246 evaluations, 0.712023 s total)
[theorycollection] Average computation time:
   flamingo.inference.masked_ps.MaskedTSZTheory : 0.0165692 s (13246 evaluations, 219.475 s total)
[mcmc]  - Acceptance rate: 0.473
[mcmc]  - Convergence of means: R-1 = 0.089845 after 5184 accepted steps
[mcmc]  - Updated covariance matrix of proposal pdf.
[mcmc] Learn + convergence test @ 6520 samples accepted.
[likelihoodcollection] Average computation time:
   flamingo.inference.masked_ps.MaskedBandPowerLikelihood : 5.37427e-05 s (13327 evaluations, 0.716229 s total)
[theorycollection] Average computation time:
   flamingo.inference.masked_ps.MaskedTSZTheory : 0.0165696 s (13327 evaluations, 220.823 s total)
[mcmc]  - Acceptance rate: 0.473
[mcmc]  - Convergence of means: R-1 = 0.087108 after 5216 accepted steps
[mcmc]  - Updated covariance matrix of proposal pdf.
[mcmc] Learn + convergence test @ 6560 samples accepted.
[likelihoodcollection] Average computation time:
   flamingo.inference.masked_ps.MaskedBandPowerLikelihood : 5.3761e-05 s (13404 evaluations, 0.720612 s total)
[theorycollection] Average computation time:
   flamingo.inference.masked_ps.MaskedTSZTheory : 0.0165719 s (13404 evaluations, 222.129 s total)
[mcmc]  - Acceptance rate: 0.473
[mcmc]  - Convergence of means: R-1 = 0.079454 after 5248 accepted steps
[mcmc]  - Updated covariance matrix of proposal pdf.
[mcmc] Learn + convergence test @ 6600 samples accepted.
[likelihoodcollection] Average computation time:
   flamingo.inference.masked_ps.MaskedBandPowerLikelihood : 5.37547e-05 s (13480 evaluations, 0.724613 s total)
[theorycollection] Average computation time:
   flamingo.inference.masked_ps.MaskedTSZTheory : 0.0165716 s (13480 evaluations, 223.385 s total)
[mcmc]  - Acceptance rate: 0.474
[mcmc]  - Convergence of means: R-1 = 0.091654 after 5280 accepted steps
[mcmc]  - Updated covariance matrix of proposal pdf.
[mcmc] Learn + convergence test @ 6640 samples accepted.
[likelihoodcollection] Average computation time:
   flamingo.inference.masked_ps.MaskedBandPowerLikelihood : 5.37571e-05 s (13566 evaluations, 0.729268 s total)
[theorycollection] Average computation time:
   flamingo.inference.masked_ps.MaskedTSZTheory : 0.0165713 s (13566 evaluations, 224.806 s total)
[mcmc]  - Acceptance rate: 0.474
[mcmc]  - Convergence of means: R-1 = 0.106677 after 5312 accepted steps
[mcmc]  - Updated covariance matrix of proposal pdf.
[mcmc] Learn + convergence test @ 6680 samples accepted.
[likelihoodcollection] Average computation time:
   flamingo.inference.masked_ps.MaskedBandPowerLikelihood : 5.37507e-05 s (13645 evaluations, 0.733428 s total)
[theorycollection] Average computation time:
   flamingo.inference.masked_ps.MaskedTSZTheory : 0.0165725 s (13645 evaluations, 226.131 s total)
[mcmc]  - Acceptance rate: 0.474
[mcmc]  - Convergence of means: R-1 = 0.097810 after 5344 accepted steps
[mcmc]  - Updated covariance matrix of proposal pdf.
[mcmc] Learn + convergence test @ 6720 samples accepted.
[likelihoodcollection] Average computation time:
   flamingo.inference.masked_ps.MaskedBandPowerLikelihood : 5.37689e-05 s (13727 evaluations, 0.738086 s total)
[theorycollection] Average computation time:
   flamingo.inference.masked_ps.MaskedTSZTheory : 0.0165712 s (13727 evaluations, 227.473 s total)
[mcmc]  - Acceptance rate: 0.474
[mcmc]  - Convergence of means: R-1 = 0.107079 after 5376 accepted steps
[mcmc]  - Updated covariance matrix of proposal pdf.
[mcmc] Learn + convergence test @ 6760 samples accepted.
[likelihoodcollection] Average computation time:
   flamingo.inference.masked_ps.MaskedBandPowerLikelihood : 5.37436e-05 s (13822 evaluations, 0.742844 s total)
[theorycollection] Average computation time:
   flamingo.inference.masked_ps.MaskedTSZTheory : 0.0165709 s (13822 evaluations, 229.043 s total)
[mcmc]  - Acceptance rate: 0.473
[mcmc]  - Convergence of means: R-1 = 0.118256 after 5408 accepted steps
[mcmc]  - Updated covariance matrix of proposal pdf.
[mcmc] Learn + convergence test @ 6800 samples accepted.
[likelihoodcollection] Average computation time:
   flamingo.inference.masked_ps.MaskedBandPowerLikelihood : 5.3722e-05 s (13909 evaluations, 0.747219 s total)
[theorycollection] Average computation time:
   flamingo.inference.masked_ps.MaskedTSZTheory : 0.0165681 s (13909 evaluations, 230.445 s total)
[mcmc]  - Acceptance rate: 0.473
[mcmc]  - Convergence of means: R-1 = 0.128850 after 5440 accepted steps
[mcmc]  - Updated covariance matrix of proposal pdf.
[mcmc] Learn + convergence test @ 6840 samples accepted.
[likelihoodcollection] Average computation time:
   flamingo.inference.masked_ps.MaskedBandPowerLikelihood : 5.37318e-05 s (13991 evaluations, 0.751762 s total)
[theorycollection] Average computation time:
   flamingo.inference.masked_ps.MaskedTSZTheory : 0.0165682 s (13991 evaluations, 231.806 s total)
[mcmc]  - Acceptance rate: 0.472
[mcmc]  - Convergence of means: R-1 = 0.111658 after 5472 accepted steps
[mcmc]  - Updated covariance matrix of proposal pdf.
[mcmc] Learn + convergence test @ 6880 samples accepted.
[likelihoodcollection] Average computation time:
   flamingo.inference.masked_ps.MaskedBandPowerLikelihood : 5.37295e-05 s (14065 evaluations, 0.755705 s total)
[theorycollection] Average computation time:
   flamingo.inference.masked_ps.MaskedTSZTheory : 0.0165681 s (14065 evaluations, 233.031 s total)
[mcmc]  - Acceptance rate: 0.473
[mcmc]  - Convergence of means: R-1 = 0.112904 after 5504 accepted steps
[mcmc]  - Updated covariance matrix of proposal pdf.
[mcmc] Learn + convergence test @ 6920 samples accepted.
[likelihoodcollection] Average computation time:
   flamingo.inference.masked_ps.MaskedBandPowerLikelihood : 5.37524e-05 s (14161 evaluations, 0.761188 s total)
[theorycollection] Average computation time:
   flamingo.inference.masked_ps.MaskedTSZTheory : 0.0165704 s (14161 evaluations, 234.654 s total)
[mcmc]  - Acceptance rate: 0.472
[mcmc]  - Convergence of means: R-1 = 0.103180 after 5536 accepted steps
[mcmc]  - Updated covariance matrix of proposal pdf.
[mcmc] Progress @ 2026-08-03 01:53:29 : 14648 steps taken, and 6926 accepted.
[mcmc] Learn + convergence test @ 6960 samples accepted.
[likelihoodcollection] Average computation time:
   flamingo.inference.masked_ps.MaskedBandPowerLikelihood : 5.374e-05 s (14248 evaluations, 0.765687 s total)
[theorycollection] Average computation time:
   flamingo.inference.masked_ps.MaskedTSZTheory : 0.0165689 s (14248 evaluations, 236.074 s total)
[mcmc]  - Acceptance rate: 0.472
[mcmc]  - Convergence of means: R-1 = 0.101761 after 5568 accepted steps
[mcmc]  - Updated covariance matrix of proposal pdf.
[mcmc] Learn + convergence test @ 7000 samples accepted.
[likelihoodcollection] Average computation time:
   flamingo.inference.masked_ps.MaskedBandPowerLikelihood : 5.37651e-05 s (14310 evaluations, 0.769379 s total)
[theorycollection] Average computation time:
   flamingo.inference.masked_ps.MaskedTSZTheory : 0.0165677 s (14310 evaluations, 237.083 s total)
[mcmc]  - Acceptance rate: 0.473
[mcmc]  - Convergence of means: R-1 = 0.095660 after 5600 accepted steps
[mcmc]  - Updated covariance matrix of proposal pdf.
[mcmc] Learn + convergence test @ 7040 samples accepted.
[likelihoodcollection] Average computation time:
   flamingo.inference.masked_ps.MaskedBandPowerLikelihood : 5.374e-05 s (14381 evaluations, 0.772835 s total)
[theorycollection] Average computation time:
   flamingo.inference.masked_ps.MaskedTSZTheory : 0.0165669 s (14381 evaluations, 238.249 s total)
[mcmc]  - Acceptance rate: 0.473
[mcmc]  - Convergence of means: R-1 = 0.090815 after 5632 accepted steps
[mcmc]  - Updated covariance matrix of proposal pdf.
[mcmc] Learn + convergence test @ 7080 samples accepted.
[likelihoodcollection] Average computation time:
   flamingo.inference.masked_ps.MaskedBandPowerLikelihood : 5.37542e-05 s (14464 evaluations, 0.7775 s total)
[theorycollection] Average computation time:
   flamingo.inference.masked_ps.MaskedTSZTheory : 0.0165667 s (14464 evaluations, 239.621 s total)
[mcmc]  - Acceptance rate: 0.473
[mcmc]  - Convergence of means: R-1 = 0.093605 after 5664 accepted steps
[mcmc]  - Updated covariance matrix of proposal pdf.
[mcmc] Learn + convergence test @ 7120 samples accepted.
[likelihoodcollection] Average computation time:
   flamingo.inference.masked_ps.MaskedBandPowerLikelihood : 5.37452e-05 s (14558 evaluations, 0.782423 s total)
[theorycollection] Average computation time:
   flamingo.inference.masked_ps.MaskedTSZTheory : 0.0165653 s (14558 evaluations, 241.158 s total)
[mcmc]  - Acceptance rate: 0.472
[mcmc]  - Convergence of means: R-1 = 0.090838 after 5696 accepted steps
[mcmc]  - Updated covariance matrix of proposal pdf.
[mcmc] Learn + convergence test @ 7160 samples accepted.
[likelihoodcollection] Average computation time:
   flamingo.inference.masked_ps.MaskedBandPowerLikelihood : 5.37551e-05 s (14628 evaluations, 0.78633 s total)
[theorycollection] Average computation time:
   flamingo.inference.masked_ps.MaskedTSZTheory : 0.0165672 s (14628 evaluations, 242.345 s total)
[mcmc]  - Acceptance rate: 0.473
[mcmc]  - Convergence of means: R-1 = 0.073211 after 5728 accepted steps
[mcmc]  - Updated covariance matrix of proposal pdf.
[mcmc] Learn + convergence test @ 7200 samples accepted.
[likelihoodcollection] Average computation time:
   flamingo.inference.masked_ps.MaskedBandPowerLikelihood : 5.37561e-05 s (14711 evaluations, 0.790806 s total)
[theorycollection] Average computation time:
   flamingo.inference.masked_ps.MaskedTSZTheory : 0.0165658 s (14711 evaluations, 243.699 s total)
[mcmc]  - Acceptance rate: 0.473
[mcmc]  - Convergence of means: R-1 = 0.067290 after 5760 accepted steps
[mcmc]  - Updated covariance matrix of proposal pdf.
[mcmc] Learn + convergence test @ 7240 samples accepted.
[likelihoodcollection] Average computation time:
   flamingo.inference.masked_ps.MaskedBandPowerLikelihood : 5.37517e-05 s (14796 evaluations, 0.795311 s total)
[theorycollection] Average computation time:
   flamingo.inference.masked_ps.MaskedTSZTheory : 0.0165665 s (14796 evaluations, 245.117 s total)
[mcmc]  - Acceptance rate: 0.472
[mcmc]  - Convergence of means: R-1 = 0.067455 after 5792 accepted steps
[mcmc]  - Updated covariance matrix of proposal pdf.
[mcmc] Learn + convergence test @ 7280 samples accepted.
[likelihoodcollection] Average computation time:
   flamingo.inference.masked_ps.MaskedBandPowerLikelihood : 5.37385e-05 s (14872 evaluations, 0.799199 s total)
[theorycollection] Average computation time:
   flamingo.inference.masked_ps.MaskedTSZTheory : 0.0165659 s (14872 evaluations, 246.368 s total)
[mcmc]  - Acceptance rate: 0.473
[mcmc]  - Convergence of means: R-1 = 0.058708 after 5824 accepted steps
[mcmc]  - Updated covariance matrix of proposal pdf.
[mcmc] Learn + convergence test @ 7320 samples accepted.
[likelihoodcollection] Average computation time:
   flamingo.inference.masked_ps.MaskedBandPowerLikelihood : 5.37302e-05 s (14951 evaluations, 0.80332 s total)
[theorycollection] Average computation time:
   flamingo.inference.masked_ps.MaskedTSZTheory : 0.0165646 s (14951 evaluations, 247.657 s total)
[mcmc]  - Acceptance rate: 0.473
[mcmc]  - Convergence of means: R-1 = 0.060112 after 5856 accepted steps
[mcmc]  - Updated covariance matrix of proposal pdf.
[mcmc] Learn + convergence test @ 7360 samples accepted.
[likelihoodcollection] Average computation time:
   flamingo.inference.masked_ps.MaskedBandPowerLikelihood : 5.37694e-05 s (15032 evaluations, 0.808262 s total)
[theorycollection] Average computation time:
   flamingo.inference.masked_ps.MaskedTSZTheory : 0.0165649 s (15032 evaluations, 249.003 s total)
[mcmc]  - Acceptance rate: 0.473
[mcmc]  - Convergence of means: R-1 = 0.058257 after 5888 accepted steps
[mcmc]  - Updated covariance matrix of proposal pdf.
[mcmc] Learn + convergence test @ 7400 samples accepted.
[likelihoodcollection] Average computation time:
   flamingo.inference.masked_ps.MaskedBandPowerLikelihood : 5.37801e-05 s (15105 evaluations, 0.812348 s total)
[theorycollection] Average computation time:
   flamingo.inference.masked_ps.MaskedTSZTheory : 0.0165646 s (15105 evaluations, 250.209 s total)
[mcmc]  - Acceptance rate: 0.473
[mcmc]  - Convergence of means: R-1 = 0.059323 after 5920 accepted steps
[mcmc]  - Updated covariance matrix of proposal pdf.
[mcmc] Learn + convergence test @ 7440 samples accepted.
[likelihoodcollection] Average computation time:
   flamingo.inference.masked_ps.MaskedBandPowerLikelihood : 5.37858e-05 s (15182 evaluations, 0.816576 s total)
[theorycollection] Average computation time:
   flamingo.inference.masked_ps.MaskedTSZTheory : 0.0165644 s (15182 evaluations, 251.481 s total)
[mcmc]  - Acceptance rate: 0.473
[mcmc]  - Convergence of means: R-1 = 0.062224 after 5952 accepted steps
[mcmc]  - Updated covariance matrix of proposal pdf.
[mcmc] Learn + convergence test @ 7480 samples accepted.
[likelihoodcollection] Average computation time:
   flamingo.inference.masked_ps.MaskedBandPowerLikelihood : 5.37968e-05 s (15262 evaluations, 0.821047 s total)
[theorycollection] Average computation time:
   flamingo.inference.masked_ps.MaskedTSZTheory : 0.0165647 s (15262 evaluations, 252.811 s total)
[mcmc]  - Acceptance rate: 0.473
[mcmc]  - Convergence of means: R-1 = 0.054007 after 5984 accepted steps
[mcmc]  - Updated covariance matrix of proposal pdf.
[mcmc] Learn + convergence test @ 7520 samples accepted.
[likelihoodcollection] Average computation time:
   flamingo.inference.masked_ps.MaskedBandPowerLikelihood : 5.38152e-05 s (15357 evaluations, 0.826439 s total)
[theorycollection] Average computation time:
   flamingo.inference.masked_ps.MaskedTSZTheory : 0.0165658 s (15357 evaluations, 254.401 s total)
[mcmc]  - Acceptance rate: 0.473
[mcmc]  - Convergence of means: R-1 = 0.050097 after 6016 accepted steps
[mcmc]  - Updated covariance matrix of proposal pdf.
[mcmc] Learn + convergence test @ 7560 samples accepted.
[likelihoodcollection] Average computation time:
   flamingo.inference.masked_ps.MaskedBandPowerLikelihood : 5.3807e-05 s (15444 evaluations, 0.830995 s total)
[theorycollection] Average computation time:
   flamingo.inference.masked_ps.MaskedTSZTheory : 0.0165667 s (15444 evaluations, 255.857 s total)
[mcmc]  - Acceptance rate: 0.472
[mcmc]  - Convergence of means: R-1 = 0.047757 after 6048 accepted steps
[mcmc]  - Updated covariance matrix of proposal pdf.
[mcmc] Learn + convergence test @ 7600 samples accepted.
[likelihoodcollection] Average computation time:
   flamingo.inference.masked_ps.MaskedBandPowerLikelihood : 5.3821e-05 s (15531 evaluations, 0.835894 s total)
[theorycollection] Average computation time:
   flamingo.inference.masked_ps.MaskedTSZTheory : 0.016566 s (15531 evaluations, 257.287 s total)
[mcmc]  - Acceptance rate: 0.472
[mcmc]  - Convergence of means: R-1 = 0.048317 after 6080 accepted steps
[mcmc]  - Updated covariance matrix of proposal pdf.
[mcmc] Learn + convergence test @ 7640 samples accepted.
[likelihoodcollection] Average computation time:
   flamingo.inference.masked_ps.MaskedBandPowerLikelihood : 5.38349e-05 s (15625 evaluations, 0.841171 s total)
[theorycollection] Average computation time:
   flamingo.inference.masked_ps.MaskedTSZTheory : 0.0165674 s (15625 evaluations, 258.866 s total)
[mcmc]  - Acceptance rate: 0.471
[mcmc]  - Convergence of means: R-1 = 0.050351 after 6112 accepted steps
[mcmc]  - Updated covariance matrix of proposal pdf.
[mcmc] Learn + convergence test @ 7680 samples accepted.
[likelihoodcollection] Average computation time:
   flamingo.inference.masked_ps.MaskedBandPowerLikelihood : 5.38107e-05 s (15701 evaluations, 0.844882 s total)
[theorycollection] Average computation time:
   flamingo.inference.masked_ps.MaskedTSZTheory : 0.0165665 s (15701 evaluations, 260.111 s total)
[mcmc]  - Acceptance rate: 0.471
[mcmc]  - Convergence of means: R-1 = 0.049816 after 6144 accepted steps
[mcmc]  - Updated covariance matrix of proposal pdf.
[mcmc] Learn + convergence test @ 7720 samples accepted.
[likelihoodcollection] Average computation time:
   flamingo.inference.masked_ps.MaskedBandPowerLikelihood : 5.3809e-05 s (15779 evaluations, 0.849052 s total)
[theorycollection] Average computation time:
   flamingo.inference.masked_ps.MaskedTSZTheory : 0.0165678 s (15779 evaluations, 261.423 s total)
[mcmc]  - Acceptance rate: 0.472
[mcmc]  - Convergence of means: R-1 = 0.053176 after 6176 accepted steps
[mcmc]  - Updated covariance matrix of proposal pdf.
[mcmc] Learn + convergence test @ 7760 samples accepted.
[likelihoodcollection] Average computation time:
   flamingo.inference.masked_ps.MaskedBandPowerLikelihood : 5.38108e-05 s (15854 evaluations, 0.853117 s total)
[theorycollection] Average computation time:
   flamingo.inference.masked_ps.MaskedTSZTheory : 0.0165695 s (15854 evaluations, 262.693 s total)
[mcmc]  - Acceptance rate: 0.472
[mcmc]  - Convergence of means: R-1 = 0.058312 after 6208 accepted steps
[mcmc]  - Updated covariance matrix of proposal pdf.
[mcmc] Learn + convergence test @ 7800 samples accepted.
[likelihoodcollection] Average computation time:
   flamingo.inference.masked_ps.MaskedBandPowerLikelihood : 5.38129e-05 s (15927 evaluations, 0.857078 s total)
[theorycollection] Average computation time:
   flamingo.inference.masked_ps.MaskedTSZTheory : 0.0165719 s (15927 evaluations, 263.94 s total)
[mcmc]  - Acceptance rate: 0.472
[mcmc]  - Convergence of means: R-1 = 0.068514 after 6240 accepted steps
[mcmc]  - Updated covariance matrix of proposal pdf.
[mcmc] Learn + convergence test @ 7840 samples accepted.
[likelihoodcollection] Average computation time:
   flamingo.inference.masked_ps.MaskedBandPowerLikelihood : 5.38263e-05 s (16018 evaluations, 0.86219 s total)
[theorycollection] Average computation time:
   flamingo.inference.masked_ps.MaskedTSZTheory : 0.0165732 s (16018 evaluations, 265.469 s total)
[mcmc]  - Acceptance rate: 0.471
[mcmc]  - Convergence of means: R-1 = 0.071445 after 6272 accepted steps
[mcmc]  - Updated covariance matrix of proposal pdf.
[mcmc] Learn + convergence test @ 7880 samples accepted.
[likelihoodcollection] Average computation time:
   flamingo.inference.masked_ps.MaskedBandPowerLikelihood : 5.38167e-05 s (16108 evaluations, 0.866879 s total)
[theorycollection] Average computation time:
   flamingo.inference.masked_ps.MaskedTSZTheory : 0.016572 s (16108 evaluations, 266.941 s total)
[mcmc]  - Acceptance rate: 0.471
[mcmc]  - Convergence of means: R-1 = 0.072133 after 6304 accepted steps
[mcmc]  - Updated covariance matrix of proposal pdf.
[mcmc] Learn + convergence test @ 7920 samples accepted.
[likelihoodcollection] Average computation time:
   flamingo.inference.masked_ps.MaskedBandPowerLikelihood : 5.38304e-05 s (16198 evaluations, 0.871945 s total)
[theorycollection] Average computation time:
   flamingo.inference.masked_ps.MaskedTSZTheory : 0.0165728 s (16198 evaluations, 268.446 s total)
[mcmc]  - Acceptance rate: 0.471
[mcmc]  - Convergence of means: R-1 = 0.068387 after 6336 accepted steps
[mcmc]  - Updated covariance matrix of proposal pdf.
[mcmc] Learn + convergence test @ 7960 samples accepted.
[likelihoodcollection] Average computation time:
   flamingo.inference.masked_ps.MaskedBandPowerLikelihood : 5.38335e-05 s (16264 evaluations, 0.875548 s total)
[theorycollection] Average computation time:
   flamingo.inference.masked_ps.MaskedTSZTheory : 0.0165739 s (16264 evaluations, 269.558 s total)
[mcmc]  - Acceptance rate: 0.471
[mcmc]  - Convergence of means: R-1 = 0.067054 after 6368 accepted steps
[mcmc]  - Updated covariance matrix of proposal pdf.
[mcmc] Learn + convergence test @ 8000 samples accepted.
[likelihoodcollection] Average computation time:
   flamingo.inference.masked_ps.MaskedBandPowerLikelihood : 5.38307e-05 s (16339 evaluations, 0.87954 s total)
[theorycollection] Average computation time:
   flamingo.inference.masked_ps.MaskedTSZTheory : 0.016572 s (16339 evaluations, 270.77 s total)
[mcmc]  - Acceptance rate: 0.471
[mcmc]  - Convergence of means: R-1 = 0.061855 after 6400 accepted steps
[mcmc]  - Updated covariance matrix of proposal pdf.
[mcmc] Learn + convergence test @ 8040 samples accepted.
[likelihoodcollection] Average computation time:
   flamingo.inference.masked_ps.MaskedBandPowerLikelihood : 5.38386e-05 s (16403 evaluations, 0.883114 s total)
[theorycollection] Average computation time:
   flamingo.inference.masked_ps.MaskedTSZTheory : 0.0165727 s (16403 evaluations, 271.842 s total)
[mcmc]  - Acceptance rate: 0.471
[mcmc]  - Convergence of means: R-1 = 0.061155 after 6432 accepted steps
[mcmc]  - Updated covariance matrix of proposal pdf.
[mcmc] Learn + convergence test @ 8080 samples accepted.
[likelihoodcollection] Average computation time:
   flamingo.inference.masked_ps.MaskedBandPowerLikelihood : 5.38335e-05 s (16485 evaluations, 0.887445 s total)
[theorycollection] Average computation time:
   flamingo.inference.masked_ps.MaskedTSZTheory : 0.0165719 s (16485 evaluations, 273.188 s total)
[mcmc]  - Acceptance rate: 0.471
[mcmc]  - Convergence of means: R-1 = 0.063139 after 6464 accepted steps
[mcmc]  - Updated covariance matrix of proposal pdf.
[mcmc] Learn + convergence test @ 8120 samples accepted.
[likelihoodcollection] Average computation time:
   flamingo.inference.masked_ps.MaskedBandPowerLikelihood : 5.38545e-05 s (16567 evaluations, 0.892208 s total)
[theorycollection] Average computation time:
   flamingo.inference.masked_ps.MaskedTSZTheory : 0.0165729 s (16567 evaluations, 274.564 s total)
[mcmc]  - Acceptance rate: 0.471
[mcmc]  - Convergence of means: R-1 = 0.062515 after 6496 accepted steps
[mcmc]  - Updated covariance matrix of proposal pdf.
[mcmc] Learn + convergence test @ 8160 samples accepted.
[likelihoodcollection] Average computation time:
   flamingo.inference.masked_ps.MaskedBandPowerLikelihood : 5.38406e-05 s (16630 evaluations, 0.89537 s total)
[theorycollection] Average computation time:
   flamingo.inference.masked_ps.MaskedTSZTheory : 0.0165716 s (16630 evaluations, 275.586 s total)
[mcmc]  - Acceptance rate: 0.472
[mcmc]  - Convergence of means: R-1 = 0.062526 after 6528 accepted steps
[mcmc]  - Updated covariance matrix of proposal pdf.
[mcmc] Learn + convergence test @ 8200 samples accepted.
[likelihoodcollection] Average computation time:
   flamingo.inference.masked_ps.MaskedBandPowerLikelihood : 5.38564e-05 s (16709 evaluations, 0.899886 s total)
[theorycollection] Average computation time:
   flamingo.inference.masked_ps.MaskedTSZTheory : 0.0165724 s (16709 evaluations, 276.908 s total)
[mcmc]  - Acceptance rate: 0.472
[mcmc]  - Convergence of means: R-1 = 0.066899 after 6560 accepted steps
[mcmc]  - Updated covariance matrix of proposal pdf.
[mcmc] Learn + convergence test @ 8240 samples accepted.
[likelihoodcollection] Average computation time:
   flamingo.inference.masked_ps.MaskedBandPowerLikelihood : 5.38805e-05 s (16787 evaluations, 0.904492 s total)
[theorycollection] Average computation time:
   flamingo.inference.masked_ps.MaskedTSZTheory : 0.0165735 s (16787 evaluations, 278.22 s total)
[mcmc]  - Acceptance rate: 0.472
[mcmc]  - Convergence of means: R-1 = 0.064074 after 6592 accepted steps
[mcmc]  - Updated covariance matrix of proposal pdf.
[mcmc] Learn + convergence test @ 8280 samples accepted.
[likelihoodcollection] Average computation time:
   flamingo.inference.masked_ps.MaskedBandPowerLikelihood : 5.38902e-05 s (16881 evaluations, 0.909721 s total)
[theorycollection] Average computation time:
   flamingo.inference.masked_ps.MaskedTSZTheory : 0.0165738 s (16881 evaluations, 279.783 s total)
[mcmc]  - Acceptance rate: 0.472
[mcmc]  - Convergence of means: R-1 = 0.061672 after 6624 accepted steps
[mcmc]  - Updated covariance matrix of proposal pdf.
[mcmc] Learn + convergence test @ 8320 samples accepted.
[likelihoodcollection] Average computation time:
   flamingo.inference.masked_ps.MaskedBandPowerLikelihood : 5.3865e-05 s (16953 evaluations, 0.913174 s total)
[theorycollection] Average computation time:
   flamingo.inference.masked_ps.MaskedTSZTheory : 0.0165715 s (16953 evaluations, 280.936 s total)
[mcmc]  - Acceptance rate: 0.472
[mcmc]  - Convergence of means: R-1 = 0.063697 after 6656 accepted steps
[mcmc]  - Updated covariance matrix of proposal pdf.
[mcmc] Learn + convergence test @ 8360 samples accepted.
[likelihoodcollection] Average computation time:
   flamingo.inference.masked_ps.MaskedBandPowerLikelihood : 5.38599e-05 s (17040 evaluations, 0.917773 s total)
[theorycollection] Average computation time:
   flamingo.inference.masked_ps.MaskedTSZTheory : 0.0165708 s (17040 evaluations, 282.366 s total)
[mcmc]  - Acceptance rate: 0.472
[mcmc]  - Convergence of means: R-1 = 0.062734 after 6688 accepted steps
[mcmc]  - Updated covariance matrix of proposal pdf.
[mcmc] Learn + convergence test @ 8400 samples accepted.
[likelihoodcollection] Average computation time:
   flamingo.inference.masked_ps.MaskedBandPowerLikelihood : 5.38711e-05 s (17109 evaluations, 0.92168 s total)
[theorycollection] Average computation time:
   flamingo.inference.masked_ps.MaskedTSZTheory : 0.0165708 s (17109 evaluations, 283.51 s total)
[mcmc]  - Acceptance rate: 0.473
[mcmc]  - Convergence of means: R-1 = 0.064543 after 6720 accepted steps
[mcmc]  - Updated covariance matrix of proposal pdf.
[mcmc] Learn + convergence test @ 8440 samples accepted.
[likelihoodcollection] Average computation time:
   flamingo.inference.masked_ps.MaskedBandPowerLikelihood : 5.38603e-05 s (17182 evaluations, 0.925428 s total)
[theorycollection] Average computation time:
   flamingo.inference.masked_ps.MaskedTSZTheory : 0.0165699 s (17182 evaluations, 284.703 s total)
[mcmc]  - Acceptance rate: 0.473
[mcmc]  - Convergence of means: R-1 = 0.063457 after 6752 accepted steps
[mcmc]  - Updated covariance matrix of proposal pdf.
[mcmc] Learn + convergence test @ 8480 samples accepted.
[likelihoodcollection] Average computation time:
   flamingo.inference.masked_ps.MaskedBandPowerLikelihood : 5.3859e-05 s (17274 evaluations, 0.93036 s total)
[theorycollection] Average computation time:
   flamingo.inference.masked_ps.MaskedTSZTheory : 0.0165703 s (17274 evaluations, 286.236 s total)
[mcmc]  - Acceptance rate: 0.473
[mcmc]  - Convergence of means: R-1 = 0.068761 after 6784 accepted steps
[mcmc]  - Updated covariance matrix of proposal pdf.
[mcmc] Learn + convergence test @ 8520 samples accepted.
[likelihoodcollection] Average computation time:
   flamingo.inference.masked_ps.MaskedBandPowerLikelihood : 5.3848e-05 s (17357 evaluations, 0.934639 s total)
[theorycollection] Average computation time:
   flamingo.inference.masked_ps.MaskedTSZTheory : 0.0165709 s (17357 evaluations, 287.622 s total)
[mcmc]  - Acceptance rate: 0.473
[mcmc]  - Convergence of means: R-1 = 0.068427 after 6816 accepted steps
[mcmc]  - Updated covariance matrix of proposal pdf.
[mcmc] Learn + convergence test @ 8560 samples accepted.
[likelihoodcollection] Average computation time:
   flamingo.inference.masked_ps.MaskedBandPowerLikelihood : 5.38558e-05 s (17456 evaluations, 0.940107 s total)
[theorycollection] Average computation time:
   flamingo.inference.masked_ps.MaskedTSZTheory : 0.01657 s (17456 evaluations, 289.247 s total)
[mcmc]  - Acceptance rate: 0.472
[mcmc]  - Convergence of means: R-1 = 0.066346 after 6848 accepted steps
[mcmc]  - Updated covariance matrix of proposal pdf.
[mcmc] Learn + convergence test @ 8600 samples accepted.
[likelihoodcollection] Average computation time:
   flamingo.inference.masked_ps.MaskedBandPowerLikelihood : 5.38626e-05 s (17538 evaluations, 0.944643 s total)
[theorycollection] Average computation time:
   flamingo.inference.masked_ps.MaskedTSZTheory : 0.0165697 s (17538 evaluations, 290.599 s total)
[mcmc]  - Acceptance rate: 0.472
[mcmc]  - Convergence of means: R-1 = 0.066445 after 6880 accepted steps
[mcmc]  - Updated covariance matrix of proposal pdf.
[mcmc] Learn + convergence test @ 8640 samples accepted.
[likelihoodcollection] Average computation time:
   flamingo.inference.masked_ps.MaskedBandPowerLikelihood : 5.39111e-05 s (17629 evaluations, 0.950399 s total)
[theorycollection] Average computation time:
   flamingo.inference.masked_ps.MaskedTSZTheory : 0.0165697 s (17629 evaluations, 292.107 s total)
[mcmc]  - Acceptance rate: 0.471
[mcmc]  - Convergence of means: R-1 = 0.069771 after 6912 accepted steps
[mcmc]  - Updated covariance matrix of proposal pdf.
[mcmc] Learn + convergence test @ 8680 samples accepted.
[likelihoodcollection] Average computation time:
   flamingo.inference.masked_ps.MaskedBandPowerLikelihood : 5.3911e-05 s (17703 evaluations, 0.954386 s total)
[theorycollection] Average computation time:
   flamingo.inference.masked_ps.MaskedTSZTheory : 0.0165689 s (17703 evaluations, 293.319 s total)
[mcmc]  - Acceptance rate: 0.471
[mcmc]  - Convergence of means: R-1 = 0.068437 after 6944 accepted steps
[mcmc]  - Updated covariance matrix of proposal pdf.
[mcmc] Progress @ 2026-08-03 01:54:29 : 18316 steps taken, and 8688 accepted.
[mcmc] Learn + convergence test @ 8720 samples accepted.
[likelihoodcollection] Average computation time:
   flamingo.inference.masked_ps.MaskedBandPowerLikelihood : 5.39009e-05 s (17774 evaluations, 0.958035 s total)
[theorycollection] Average computation time:
   flamingo.inference.masked_ps.MaskedTSZTheory : 0.0165691 s (17774 evaluations, 294.499 s total)
[mcmc]  - Acceptance rate: 0.472
[mcmc]  - Convergence of means: R-1 = 0.069352 after 6976 accepted steps
[mcmc]  - Updated covariance matrix of proposal pdf.
[mcmc] Learn + convergence test @ 8760 samples accepted.
[likelihoodcollection] Average computation time:
   flamingo.inference.masked_ps.MaskedBandPowerLikelihood : 5.39033e-05 s (17846 evaluations, 0.961959 s total)
[theorycollection] Average computation time:
   flamingo.inference.masked_ps.MaskedTSZTheory : 0.0165687 s (17846 evaluations, 295.685 s total)
[mcmc]  - Acceptance rate: 0.472
[mcmc]  - Convergence of means: R-1 = 0.068114 after 7008 accepted steps
[mcmc]  - Updated covariance matrix of proposal pdf.
[mcmc] Learn + convergence test @ 8800 samples accepted.
[likelihoodcollection] Average computation time:
   flamingo.inference.masked_ps.MaskedBandPowerLikelihood : 5.39165e-05 s (17924 evaluations, 0.966399 s total)
[theorycollection] Average computation time:
   flamingo.inference.masked_ps.MaskedTSZTheory : 0.0165685 s (17924 evaluations, 296.973 s total)
[mcmc]  - Acceptance rate: 0.472
[mcmc]  - Convergence of means: R-1 = 0.069849 after 7040 accepted steps
[mcmc]  - Updated covariance matrix of proposal pdf.
[mcmc] Learn + convergence test @ 8840 samples accepted.
[likelihoodcollection] Average computation time:
   flamingo.inference.masked_ps.MaskedBandPowerLikelihood : 5.39094e-05 s (18009 evaluations, 0.970854 s total)
[theorycollection] Average computation time:
   flamingo.inference.masked_ps.MaskedTSZTheory : 0.0165698 s (18009 evaluations, 298.405 s total)
[mcmc]  - Acceptance rate: 0.472
[mcmc]  - Convergence of means: R-1 = 0.068653 after 7072 accepted steps
[mcmc]  - Updated covariance matrix of proposal pdf.
[mcmc] Learn + convergence test @ 8880 samples accepted.
[likelihoodcollection] Average computation time:
   flamingo.inference.masked_ps.MaskedBandPowerLikelihood : 5.39111e-05 s (18086 evaluations, 0.975036 s total)
[theorycollection] Average computation time:
   flamingo.inference.masked_ps.MaskedTSZTheory : 0.0165703 s (18086 evaluations, 299.691 s total)
[mcmc]  - Acceptance rate: 0.472
[mcmc]  - Convergence of means: R-1 = 0.066609 after 7104 accepted steps
[mcmc]  - Updated covariance matrix of proposal pdf.
[mcmc] Learn + convergence test @ 8920 samples accepted.
[likelihoodcollection] Average computation time:
   flamingo.inference.masked_ps.MaskedBandPowerLikelihood : 5.39023e-05 s (18180 evaluations, 0.979943 s total)
[theorycollection] Average computation time:
   flamingo.inference.masked_ps.MaskedTSZTheory : 0.0165708 s (18180 evaluations, 301.258 s total)
[mcmc]  - Acceptance rate: 0.472
[mcmc]  - Convergence of means: R-1 = 0.061643 after 7136 accepted steps
[mcmc]  - Updated covariance matrix of proposal pdf.
[mcmc] Learn + convergence test @ 8960 samples accepted.
[likelihoodcollection] Average computation time:
   flamingo.inference.masked_ps.MaskedBandPowerLikelihood : 5.39023e-05 s (18254 evaluations, 0.983933 s total)
[theorycollection] Average computation time:
   flamingo.inference.masked_ps.MaskedTSZTheory : 0.0165709 s (18254 evaluations, 302.485 s total)
[mcmc]  - Acceptance rate: 0.472
[mcmc]  - Convergence of means: R-1 = 0.058589 after 7168 accepted steps
[mcmc]  - Updated covariance matrix of proposal pdf.
[mcmc] Learn + convergence test @ 9000 samples accepted.
[likelihoodcollection] Average computation time:
   flamingo.inference.masked_ps.MaskedBandPowerLikelihood : 5.38977e-05 s (18338 evaluations, 0.988375 s total)
[theorycollection] Average computation time:
   flamingo.inference.masked_ps.MaskedTSZTheory : 0.0165723 s (18338 evaluations, 303.903 s total)
[mcmc]  - Acceptance rate: 0.473
[mcmc]  - Convergence of means: R-1 = 0.057693 after 7200 accepted steps
[mcmc]  - Updated covariance matrix of proposal pdf.
[mcmc] Learn + convergence test @ 9040 samples accepted.
[likelihoodcollection] Average computation time:
   flamingo.inference.masked_ps.MaskedBandPowerLikelihood : 5.3889e-05 s (18417 evaluations, 0.992474 s total)
[theorycollection] Average computation time:
   flamingo.inference.masked_ps.MaskedTSZTheory : 0.0165714 s (18417 evaluations, 305.195 s total)
[mcmc]  - Acceptance rate: 0.473
[mcmc]  - Convergence of means: R-1 = 0.054709 after 7232 accepted steps
[mcmc]  - Updated covariance matrix of proposal pdf.
[mcmc] Learn + convergence test @ 9080 samples accepted.
[likelihoodcollection] Average computation time:
   flamingo.inference.masked_ps.MaskedBandPowerLikelihood : 5.39e-05 s (18520 evaluations, 0.998227 s total)
[theorycollection] Average computation time:
   flamingo.inference.masked_ps.MaskedTSZTheory : 0.0165711 s (18520 evaluations, 306.896 s total)
[mcmc]  - Acceptance rate: 0.473
[mcmc]  - Convergence of means: R-1 = 0.054019 after 7264 accepted steps
[mcmc]  - Updated covariance matrix of proposal pdf.
[mcmc] Learn + convergence test @ 9120 samples accepted.
[likelihoodcollection] Average computation time:
   flamingo.inference.masked_ps.MaskedBandPowerLikelihood : 5.3898e-05 s (18644 evaluations, 1.00487 s total)
[theorycollection] Average computation time:
   flamingo.inference.masked_ps.MaskedTSZTheory : 0.0165709 s (18644 evaluations, 308.948 s total)
[mcmc]  - Acceptance rate: 0.471
[mcmc]  - Convergence of means: R-1 = 0.056592 after 7296 accepted steps
[mcmc]  - Updated covariance matrix of proposal pdf.
[mcmc] Learn + convergence test @ 9160 samples accepted.
[likelihoodcollection] Average computation time:
   flamingo.inference.masked_ps.MaskedBandPowerLikelihood : 5.39161e-05 s (18714 evaluations, 1.00899 s total)
[theorycollection] Average computation time:
   flamingo.inference.masked_ps.MaskedTSZTheory : 0.016571 s (18714 evaluations, 310.11 s total)
[mcmc]  - Acceptance rate: 0.471
[mcmc]  - Convergence of means: R-1 = 0.057233 after 7328 accepted steps
[mcmc]  - Updated covariance matrix of proposal pdf.
[mcmc] Learn + convergence test @ 9200 samples accepted.
[likelihoodcollection] Average computation time:
   flamingo.inference.masked_ps.MaskedBandPowerLikelihood : 5.39227e-05 s (18797 evaluations, 1.01359 s total)
[theorycollection] Average computation time:
   flamingo.inference.masked_ps.MaskedTSZTheory : 0.0165699 s (18797 evaluations, 311.464 s total)
[mcmc]  - Acceptance rate: 0.472
[mcmc]  - Convergence of means: R-1 = 0.055911 after 7360 accepted steps
[mcmc]  - Updated covariance matrix of proposal pdf.
[mcmc] Learn + convergence test @ 9240 samples accepted.
[likelihoodcollection] Average computation time:
   flamingo.inference.masked_ps.MaskedBandPowerLikelihood : 5.39197e-05 s (18884 evaluations, 1.01822 s total)
[theorycollection] Average computation time:
   flamingo.inference.masked_ps.MaskedTSZTheory : 0.0165712 s (18884 evaluations, 312.931 s total)
[mcmc]  - Acceptance rate: 0.472
[mcmc]  - Convergence of means: R-1 = 0.049831 after 7392 accepted steps
[mcmc]  - Updated covariance matrix of proposal pdf.
[mcmc] Learn + convergence test @ 9280 samples accepted.
[likelihoodcollection] Average computation time:
   flamingo.inference.masked_ps.MaskedBandPowerLikelihood : 5.39032e-05 s (18967 evaluations, 1.02238 s total)
[theorycollection] Average computation time:
   flamingo.inference.masked_ps.MaskedTSZTheory : 0.0165701 s (18967 evaluations, 314.285 s total)
[mcmc]  - Acceptance rate: 0.472
[mcmc]  - Convergence of means: R-1 = 0.056142 after 7424 accepted steps
[mcmc]  - Updated covariance matrix of proposal pdf.
[mcmc] Learn + convergence test @ 9320 samples accepted.
[likelihoodcollection] Average computation time:
   flamingo.inference.masked_ps.MaskedBandPowerLikelihood : 5.39284e-05 s (19040 evaluations, 1.0268 s total)
[theorycollection] Average computation time:
   flamingo.inference.masked_ps.MaskedTSZTheory : 0.0165705 s (19040 evaluations, 315.503 s total)
[mcmc]  - Acceptance rate: 0.472
[mcmc]  - Convergence of means: R-1 = 0.063569 after 7456 accepted steps
[mcmc]  - Updated covariance matrix of proposal pdf.
[mcmc] Learn + convergence test @ 9360 samples accepted.
[likelihoodcollection] Average computation time:
   flamingo.inference.masked_ps.MaskedBandPowerLikelihood : 5.39284e-05 s (19118 evaluations, 1.031 s total)
[theorycollection] Average computation time:
   flamingo.inference.masked_ps.MaskedTSZTheory : 0.0165705 s (19118 evaluations, 316.795 s total)
[mcmc]  - Acceptance rate: 0.472
[mcmc]  - Convergence of means: R-1 = 0.069448 after 7488 accepted steps
[mcmc]  - Updated covariance matrix of proposal pdf.
[mcmc] Learn + convergence test @ 9400 samples accepted.
[likelihoodcollection] Average computation time:
   flamingo.inference.masked_ps.MaskedBandPowerLikelihood : 5.39417e-05 s (19214 evaluations, 1.03644 s total)
[theorycollection] Average computation time:
   flamingo.inference.masked_ps.MaskedTSZTheory : 0.0165715 s (19214 evaluations, 318.404 s total)
[mcmc]  - Acceptance rate: 0.472
[mcmc]  - Convergence of means: R-1 = 0.081504 after 7520 accepted steps
[mcmc]  - Updated covariance matrix of proposal pdf.
[mcmc] Learn + convergence test @ 9440 samples accepted.
[likelihoodcollection] Average computation time:
   flamingo.inference.masked_ps.MaskedBandPowerLikelihood : 5.39409e-05 s (19302 evaluations, 1.04117 s total)
[theorycollection] Average computation time:
   flamingo.inference.masked_ps.MaskedTSZTheory : 0.0165723 s (19302 evaluations, 319.879 s total)
[mcmc]  - Acceptance rate: 0.472
[mcmc]  - Convergence of means: R-1 = 0.089291 after 7552 accepted steps
[mcmc]  - Updated covariance matrix of proposal pdf.
[mcmc] Learn + convergence test @ 9480 samples accepted.
[likelihoodcollection] Average computation time:
   flamingo.inference.masked_ps.MaskedBandPowerLikelihood : 5.39513e-05 s (19380 evaluations, 1.04558 s total)
[theorycollection] Average computation time:
   flamingo.inference.masked_ps.MaskedTSZTheory : 0.0165735 s (19380 evaluations, 321.194 s total)
[mcmc]  - Acceptance rate: 0.472
[mcmc]  - Convergence of means: R-1 = 0.095407 after 7584 accepted steps
[mcmc]  - Updated covariance matrix of proposal pdf.
[mcmc] Learn + convergence test @ 9520 samples accepted.
[likelihoodcollection] Average computation time:
   flamingo.inference.masked_ps.MaskedBandPowerLikelihood : 5.39548e-05 s (19466 evaluations, 1.05028 s total)
[theorycollection] Average computation time:
   flamingo.inference.masked_ps.MaskedTSZTheory : 0.0165741 s (19466 evaluations, 322.631 s total)
[mcmc]  - Acceptance rate: 0.472
[mcmc]  - Convergence of means: R-1 = 0.084897 after 7616 accepted steps
[mcmc]  - Updated covariance matrix of proposal pdf.
[mcmc] Learn + convergence test @ 9560 samples accepted.
[likelihoodcollection] Average computation time:
   flamingo.inference.masked_ps.MaskedBandPowerLikelihood : 5.39637e-05 s (19543 evaluations, 1.05461 s total)
[theorycollection] Average computation time:
   flamingo.inference.masked_ps.MaskedTSZTheory : 0.0165741 s (19543 evaluations, 323.907 s total)
[mcmc]  - Acceptance rate: 0.472
[mcmc]  - Convergence of means: R-1 = 0.097992 after 7648 accepted steps
[mcmc]  - Updated covariance matrix of proposal pdf.
[mcmc] Learn + convergence test @ 9600 samples accepted.
[likelihoodcollection] Average computation time:
   flamingo.inference.masked_ps.MaskedBandPowerLikelihood : 5.39725e-05 s (19628 evaluations, 1.05937 s total)
[theorycollection] Average computation time:
   flamingo.inference.masked_ps.MaskedTSZTheory : 0.016575 s (19628 evaluations, 325.335 s total)
[mcmc]  - Acceptance rate: 0.472
[mcmc]  - Convergence of means: R-1 = 0.092212 after 7680 accepted steps
[mcmc]  - Updated covariance matrix of proposal pdf.
[mcmc] Learn + convergence test @ 9640 samples accepted.
[likelihoodcollection] Average computation time:
   flamingo.inference.masked_ps.MaskedBandPowerLikelihood : 5.39677e-05 s (19715 evaluations, 1.06397 s total)
[theorycollection] Average computation time:
   flamingo.inference.masked_ps.MaskedTSZTheory : 0.0165764 s (19715 evaluations, 326.804 s total)
[mcmc]  - Acceptance rate: 0.471
[mcmc]  - Convergence of means: R-1 = 0.080977 after 7712 accepted steps
[mcmc]  - Updated covariance matrix of proposal pdf.
[mcmc] Learn + convergence test @ 9680 samples accepted.
[likelihoodcollection] Average computation time:
   flamingo.inference.masked_ps.MaskedBandPowerLikelihood : 5.39648e-05 s (19788 evaluations, 1.06785 s total)
[theorycollection] Average computation time:
   flamingo.inference.masked_ps.MaskedTSZTheory : 0.016576 s (19788 evaluations, 328.005 s total)
[mcmc]  - Acceptance rate: 0.471
[mcmc]  - Convergence of means: R-1 = 0.072258 after 7744 accepted steps
[mcmc]  - Updated covariance matrix of proposal pdf.
[mcmc] Learn + convergence test @ 9720 samples accepted.
[likelihoodcollection] Average computation time:
   flamingo.inference.masked_ps.MaskedBandPowerLikelihood : 5.39916e-05 s (19862 evaluations, 1.07238 s total)
[theorycollection] Average computation time:
   flamingo.inference.masked_ps.MaskedTSZTheory : 0.0165762 s (19862 evaluations, 329.236 s total)
[mcmc]  - Acceptance rate: 0.472
[mcmc]  - Convergence of means: R-1 = 0.070751 after 7776 accepted steps
[mcmc]  - Updated covariance matrix of proposal pdf.
[mcmc] Learn + convergence test @ 9760 samples accepted.
[likelihoodcollection] Average computation time:
   flamingo.inference.masked_ps.MaskedBandPowerLikelihood : 5.39976e-05 s (19931 evaluations, 1.07623 s total)
[theorycollection] Average computation time:
   flamingo.inference.masked_ps.MaskedTSZTheory : 0.0165764 s (19931 evaluations, 330.385 s total)
[mcmc]  - Acceptance rate: 0.472
[mcmc]  - Convergence of means: R-1 = 0.067898 after 7808 accepted steps
[mcmc]  - Updated covariance matrix of proposal pdf.
[mcmc] Learn + convergence test @ 9800 samples accepted.
[likelihoodcollection] Average computation time:
   flamingo.inference.masked_ps.MaskedBandPowerLikelihood : 5.39998e-05 s (20008 evaluations, 1.08043 s total)
[theorycollection] Average computation time:
   flamingo.inference.masked_ps.MaskedTSZTheory : 0.0165771 s (20008 evaluations, 331.675 s total)
[mcmc]  - Acceptance rate: 0.472
[mcmc]  - Convergence of means: R-1 = 0.073009 after 7840 accepted steps
[mcmc]  - Updated covariance matrix of proposal pdf.
[mcmc] Learn + convergence test @ 9840 samples accepted.
[likelihoodcollection] Average computation time:
   flamingo.inference.masked_ps.MaskedBandPowerLikelihood : 5.40119e-05 s (20099 evaluations, 1.08558 s total)
[theorycollection] Average computation time:
   flamingo.inference.masked_ps.MaskedTSZTheory : 0.0165763 s (20099 evaluations, 333.167 s total)
[mcmc]  - Acceptance rate: 0.472
[mcmc]  - Convergence of means: R-1 = 0.070190 after 7872 accepted steps
[mcmc]  - Updated covariance matrix of proposal pdf.
[mcmc] Learn + convergence test @ 9880 samples accepted.
[likelihoodcollection] Average computation time:
   flamingo.inference.masked_ps.MaskedBandPowerLikelihood : 5.3996e-05 s (20187 evaluations, 1.09002 s total)
[theorycollection] Average computation time:
   flamingo.inference.masked_ps.MaskedTSZTheory : 0.0165761 s (20187 evaluations, 334.622 s total)
[mcmc]  - Acceptance rate: 0.471
[mcmc]  - Convergence of means: R-1 = 0.066664 after 7904 accepted steps
[mcmc]  - Updated covariance matrix of proposal pdf.
[mcmc] Learn + convergence test @ 9920 samples accepted.
[likelihoodcollection] Average computation time:
   flamingo.inference.masked_ps.MaskedBandPowerLikelihood : 5.39888e-05 s (20284 evaluations, 1.09511 s total)
[theorycollection] Average computation time:
   flamingo.inference.masked_ps.MaskedTSZTheory : 0.0165761 s (20284 evaluations, 336.23 s total)
[mcmc]  - Acceptance rate: 0.471
[mcmc]  - Convergence of means: R-1 = 0.062279 after 7936 accepted steps
[mcmc]  - Updated covariance matrix of proposal pdf.
[mcmc] Learn + convergence test @ 9960 samples accepted.
[likelihoodcollection] Average computation time:
   flamingo.inference.masked_ps.MaskedBandPowerLikelihood : 5.39772e-05 s (20368 evaluations, 1.09941 s total)
[theorycollection] Average computation time:
   flamingo.inference.masked_ps.MaskedTSZTheory : 0.0165751 s (20368 evaluations, 337.602 s total)
[mcmc]  - Acceptance rate: 0.471
[mcmc]  - Convergence of means: R-1 = 0.061079 after 7968 accepted steps
[mcmc]  - Updated covariance matrix of proposal pdf.
[mcmc] Learn + convergence test @ 10000 samples accepted.
[likelihoodcollection] Average computation time:
   flamingo.inference.masked_ps.MaskedBandPowerLikelihood : 5.39595e-05 s (20455 evaluations, 1.10374 s total)
[theorycollection] Average computation time:
   flamingo.inference.masked_ps.MaskedTSZTheory : 0.0165748 s (20455 evaluations, 339.037 s total)
[mcmc]  - Acceptance rate: 0.471
[mcmc]  - Convergence of means: R-1 = 0.065042 after 8000 accepted steps
[mcmc]  - Updated covariance matrix of proposal pdf.
[mcmc] Learn + convergence test @ 10040 samples accepted.
[likelihoodcollection] Average computation time:
   flamingo.inference.masked_ps.MaskedBandPowerLikelihood : 5.39681e-05 s (20542 evaluations, 1.10861 s total)
[theorycollection] Average computation time:
   flamingo.inference.masked_ps.MaskedTSZTheory : 0.0165755 s (20542 evaluations, 340.494 s total)
[mcmc]  - Acceptance rate: 0.469
[mcmc]  - Convergence of means: R-1 = 0.050516 after 8032 accepted steps
[mcmc]  - Updated covariance matrix of proposal pdf.
[mcmc] Learn + convergence test @ 10080 samples accepted.
[likelihoodcollection] Average computation time:
   flamingo.inference.masked_ps.MaskedBandPowerLikelihood : 5.39503e-05 s (20617 evaluations, 1.11229 s total)
[theorycollection] Average computation time:
   flamingo.inference.masked_ps.MaskedTSZTheory : 0.0165751 s (20617 evaluations, 341.729 s total)
[mcmc]  - Acceptance rate: 0.469
[mcmc]  - Convergence of means: R-1 = 0.048159 after 8064 accepted steps
[mcmc]  - Updated covariance matrix of proposal pdf.
[mcmc] Learn + convergence test @ 10120 samples accepted.
[likelihoodcollection] Average computation time:
   flamingo.inference.masked_ps.MaskedBandPowerLikelihood : 5.39414e-05 s (20704 evaluations, 1.1168 s total)
[theorycollection] Average computation time:
   flamingo.inference.masked_ps.MaskedTSZTheory : 0.0165739 s (20704 evaluations, 343.146 s total)
[mcmc]  - Acceptance rate: 0.469
[mcmc]  - Convergence of means: R-1 = 0.047894 after 8096 accepted steps
[mcmc]  - Updated covariance matrix of proposal pdf.
[mcmc] Learn + convergence test @ 10160 samples accepted.
[likelihoodcollection] Average computation time:
   flamingo.inference.masked_ps.MaskedBandPowerLikelihood : 5.39473e-05 s (20788 evaluations, 1.12146 s total)
[theorycollection] Average computation time:
   flamingo.inference.masked_ps.MaskedTSZTheory : 0.0165745 s (20788 evaluations, 344.55 s total)
[mcmc]  - Acceptance rate: 0.469
[mcmc]  - Convergence of means: R-1 = 0.042774 after 8128 accepted steps
[mcmc]  - Updated covariance matrix of proposal pdf.
[mcmc] Learn + convergence test @ 10200 samples accepted.
[likelihoodcollection] Average computation time:
   flamingo.inference.masked_ps.MaskedBandPowerLikelihood : 5.39576e-05 s (20867 evaluations, 1.12593 s total)
[theorycollection] Average computation time:
   flamingo.inference.masked_ps.MaskedTSZTheory : 0.0165752 s (20867 evaluations, 345.874 s total)
[mcmc]  - Acceptance rate: 0.469
[mcmc]  - Convergence of means: R-1 = 0.044864 after 8160 accepted steps
[mcmc]  - Updated covariance matrix of proposal pdf.
[mcmc] Learn + convergence test @ 10240 samples accepted.
[likelihoodcollection] Average computation time:
   flamingo.inference.masked_ps.MaskedBandPowerLikelihood : 5.3976e-05 s (20936 evaluations, 1.13004 s total)
[theorycollection] Average computation time:
   flamingo.inference.masked_ps.MaskedTSZTheory : 0.0165752 s (20936 evaluations, 347.018 s total)
[mcmc]  - Acceptance rate: 0.470
[mcmc]  - Convergence of means: R-1 = 0.048425 after 8192 accepted steps
[mcmc]  - Updated covariance matrix of proposal pdf.
[mcmc] Learn + convergence test @ 10280 samples accepted.
[likelihoodcollection] Average computation time:
   flamingo.inference.masked_ps.MaskedBandPowerLikelihood : 5.39616e-05 s (21027 evaluations, 1.13465 s total)
[theorycollection] Average computation time:
   flamingo.inference.masked_ps.MaskedTSZTheory : 0.0165737 s (21027 evaluations, 348.495 s total)
[mcmc]  - Acceptance rate: 0.469
[mcmc]  - Convergence of means: R-1 = 0.047327 after 8224 accepted steps
[mcmc]  - Updated covariance matrix of proposal pdf.
[mcmc] Learn + convergence test @ 10320 samples accepted.
[likelihoodcollection] Average computation time:
   flamingo.inference.masked_ps.MaskedBandPowerLikelihood : 5.39498e-05 s (21136 evaluations, 1.14028 s total)
[theorycollection] Average computation time:
   flamingo.inference.masked_ps.MaskedTSZTheory : 0.0165752 s (21136 evaluations, 350.333 s total)
[mcmc]  - Acceptance rate: 0.469
[mcmc]  - Convergence of means: R-1 = 0.049529 after 8256 accepted steps
[mcmc]  - Updated covariance matrix of proposal pdf.
[mcmc] Learn + convergence test @ 10360 samples accepted.
[likelihoodcollection] Average computation time:
   flamingo.inference.masked_ps.MaskedBandPowerLikelihood : 5.39405e-05 s (21211 evaluations, 1.14413 s total)
[theorycollection] Average computation time:
   flamingo.inference.masked_ps.MaskedTSZTheory : 0.0165748 s (21211 evaluations, 351.567 s total)
[mcmc]  - Acceptance rate: 0.469
[mcmc]  - Convergence of means: R-1 = 0.045788 after 8288 accepted steps
[mcmc]  - Updated covariance matrix of proposal pdf.
[mcmc] Progress @ 2026-08-03 01:55:29 : 21961 steps taken, and 10371 accepted.
[mcmc] Learn + convergence test @ 10400 samples accepted.
[likelihoodcollection] Average computation time:
   flamingo.inference.masked_ps.MaskedBandPowerLikelihood : 5.39355e-05 s (21301 evaluations, 1.14888 s total)
[theorycollection] Average computation time:
   flamingo.inference.masked_ps.MaskedTSZTheory : 0.0165741 s (21301 evaluations, 353.045 s total)
[mcmc]  - Acceptance rate: 0.469
[mcmc]  - Convergence of means: R-1 = 0.045150 after 8320 accepted steps
[mcmc]  - Updated covariance matrix of proposal pdf.
[mcmc] Learn + convergence test @ 10440 samples accepted.
[likelihoodcollection] Average computation time:
   flamingo.inference.masked_ps.MaskedBandPowerLikelihood : 5.39396e-05 s (21372 evaluations, 1.1528 s total)
[theorycollection] Average computation time:
   flamingo.inference.masked_ps.MaskedTSZTheory : 0.0165744 s (21372 evaluations, 354.228 s total)
[mcmc]  - Acceptance rate: 0.469
[mcmc]  - Convergence of means: R-1 = 0.042728 after 8352 accepted steps
[mcmc]  - Updated covariance matrix of proposal pdf.
[mcmc] Learn + convergence test @ 10480 samples accepted.
[likelihoodcollection] Average computation time:
   flamingo.inference.masked_ps.MaskedBandPowerLikelihood : 5.39291e-05 s (21443 evaluations, 1.1564 s total)
[theorycollection] Average computation time:
   flamingo.inference.masked_ps.MaskedTSZTheory : 0.0165736 s (21443 evaluations, 355.387 s total)
[mcmc]  - Acceptance rate: 0.469
[mcmc]  - Convergence of means: R-1 = 0.043407 after 8384 accepted steps
[mcmc]  - Updated covariance matrix of proposal pdf.
[mcmc] Learn + convergence test @ 10520 samples accepted.
[likelihoodcollection] Average computation time:
   flamingo.inference.masked_ps.MaskedBandPowerLikelihood : 5.39333e-05 s (21523 evaluations, 1.16081 s total)
[theorycollection] Average computation time:
   flamingo.inference.masked_ps.MaskedTSZTheory : 0.0165739 s (21523 evaluations, 356.721 s total)
[mcmc]  - Acceptance rate: 0.469
[mcmc]  - Convergence of means: R-1 = 0.039877 after 8416 accepted steps
[mcmc]  - Updated covariance matrix of proposal pdf.
[mcmc] Learn + convergence test @ 10560 samples accepted.
[likelihoodcollection] Average computation time:
   flamingo.inference.masked_ps.MaskedBandPowerLikelihood : 5.39259e-05 s (21617 evaluations, 1.16572 s total)
[theorycollection] Average computation time:
   flamingo.inference.masked_ps.MaskedTSZTheory : 0.0165741 s (21617 evaluations, 358.283 s total)
[mcmc]  - Acceptance rate: 0.469
[mcmc]  - Convergence of means: R-1 = 0.038143 after 8448 accepted steps
[mcmc]  - Updated covariance matrix of proposal pdf.
[mcmc] Learn + convergence test @ 10600 samples accepted.
[likelihoodcollection] Average computation time:
   flamingo.inference.masked_ps.MaskedBandPowerLikelihood : 5.39241e-05 s (21692 evaluations, 1.16972 s total)
[theorycollection] Average computation time:
   flamingo.inference.masked_ps.MaskedTSZTheory : 0.0165739 s (21692 evaluations, 359.52 s total)
[mcmc]  - Acceptance rate: 0.469
[mcmc]  - Convergence of means: R-1 = 0.039371 after 8480 accepted steps
[mcmc]  - Updated covariance matrix of proposal pdf.
[mcmc] Learn + convergence test @ 10640 samples accepted.
[likelihoodcollection] Average computation time:
   flamingo.inference.masked_ps.MaskedBandPowerLikelihood : 5.39143e-05 s (21760 evaluations, 1.17318 s total)
[theorycollection] Average computation time:
   flamingo.inference.masked_ps.MaskedTSZTheory : 0.0165735 s (21760 evaluations, 360.64 s total)
[mcmc]  - Acceptance rate: 0.470
[mcmc]  - Convergence of means: R-1 = 0.036397 after 8512 accepted steps
[mcmc]  - Updated covariance matrix of proposal pdf.
[mcmc] Learn + convergence test @ 10680 samples accepted.
[likelihoodcollection] Average computation time:
   flamingo.inference.masked_ps.MaskedBandPowerLikelihood : 5.39242e-05 s (21843 evaluations, 1.17787 s total)
[theorycollection] Average computation time:
   flamingo.inference.masked_ps.MaskedTSZTheory : 0.016575 s (21843 evaluations, 362.048 s total)
[mcmc]  - Acceptance rate: 0.470
[mcmc]  - Convergence of means: R-1 = 0.031645 after 8544 accepted steps
[mcmc]  - Updated covariance matrix of proposal pdf.
[mcmc] Learn + convergence test @ 10720 samples accepted.
[likelihoodcollection] Average computation time:
   flamingo.inference.masked_ps.MaskedBandPowerLikelihood : 5.39261e-05 s (21942 evaluations, 1.18325 s total)
[theorycollection] Average computation time:
   flamingo.inference.masked_ps.MaskedTSZTheory : 0.0165746 s (21942 evaluations, 363.68 s total)
[mcmc]  - Acceptance rate: 0.469
[mcmc]  - Convergence of means: R-1 = 0.031426 after 8576 accepted steps
[mcmc]  - Updated covariance matrix of proposal pdf.
[mcmc] Learn + convergence test @ 10760 samples accepted.
[likelihoodcollection] Average computation time:
   flamingo.inference.masked_ps.MaskedBandPowerLikelihood : 5.39373e-05 s (22028 evaluations, 1.18813 s total)
[theorycollection] Average computation time:
   flamingo.inference.masked_ps.MaskedTSZTheory : 0.0165753 s (22028 evaluations, 365.121 s total)
[mcmc]  - Acceptance rate: 0.469
[mcmc]  - Convergence of means: R-1 = 0.032517 after 8608 accepted steps
[mcmc]  - Updated covariance matrix of proposal pdf.
[mcmc] Learn + convergence test @ 10800 samples accepted.
[likelihoodcollection] Average computation time:
   flamingo.inference.masked_ps.MaskedBandPowerLikelihood : 5.39302e-05 s (22119 evaluations, 1.19288 s total)
[theorycollection] Average computation time:
   flamingo.inference.masked_ps.MaskedTSZTheory : 0.0165747 s (22119 evaluations, 366.615 s total)
[mcmc]  - Acceptance rate: 0.469
[mcmc]  - Convergence of means: R-1 = 0.029613 after 8640 accepted steps
[mcmc]  - Updated covariance matrix of proposal pdf.
[mcmc] Learn + convergence test @ 10840 samples accepted.
[likelihoodcollection] Average computation time:
   flamingo.inference.masked_ps.MaskedBandPowerLikelihood : 5.39273e-05 s (22200 evaluations, 1.19719 s total)
[theorycollection] Average computation time:
   flamingo.inference.masked_ps.MaskedTSZTheory : 0.0165746 s (22200 evaluations, 367.957 s total)
[mcmc]  - Acceptance rate: 0.469
[mcmc]  - Convergence of means: R-1 = 0.026873 after 8672 accepted steps
[mcmc]  - Updated covariance matrix of proposal pdf.
[mcmc] Learn + convergence test @ 10880 samples accepted.
[likelihoodcollection] Average computation time:
   flamingo.inference.masked_ps.MaskedBandPowerLikelihood : 5.3931e-05 s (22292 evaluations, 1.20223 s total)
[theorycollection] Average computation time:
   flamingo.inference.masked_ps.MaskedTSZTheory : 0.0165749 s (22292 evaluations, 369.489 s total)
[mcmc]  - Acceptance rate: 0.469
[mcmc]  - Convergence of means: R-1 = 0.026292 after 8704 accepted steps
[mcmc]  - Updated covariance matrix of proposal pdf.
[mcmc] Learn + convergence test @ 10920 samples accepted.
[likelihoodcollection] Average computation time:
   flamingo.inference.masked_ps.MaskedBandPowerLikelihood : 5.39409e-05 s (22380 evaluations, 1.2072 s total)
[theorycollection] Average computation time:
   flamingo.inference.masked_ps.MaskedTSZTheory : 0.0165752 s (22380 evaluations, 370.952 s total)
[mcmc]  - Acceptance rate: 0.469
[mcmc]  - Convergence of means: R-1 = 0.030505 after 8736 accepted steps
[mcmc]  - Updated covariance matrix of proposal pdf.
[mcmc] Learn + convergence test @ 10960 samples accepted.
[likelihoodcollection] Average computation time:
   flamingo.inference.masked_ps.MaskedBandPowerLikelihood : 5.39456e-05 s (22466 evaluations, 1.21194 s total)
[theorycollection] Average computation time:
   flamingo.inference.masked_ps.MaskedTSZTheory : 0.0165755 s (22466 evaluations, 372.386 s total)
[mcmc]  - Acceptance rate: 0.469
[mcmc]  - Convergence of means: R-1 = 0.031128 after 8768 accepted steps
[mcmc]  - Updated covariance matrix of proposal pdf.
[mcmc] Learn + convergence test @ 11000 samples accepted.
[likelihoodcollection] Average computation time:
   flamingo.inference.masked_ps.MaskedBandPowerLikelihood : 5.39371e-05 s (22540 evaluations, 1.21574 s total)
[theorycollection] Average computation time:
   flamingo.inference.masked_ps.MaskedTSZTheory : 0.0165753 s (22540 evaluations, 373.607 s total)
[mcmc]  - Acceptance rate: 0.469
[mcmc]  - Convergence of means: R-1 = 0.033125 after 8800 accepted steps
[mcmc]  - Updated covariance matrix of proposal pdf.
[mcmc] Learn + convergence test @ 11040 samples accepted.
[likelihoodcollection] Average computation time:
   flamingo.inference.masked_ps.MaskedBandPowerLikelihood : 5.39332e-05 s (22614 evaluations, 1.21965 s total)
[theorycollection] Average computation time:
   flamingo.inference.masked_ps.MaskedTSZTheory : 0.0165763 s (22614 evaluations, 374.857 s total)
[mcmc]  - Acceptance rate: 0.469
[mcmc]  - Convergence of means: R-1 = 0.037001 after 8832 accepted steps
[mcmc]  - Updated covariance matrix of proposal pdf.
[mcmc] Learn + convergence test @ 11080 samples accepted.
[likelihoodcollection] Average computation time:
   flamingo.inference.masked_ps.MaskedBandPowerLikelihood : 5.39353e-05 s (22689 evaluations, 1.22374 s total)
[theorycollection] Average computation time:
   flamingo.inference.masked_ps.MaskedTSZTheory : 0.0165754 s (22689 evaluations, 376.079 s total)
[mcmc]  - Acceptance rate: 0.469
[mcmc]  - Convergence of means: R-1 = 0.036103 after 8864 accepted steps
[mcmc]  - Updated covariance matrix of proposal pdf.
[mcmc] Learn + convergence test @ 11120 samples accepted.
[likelihoodcollection] Average computation time:
   flamingo.inference.masked_ps.MaskedBandPowerLikelihood : 5.39351e-05 s (22782 evaluations, 1.22875 s total)
[theorycollection] Average computation time:
   flamingo.inference.masked_ps.MaskedTSZTheory : 0.016575 s (22782 evaluations, 377.611 s total)
[mcmc]  - Acceptance rate: 0.469
[mcmc]  - Convergence of means: R-1 = 0.040201 after 8896 accepted steps
[mcmc]  - Updated covariance matrix of proposal pdf.
[mcmc] Learn + convergence test @ 11160 samples accepted.
[likelihoodcollection] Average computation time:
   flamingo.inference.masked_ps.MaskedBandPowerLikelihood : 5.39335e-05 s (22850 evaluations, 1.23238 s total)
[theorycollection] Average computation time:
   flamingo.inference.masked_ps.MaskedTSZTheory : 0.0165741 s (22850 evaluations, 378.717 s total)
[mcmc]  - Acceptance rate: 0.470
[mcmc]  - Convergence of means: R-1 = 0.045108 after 8928 accepted steps
[mcmc]  - Updated covariance matrix of proposal pdf.
[mcmc] Learn + convergence test @ 11200 samples accepted.
[likelihoodcollection] Average computation time:
   flamingo.inference.masked_ps.MaskedBandPowerLikelihood : 5.3937e-05 s (22943 evaluations, 1.23748 s total)
[theorycollection] Average computation time:
   flamingo.inference.masked_ps.MaskedTSZTheory : 0.016575 s (22943 evaluations, 380.28 s total)
[mcmc]  - Acceptance rate: 0.469
[mcmc]  - Convergence of means: R-1 = 0.044816 after 8960 accepted steps
[mcmc]  - Updated covariance matrix of proposal pdf.
[mcmc] Learn + convergence test @ 11240 samples accepted.
[likelihoodcollection] Average computation time:
   flamingo.inference.masked_ps.MaskedBandPowerLikelihood : 5.39225e-05 s (23033 evaluations, 1.242 s total)
[theorycollection] Average computation time:
   flamingo.inference.masked_ps.MaskedTSZTheory : 0.0165732 s (23033 evaluations, 381.731 s total)
[mcmc]  - Acceptance rate: 0.469
[mcmc]  - Convergence of means: R-1 = 0.048333 after 8992 accepted steps
[mcmc]  - Updated covariance matrix of proposal pdf.
[mcmc] Learn + convergence test @ 11280 samples accepted.
[likelihoodcollection] Average computation time:
   flamingo.inference.masked_ps.MaskedBandPowerLikelihood : 5.39294e-05 s (23127 evaluations, 1.24723 s total)
[theorycollection] Average computation time:
   flamingo.inference.masked_ps.MaskedTSZTheory : 0.0165743 s (23127 evaluations, 383.313 s total)
[mcmc]  - Acceptance rate: 0.469
[mcmc]  - Convergence of means: R-1 = 0.046110 after 9024 accepted steps
[mcmc]  - Updated covariance matrix of proposal pdf.
[mcmc] Learn + convergence test @ 11320 samples accepted.
[likelihoodcollection] Average computation time:
   flamingo.inference.masked_ps.MaskedBandPowerLikelihood : 5.39248e-05 s (23201 evaluations, 1.25111 s total)
[theorycollection] Average computation time:
   flamingo.inference.masked_ps.MaskedTSZTheory : 0.016575 s (23201 evaluations, 384.557 s total)
[mcmc]  - Acceptance rate: 0.470
[mcmc]  - Convergence of means: R-1 = 0.039878 after 9056 accepted steps
[mcmc]  - Updated covariance matrix of proposal pdf.
[mcmc] Learn + convergence test @ 11360 samples accepted.
[likelihoodcollection] Average computation time:
   flamingo.inference.masked_ps.MaskedBandPowerLikelihood : 5.39212e-05 s (23278 evaluations, 1.25518 s total)
[theorycollection] Average computation time:
   flamingo.inference.masked_ps.MaskedTSZTheory : 0.0165737 s (23278 evaluations, 385.804 s total)
[mcmc]  - Acceptance rate: 0.470
[mcmc]  - Convergence of means: R-1 = 0.034481 after 9088 accepted steps
[mcmc]  - Updated covariance matrix of proposal pdf.
[mcmc] Learn + convergence test @ 11400 samples accepted.
[likelihoodcollection] Average computation time:
   flamingo.inference.masked_ps.MaskedBandPowerLikelihood : 5.39247e-05 s (23361 evaluations, 1.25974 s total)
[theorycollection] Average computation time:
   flamingo.inference.masked_ps.MaskedTSZTheory : 0.0165738 s (23361 evaluations, 387.182 s total)
[mcmc]  - Acceptance rate: 0.470
[mcmc]  - Convergence of means: R-1 = 0.036942 after 9120 accepted steps
[mcmc]  - Updated covariance matrix of proposal pdf.
[mcmc] Learn + convergence test @ 11440 samples accepted.
[likelihoodcollection] Average computation time:
   flamingo.inference.masked_ps.MaskedBandPowerLikelihood : 5.39468e-05 s (23449 evaluations, 1.265 s total)
[theorycollection] Average computation time:
   flamingo.inference.masked_ps.MaskedTSZTheory : 0.0165747 s (23449 evaluations, 388.659 s total)
[mcmc]  - Acceptance rate: 0.470
[mcmc]  - Convergence of means: R-1 = 0.038208 after 9152 accepted steps
[mcmc]  - Updated covariance matrix of proposal pdf.
[mcmc] Learn + convergence test @ 11480 samples accepted.
[likelihoodcollection] Average computation time:
   flamingo.inference.masked_ps.MaskedBandPowerLikelihood : 5.39468e-05 s (23542 evaluations, 1.27002 s total)
[theorycollection] Average computation time:
   flamingo.inference.masked_ps.MaskedTSZTheory : 0.0165749 s (23542 evaluations, 390.207 s total)
[mcmc]  - Acceptance rate: 0.470
[mcmc]  - Convergence of means: R-1 = 0.043811 after 9184 accepted steps
[mcmc]  - Updated covariance matrix of proposal pdf.
[mcmc] Learn + convergence test @ 11520 samples accepted.
[likelihoodcollection] Average computation time:
   flamingo.inference.masked_ps.MaskedBandPowerLikelihood : 5.39494e-05 s (23621 evaluations, 1.27434 s total)
[theorycollection] Average computation time:
   flamingo.inference.masked_ps.MaskedTSZTheory : 0.0165745 s (23621 evaluations, 391.506 s total)
[mcmc]  - Acceptance rate: 0.470
[mcmc]  - Convergence of means: R-1 = 0.045013 after 9216 accepted steps
[mcmc]  - Updated covariance matrix of proposal pdf.
[mcmc] Learn + convergence test @ 11560 samples accepted.
[likelihoodcollection] Average computation time:
   flamingo.inference.masked_ps.MaskedBandPowerLikelihood : 5.39515e-05 s (23699 evaluations, 1.2786 s total)
[theorycollection] Average computation time:
   flamingo.inference.masked_ps.MaskedTSZTheory : 0.016574 s (23699 evaluations, 392.786 s total)
[mcmc]  - Acceptance rate: 0.470
[mcmc]  - Convergence of means: R-1 = 0.043107 after 9248 accepted steps
[mcmc]  - Updated covariance matrix of proposal pdf.
[mcmc] Learn + convergence test @ 11600 samples accepted.
[likelihoodcollection] Average computation time:
   flamingo.inference.masked_ps.MaskedBandPowerLikelihood : 5.39778e-05 s (23770 evaluations, 1.28305 s total)
[theorycollection] Average computation time:
   flamingo.inference.masked_ps.MaskedTSZTheory : 0.0165733 s (23770 evaluations, 393.947 s total)
[mcmc]  - Acceptance rate: 0.470
[mcmc]  - Convergence of means: R-1 = 0.041127 after 9280 accepted steps
[mcmc]  - Updated covariance matrix of proposal pdf.
[mcmc] Learn + convergence test @ 11640 samples accepted.
[likelihoodcollection] Average computation time:
   flamingo.inference.masked_ps.MaskedBandPowerLikelihood : 5.39834e-05 s (23850 evaluations, 1.2875 s total)
[theorycollection] Average computation time:
   flamingo.inference.masked_ps.MaskedTSZTheory : 0.0165736 s (23850 evaluations, 395.28 s total)
[mcmc]  - Acceptance rate: 0.470
[mcmc]  - Convergence of means: R-1 = 0.040374 after 9312 accepted steps
[mcmc]  - Updated covariance matrix of proposal pdf.
[mcmc] Learn + convergence test @ 11680 samples accepted.
[likelihoodcollection] Average computation time:
   flamingo.inference.masked_ps.MaskedBandPowerLikelihood : 5.39811e-05 s (23921 evaluations, 1.29128 s total)
[theorycollection] Average computation time:
   flamingo.inference.masked_ps.MaskedTSZTheory : 0.0165735 s (23921 evaluations, 396.455 s total)
[mcmc]  - Acceptance rate: 0.471
[mcmc]  - Convergence of means: R-1 = 0.040031 after 9344 accepted steps
[mcmc]  - Updated covariance matrix of proposal pdf.
[mcmc] Learn + convergence test @ 11720 samples accepted.
[likelihoodcollection] Average computation time:
   flamingo.inference.masked_ps.MaskedBandPowerLikelihood : 5.39804e-05 s (23984 evaluations, 1.29466 s total)
[theorycollection] Average computation time:
   flamingo.inference.masked_ps.MaskedTSZTheory : 0.0165735 s (23984 evaluations, 397.5 s total)
[mcmc]  - Acceptance rate: 0.471
[mcmc]  - Convergence of means: R-1 = 0.040756 after 9376 accepted steps
[mcmc]  - Updated covariance matrix of proposal pdf.
[mcmc] Learn + convergence test @ 11760 samples accepted.
[likelihoodcollection] Average computation time:
   flamingo.inference.masked_ps.MaskedBandPowerLikelihood : 5.39713e-05 s (24062 evaluations, 1.29866 s total)
[theorycollection] Average computation time:
   flamingo.inference.masked_ps.MaskedTSZTheory : 0.016573 s (24062 evaluations, 398.779 s total)
[mcmc]  - Acceptance rate: 0.471
[mcmc]  - Convergence of means: R-1 = 0.040343 after 9408 accepted steps
[mcmc]  - Updated covariance matrix of proposal pdf.
[mcmc] Learn + convergence test @ 11800 samples accepted.
[likelihoodcollection] Average computation time:
   flamingo.inference.masked_ps.MaskedBandPowerLikelihood : 5.39686e-05 s (24130 evaluations, 1.30226 s total)
[theorycollection] Average computation time:
   flamingo.inference.masked_ps.MaskedTSZTheory : 0.0165722 s (24130 evaluations, 399.887 s total)
[mcmc]  - Acceptance rate: 0.471
[mcmc]  - Convergence of means: R-1 = 0.034990 after 9440 accepted steps
[mcmc]  - Updated covariance matrix of proposal pdf.
[mcmc] Learn + convergence test @ 11840 samples accepted.
[likelihoodcollection] Average computation time:
   flamingo.inference.masked_ps.MaskedBandPowerLikelihood : 5.39606e-05 s (24200 evaluations, 1.30585 s total)
[theorycollection] Average computation time:
   flamingo.inference.masked_ps.MaskedTSZTheory : 0.0165715 s (24200 evaluations, 401.03 s total)
[mcmc]  - Acceptance rate: 0.472
[mcmc]  - Convergence of means: R-1 = 0.037238 after 9472 accepted steps
[mcmc]  - Updated covariance matrix of proposal pdf.
[mcmc] Learn + convergence test @ 11880 samples accepted.
[likelihoodcollection] Average computation time:
   flamingo.inference.masked_ps.MaskedBandPowerLikelihood : 5.39493e-05 s (24295 evaluations, 1.3107 s total)
[theorycollection] Average computation time:
   flamingo.inference.masked_ps.MaskedTSZTheory : 0.0165714 s (24295 evaluations, 402.603 s total)
[mcmc]  - Acceptance rate: 0.471
[mcmc]  - Convergence of means: R-1 = 0.036633 after 9504 accepted steps
[mcmc]  - Updated covariance matrix of proposal pdf.
[mcmc] Learn + convergence test @ 11920 samples accepted.
[likelihoodcollection] Average computation time:
   flamingo.inference.masked_ps.MaskedBandPowerLikelihood : 5.39614e-05 s (24373 evaluations, 1.3152 s total)
[theorycollection] Average computation time:
   flamingo.inference.masked_ps.MaskedTSZTheory : 0.0165728 s (24373 evaluations, 403.929 s total)
[mcmc]  - Acceptance rate: 0.471
[mcmc]  - Convergence of means: R-1 = 0.036778 after 9536 accepted steps
[mcmc]  - Updated covariance matrix of proposal pdf.
[mcmc] Learn + convergence test @ 11960 samples accepted.
[likelihoodcollection] Average computation time:
   flamingo.inference.masked_ps.MaskedBandPowerLikelihood : 5.39515e-05 s (24458 evaluations, 1.31955 s total)
[theorycollection] Average computation time:
   flamingo.inference.masked_ps.MaskedTSZTheory : 0.0165734 s (24458 evaluations, 405.353 s total)
[mcmc]  - Acceptance rate: 0.471
[mcmc]  - Convergence of means: R-1 = 0.040658 after 9568 accepted steps
[mcmc]  - Updated covariance matrix of proposal pdf.
[mcmc] Learn + convergence test @ 12000 samples accepted.
[likelihoodcollection] Average computation time:
   flamingo.inference.masked_ps.MaskedBandPowerLikelihood : 5.39576e-05 s (24521 evaluations, 1.32309 s total)
[theorycollection] Average computation time:
   flamingo.inference.masked_ps.MaskedTSZTheory : 0.016574 s (24521 evaluations, 406.411 s total)
[mcmc]  - Acceptance rate: 0.472
[mcmc]  - Convergence of means: R-1 = 0.039988 after 9600 accepted steps
[mcmc]  - Updated covariance matrix of proposal pdf.
[mcmc] Learn + convergence test @ 12040 samples accepted.
[likelihoodcollection] Average computation time:
   flamingo.inference.masked_ps.MaskedBandPowerLikelihood : 5.39579e-05 s (24595 evaluations, 1.32709 s total)
[theorycollection] Average computation time:
   flamingo.inference.masked_ps.MaskedTSZTheory : 0.0165748 s (24595 evaluations, 407.657 s total)
[mcmc]  - Acceptance rate: 0.472
[mcmc]  - Convergence of means: R-1 = 0.037795 after 9632 accepted steps
[mcmc]  - Updated covariance matrix of proposal pdf.
[mcmc] Learn + convergence test @ 12080 samples accepted.
[likelihoodcollection] Average computation time:
   flamingo.inference.masked_ps.MaskedBandPowerLikelihood : 5.39556e-05 s (24716 evaluations, 1.33357 s total)
[theorycollection] Average computation time:
   flamingo.inference.masked_ps.MaskedTSZTheory : 0.0165743 s (24716 evaluations, 409.65 s total)
[mcmc]  - Acceptance rate: 0.470
[mcmc]  - Convergence of means: R-1 = 0.035788 after 9664 accepted steps
[mcmc]  - Updated covariance matrix of proposal pdf.
[mcmc] Progress @ 2026-08-03 01:56:29 : 25611 steps taken, and 12109 accepted.
[mcmc] Learn + convergence test @ 12120 samples accepted.
[likelihoodcollection] Average computation time:
   flamingo.inference.masked_ps.MaskedBandPowerLikelihood : 5.3971e-05 s (24828 evaluations, 1.33999 s total)
[theorycollection] Average computation time:
   flamingo.inference.masked_ps.MaskedTSZTheory : 0.0165742 s (24828 evaluations, 411.504 s total)
[mcmc]  - Acceptance rate: 0.469
[mcmc]  - Convergence of means: R-1 = 0.035340 after 9696 accepted steps
[mcmc]  - Updated covariance matrix of proposal pdf.
[mcmc] Learn + convergence test @ 12160 samples accepted.
[likelihoodcollection] Average computation time:
   flamingo.inference.masked_ps.MaskedBandPowerLikelihood : 5.39908e-05 s (24903 evaluations, 1.34453 s total)
[theorycollection] Average computation time:
   flamingo.inference.masked_ps.MaskedTSZTheory : 0.0165751 s (24903 evaluations, 412.77 s total)
[mcmc]  - Acceptance rate: 0.470
[mcmc]  - Convergence of means: R-1 = 0.035641 after 9728 accepted steps
[mcmc]  - Updated covariance matrix of proposal pdf.
[mcmc] Learn + convergence test @ 12200 samples accepted.
[likelihoodcollection] Average computation time:
   flamingo.inference.masked_ps.MaskedBandPowerLikelihood : 5.39952e-05 s (24987 evaluations, 1.34918 s total)
[theorycollection] Average computation time:
   flamingo.inference.masked_ps.MaskedTSZTheory : 0.0165754 s (24987 evaluations, 414.169 s total)
[mcmc]  - Acceptance rate: 0.470
[mcmc]  - Convergence of means: R-1 = 0.033787 after 9760 accepted steps
[mcmc]  - Updated covariance matrix of proposal pdf.
[mcmc] Learn + convergence test @ 12240 samples accepted.
[likelihoodcollection] Average computation time:
   flamingo.inference.masked_ps.MaskedBandPowerLikelihood : 5.39779e-05 s (25080 evaluations, 1.35377 s total)
[theorycollection] Average computation time:
   flamingo.inference.masked_ps.MaskedTSZTheory : 0.0165752 s (25080 evaluations, 415.705 s total)
[mcmc]  - Acceptance rate: 0.470
[mcmc]  - Convergence of means: R-1 = 0.034668 after 9792 accepted steps
[mcmc]  - Updated covariance matrix of proposal pdf.
[mcmc] Learn + convergence test @ 12280 samples accepted.
[likelihoodcollection] Average computation time:
   flamingo.inference.masked_ps.MaskedBandPowerLikelihood : 5.39683e-05 s (25165 evaluations, 1.35811 s total)
[theorycollection] Average computation time:
   flamingo.inference.masked_ps.MaskedTSZTheory : 0.0165745 s (25165 evaluations, 417.097 s total)
[mcmc]  - Acceptance rate: 0.470
[mcmc]  - Convergence of means: R-1 = 0.035053 after 9824 accepted steps
[mcmc]  - Updated covariance matrix of proposal pdf.
[mcmc] Learn + convergence test @ 12320 samples accepted.
[likelihoodcollection] Average computation time:
   flamingo.inference.masked_ps.MaskedBandPowerLikelihood : 5.39689e-05 s (25226 evaluations, 1.36142 s total)
[theorycollection] Average computation time:
   flamingo.inference.masked_ps.MaskedTSZTheory : 0.0165743 s (25226 evaluations, 418.102 s total)
[mcmc]  - Acceptance rate: 0.470
[mcmc]  - Convergence of means: R-1 = 0.038192 after 9856 accepted steps
[mcmc]  - Updated covariance matrix of proposal pdf.
[mcmc] Learn + convergence test @ 12360 samples accepted.
[likelihoodcollection] Average computation time:
   flamingo.inference.masked_ps.MaskedBandPowerLikelihood : 5.39832e-05 s (25304 evaluations, 1.36599 s total)
[theorycollection] Average computation time:
   flamingo.inference.masked_ps.MaskedTSZTheory : 0.0165755 s (25304 evaluations, 419.426 s total)
[mcmc]  - Acceptance rate: 0.470
[mcmc]  - Convergence of means: R-1 = 0.039527 after 9888 accepted steps
[mcmc]  - Updated covariance matrix of proposal pdf.
[mcmc] Learn + convergence test @ 12400 samples accepted.
[likelihoodcollection] Average computation time:
   flamingo.inference.masked_ps.MaskedBandPowerLikelihood : 5.39619e-05 s (25396 evaluations, 1.37042 s total)
[theorycollection] Average computation time:
   flamingo.inference.masked_ps.MaskedTSZTheory : 0.016574 s (25396 evaluations, 420.914 s total)
[mcmc]  - Acceptance rate: 0.470
[mcmc]  - Convergence of means: R-1 = 0.036645 after 9920 accepted steps
[mcmc]  - Updated covariance matrix of proposal pdf.
[mcmc] Learn + convergence test @ 12440 samples accepted.
[likelihoodcollection] Average computation time:
   flamingo.inference.masked_ps.MaskedBandPowerLikelihood : 5.3959e-05 s (25488 evaluations, 1.37531 s total)
[theorycollection] Average computation time:
   flamingo.inference.masked_ps.MaskedTSZTheory : 0.0165738 s (25488 evaluations, 422.432 s total)
[mcmc]  - Acceptance rate: 0.470
[mcmc]  - Convergence of means: R-1 = 0.038116 after 9952 accepted steps
[mcmc]  - Updated covariance matrix of proposal pdf.
[mcmc] Learn + convergence test @ 12480 samples accepted.
[likelihoodcollection] Average computation time:
   flamingo.inference.masked_ps.MaskedBandPowerLikelihood : 5.39635e-05 s (25548 evaluations, 1.37866 s total)
[theorycollection] Average computation time:
   flamingo.inference.masked_ps.MaskedTSZTheory : 0.0165744 s (25548 evaluations, 423.444 s total)
[mcmc]  - Acceptance rate: 0.470
[mcmc]  - Convergence of means: R-1 = 0.041917 after 9984 accepted steps
[mcmc]  - Updated covariance matrix of proposal pdf.
[mcmc] Learn + convergence test @ 12520 samples accepted.
[likelihoodcollection] Average computation time:
   flamingo.inference.masked_ps.MaskedBandPowerLikelihood : 5.39704e-05 s (25624 evaluations, 1.38294 s total)
[theorycollection] Average computation time:
   flamingo.inference.masked_ps.MaskedTSZTheory : 0.0165743 s (25624 evaluations, 424.701 s total)
[mcmc]  - Acceptance rate: 0.470
[mcmc]  - Convergence of means: R-1 = 0.036882 after 10016 accepted steps
[mcmc]  - Updated covariance matrix of proposal pdf.
[mcmc] Learn + convergence test @ 12560 samples accepted.
[likelihoodcollection] Average computation time:
   flamingo.inference.masked_ps.MaskedBandPowerLikelihood : 5.3963e-05 s (25698 evaluations, 1.38674 s total)
[theorycollection] Average computation time:
   flamingo.inference.masked_ps.MaskedTSZTheory : 0.0165738 s (25698 evaluations, 425.913 s total)
[mcmc]  - Acceptance rate: 0.471
[mcmc]  - Convergence of means: R-1 = 0.033652 after 10048 accepted steps
[mcmc]  - Updated covariance matrix of proposal pdf.
[mcmc] Learn + convergence test @ 12600 samples accepted.
[likelihoodcollection] Average computation time:
   flamingo.inference.masked_ps.MaskedBandPowerLikelihood : 5.39698e-05 s (25777 evaluations, 1.39118 s total)
[theorycollection] Average computation time:
   flamingo.inference.masked_ps.MaskedTSZTheory : 0.0165733 s (25777 evaluations, 427.211 s total)
[mcmc]  - Acceptance rate: 0.471
[mcmc]  - Convergence of means: R-1 = 0.033551 after 10080 accepted steps
[mcmc]  - Updated covariance matrix of proposal pdf.
[mcmc] Learn + convergence test @ 12640 samples accepted.
[likelihoodcollection] Average computation time:
   flamingo.inference.masked_ps.MaskedBandPowerLikelihood : 5.39711e-05 s (25874 evaluations, 1.39645 s total)
[theorycollection] Average computation time:
   flamingo.inference.masked_ps.MaskedTSZTheory : 0.0165732 s (25874 evaluations, 428.814 s total)
[mcmc]  - Acceptance rate: 0.471
[mcmc]  - Convergence of means: R-1 = 0.034766 after 10112 accepted steps
[mcmc]  - Updated covariance matrix of proposal pdf.
[mcmc] Learn + convergence test @ 12680 samples accepted.
[likelihoodcollection] Average computation time:
   flamingo.inference.masked_ps.MaskedBandPowerLikelihood : 5.39698e-05 s (25940 evaluations, 1.39998 s total)
[theorycollection] Average computation time:
   flamingo.inference.masked_ps.MaskedTSZTheory : 0.0165737 s (25940 evaluations, 429.922 s total)
[mcmc]  - Acceptance rate: 0.471
[mcmc]  - Convergence of means: R-1 = 0.036338 after 10144 accepted steps
[mcmc]  - Updated covariance matrix of proposal pdf.
[mcmc] Learn + convergence test @ 12720 samples accepted.
[likelihoodcollection] Average computation time:
   flamingo.inference.masked_ps.MaskedBandPowerLikelihood : 5.39664e-05 s (26016 evaluations, 1.40399 s total)
[theorycollection] Average computation time:
   flamingo.inference.masked_ps.MaskedTSZTheory : 0.0165731 s (26016 evaluations, 431.166 s total)
[mcmc]  - Acceptance rate: 0.471
[mcmc]  - Convergence of means: R-1 = 0.030509 after 10176 accepted steps
[mcmc]  - Updated covariance matrix of proposal pdf.
[mcmc] Learn + convergence test @ 12760 samples accepted.
[likelihoodcollection] Average computation time:
   flamingo.inference.masked_ps.MaskedBandPowerLikelihood : 5.39591e-05 s (26106 evaluations, 1.40866 s total)
[theorycollection] Average computation time:
   flamingo.inference.masked_ps.MaskedTSZTheory : 0.016572 s (26106 evaluations, 432.63 s total)
[mcmc]  - Acceptance rate: 0.471
[mcmc]  - Convergence of means: R-1 = 0.030955 after 10208 accepted steps
[mcmc]  - Updated covariance matrix of proposal pdf.
[mcmc] Learn + convergence test @ 12800 samples accepted.
[likelihoodcollection] Average computation time:
   flamingo.inference.masked_ps.MaskedBandPowerLikelihood : 5.39519e-05 s (26181 evaluations, 1.41252 s total)
[theorycollection] Average computation time:
   flamingo.inference.masked_ps.MaskedTSZTheory : 0.0165724 s (26181 evaluations, 433.881 s total)
[mcmc]  - Acceptance rate: 0.471
[mcmc]  - Convergence of means: R-1 = 0.030533 after 10240 accepted steps
[mcmc]  - Updated covariance matrix of proposal pdf.
[mcmc] Learn + convergence test @ 12840 samples accepted.
[likelihoodcollection] Average computation time:
   flamingo.inference.masked_ps.MaskedBandPowerLikelihood : 5.39586e-05 s (26247 evaluations, 1.41625 s total)
[theorycollection] Average computation time:
   flamingo.inference.masked_ps.MaskedTSZTheory : 0.0165736 s (26247 evaluations, 435.007 s total)
[mcmc]  - Acceptance rate: 0.471
[mcmc]  - Convergence of means: R-1 = 0.030040 after 10272 accepted steps
[mcmc]  - Updated covariance matrix of proposal pdf.
[mcmc] Learn + convergence test @ 12880 samples accepted.
[likelihoodcollection] Average computation time:
   flamingo.inference.masked_ps.MaskedBandPowerLikelihood : 5.39609e-05 s (26312 evaluations, 1.41982 s total)
[theorycollection] Average computation time:
   flamingo.inference.masked_ps.MaskedTSZTheory : 0.0165741 s (26312 evaluations, 436.098 s total)
[mcmc]  - Acceptance rate: 0.472
[mcmc]  - Convergence of means: R-1 = 0.026699 after 10304 accepted steps
[mcmc]  - Updated covariance matrix of proposal pdf.
[mcmc] Learn + convergence test @ 12920 samples accepted.
[likelihoodcollection] Average computation time:
   flamingo.inference.masked_ps.MaskedBandPowerLikelihood : 5.39561e-05 s (26391 evaluations, 1.42396 s total)
[theorycollection] Average computation time:
   flamingo.inference.masked_ps.MaskedTSZTheory : 0.0165735 s (26391 evaluations, 437.391 s total)
[mcmc]  - Acceptance rate: 0.472
[mcmc]  - Convergence of means: R-1 = 0.027316 after 10336 accepted steps
[mcmc]  - Updated covariance matrix of proposal pdf.
[mcmc] Learn + convergence test @ 12960 samples accepted.
[likelihoodcollection] Average computation time:
   flamingo.inference.masked_ps.MaskedBandPowerLikelihood : 5.39571e-05 s (26486 evaluations, 1.42911 s total)
[theorycollection] Average computation time:
   flamingo.inference.masked_ps.MaskedTSZTheory : 0.0165741 s (26486 evaluations, 438.981 s total)
[mcmc]  - Acceptance rate: 0.471
[mcmc]  - Convergence of means: R-1 = 0.030339 after 10368 accepted steps
[mcmc]  - Updated covariance matrix of proposal pdf.
[mcmc] Learn + convergence test @ 13000 samples accepted.
[likelihoodcollection] Average computation time:
   flamingo.inference.masked_ps.MaskedBandPowerLikelihood : 5.39492e-05 s (26553 evaluations, 1.43251 s total)
[theorycollection] Average computation time:
   flamingo.inference.masked_ps.MaskedTSZTheory : 0.0165743 s (26553 evaluations, 440.096 s total)
[mcmc]  - Acceptance rate: 0.472
[mcmc]  - Convergence of means: R-1 = 0.030791 after 10400 accepted steps
[mcmc]  - Updated covariance matrix of proposal pdf.
[mcmc] Learn + convergence test @ 13040 samples accepted.
[likelihoodcollection] Average computation time:
   flamingo.inference.masked_ps.MaskedBandPowerLikelihood : 5.39448e-05 s (26631 evaluations, 1.4366 s total)
[theorycollection] Average computation time:
   flamingo.inference.masked_ps.MaskedTSZTheory : 0.0165739 s (26631 evaluations, 441.379 s total)
[mcmc]  - Acceptance rate: 0.472
[mcmc]  - Convergence of means: R-1 = 0.030913 after 10432 accepted steps
[mcmc]  - Updated covariance matrix of proposal pdf.
[mcmc] Learn + convergence test @ 13080 samples accepted.
[likelihoodcollection] Average computation time:
   flamingo.inference.masked_ps.MaskedBandPowerLikelihood : 5.39427e-05 s (26715 evaluations, 1.44108 s total)
[theorycollection] Average computation time:
   flamingo.inference.masked_ps.MaskedTSZTheory : 0.0165735 s (26715 evaluations, 442.76 s total)
[mcmc]  - Acceptance rate: 0.472
[mcmc]  - Convergence of means: R-1 = 0.030352 after 10464 accepted steps
[mcmc]  - Updated covariance matrix of proposal pdf.
[mcmc] Learn + convergence test @ 13120 samples accepted.
[likelihoodcollection] Average computation time:
   flamingo.inference.masked_ps.MaskedBandPowerLikelihood : 5.3951e-05 s (26792 evaluations, 1.44545 s total)
[theorycollection] Average computation time:
   flamingo.inference.masked_ps.MaskedTSZTheory : 0.0165742 s (26792 evaluations, 444.057 s total)
[mcmc]  - Acceptance rate: 0.472
[mcmc]  - Convergence of means: R-1 = 0.027180 after 10496 accepted steps
[mcmc]  - Updated covariance matrix of proposal pdf.
[mcmc] Learn + convergence test @ 13160 samples accepted.
[likelihoodcollection] Average computation time:
   flamingo.inference.masked_ps.MaskedBandPowerLikelihood : 5.39439e-05 s (26859 evaluations, 1.44888 s total)
[theorycollection] Average computation time:
   flamingo.inference.masked_ps.MaskedTSZTheory : 0.0165732 s (26859 evaluations, 445.14 s total)
[mcmc]  - Acceptance rate: 0.472
[mcmc]  - Convergence of means: R-1 = 0.028555 after 10528 accepted steps
[mcmc]  - Updated covariance matrix of proposal pdf.
[mcmc] Learn + convergence test @ 13200 samples accepted.
[likelihoodcollection] Average computation time:
   flamingo.inference.masked_ps.MaskedBandPowerLikelihood : 5.39441e-05 s (26941 evaluations, 1.45331 s total)
[theorycollection] Average computation time:
   flamingo.inference.masked_ps.MaskedTSZTheory : 0.0165729 s (26941 evaluations, 446.491 s total)
[mcmc]  - Acceptance rate: 0.472
[mcmc]  - Convergence of means: R-1 = 0.028485 after 10560 accepted steps
[mcmc]  - Updated covariance matrix of proposal pdf.
[mcmc] Learn + convergence test @ 13240 samples accepted.
[likelihoodcollection] Average computation time:
   flamingo.inference.masked_ps.MaskedBandPowerLikelihood : 5.39391e-05 s (27017 evaluations, 1.45727 s total)
[theorycollection] Average computation time:
   flamingo.inference.masked_ps.MaskedTSZTheory : 0.0165729 s (27017 evaluations, 447.751 s total)
[mcmc]  - Acceptance rate: 0.472
[mcmc]  - Convergence of means: R-1 = 0.031729 after 10592 accepted steps
[mcmc]  - Updated covariance matrix of proposal pdf.
[mcmc] Learn + convergence test @ 13280 samples accepted.
[likelihoodcollection] Average computation time:
   flamingo.inference.masked_ps.MaskedBandPowerLikelihood : 5.39304e-05 s (27107 evaluations, 1.46189 s total)
[theorycollection] Average computation time:
   flamingo.inference.masked_ps.MaskedTSZTheory : 0.0165728 s (27107 evaluations, 449.24 s total)
[mcmc]  - Acceptance rate: 0.472
[mcmc]  - Convergence of means: R-1 = 0.028804 after 10624 accepted steps
[mcmc]  - Updated covariance matrix of proposal pdf.
[mcmc] Learn + convergence test @ 13320 samples accepted.
[likelihoodcollection] Average computation time:
   flamingo.inference.masked_ps.MaskedBandPowerLikelihood : 5.3942e-05 s (27189 evaluations, 1.46663 s total)
[theorycollection] Average computation time:
   flamingo.inference.masked_ps.MaskedTSZTheory : 0.0165719 s (27189 evaluations, 450.575 s total)
[mcmc]  - Acceptance rate: 0.472
[mcmc]  - Convergence of means: R-1 = 0.027207 after 10656 accepted steps
[mcmc]  - Updated covariance matrix of proposal pdf.
[mcmc] Learn + convergence test @ 13360 samples accepted.
[likelihoodcollection] Average computation time:
   flamingo.inference.masked_ps.MaskedBandPowerLikelihood : 5.39397e-05 s (27272 evaluations, 1.47104 s total)
[theorycollection] Average computation time:
   flamingo.inference.masked_ps.MaskedTSZTheory : 0.0165721 s (27272 evaluations, 451.955 s total)
[mcmc]  - Acceptance rate: 0.472
[mcmc]  - Convergence of means: R-1 = 0.024854 after 10688 accepted steps
[mcmc]  - Updated covariance matrix of proposal pdf.
[mcmc] Learn + convergence test @ 13400 samples accepted.
[likelihoodcollection] Average computation time:
   flamingo.inference.masked_ps.MaskedBandPowerLikelihood : 5.39413e-05 s (27354 evaluations, 1.47551 s total)
[theorycollection] Average computation time:
   flamingo.inference.masked_ps.MaskedTSZTheory : 0.0165721 s (27354 evaluations, 453.312 s total)
[mcmc]  - Acceptance rate: 0.472
[mcmc]  - Convergence of means: R-1 = 0.025032 after 10720 accepted steps
[mcmc]  - Updated covariance matrix of proposal pdf.
[mcmc] Learn + convergence test @ 13440 samples accepted.
[likelihoodcollection] Average computation time:
   flamingo.inference.masked_ps.MaskedBandPowerLikelihood : 5.39417e-05 s (27435 evaluations, 1.47989 s total)
[theorycollection] Average computation time:
   flamingo.inference.masked_ps.MaskedTSZTheory : 0.0165733 s (27435 evaluations, 454.687 s total)
[mcmc]  - Acceptance rate: 0.472
[mcmc]  - Convergence of means: R-1 = 0.031896 after 10752 accepted steps
[mcmc]  - Updated covariance matrix of proposal pdf.
[mcmc] Learn + convergence test @ 13480 samples accepted.
[likelihoodcollection] Average computation time:
   flamingo.inference.masked_ps.MaskedBandPowerLikelihood : 5.395e-05 s (27517 evaluations, 1.48454 s total)
[theorycollection] Average computation time:
   flamingo.inference.masked_ps.MaskedTSZTheory : 0.016574 s (27517 evaluations, 456.068 s total)
[mcmc]  - Acceptance rate: 0.472
[mcmc]  - Convergence of means: R-1 = 0.032922 after 10784 accepted steps
[mcmc]  - Updated covariance matrix of proposal pdf.
[mcmc] Learn + convergence test @ 13520 samples accepted.
[likelihoodcollection] Average computation time:
   flamingo.inference.masked_ps.MaskedBandPowerLikelihood : 5.39426e-05 s (27593 evaluations, 1.48844 s total)
[theorycollection] Average computation time:
   flamingo.inference.masked_ps.MaskedTSZTheory : 0.0165736 s (27593 evaluations, 457.315 s total)
[mcmc]  - Acceptance rate: 0.472
[mcmc]  - Convergence of means: R-1 = 0.029818 after 10816 accepted steps
[mcmc]  - Updated covariance matrix of proposal pdf.
[mcmc] Learn + convergence test @ 13560 samples accepted.
[likelihoodcollection] Average computation time:
   flamingo.inference.masked_ps.MaskedBandPowerLikelihood : 5.3928e-05 s (27678 evaluations, 1.49262 s total)
[theorycollection] Average computation time:
   flamingo.inference.masked_ps.MaskedTSZTheory : 0.0165726 s (27678 evaluations, 458.696 s total)
[mcmc]  - Acceptance rate: 0.472
[mcmc]  - Convergence of means: R-1 = 0.025515 after 10848 accepted steps
[mcmc]  - Updated covariance matrix of proposal pdf.
[mcmc] Learn + convergence test @ 13600 samples accepted.
[likelihoodcollection] Average computation time:
   flamingo.inference.masked_ps.MaskedBandPowerLikelihood : 5.39133e-05 s (27763 evaluations, 1.49679 s total)
[theorycollection] Average computation time:
   flamingo.inference.masked_ps.MaskedTSZTheory : 0.0165717 s (27763 evaluations, 460.081 s total)
[mcmc]  - Acceptance rate: 0.472
[mcmc]  - Convergence of means: R-1 = 0.023533 after 10880 accepted steps
[mcmc]  - Updated covariance matrix of proposal pdf.
[mcmc] Learn + convergence test @ 13640 samples accepted.
[likelihoodcollection] Average computation time:
   flamingo.inference.masked_ps.MaskedBandPowerLikelihood : 5.39167e-05 s (27844 evaluations, 1.50126 s total)
[theorycollection] Average computation time:
   flamingo.inference.masked_ps.MaskedTSZTheory : 0.0165711 s (27844 evaluations, 461.406 s total)
[mcmc]  - Acceptance rate: 0.472
[mcmc]  - Convergence of means: R-1 = 0.027412 after 10912 accepted steps
[mcmc]  - Updated covariance matrix of proposal pdf.
[mcmc] Learn + convergence test @ 13680 samples accepted.
[likelihoodcollection] Average computation time:
   flamingo.inference.masked_ps.MaskedBandPowerLikelihood : 5.3912e-05 s (27929 evaluations, 1.50571 s total)
[theorycollection] Average computation time:
   flamingo.inference.masked_ps.MaskedTSZTheory : 0.0165716 s (27929 evaluations, 462.829 s total)
[mcmc]  - Acceptance rate: 0.472
[mcmc]  - Convergence of means: R-1 = 0.029319 after 10944 accepted steps
[mcmc]  - Updated covariance matrix of proposal pdf.
[mcmc] Learn + convergence test @ 13720 samples accepted.
[likelihoodcollection] Average computation time:
   flamingo.inference.masked_ps.MaskedBandPowerLikelihood : 5.39094e-05 s (28002 evaluations, 1.50957 s total)
[theorycollection] Average computation time:
   flamingo.inference.masked_ps.MaskedTSZTheory : 0.0165727 s (28002 evaluations, 464.069 s total)
[mcmc]  - Acceptance rate: 0.472
[mcmc]  - Convergence of means: R-1 = 0.026973 after 10976 accepted steps
[mcmc]  - Updated covariance matrix of proposal pdf.
[mcmc] Learn + convergence test @ 13760 samples accepted.
[likelihoodcollection] Average computation time:
   flamingo.inference.masked_ps.MaskedBandPowerLikelihood : 5.39092e-05 s (28070 evaluations, 1.51323 s total)
[theorycollection] Average computation time:
   flamingo.inference.masked_ps.MaskedTSZTheory : 0.0165744 s (28070 evaluations, 465.242 s total)
[mcmc]  - Acceptance rate: 0.472
[mcmc]  - Convergence of means: R-1 = 0.024656 after 11008 accepted steps
[mcmc]  - Updated covariance matrix of proposal pdf.
[mcmc] Learn + convergence test @ 13800 samples accepted.
[likelihoodcollection] Average computation time:
   flamingo.inference.masked_ps.MaskedBandPowerLikelihood : 5.3913e-05 s (28151 evaluations, 1.5177 s total)
[theorycollection] Average computation time:
   flamingo.inference.masked_ps.MaskedTSZTheory : 0.0165747 s (28151 evaluations, 466.594 s total)
[mcmc]  - Acceptance rate: 0.472
[mcmc]  - Convergence of means: R-1 = 0.028831 after 11040 accepted steps
[mcmc]  - Updated covariance matrix of proposal pdf.
[mcmc] Learn + convergence test @ 13840 samples accepted.
[likelihoodcollection] Average computation time:
   flamingo.inference.masked_ps.MaskedBandPowerLikelihood : 5.39067e-05 s (28220 evaluations, 1.52125 s total)
[theorycollection] Average computation time:
   flamingo.inference.masked_ps.MaskedTSZTheory : 0.016575 s (28220 evaluations, 467.746 s total)
[mcmc]  - Acceptance rate: 0.472
[mcmc]  - Convergence of means: R-1 = 0.030486 after 11072 accepted steps
[mcmc]  - Updated covariance matrix of proposal pdf.
[mcmc] Learn + convergence test @ 13880 samples accepted.
[likelihoodcollection] Average computation time:
   flamingo.inference.masked_ps.MaskedBandPowerLikelihood : 5.39226e-05 s (28291 evaluations, 1.52552 s total)
[theorycollection] Average computation time:
   flamingo.inference.masked_ps.MaskedTSZTheory : 0.0165754 s (28291 evaluations, 468.936 s total)
[mcmc]  - Acceptance rate: 0.472
[mcmc]  - Convergence of means: R-1 = 0.033477 after 11104 accepted steps
[mcmc]  - Updated covariance matrix of proposal pdf.
[mcmc] Progress @ 2026-08-03 01:57:29 : 29281 steps taken, and 13895 accepted.
[mcmc] Learn + convergence test @ 13920 samples accepted.
[likelihoodcollection] Average computation time:
   flamingo.inference.masked_ps.MaskedBandPowerLikelihood : 5.39202e-05 s (28372 evaluations, 1.52982 s total)
[theorycollection] Average computation time:
   flamingo.inference.masked_ps.MaskedTSZTheory : 0.0165761 s (28372 evaluations, 470.299 s total)
[mcmc]  - Acceptance rate: 0.473
[mcmc]  - Convergence of means: R-1 = 0.032202 after 11136 accepted steps
[mcmc]  - Updated covariance matrix of proposal pdf.
[mcmc] Learn + convergence test @ 13960 samples accepted.
[likelihoodcollection] Average computation time:
   flamingo.inference.masked_ps.MaskedBandPowerLikelihood : 5.39283e-05 s (28448 evaluations, 1.53415 s total)
[theorycollection] Average computation time:
   flamingo.inference.masked_ps.MaskedTSZTheory : 0.0165766 s (28448 evaluations, 471.572 s total)
[mcmc]  - Acceptance rate: 0.473
[mcmc]  - Convergence of means: R-1 = 0.034997 after 11168 accepted steps
[mcmc]  - Updated covariance matrix of proposal pdf.
[mcmc] Learn + convergence test @ 14000 samples accepted.
[likelihoodcollection] Average computation time:
   flamingo.inference.masked_ps.MaskedBandPowerLikelihood : 5.3918e-05 s (28524 evaluations, 1.53796 s total)
[theorycollection] Average computation time:
   flamingo.inference.masked_ps.MaskedTSZTheory : 0.0165766 s (28524 evaluations, 472.83 s total)
[mcmc]  - Acceptance rate: 0.473
[mcmc]  - Convergence of means: R-1 = 0.031655 after 11200 accepted steps
[mcmc]  - Updated covariance matrix of proposal pdf.
[mcmc] Learn + convergence test @ 14040 samples accepted.
[likelihoodcollection] Average computation time:
   flamingo.inference.masked_ps.MaskedBandPowerLikelihood : 5.39098e-05 s (28605 evaluations, 1.54209 s total)
[theorycollection] Average computation time:
   flamingo.inference.masked_ps.MaskedTSZTheory : 0.0165767 s (28605 evaluations, 474.175 s total)
[mcmc]  - Acceptance rate: 0.473
[mcmc]  - Convergence of means: R-1 = 0.034965 after 11232 accepted steps
[mcmc]  - Updated covariance matrix of proposal pdf.
[mcmc] Learn + convergence test @ 14080 samples accepted.
[likelihoodcollection] Average computation time:
   flamingo.inference.masked_ps.MaskedBandPowerLikelihood : 5.38989e-05 s (28691 evaluations, 1.54641 s total)
[theorycollection] Average computation time:
   flamingo.inference.masked_ps.MaskedTSZTheory : 0.0165767 s (28691 evaluations, 475.602 s total)
[mcmc]  - Acceptance rate: 0.473
[mcmc]  - Convergence of means: R-1 = 0.033518 after 11264 accepted steps
[mcmc]  - Updated covariance matrix of proposal pdf.
[mcmc] Learn + convergence test @ 14120 samples accepted.
[likelihoodcollection] Average computation time:
   flamingo.inference.masked_ps.MaskedBandPowerLikelihood : 5.3905e-05 s (28767 evaluations, 1.55069 s total)
[theorycollection] Average computation time:
   flamingo.inference.masked_ps.MaskedTSZTheory : 0.0165773 s (28767 evaluations, 476.878 s total)
[mcmc]  - Acceptance rate: 0.473
[mcmc]  - Convergence of means: R-1 = 0.032860 after 11296 accepted steps
[mcmc]  - Updated covariance matrix of proposal pdf.
[mcmc] Learn + convergence test @ 14160 samples accepted.
[likelihoodcollection] Average computation time:
   flamingo.inference.masked_ps.MaskedBandPowerLikelihood : 5.39113e-05 s (28840 evaluations, 1.5548 s total)
[theorycollection] Average computation time:
   flamingo.inference.masked_ps.MaskedTSZTheory : 0.0165783 s (28840 evaluations, 478.118 s total)
[mcmc]  - Acceptance rate: 0.473
[mcmc]  - Convergence of means: R-1 = 0.036712 after 11328 accepted steps
[mcmc]  - Updated covariance matrix of proposal pdf.
[mcmc] Learn + convergence test @ 14200 samples accepted.
[likelihoodcollection] Average computation time:
   flamingo.inference.masked_ps.MaskedBandPowerLikelihood : 5.39297e-05 s (28915 evaluations, 1.55938 s total)
[theorycollection] Average computation time:
   flamingo.inference.masked_ps.MaskedTSZTheory : 0.0165786 s (28915 evaluations, 479.37 s total)
[mcmc]  - Acceptance rate: 0.473
[mcmc]  - Convergence of means: R-1 = 0.038922 after 11360 accepted steps
[mcmc]  - Updated covariance matrix of proposal pdf.
[mcmc] Learn + convergence test @ 14240 samples accepted.
[likelihoodcollection] Average computation time:
   flamingo.inference.masked_ps.MaskedBandPowerLikelihood : 5.39174e-05 s (28996 evaluations, 1.56339 s total)
[theorycollection] Average computation time:
   flamingo.inference.masked_ps.MaskedTSZTheory : 0.0165776 s (28996 evaluations, 480.685 s total)
[mcmc]  - Acceptance rate: 0.473
[mcmc]  - Convergence of means: R-1 = 0.040698 after 11392 accepted steps
[mcmc]  - Updated covariance matrix of proposal pdf.
[mcmc] Learn + convergence test @ 14280 samples accepted.
[likelihoodcollection] Average computation time:
   flamingo.inference.masked_ps.MaskedBandPowerLikelihood : 5.39171e-05 s (29085 evaluations, 1.56818 s total)
[theorycollection] Average computation time:
   flamingo.inference.masked_ps.MaskedTSZTheory : 0.0165779 s (29085 evaluations, 482.169 s total)
[mcmc]  - Acceptance rate: 0.473
[mcmc]  - Convergence of means: R-1 = 0.038715 after 11424 accepted steps
[mcmc]  - Updated covariance matrix of proposal pdf.
[mcmc] Learn + convergence test @ 14320 samples accepted.
[likelihoodcollection] Average computation time:
   flamingo.inference.masked_ps.MaskedBandPowerLikelihood : 5.39188e-05 s (29177 evaluations, 1.57319 s total)
[theorycollection] Average computation time:
   flamingo.inference.masked_ps.MaskedTSZTheory : 0.0165779 s (29177 evaluations, 483.693 s total)
[mcmc]  - Acceptance rate: 0.473
[mcmc]  - Convergence of means: R-1 = 0.039021 after 11456 accepted steps
[mcmc]  - Updated covariance matrix of proposal pdf.
[mcmc] Learn + convergence test @ 14360 samples accepted.
[likelihoodcollection] Average computation time:
   flamingo.inference.masked_ps.MaskedBandPowerLikelihood : 5.39093e-05 s (29254 evaluations, 1.57706 s total)
[theorycollection] Average computation time:
   flamingo.inference.masked_ps.MaskedTSZTheory : 0.0165783 s (29254 evaluations, 484.983 s total)
[mcmc]  - Acceptance rate: 0.473
[mcmc]  - Convergence of means: R-1 = 0.040817 after 11488 accepted steps
[mcmc]  - Updated covariance matrix of proposal pdf.
[mcmc] Learn + convergence test @ 14400 samples accepted.
[likelihoodcollection] Average computation time:
   flamingo.inference.masked_ps.MaskedBandPowerLikelihood : 5.39027e-05 s (29328 evaluations, 1.58086 s total)
[theorycollection] Average computation time:
   flamingo.inference.masked_ps.MaskedTSZTheory : 0.0165784 s (29328 evaluations, 486.211 s total)
[mcmc]  - Acceptance rate: 0.473
[mcmc]  - Convergence of means: R-1 = 0.043466 after 11520 accepted steps
[mcmc]  - Updated covariance matrix of proposal pdf.
[mcmc] Learn + convergence test @ 14440 samples accepted.
[likelihoodcollection] Average computation time:
   flamingo.inference.masked_ps.MaskedBandPowerLikelihood : 5.39022e-05 s (29412 evaluations, 1.58537 s total)
[theorycollection] Average computation time:
   flamingo.inference.masked_ps.MaskedTSZTheory : 0.016579 s (29412 evaluations, 487.62 s total)
[mcmc]  - Acceptance rate: 0.473
[mcmc]  - Convergence of means: R-1 = 0.046465 after 11552 accepted steps
[mcmc]  - Updated covariance matrix of proposal pdf.
[mcmc] Learn + convergence test @ 14480 samples accepted.
[likelihoodcollection] Average computation time:
   flamingo.inference.masked_ps.MaskedBandPowerLikelihood : 5.39032e-05 s (29502 evaluations, 1.59025 s total)
[theorycollection] Average computation time:
   flamingo.inference.masked_ps.MaskedTSZTheory : 0.0165779 s (29502 evaluations, 489.081 s total)
[mcmc]  - Acceptance rate: 0.472
[mcmc]  - Convergence of means: R-1 = 0.042504 after 11584 accepted steps
[mcmc]  - Updated covariance matrix of proposal pdf.
[mcmc] Learn + convergence test @ 14520 samples accepted.
[likelihoodcollection] Average computation time:
   flamingo.inference.masked_ps.MaskedBandPowerLikelihood : 5.38968e-05 s (29584 evaluations, 1.59448 s total)
[theorycollection] Average computation time:
   flamingo.inference.masked_ps.MaskedTSZTheory : 0.016578 s (29584 evaluations, 490.443 s total)
[mcmc]  - Acceptance rate: 0.473
[mcmc]  - Convergence of means: R-1 = 0.048141 after 11616 accepted steps
[mcmc]  - Updated covariance matrix of proposal pdf.
[mcmc] Learn + convergence test @ 14560 samples accepted.
[likelihoodcollection] Average computation time:
   flamingo.inference.masked_ps.MaskedBandPowerLikelihood : 5.38942e-05 s (29657 evaluations, 1.59834 s total)
[theorycollection] Average computation time:
   flamingo.inference.masked_ps.MaskedTSZTheory : 0.0165783 s (29657 evaluations, 491.663 s total)
[mcmc]  - Acceptance rate: 0.473
[mcmc]  - Convergence of means: R-1 = 0.053217 after 11648 accepted steps
[mcmc]  - Updated covariance matrix of proposal pdf.
[mcmc] Learn + convergence test @ 14600 samples accepted.
[likelihoodcollection] Average computation time:
   flamingo.inference.masked_ps.MaskedBandPowerLikelihood : 5.38891e-05 s (29732 evaluations, 1.60223 s total)
[theorycollection] Average computation time:
   flamingo.inference.masked_ps.MaskedTSZTheory : 0.0165781 s (29732 evaluations, 492.9 s total)
[mcmc]  - Acceptance rate: 0.473
[mcmc]  - Convergence of means: R-1 = 0.051179 after 11680 accepted steps
[mcmc]  - Updated covariance matrix of proposal pdf.
[mcmc] Learn + convergence test @ 14640 samples accepted.
[likelihoodcollection] Average computation time:
   flamingo.inference.masked_ps.MaskedBandPowerLikelihood : 5.38852e-05 s (29829 evaluations, 1.60734 s total)
[theorycollection] Average computation time:
   flamingo.inference.masked_ps.MaskedTSZTheory : 0.0165785 s (29829 evaluations, 494.52 s total)
[mcmc]  - Acceptance rate: 0.472
[mcmc]  - Convergence of means: R-1 = 0.048699 after 11712 accepted steps
[mcmc]  - Updated covariance matrix of proposal pdf.
[mcmc] Learn + convergence test @ 14680 samples accepted.
[likelihoodcollection] Average computation time:
   flamingo.inference.masked_ps.MaskedBandPowerLikelihood : 5.38743e-05 s (29907 evaluations, 1.61122 s total)
[theorycollection] Average computation time:
   flamingo.inference.masked_ps.MaskedTSZTheory : 0.0165786 s (29907 evaluations, 495.816 s total)
[mcmc]  - Acceptance rate: 0.473
[mcmc]  - Convergence of means: R-1 = 0.043170 after 11744 accepted steps
[mcmc]  - Updated covariance matrix of proposal pdf.
[mcmc] Learn + convergence test @ 14720 samples accepted.
[likelihoodcollection] Average computation time:
   flamingo.inference.masked_ps.MaskedBandPowerLikelihood : 5.38604e-05 s (29983 evaluations, 1.6149 s total)
[theorycollection] Average computation time:
   flamingo.inference.masked_ps.MaskedTSZTheory : 0.0165783 s (29983 evaluations, 497.067 s total)
[mcmc]  - Acceptance rate: 0.473
[mcmc]  - Convergence of means: R-1 = 0.046604 after 11776 accepted steps
[mcmc]  - Updated covariance matrix of proposal pdf.
[mcmc] Learn + convergence test @ 14760 samples accepted.
[likelihoodcollection] Average computation time:
   flamingo.inference.masked_ps.MaskedBandPowerLikelihood : 5.38693e-05 s (30072 evaluations, 1.61996 s total)
[theorycollection] Average computation time:
   flamingo.inference.masked_ps.MaskedTSZTheory : 0.0165796 s (30072 evaluations, 498.581 s total)
[mcmc]  - Acceptance rate: 0.473
[mcmc]  - Convergence of means: R-1 = 0.046360 after 11808 accepted steps
[mcmc]  - Updated covariance matrix of proposal pdf.
[mcmc] Learn + convergence test @ 14800 samples accepted.
[likelihoodcollection] Average computation time:
   flamingo.inference.masked_ps.MaskedBandPowerLikelihood : 5.38681e-05 s (30153 evaluations, 1.62429 s total)
[theorycollection] Average computation time:
   flamingo.inference.masked_ps.MaskedTSZTheory : 0.0165791 s (30153 evaluations, 499.91 s total)
[mcmc]  - Acceptance rate: 0.473
[mcmc]  - Convergence of means: R-1 = 0.042857 after 11840 accepted steps
[mcmc]  - Updated covariance matrix of proposal pdf.
[mcmc] Learn + convergence test @ 14840 samples accepted.
[likelihoodcollection] Average computation time:
   flamingo.inference.masked_ps.MaskedBandPowerLikelihood : 5.38752e-05 s (30232 evaluations, 1.62875 s total)
[theorycollection] Average computation time:
   flamingo.inference.masked_ps.MaskedTSZTheory : 0.0165796 s (30232 evaluations, 501.235 s total)
[mcmc]  - Acceptance rate: 0.473
[mcmc]  - Convergence of means: R-1 = 0.042405 after 11872 accepted steps
[mcmc]  - Updated covariance matrix of proposal pdf.
[mcmc] Learn + convergence test @ 14880 samples accepted.
[likelihoodcollection] Average computation time:
   flamingo.inference.masked_ps.MaskedBandPowerLikelihood : 5.38675e-05 s (30306 evaluations, 1.63251 s total)
[theorycollection] Average computation time:
   flamingo.inference.masked_ps.MaskedTSZTheory : 0.0165801 s (30306 evaluations, 502.475 s total)
[mcmc]  - Acceptance rate: 0.472
[mcmc]  - Convergence of means: R-1 = 0.045712 after 11904 accepted steps
[mcmc]  - Updated covariance matrix of proposal pdf.
[mcmc] Learn + convergence test @ 14920 samples accepted.
[likelihoodcollection] Average computation time:
   flamingo.inference.masked_ps.MaskedBandPowerLikelihood : 5.38768e-05 s (30393 evaluations, 1.63748 s total)
[theorycollection] Average computation time:
   flamingo.inference.masked_ps.MaskedTSZTheory : 0.016579 s (30393 evaluations, 503.885 s total)
[mcmc]  - Acceptance rate: 0.473
[mcmc]  - Convergence of means: R-1 = 0.045809 after 11936 accepted steps
[mcmc]  - Updated covariance matrix of proposal pdf.
[mcmc] Learn + convergence test @ 14960 samples accepted.
[likelihoodcollection] Average computation time:
   flamingo.inference.masked_ps.MaskedBandPowerLikelihood : 5.38819e-05 s (30464 evaluations, 1.64146 s total)
[theorycollection] Average computation time:
   flamingo.inference.masked_ps.MaskedTSZTheory : 0.0165785 s (30464 evaluations, 505.049 s total)
[mcmc]  - Acceptance rate: 0.473
[mcmc]  - Convergence of means: R-1 = 0.046579 after 11968 accepted steps
[mcmc]  - Updated covariance matrix of proposal pdf.
[mcmc] Learn + convergence test @ 15000 samples accepted.
[likelihoodcollection] Average computation time:
   flamingo.inference.masked_ps.MaskedBandPowerLikelihood : 5.38891e-05 s (30568 evaluations, 1.64728 s total)
[theorycollection] Average computation time:
   flamingo.inference.masked_ps.MaskedTSZTheory : 0.0165783 s (30568 evaluations, 506.764 s total)
[mcmc]  - Acceptance rate: 0.472
[mcmc]  - Convergence of means: R-1 = 0.045856 after 12000 accepted steps
[mcmc]  - Updated covariance matrix of proposal pdf.
[mcmc] Learn + convergence test @ 15040 samples accepted.
[likelihoodcollection] Average computation time:
   flamingo.inference.masked_ps.MaskedBandPowerLikelihood : 5.38824e-05 s (30631 evaluations, 1.65047 s total)
[theorycollection] Average computation time:
   flamingo.inference.masked_ps.MaskedTSZTheory : 0.0165782 s (30631 evaluations, 507.807 s total)
[mcmc]  - Acceptance rate: 0.472
[mcmc]  - Convergence of means: R-1 = 0.045674 after 12032 accepted steps
[mcmc]  - Updated covariance matrix of proposal pdf.
[mcmc] Learn + convergence test @ 15080 samples accepted.
[likelihoodcollection] Average computation time:
   flamingo.inference.masked_ps.MaskedBandPowerLikelihood : 5.38757e-05 s (30734 evaluations, 1.65581 s total)
[theorycollection] Average computation time:
   flamingo.inference.masked_ps.MaskedTSZTheory : 0.016577 s (30734 evaluations, 509.476 s total)
[mcmc]  - Acceptance rate: 0.472
[mcmc]  - Convergence of means: R-1 = 0.038863 after 12064 accepted steps
[mcmc]  - Updated covariance matrix of proposal pdf.
[mcmc] Learn + convergence test @ 15120 samples accepted.
[likelihoodcollection] Average computation time:
   flamingo.inference.masked_ps.MaskedBandPowerLikelihood : 5.38767e-05 s (30802 evaluations, 1.65951 s total)
[theorycollection] Average computation time:
   flamingo.inference.masked_ps.MaskedTSZTheory : 0.0165773 s (30802 evaluations, 510.613 s total)
[mcmc]  - Acceptance rate: 0.472
[mcmc]  - Convergence of means: R-1 = 0.036112 after 12096 accepted steps
[mcmc]  - Updated covariance matrix of proposal pdf.
[mcmc] Learn + convergence test @ 15160 samples accepted.
[likelihoodcollection] Average computation time:
   flamingo.inference.masked_ps.MaskedBandPowerLikelihood : 5.38755e-05 s (30886 evaluations, 1.664 s total)
[theorycollection] Average computation time:
   flamingo.inference.masked_ps.MaskedTSZTheory : 0.016578 s (30886 evaluations, 512.027 s total)
[mcmc]  - Acceptance rate: 0.472
[mcmc]  - Convergence of means: R-1 = 0.033004 after 12128 accepted steps
[mcmc]  - Updated covariance matrix of proposal pdf.
[mcmc] Learn + convergence test @ 15200 samples accepted.
[likelihoodcollection] Average computation time:
   flamingo.inference.masked_ps.MaskedBandPowerLikelihood : 5.38706e-05 s (30959 evaluations, 1.66778 s total)
[theorycollection] Average computation time:
   flamingo.inference.masked_ps.MaskedTSZTheory : 0.0165778 s (30959 evaluations, 513.234 s total)
[mcmc]  - Acceptance rate: 0.472
[mcmc]  - Convergence of means: R-1 = 0.037945 after 12160 accepted steps
[mcmc]  - Updated covariance matrix of proposal pdf.
[mcmc] Learn + convergence test @ 15240 samples accepted.
[likelihoodcollection] Average computation time:
   flamingo.inference.masked_ps.MaskedBandPowerLikelihood : 5.38698e-05 s (31048 evaluations, 1.67255 s total)
[theorycollection] Average computation time:
   flamingo.inference.masked_ps.MaskedTSZTheory : 0.0165785 s (31048 evaluations, 514.728 s total)
[mcmc]  - Acceptance rate: 0.472
[mcmc]  - Convergence of means: R-1 = 0.038554 after 12192 accepted steps
[mcmc]  - Updated covariance matrix of proposal pdf.
[mcmc] Learn + convergence test @ 15280 samples accepted.
[likelihoodcollection] Average computation time:
   flamingo.inference.masked_ps.MaskedBandPowerLikelihood : 5.38721e-05 s (31135 evaluations, 1.67731 s total)
[theorycollection] Average computation time:
   flamingo.inference.masked_ps.MaskedTSZTheory : 0.0165791 s (31135 evaluations, 516.19 s total)
[mcmc]  - Acceptance rate: 0.472
[mcmc]  - Convergence of means: R-1 = 0.042354 after 12224 accepted steps
[mcmc]  - Updated covariance matrix of proposal pdf.
[mcmc] Learn + convergence test @ 15320 samples accepted.
[likelihoodcollection] Average computation time:
   flamingo.inference.masked_ps.MaskedBandPowerLikelihood : 5.38613e-05 s (31219 evaluations, 1.6815 s total)
[theorycollection] Average computation time:
   flamingo.inference.masked_ps.MaskedTSZTheory : 0.0165784 s (31219 evaluations, 517.562 s total)
[mcmc]  - Acceptance rate: 0.472
[mcmc]  - Convergence of means: R-1 = 0.045674 after 12256 accepted steps
[mcmc]  - Updated covariance matrix of proposal pdf.
[mcmc] Learn + convergence test @ 15360 samples accepted.
[likelihoodcollection] Average computation time:
   flamingo.inference.masked_ps.MaskedBandPowerLikelihood : 5.38602e-05 s (31306 evaluations, 1.68615 s total)
[theorycollection] Average computation time:
   flamingo.inference.masked_ps.MaskedTSZTheory : 0.0165786 s (31306 evaluations, 519.009 s total)
[mcmc]  - Acceptance rate: 0.471
[mcmc]  - Convergence of means: R-1 = 0.046130 after 12288 accepted steps
[mcmc]  - Updated covariance matrix of proposal pdf.
[mcmc] Learn + convergence test @ 15400 samples accepted.
[likelihoodcollection] Average computation time:
   flamingo.inference.masked_ps.MaskedBandPowerLikelihood : 5.38592e-05 s (31387 evaluations, 1.69048 s total)
[theorycollection] Average computation time:
   flamingo.inference.masked_ps.MaskedTSZTheory : 0.0165773 s (31387 evaluations, 520.311 s total)
[mcmc]  - Acceptance rate: 0.471
[mcmc]  - Convergence of means: R-1 = 0.048731 after 12320 accepted steps
[mcmc]  - Updated covariance matrix of proposal pdf.
[mcmc] Learn + convergence test @ 15440 samples accepted.
[likelihoodcollection] Average computation time:
   flamingo.inference.masked_ps.MaskedBandPowerLikelihood : 5.38618e-05 s (31468 evaluations, 1.69492 s total)
[theorycollection] Average computation time:
   flamingo.inference.masked_ps.MaskedTSZTheory : 0.0165772 s (31468 evaluations, 521.652 s total)
[mcmc]  - Acceptance rate: 0.471
[mcmc]  - Convergence of means: R-1 = 0.052063 after 12352 accepted steps
[mcmc]  - Updated covariance matrix of proposal pdf.
[mcmc] Learn + convergence test @ 15480 samples accepted.
[likelihoodcollection] Average computation time:
   flamingo.inference.masked_ps.MaskedBandPowerLikelihood : 5.38574e-05 s (31540 evaluations, 1.69866 s total)
[theorycollection] Average computation time:
   flamingo.inference.masked_ps.MaskedTSZTheory : 0.0165766 s (31540 evaluations, 522.825 s total)
[mcmc]  - Acceptance rate: 0.471
[mcmc]  - Convergence of means: R-1 = 0.051492 after 12384 accepted steps
[mcmc]  - Updated covariance matrix of proposal pdf.
[mcmc] Learn + convergence test @ 15520 samples accepted.
[likelihoodcollection] Average computation time:
   flamingo.inference.masked_ps.MaskedBandPowerLikelihood : 5.38631e-05 s (31624 evaluations, 1.70337 s total)
[theorycollection] Average computation time:
   flamingo.inference.masked_ps.MaskedTSZTheory : 0.016576 s (31624 evaluations, 524.199 s total)
[mcmc]  - Acceptance rate: 0.471
[mcmc]  - Convergence of means: R-1 = 0.047408 after 12416 accepted steps
[mcmc]  - Updated covariance matrix of proposal pdf.
[mcmc] Learn + convergence test @ 15560 samples accepted.
[likelihoodcollection] Average computation time:
   flamingo.inference.masked_ps.MaskedBandPowerLikelihood : 5.38569e-05 s (31699 evaluations, 1.70721 s total)
[theorycollection] Average computation time:
   flamingo.inference.masked_ps.MaskedTSZTheory : 0.0165764 s (31699 evaluations, 525.456 s total)
[mcmc]  - Acceptance rate: 0.471
[mcmc]  - Convergence of means: R-1 = 0.049326 after 12448 accepted steps
[mcmc]  - Updated covariance matrix of proposal pdf.
[mcmc] Learn + convergence test @ 15600 samples accepted.
[likelihoodcollection] Average computation time:
   flamingo.inference.masked_ps.MaskedBandPowerLikelihood : 5.38587e-05 s (31774 evaluations, 1.71131 s total)
[theorycollection] Average computation time:
   flamingo.inference.masked_ps.MaskedTSZTheory : 0.0165764 s (31774 evaluations, 526.7 s total)
[mcmc]  - Acceptance rate: 0.471
[mcmc]  - Convergence of means: R-1 = 0.051212 after 12480 accepted steps
[mcmc]  - Updated covariance matrix of proposal pdf.
[mcmc] Learn + convergence test @ 15640 samples accepted.
[likelihoodcollection] Average computation time:
   flamingo.inference.masked_ps.MaskedBandPowerLikelihood : 5.38718e-05 s (31849 evaluations, 1.71576 s total)
[theorycollection] Average computation time:
   flamingo.inference.masked_ps.MaskedTSZTheory : 0.0165762 s (31849 evaluations, 527.936 s total)
[mcmc]  - Acceptance rate: 0.472
[mcmc]  - Convergence of means: R-1 = 0.047365 after 12512 accepted steps
[mcmc]  - Updated covariance matrix of proposal pdf.
[mcmc] Progress @ 2026-08-03 01:58:29 : 33002 steps taken, and 15645 accepted.
[mcmc] Learn + convergence test @ 15680 samples accepted.
[likelihoodcollection] Average computation time:
   flamingo.inference.masked_ps.MaskedBandPowerLikelihood : 5.38863e-05 s (31918 evaluations, 1.71994 s total)
[theorycollection] Average computation time:
   flamingo.inference.masked_ps.MaskedTSZTheory : 0.0165769 s (31918 evaluations, 529.102 s total)
[mcmc]  - Acceptance rate: 0.472
[mcmc]  - Convergence of means: R-1 = 0.046967 after 12544 accepted steps
[mcmc]  - Updated covariance matrix of proposal pdf.
[mcmc] Learn + convergence test @ 15720 samples accepted.
[likelihoodcollection] Average computation time:
   flamingo.inference.masked_ps.MaskedBandPowerLikelihood : 5.38845e-05 s (31982 evaluations, 1.72333 s total)
[theorycollection] Average computation time:
   flamingo.inference.masked_ps.MaskedTSZTheory : 0.016576 s (31982 evaluations, 530.133 s total)
[mcmc]  - Acceptance rate: 0.472
[mcmc]  - Convergence of means: R-1 = 0.048926 after 12576 accepted steps
[mcmc]  - Updated covariance matrix of proposal pdf.
[mcmc] Learn + convergence test @ 15760 samples accepted.
[likelihoodcollection] Average computation time:
   flamingo.inference.masked_ps.MaskedBandPowerLikelihood : 5.38832e-05 s (32062 evaluations, 1.7276 s total)
[theorycollection] Average computation time:
   flamingo.inference.masked_ps.MaskedTSZTheory : 0.0165757 s (32062 evaluations, 531.451 s total)
[mcmc]  - Acceptance rate: 0.472
[mcmc]  - Convergence of means: R-1 = 0.053085 after 12608 accepted steps
[mcmc]  - Updated covariance matrix of proposal pdf.
[mcmc] Learn + convergence test @ 15800 samples accepted.
[likelihoodcollection] Average computation time:
   flamingo.inference.masked_ps.MaskedBandPowerLikelihood : 5.38788e-05 s (32146 evaluations, 1.73199 s total)
[theorycollection] Average computation time:
   flamingo.inference.masked_ps.MaskedTSZTheory : 0.0165752 s (32146 evaluations, 532.827 s total)
[mcmc]  - Acceptance rate: 0.472
[mcmc]  - Convergence of means: R-1 = 0.051956 after 12640 accepted steps
[mcmc]  - Updated covariance matrix of proposal pdf.
[mcmc] Learn + convergence test @ 15840 samples accepted.
[likelihoodcollection] Average computation time:
   flamingo.inference.masked_ps.MaskedBandPowerLikelihood : 5.38868e-05 s (32216 evaluations, 1.73602 s total)
[theorycollection] Average computation time:
   flamingo.inference.masked_ps.MaskedTSZTheory : 0.0165757 s (32216 evaluations, 534.002 s total)
[mcmc]  - Acceptance rate: 0.472
[mcmc]  - Convergence of means: R-1 = 0.052072 after 12672 accepted steps
[mcmc]  - Updated covariance matrix of proposal pdf.
[mcmc] Learn + convergence test @ 15880 samples accepted.
[likelihoodcollection] Average computation time:
   flamingo.inference.masked_ps.MaskedBandPowerLikelihood : 5.38864e-05 s (32294 evaluations, 1.74021 s total)
[theorycollection] Average computation time:
   flamingo.inference.masked_ps.MaskedTSZTheory : 0.0165752 s (32294 evaluations, 535.279 s total)
[mcmc]  - Acceptance rate: 0.472
[mcmc]  - Convergence of means: R-1 = 0.053150 after 12704 accepted steps
[mcmc]  - Updated covariance matrix of proposal pdf.
[mcmc] Learn + convergence test @ 15920 samples accepted.
[likelihoodcollection] Average computation time:
   flamingo.inference.masked_ps.MaskedBandPowerLikelihood : 5.38904e-05 s (32367 evaluations, 1.74427 s total)
[theorycollection] Average computation time:
   flamingo.inference.masked_ps.MaskedTSZTheory : 0.0165754 s (32367 evaluations, 536.496 s total)
[mcmc]  - Acceptance rate: 0.472
[mcmc]  - Convergence of means: R-1 = 0.055858 after 12736 accepted steps
[mcmc]  - Updated covariance matrix of proposal pdf.
[mcmc] Learn + convergence test @ 15960 samples accepted.
[likelihoodcollection] Average computation time:
   flamingo.inference.masked_ps.MaskedBandPowerLikelihood : 5.38869e-05 s (32443 evaluations, 1.74825 s total)
[theorycollection] Average computation time:
   flamingo.inference.masked_ps.MaskedTSZTheory : 0.0165749 s (32443 evaluations, 537.739 s total)
[mcmc]  - Acceptance rate: 0.472
[mcmc]  - Convergence of means: R-1 = 0.057737 after 12768 accepted steps
[mcmc]  - Updated covariance matrix of proposal pdf.
[mcmc] Learn + convergence test @ 16000 samples accepted.
[likelihoodcollection] Average computation time:
   flamingo.inference.masked_ps.MaskedBandPowerLikelihood : 5.38858e-05 s (32541 evaluations, 1.7535 s total)
[theorycollection] Average computation time:
   flamingo.inference.masked_ps.MaskedTSZTheory : 0.0165753 s (32541 evaluations, 539.376 s total)
[mcmc]  - Acceptance rate: 0.472
[mcmc]  - Convergence of means: R-1 = 0.058511 after 12800 accepted steps
[mcmc]  - Updated covariance matrix of proposal pdf.
[mcmc] Learn + convergence test @ 16040 samples accepted.
[likelihoodcollection] Average computation time:
   flamingo.inference.masked_ps.MaskedBandPowerLikelihood : 5.38836e-05 s (32644 evaluations, 1.75898 s total)
[theorycollection] Average computation time:
   flamingo.inference.masked_ps.MaskedTSZTheory : 0.0165757 s (32644 evaluations, 541.098 s total)
[mcmc]  - Acceptance rate: 0.472
[mcmc]  - Convergence of means: R-1 = 0.060211 after 12832 accepted steps
[mcmc]  - Updated covariance matrix of proposal pdf.
[mcmc] Learn + convergence test @ 16080 samples accepted.
[likelihoodcollection] Average computation time:
   flamingo.inference.masked_ps.MaskedBandPowerLikelihood : 5.38861e-05 s (32727 evaluations, 1.76353 s total)
[theorycollection] Average computation time:
   flamingo.inference.masked_ps.MaskedTSZTheory : 0.0165753 s (32727 evaluations, 542.46 s total)
[mcmc]  - Acceptance rate: 0.472
[mcmc]  - Convergence of means: R-1 = 0.058765 after 12864 accepted steps
[mcmc]  - Updated covariance matrix of proposal pdf.
[mcmc] Learn + convergence test @ 16120 samples accepted.
[likelihoodcollection] Average computation time:
   flamingo.inference.masked_ps.MaskedBandPowerLikelihood : 5.3885e-05 s (32811 evaluations, 1.76802 s total)
[theorycollection] Average computation time:
   flamingo.inference.masked_ps.MaskedTSZTheory : 0.0165745 s (32811 evaluations, 543.827 s total)
[mcmc]  - Acceptance rate: 0.471
[mcmc]  - Convergence of means: R-1 = 0.056423 after 12896 accepted steps
[mcmc]  - Updated covariance matrix of proposal pdf.
[mcmc] Learn + convergence test @ 16160 samples accepted.
[likelihoodcollection] Average computation time:
   flamingo.inference.masked_ps.MaskedBandPowerLikelihood : 5.38805e-05 s (32898 evaluations, 1.77256 s total)
[theorycollection] Average computation time:
   flamingo.inference.masked_ps.MaskedTSZTheory : 0.0165748 s (32898 evaluations, 545.279 s total)
[mcmc]  - Acceptance rate: 0.471
[mcmc]  - Convergence of means: R-1 = 0.054593 after 12928 accepted steps
[mcmc]  - Updated covariance matrix of proposal pdf.
[mcmc] Learn + convergence test @ 16200 samples accepted.
[likelihoodcollection] Average computation time:
   flamingo.inference.masked_ps.MaskedBandPowerLikelihood : 5.38653e-05 s (32969 evaluations, 1.77588 s total)
[theorycollection] Average computation time:
   flamingo.inference.masked_ps.MaskedTSZTheory : 0.0165743 s (32969 evaluations, 546.439 s total)
[mcmc]  - Acceptance rate: 0.471
[mcmc]  - Convergence of means: R-1 = 0.056921 after 12960 accepted steps
[mcmc]  - Updated covariance matrix of proposal pdf.
[mcmc] Learn + convergence test @ 16240 samples accepted.
[likelihoodcollection] Average computation time:
   flamingo.inference.masked_ps.MaskedBandPowerLikelihood : 5.38673e-05 s (33053 evaluations, 1.78048 s total)
[theorycollection] Average computation time:
   flamingo.inference.masked_ps.MaskedTSZTheory : 0.0165743 s (33053 evaluations, 547.83 s total)
[mcmc]  - Acceptance rate: 0.471
[mcmc]  - Convergence of means: R-1 = 0.056780 after 12992 accepted steps
[mcmc]  - Updated covariance matrix of proposal pdf.
[mcmc] Learn + convergence test @ 16280 samples accepted.
[likelihoodcollection] Average computation time:
   flamingo.inference.masked_ps.MaskedBandPowerLikelihood : 5.3865e-05 s (33131 evaluations, 1.7846 s total)
[theorycollection] Average computation time:
   flamingo.inference.masked_ps.MaskedTSZTheory : 0.0165748 s (33131 evaluations, 549.141 s total)
[mcmc]  - Acceptance rate: 0.472
[mcmc]  - Convergence of means: R-1 = 0.053566 after 13024 accepted steps
[mcmc]  - Updated covariance matrix of proposal pdf.
[mcmc] Learn + convergence test @ 16320 samples accepted.
[likelihoodcollection] Average computation time:
   flamingo.inference.masked_ps.MaskedBandPowerLikelihood : 5.38638e-05 s (33218 evaluations, 1.78925 s total)
[theorycollection] Average computation time:
   flamingo.inference.masked_ps.MaskedTSZTheory : 0.0165754 s (33218 evaluations, 550.603 s total)
[mcmc]  - Acceptance rate: 0.472
[mcmc]  - Convergence of means: R-1 = 0.051576 after 13056 accepted steps
[mcmc]  - Updated covariance matrix of proposal pdf.
[mcmc] Learn + convergence test @ 16360 samples accepted.
[likelihoodcollection] Average computation time:
   flamingo.inference.masked_ps.MaskedBandPowerLikelihood : 5.38723e-05 s (33331 evaluations, 1.79562 s total)
[theorycollection] Average computation time:
   flamingo.inference.masked_ps.MaskedTSZTheory : 0.0165747 s (33331 evaluations, 552.452 s total)
[mcmc]  - Acceptance rate: 0.471
[mcmc]  - Convergence of means: R-1 = 0.049513 after 13088 accepted steps
[mcmc]  - Updated covariance matrix of proposal pdf.
[mcmc] Learn + convergence test @ 16400 samples accepted.
[likelihoodcollection] Average computation time:
   flamingo.inference.masked_ps.MaskedBandPowerLikelihood : 5.38775e-05 s (33440 evaluations, 1.80166 s total)
[theorycollection] Average computation time:
   flamingo.inference.masked_ps.MaskedTSZTheory : 0.0165749 s (33440 evaluations, 554.264 s total)
[mcmc]  - Acceptance rate: 0.471
[mcmc]  - Convergence of means: R-1 = 0.050776 after 13120 accepted steps
[mcmc]  - Updated covariance matrix of proposal pdf.
[mcmc] Learn + convergence test @ 16440 samples accepted.
[likelihoodcollection] Average computation time:
   flamingo.inference.masked_ps.MaskedBandPowerLikelihood : 5.38741e-05 s (33495 evaluations, 1.80451 s total)
[theorycollection] Average computation time:
   flamingo.inference.masked_ps.MaskedTSZTheory : 0.0165758 s (33495 evaluations, 555.205 s total)
[mcmc]  - Acceptance rate: 0.471
[mcmc]  - Convergence of means: R-1 = 0.051459 after 13152 accepted steps
[mcmc]  - Updated covariance matrix of proposal pdf.
[mcmc] Learn + convergence test @ 16480 samples accepted.
[likelihoodcollection] Average computation time:
   flamingo.inference.masked_ps.MaskedBandPowerLikelihood : 5.38727e-05 s (33585 evaluations, 1.80931 s total)
[theorycollection] Average computation time:
   flamingo.inference.masked_ps.MaskedTSZTheory : 0.0165756 s (33585 evaluations, 556.691 s total)
[mcmc]  - Acceptance rate: 0.471
[mcmc]  - Convergence of means: R-1 = 0.050863 after 13184 accepted steps
[mcmc]  - Updated covariance matrix of proposal pdf.
[mcmc] Learn + convergence test @ 16520 samples accepted.
[likelihoodcollection] Average computation time:
   flamingo.inference.masked_ps.MaskedBandPowerLikelihood : 5.38826e-05 s (33674 evaluations, 1.81444 s total)
[theorycollection] Average computation time:
   flamingo.inference.masked_ps.MaskedTSZTheory : 0.016576 s (33674 evaluations, 558.18 s total)
[mcmc]  - Acceptance rate: 0.471
[mcmc]  - Convergence of means: R-1 = 0.048662 after 13216 accepted steps
[mcmc]  - Updated covariance matrix of proposal pdf.
[mcmc] Learn + convergence test @ 16560 samples accepted.
[likelihoodcollection] Average computation time:
   flamingo.inference.masked_ps.MaskedBandPowerLikelihood : 5.38875e-05 s (33749 evaluations, 1.81865 s total)
[theorycollection] Average computation time:
   flamingo.inference.masked_ps.MaskedTSZTheory : 0.0165763 s (33749 evaluations, 559.434 s total)
[mcmc]  - Acceptance rate: 0.471
[mcmc]  - Convergence of means: R-1 = 0.047794 after 13248 accepted steps
[mcmc]  - Updated covariance matrix of proposal pdf.
[mcmc] Learn + convergence test @ 16600 samples accepted.
[likelihoodcollection] Average computation time:
   flamingo.inference.masked_ps.MaskedBandPowerLikelihood : 5.38785e-05 s (33828 evaluations, 1.8226 s total)
[theorycollection] Average computation time:
   flamingo.inference.masked_ps.MaskedTSZTheory : 0.0165756 s (33828 evaluations, 560.718 s total)
[mcmc]  - Acceptance rate: 0.471
[mcmc]  - Convergence of means: R-1 = 0.047430 after 13280 accepted steps
[mcmc]  - Updated covariance matrix of proposal pdf.
[mcmc] Learn + convergence test @ 16640 samples accepted.
[likelihoodcollection] Average computation time:
   flamingo.inference.masked_ps.MaskedBandPowerLikelihood : 5.38739e-05 s (33907 evaluations, 1.8267 s total)
[theorycollection] Average computation time:
   flamingo.inference.masked_ps.MaskedTSZTheory : 0.0165749 s (33907 evaluations, 562.006 s total)
[mcmc]  - Acceptance rate: 0.471
[mcmc]  - Convergence of means: R-1 = 0.045090 after 13312 accepted steps
[mcmc]  - Updated covariance matrix of proposal pdf.
[mcmc] Learn + convergence test @ 16680 samples accepted.
[likelihoodcollection] Average computation time:
   flamingo.inference.masked_ps.MaskedBandPowerLikelihood : 5.38777e-05 s (33977 evaluations, 1.8306 s total)
[theorycollection] Average computation time:
   flamingo.inference.masked_ps.MaskedTSZTheory : 0.0165747 s (33977 evaluations, 563.159 s total)
[mcmc]  - Acceptance rate: 0.471
[mcmc]  - Convergence of means: R-1 = 0.040095 after 13344 accepted steps
[mcmc]  - Updated covariance matrix of proposal pdf.
[mcmc] Learn + convergence test @ 16720 samples accepted.
[likelihoodcollection] Average computation time:
   flamingo.inference.masked_ps.MaskedBandPowerLikelihood : 5.38699e-05 s (34051 evaluations, 1.83432 s total)
[theorycollection] Average computation time:
   flamingo.inference.masked_ps.MaskedTSZTheory : 0.0165751 s (34051 evaluations, 564.398 s total)
[mcmc]  - Acceptance rate: 0.471
[mcmc]  - Convergence of means: R-1 = 0.035262 after 13376 accepted steps
[mcmc]  - Updated covariance matrix of proposal pdf.
[mcmc] Learn + convergence test @ 16760 samples accepted.
[likelihoodcollection] Average computation time:
   flamingo.inference.masked_ps.MaskedBandPowerLikelihood : 5.38687e-05 s (34112 evaluations, 1.83757 s total)
[theorycollection] Average computation time:
   flamingo.inference.masked_ps.MaskedTSZTheory : 0.0165747 s (34112 evaluations, 565.396 s total)
[mcmc]  - Acceptance rate: 0.472
[mcmc]  - Convergence of means: R-1 = 0.037068 after 13408 accepted steps
[mcmc]  - Updated covariance matrix of proposal pdf.
[mcmc] Learn + convergence test @ 16800 samples accepted.
[likelihoodcollection] Average computation time:
   flamingo.inference.masked_ps.MaskedBandPowerLikelihood : 5.38765e-05 s (34188 evaluations, 1.84193 s total)
[theorycollection] Average computation time:
   flamingo.inference.masked_ps.MaskedTSZTheory : 0.0165746 s (34188 evaluations, 566.653 s total)
[mcmc]  - Acceptance rate: 0.472
[mcmc]  - Convergence of means: R-1 = 0.033089 after 13440 accepted steps
[mcmc]  - Updated covariance matrix of proposal pdf.
[mcmc] Learn + convergence test @ 16840 samples accepted.
[likelihoodcollection] Average computation time:
   flamingo.inference.masked_ps.MaskedBandPowerLikelihood : 5.38783e-05 s (34265 evaluations, 1.84614 s total)
[theorycollection] Average computation time:
   flamingo.inference.masked_ps.MaskedTSZTheory : 0.0165742 s (34265 evaluations, 567.914 s total)
[mcmc]  - Acceptance rate: 0.471
[mcmc]  - Convergence of means: R-1 = 0.032502 after 13472 accepted steps
[mcmc]  - Updated covariance matrix of proposal pdf.
[mcmc] Learn + convergence test @ 16880 samples accepted.
[likelihoodcollection] Average computation time:
   flamingo.inference.masked_ps.MaskedBandPowerLikelihood : 5.38784e-05 s (34332 evaluations, 1.84975 s total)
[theorycollection] Average computation time:
   flamingo.inference.masked_ps.MaskedTSZTheory : 0.0165752 s (34332 evaluations, 569.059 s total)
[mcmc]  - Acceptance rate: 0.472
[mcmc]  - Convergence of means: R-1 = 0.035037 after 13504 accepted steps
[mcmc]  - Updated covariance matrix of proposal pdf.
[mcmc] Learn + convergence test @ 16920 samples accepted.
[likelihoodcollection] Average computation time:
   flamingo.inference.masked_ps.MaskedBandPowerLikelihood : 5.38801e-05 s (34419 evaluations, 1.8545 s total)
[theorycollection] Average computation time:
   flamingo.inference.masked_ps.MaskedTSZTheory : 0.0165752 s (34419 evaluations, 570.502 s total)
[mcmc]  - Acceptance rate: 0.471
[mcmc]  - Convergence of means: R-1 = 0.033993 after 13536 accepted steps
[mcmc]  - Updated covariance matrix of proposal pdf.
[mcmc] Learn + convergence test @ 16960 samples accepted.
[likelihoodcollection] Average computation time:
   flamingo.inference.masked_ps.MaskedBandPowerLikelihood : 5.3879e-05 s (34520 evaluations, 1.8599 s total)
[theorycollection] Average computation time:
   flamingo.inference.masked_ps.MaskedTSZTheory : 0.0165755 s (34520 evaluations, 572.186 s total)
[mcmc]  - Acceptance rate: 0.471
[mcmc]  - Convergence of means: R-1 = 0.032420 after 13568 accepted steps
[mcmc]  - Updated covariance matrix of proposal pdf.
[mcmc] Learn + convergence test @ 17000 samples accepted.
[likelihoodcollection] Average computation time:
   flamingo.inference.masked_ps.MaskedBandPowerLikelihood : 5.38778e-05 s (34595 evaluations, 1.8639 s total)
[theorycollection] Average computation time:
   flamingo.inference.masked_ps.MaskedTSZTheory : 0.0165755 s (34595 evaluations, 573.428 s total)
[mcmc]  - Acceptance rate: 0.471
[mcmc]  - Convergence of means: R-1 = 0.034770 after 13600 accepted steps
[mcmc]  - Updated covariance matrix of proposal pdf.
[mcmc] Learn + convergence test @ 17040 samples accepted.
[likelihoodcollection] Average computation time:
   flamingo.inference.masked_ps.MaskedBandPowerLikelihood : 5.38693e-05 s (34672 evaluations, 1.86776 s total)
[theorycollection] Average computation time:
   flamingo.inference.masked_ps.MaskedTSZTheory : 0.0165751 s (34672 evaluations, 574.691 s total)
[mcmc]  - Acceptance rate: 0.471
[mcmc]  - Convergence of means: R-1 = 0.035577 after 13632 accepted steps
[mcmc]  - Updated covariance matrix of proposal pdf.
[mcmc] Learn + convergence test @ 17080 samples accepted.
[likelihoodcollection] Average computation time:
   flamingo.inference.masked_ps.MaskedBandPowerLikelihood : 5.38661e-05 s (34765 evaluations, 1.87266 s total)
[theorycollection] Average computation time:
   flamingo.inference.masked_ps.MaskedTSZTheory : 0.0165749 s (34765 evaluations, 576.226 s total)
[mcmc]  - Acceptance rate: 0.471
[mcmc]  - Convergence of means: R-1 = 0.034501 after 13664 accepted steps
[mcmc]  - Updated covariance matrix of proposal pdf.
[mcmc] Learn + convergence test @ 17120 samples accepted.
[likelihoodcollection] Average computation time:
   flamingo.inference.masked_ps.MaskedBandPowerLikelihood : 5.38618e-05 s (34842 evaluations, 1.87665 s total)
[theorycollection] Average computation time:
   flamingo.inference.masked_ps.MaskedTSZTheory : 0.0165757 s (34842 evaluations, 577.529 s total)
[mcmc]  - Acceptance rate: 0.471
[mcmc]  - Convergence of means: R-1 = 0.032965 after 13696 accepted steps
[mcmc]  - Updated covariance matrix of proposal pdf.
[mcmc] Learn + convergence test @ 17160 samples accepted.
[likelihoodcollection] Average computation time:
   flamingo.inference.masked_ps.MaskedBandPowerLikelihood : 5.38618e-05 s (34918 evaluations, 1.88075 s total)
[theorycollection] Average computation time:
   flamingo.inference.masked_ps.MaskedTSZTheory : 0.0165756 s (34918 evaluations, 578.787 s total)
[mcmc]  - Acceptance rate: 0.471
[mcmc]  - Convergence of means: R-1 = 0.032339 after 13728 accepted steps
[mcmc]  - Updated covariance matrix of proposal pdf.
[mcmc] Learn + convergence test @ 17200 samples accepted.
[likelihoodcollection] Average computation time:
   flamingo.inference.masked_ps.MaskedBandPowerLikelihood : 5.38645e-05 s (35008 evaluations, 1.88569 s total)
[theorycollection] Average computation time:
   flamingo.inference.masked_ps.MaskedTSZTheory : 0.016576 s (35008 evaluations, 580.294 s total)
[mcmc]  - Acceptance rate: 0.471
[mcmc]  - Convergence of means: R-1 = 0.031979 after 13760 accepted steps
[mcmc]  - Updated covariance matrix of proposal pdf.
[mcmc] Learn + convergence test @ 17240 samples accepted.
[likelihoodcollection] Average computation time:
   flamingo.inference.masked_ps.MaskedBandPowerLikelihood : 5.38572e-05 s (35098 evaluations, 1.89028 s total)
[theorycollection] Average computation time:
   flamingo.inference.masked_ps.MaskedTSZTheory : 0.0165755 s (35098 evaluations, 581.768 s total)
[mcmc]  - Acceptance rate: 0.471
[mcmc]  - Convergence of means: R-1 = 0.030765 after 13792 accepted steps
[mcmc]  - Updated covariance matrix of proposal pdf.
[mcmc] Learn + convergence test @ 17280 samples accepted.
[likelihoodcollection] Average computation time:
   flamingo.inference.masked_ps.MaskedBandPowerLikelihood : 5.38561e-05 s (35184 evaluations, 1.89487 s total)
[theorycollection] Average computation time:
   flamingo.inference.masked_ps.MaskedTSZTheory : 0.0165756 s (35184 evaluations, 583.197 s total)
[mcmc]  - Acceptance rate: 0.471
[mcmc]  - Convergence of means: R-1 = 0.030989 after 13824 accepted steps
[mcmc]  - Updated covariance matrix of proposal pdf.
[mcmc] Learn + convergence test @ 17320 samples accepted.
[likelihoodcollection] Average computation time:
   flamingo.inference.masked_ps.MaskedBandPowerLikelihood : 5.38645e-05 s (35250 evaluations, 1.89872 s total)
[theorycollection] Average computation time:
   flamingo.inference.masked_ps.MaskedTSZTheory : 0.0165757 s (35250 evaluations, 584.292 s total)
[mcmc]  - Acceptance rate: 0.471
[mcmc]  - Convergence of means: R-1 = 0.032213 after 13856 accepted steps
[mcmc]  - Updated covariance matrix of proposal pdf.
[mcmc] Learn + convergence test @ 17360 samples accepted.
[likelihoodcollection] Average computation time:
   flamingo.inference.masked_ps.MaskedBandPowerLikelihood : 5.38567e-05 s (35326 evaluations, 1.90254 s total)
[theorycollection] Average computation time:
   flamingo.inference.masked_ps.MaskedTSZTheory : 0.0165752 s (35326 evaluations, 585.536 s total)
[mcmc]  - Acceptance rate: 0.471
[mcmc]  - Convergence of means: R-1 = 0.031973 after 13888 accepted steps
[mcmc]  - Updated covariance matrix of proposal pdf.
[mcmc] Progress @ 2026-08-03 01:59:29 : 36703 steps taken, and 17395 accepted.
[mcmc] Learn + convergence test @ 17400 samples accepted.
[likelihoodcollection] Average computation time:
   flamingo.inference.masked_ps.MaskedBandPowerLikelihood : 5.38574e-05 s (35412 evaluations, 1.9072 s total)
[theorycollection] Average computation time:
   flamingo.inference.masked_ps.MaskedTSZTheory : 0.0165746 s (35412 evaluations, 586.94 s total)
[mcmc]  - Acceptance rate: 0.471
[mcmc]  - Convergence of means: R-1 = 0.030080 after 13920 accepted steps
[mcmc]  - Updated covariance matrix of proposal pdf.
[mcmc] Learn + convergence test @ 17440 samples accepted.
[likelihoodcollection] Average computation time:
   flamingo.inference.masked_ps.MaskedBandPowerLikelihood : 5.38594e-05 s (35487 evaluations, 1.91131 s total)
[theorycollection] Average computation time:
   flamingo.inference.masked_ps.MaskedTSZTheory : 0.0165746 s (35487 evaluations, 588.184 s total)
[mcmc]  - Acceptance rate: 0.471
[mcmc]  - Convergence of means: R-1 = 0.029551 after 13952 accepted steps
[mcmc]  - Updated covariance matrix of proposal pdf.
[mcmc] Learn + convergence test @ 17480 samples accepted.
[likelihoodcollection] Average computation time:
   flamingo.inference.masked_ps.MaskedBandPowerLikelihood : 5.38649e-05 s (35563 evaluations, 1.9156 s total)
[theorycollection] Average computation time:
   flamingo.inference.masked_ps.MaskedTSZTheory : 0.0165748 s (35563 evaluations, 589.45 s total)
[mcmc]  - Acceptance rate: 0.471
[mcmc]  - Convergence of means: R-1 = 0.030356 after 13984 accepted steps
[mcmc]  - Updated covariance matrix of proposal pdf.
[mcmc] Learn + convergence test @ 17520 samples accepted.
[likelihoodcollection] Average computation time:
   flamingo.inference.masked_ps.MaskedBandPowerLikelihood : 5.38552e-05 s (35646 evaluations, 1.91972 s total)
[theorycollection] Average computation time:
   flamingo.inference.masked_ps.MaskedTSZTheory : 0.0165747 s (35646 evaluations, 590.822 s total)
[mcmc]  - Acceptance rate: 0.471
[mcmc]  - Convergence of means: R-1 = 0.030492 after 14016 accepted steps
[mcmc]  - Updated covariance matrix of proposal pdf.
[mcmc] Learn + convergence test @ 17560 samples accepted.
[likelihoodcollection] Average computation time:
   flamingo.inference.masked_ps.MaskedBandPowerLikelihood : 5.38442e-05 s (35737 evaluations, 1.92423 s total)
[theorycollection] Average computation time:
   flamingo.inference.masked_ps.MaskedTSZTheory : 0.0165742 s (35737 evaluations, 592.313 s total)
[mcmc]  - Acceptance rate: 0.471
[mcmc]  - Convergence of means: R-1 = 0.030929 after 14048 accepted steps
[mcmc]  - Updated covariance matrix of proposal pdf.
[mcmc] Learn + convergence test @ 17600 samples accepted.
[likelihoodcollection] Average computation time:
   flamingo.inference.masked_ps.MaskedBandPowerLikelihood : 5.38429e-05 s (35822 evaluations, 1.92876 s total)
[theorycollection] Average computation time:
   flamingo.inference.masked_ps.MaskedTSZTheory : 0.0165748 s (35822 evaluations, 593.741 s total)
[mcmc]  - Acceptance rate: 0.471
[mcmc]  - Convergence of means: R-1 = 0.030338 after 14080 accepted steps
[mcmc]  - Updated covariance matrix of proposal pdf.
[mcmc] Learn + convergence test @ 17640 samples accepted.
[likelihoodcollection] Average computation time:
   flamingo.inference.masked_ps.MaskedBandPowerLikelihood : 5.38394e-05 s (35900 evaluations, 1.93284 s total)
[theorycollection] Average computation time:
   flamingo.inference.masked_ps.MaskedTSZTheory : 0.0165746 s (35900 evaluations, 595.027 s total)
[mcmc]  - Acceptance rate: 0.471
[mcmc]  - Convergence of means: R-1 = 0.030529 after 14112 accepted steps
[mcmc]  - Updated covariance matrix of proposal pdf.
[mcmc] Learn + convergence test @ 17680 samples accepted.
[likelihoodcollection] Average computation time:
   flamingo.inference.masked_ps.MaskedBandPowerLikelihood : 5.38374e-05 s (35979 evaluations, 1.93702 s total)
[theorycollection] Average computation time:
   flamingo.inference.masked_ps.MaskedTSZTheory : 0.0165747 s (35979 evaluations, 596.341 s total)
[mcmc]  - Acceptance rate: 0.471
[mcmc]  - Convergence of means: R-1 = 0.029411 after 14144 accepted steps
[mcmc]  - Updated covariance matrix of proposal pdf.
[mcmc] Learn + convergence test @ 17720 samples accepted.
[likelihoodcollection] Average computation time:
   flamingo.inference.masked_ps.MaskedBandPowerLikelihood : 5.38277e-05 s (36074 evaluations, 1.94178 s total)
[theorycollection] Average computation time:
   flamingo.inference.masked_ps.MaskedTSZTheory : 0.0165747 s (36074 evaluations, 597.915 s total)
[mcmc]  - Acceptance rate: 0.471
[mcmc]  - Convergence of means: R-1 = 0.025689 after 14176 accepted steps
[mcmc]  - Updated covariance matrix of proposal pdf.
[mcmc] Learn + convergence test @ 17760 samples accepted.
[likelihoodcollection] Average computation time:
   flamingo.inference.masked_ps.MaskedBandPowerLikelihood : 5.38154e-05 s (36146 evaluations, 1.94521 s total)
[theorycollection] Average computation time:
   flamingo.inference.masked_ps.MaskedTSZTheory : 0.0165749 s (36146 evaluations, 599.118 s total)
[mcmc]  - Acceptance rate: 0.472
[mcmc]  - Convergence of means: R-1 = 0.024970 after 14208 accepted steps
[mcmc]  - Updated covariance matrix of proposal pdf.
[mcmc] Learn + convergence test @ 17800 samples accepted.
[likelihoodcollection] Average computation time:
   flamingo.inference.masked_ps.MaskedBandPowerLikelihood : 5.38173e-05 s (36213 evaluations, 1.94889 s total)
[theorycollection] Average computation time:
   flamingo.inference.masked_ps.MaskedTSZTheory : 0.0165755 s (36213 evaluations, 600.25 s total)
[mcmc]  - Acceptance rate: 0.472
[mcmc]  - Convergence of means: R-1 = 0.023263 after 14240 accepted steps
[mcmc]  - Updated covariance matrix of proposal pdf.
[mcmc] Learn + convergence test @ 17840 samples accepted.
[likelihoodcollection] Average computation time:
   flamingo.inference.masked_ps.MaskedBandPowerLikelihood : 5.38185e-05 s (36293 evaluations, 1.95323 s total)
[theorycollection] Average computation time:
   flamingo.inference.masked_ps.MaskedTSZTheory : 0.0165748 s (36293 evaluations, 601.547 s total)
[mcmc]  - Acceptance rate: 0.472
[mcmc]  - Convergence of means: R-1 = 0.020314 after 14272 accepted steps
[mcmc]  - Updated covariance matrix of proposal pdf.
[mcmc] Learn + convergence test @ 17880 samples accepted.
[likelihoodcollection] Average computation time:
   flamingo.inference.masked_ps.MaskedBandPowerLikelihood : 5.38045e-05 s (36365 evaluations, 1.9566 s total)
[theorycollection] Average computation time:
   flamingo.inference.masked_ps.MaskedTSZTheory : 0.0165744 s (36365 evaluations, 602.729 s total)
[mcmc]  - Acceptance rate: 0.472
[mcmc]  - Convergence of means: R-1 = 0.020985 after 14304 accepted steps
[mcmc]  - Updated covariance matrix of proposal pdf.
[mcmc] Learn + convergence test @ 17920 samples accepted.
[likelihoodcollection] Average computation time:
   flamingo.inference.masked_ps.MaskedBandPowerLikelihood : 5.37979e-05 s (36446 evaluations, 1.96072 s total)
[theorycollection] Average computation time:
   flamingo.inference.masked_ps.MaskedTSZTheory : 0.0165738 s (36446 evaluations, 604.048 s total)
[mcmc]  - Acceptance rate: 0.472
[mcmc]  - Convergence of means: R-1 = 0.023554 after 14336 accepted steps
[mcmc]  - Updated covariance matrix of proposal pdf.
[mcmc] Learn + convergence test @ 17960 samples accepted.
[likelihoodcollection] Average computation time:
   flamingo.inference.masked_ps.MaskedBandPowerLikelihood : 5.37928e-05 s (36544 evaluations, 1.9658 s total)
[theorycollection] Average computation time:
   flamingo.inference.masked_ps.MaskedTSZTheory : 0.0165725 s (36544 evaluations, 605.625 s total)
[mcmc]  - Acceptance rate: 0.472
[mcmc]  - Convergence of means: R-1 = 0.024785 after 14368 accepted steps
[mcmc]  - Updated covariance matrix of proposal pdf.
[mcmc] Learn + convergence test @ 18000 samples accepted.
[likelihoodcollection] Average computation time:
   flamingo.inference.masked_ps.MaskedBandPowerLikelihood : 5.37982e-05 s (36613 evaluations, 1.96971 s total)
[theorycollection] Average computation time:
   flamingo.inference.masked_ps.MaskedTSZTheory : 0.016573 s (36613 evaluations, 606.786 s total)
[mcmc]  - Acceptance rate: 0.472
[mcmc]  - Convergence of means: R-1 = 0.024956 after 14400 accepted steps
[mcmc]  - Updated covariance matrix of proposal pdf.
[mcmc] Learn + convergence test @ 18040 samples accepted.
[likelihoodcollection] Average computation time:
   flamingo.inference.masked_ps.MaskedBandPowerLikelihood : 5.38047e-05 s (36681 evaluations, 1.97361 s total)
[theorycollection] Average computation time:
   flamingo.inference.masked_ps.MaskedTSZTheory : 0.0165729 s (36681 evaluations, 607.909 s total)
[mcmc]  - Acceptance rate: 0.472
[mcmc]  - Convergence of means: R-1 = 0.022583 after 14432 accepted steps
[mcmc]  - Updated covariance matrix of proposal pdf.
[mcmc] Learn + convergence test @ 18080 samples accepted.
[likelihoodcollection] Average computation time:
   flamingo.inference.masked_ps.MaskedBandPowerLikelihood : 5.3801e-05 s (36773 evaluations, 1.97842 s total)
[theorycollection] Average computation time:
   flamingo.inference.masked_ps.MaskedTSZTheory : 0.0165723 s (36773 evaluations, 609.413 s total)
[mcmc]  - Acceptance rate: 0.472
[mcmc]  - Convergence of means: R-1 = 0.022464 after 14464 accepted steps
[mcmc]  - Updated covariance matrix of proposal pdf.
[mcmc] Learn + convergence test @ 18120 samples accepted.
[likelihoodcollection] Average computation time:
   flamingo.inference.masked_ps.MaskedBandPowerLikelihood : 5.37985e-05 s (36827 evaluations, 1.98124 s total)
[theorycollection] Average computation time:
   flamingo.inference.masked_ps.MaskedTSZTheory : 0.0165718 s (36827 evaluations, 610.288 s total)
[mcmc]  - Acceptance rate: 0.473
[mcmc]  - Convergence of means: R-1 = 0.019994 after 14496 accepted steps
[mcmc]  - Updated covariance matrix of proposal pdf.
[mcmc] Learn + convergence test @ 18160 samples accepted.
[likelihoodcollection] Average computation time:
   flamingo.inference.masked_ps.MaskedBandPowerLikelihood : 5.37926e-05 s (36922 evaluations, 1.98613 s total)
[theorycollection] Average computation time:
   flamingo.inference.masked_ps.MaskedTSZTheory : 0.0165712 s (36922 evaluations, 611.842 s total)
[mcmc]  - Acceptance rate: 0.473
[mcmc]  - Convergence of means: R-1 = 0.021775 after 14528 accepted steps
[mcmc]  - Updated covariance matrix of proposal pdf.
[mcmc] Learn + convergence test @ 18200 samples accepted.
[likelihoodcollection] Average computation time:
   flamingo.inference.masked_ps.MaskedBandPowerLikelihood : 5.38006e-05 s (36991 evaluations, 1.99014 s total)
[theorycollection] Average computation time:
   flamingo.inference.masked_ps.MaskedTSZTheory : 0.0165717 s (36991 evaluations, 613.002 s total)
[mcmc]  - Acceptance rate: 0.473
[mcmc]  - Convergence of means: R-1 = 0.022652 after 14560 accepted steps
[mcmc]  - Updated covariance matrix of proposal pdf.
[mcmc] Learn + convergence test @ 18240 samples accepted.
[likelihoodcollection] Average computation time:
   flamingo.inference.masked_ps.MaskedBandPowerLikelihood : 5.37929e-05 s (37082 evaluations, 1.99475 s total)
[theorycollection] Average computation time:
   flamingo.inference.masked_ps.MaskedTSZTheory : 0.0165715 s (37082 evaluations, 614.505 s total)
[mcmc]  - Acceptance rate: 0.473
[mcmc]  - Convergence of means: R-1 = 0.023522 after 14592 accepted steps
[mcmc]  - Updated covariance matrix of proposal pdf.
[mcmc] Learn + convergence test @ 18280 samples accepted.
[likelihoodcollection] Average computation time:
   flamingo.inference.masked_ps.MaskedBandPowerLikelihood : 5.38087e-05 s (37158 evaluations, 1.99942 s total)
[theorycollection] Average computation time:
   flamingo.inference.masked_ps.MaskedTSZTheory : 0.016572 s (37158 evaluations, 615.784 s total)
[mcmc]  - Acceptance rate: 0.473
[mcmc]  - Convergence of means: R-1 = 0.021219 after 14624 accepted steps
[mcmc]  - Updated covariance matrix of proposal pdf.
[mcmc] Learn + convergence test @ 18320 samples accepted.
[likelihoodcollection] Average computation time:
   flamingo.inference.masked_ps.MaskedBandPowerLikelihood : 5.38027e-05 s (37239 evaluations, 2.00356 s total)
[theorycollection] Average computation time:
   flamingo.inference.masked_ps.MaskedTSZTheory : 0.0165719 s (37239 evaluations, 617.12 s total)
[mcmc]  - Acceptance rate: 0.473
[mcmc]  - Convergence of means: R-1 = 0.018952 after 14656 accepted steps
[mcmc]  - Updated covariance matrix of proposal pdf.
[mcmc] Learn + convergence test @ 18360 samples accepted.
[likelihoodcollection] Average computation time:
   flamingo.inference.masked_ps.MaskedBandPowerLikelihood : 5.37925e-05 s (37327 evaluations, 2.00791 s total)
[theorycollection] Average computation time:
   flamingo.inference.masked_ps.MaskedTSZTheory : 0.0165721 s (37327 evaluations, 618.588 s total)
[mcmc]  - Acceptance rate: 0.473
[mcmc]  - Convergence of means: R-1 = 0.018822 after 14688 accepted steps
[mcmc]  - Updated covariance matrix of proposal pdf.
[mcmc] Learn + convergence test @ 18400 samples accepted.
[likelihoodcollection] Average computation time:
   flamingo.inference.masked_ps.MaskedBandPowerLikelihood : 5.37863e-05 s (37411 evaluations, 2.0122 s total)
[theorycollection] Average computation time:
   flamingo.inference.masked_ps.MaskedTSZTheory : 0.0165717 s (37411 evaluations, 619.965 s total)
[mcmc]  - Acceptance rate: 0.473
[mcmc]  - Convergence of means: R-1 = 0.019505 after 14720 accepted steps
[mcmc]  - Updated covariance matrix of proposal pdf.
[mcmc] Learn + convergence test @ 18440 samples accepted.
[likelihoodcollection] Average computation time:
   flamingo.inference.masked_ps.MaskedBandPowerLikelihood : 5.37776e-05 s (37500 evaluations, 2.01666 s total)
[theorycollection] Average computation time:
   flamingo.inference.masked_ps.MaskedTSZTheory : 0.0165709 s (37500 evaluations, 621.409 s total)
[mcmc]  - Acceptance rate: 0.473
[mcmc]  - Convergence of means: R-1 = 0.021371 after 14752 accepted steps
[mcmc]  - Updated covariance matrix of proposal pdf.
[mcmc] Learn + convergence test @ 18480 samples accepted.
[likelihoodcollection] Average computation time:
   flamingo.inference.masked_ps.MaskedBandPowerLikelihood : 5.37682e-05 s (37583 evaluations, 2.02077 s total)
[theorycollection] Average computation time:
   flamingo.inference.masked_ps.MaskedTSZTheory : 0.0165699 s (37583 evaluations, 622.748 s total)
[mcmc]  - Acceptance rate: 0.472
[mcmc]  - Convergence of means: R-1 = 0.024019 after 14784 accepted steps
[mcmc]  - Updated covariance matrix of proposal pdf.
[mcmc] Learn + convergence test @ 18520 samples accepted.
[likelihoodcollection] Average computation time:
   flamingo.inference.masked_ps.MaskedBandPowerLikelihood : 5.37689e-05 s (37690 evaluations, 2.02655 s total)
[theorycollection] Average computation time:
   flamingo.inference.masked_ps.MaskedTSZTheory : 0.0165706 s (37690 evaluations, 624.545 s total)
[mcmc]  - Acceptance rate: 0.472
[mcmc]  - Convergence of means: R-1 = 0.025395 after 14816 accepted steps
[mcmc]  - Updated covariance matrix of proposal pdf.
[mcmc] Learn + convergence test @ 18560 samples accepted.
[likelihoodcollection] Average computation time:
   flamingo.inference.masked_ps.MaskedBandPowerLikelihood : 5.37709e-05 s (37774 evaluations, 2.03114 s total)
[theorycollection] Average computation time:
   flamingo.inference.masked_ps.MaskedTSZTheory : 0.0165703 s (37774 evaluations, 625.928 s total)
[mcmc]  - Acceptance rate: 0.472
[mcmc]  - Convergence of means: R-1 = 0.024834 after 14848 accepted steps
[mcmc]  - Updated covariance matrix of proposal pdf.
[mcmc] Learn + convergence test @ 18600 samples accepted.
[likelihoodcollection] Average computation time:
   flamingo.inference.masked_ps.MaskedBandPowerLikelihood : 5.37704e-05 s (37846 evaluations, 2.03499 s total)
[theorycollection] Average computation time:
   flamingo.inference.masked_ps.MaskedTSZTheory : 0.0165703 s (37846 evaluations, 627.121 s total)
[mcmc]  - Acceptance rate: 0.472
[mcmc]  - Convergence of means: R-1 = 0.025439 after 14880 accepted steps
[mcmc]  - Updated covariance matrix of proposal pdf.
[mcmc] Learn + convergence test @ 18640 samples accepted.
[likelihoodcollection] Average computation time:
   flamingo.inference.masked_ps.MaskedBandPowerLikelihood : 5.37726e-05 s (37923 evaluations, 2.03922 s total)
[theorycollection] Average computation time:
   flamingo.inference.masked_ps.MaskedTSZTheory : 0.016571 s (37923 evaluations, 628.421 s total)
[mcmc]  - Acceptance rate: 0.473
[mcmc]  - Convergence of means: R-1 = 0.025917 after 14912 accepted steps
[mcmc]  - Updated covariance matrix of proposal pdf.
[mcmc] Learn + convergence test @ 18680 samples accepted.
[likelihoodcollection] Average computation time:
   flamingo.inference.masked_ps.MaskedBandPowerLikelihood : 5.37779e-05 s (38015 evaluations, 2.04437 s total)
[theorycollection] Average computation time:
   flamingo.inference.masked_ps.MaskedTSZTheory : 0.0165717 s (38015 evaluations, 629.973 s total)
[mcmc]  - Acceptance rate: 0.472
[mcmc]  - Convergence of means: R-1 = 0.025379 after 14944 accepted steps
[mcmc]  - Updated covariance matrix of proposal pdf.
[mcmc] Learn + convergence test @ 18720 samples accepted.
[likelihoodcollection] Average computation time:
   flamingo.inference.masked_ps.MaskedBandPowerLikelihood : 5.37901e-05 s (38105 evaluations, 2.04967 s total)
[theorycollection] Average computation time:
   flamingo.inference.masked_ps.MaskedTSZTheory : 0.0165714 s (38105 evaluations, 631.452 s total)
[mcmc]  - Acceptance rate: 0.472
[mcmc]  - Convergence of means: R-1 = 0.029711 after 14976 accepted steps
[mcmc]  - Updated covariance matrix of proposal pdf.
[mcmc] Learn + convergence test @ 18760 samples accepted.
[likelihoodcollection] Average computation time:
   flamingo.inference.masked_ps.MaskedBandPowerLikelihood : 5.37887e-05 s (38168 evaluations, 2.05301 s total)
[theorycollection] Average computation time:
   flamingo.inference.masked_ps.MaskedTSZTheory : 0.0165713 s (38168 evaluations, 632.494 s total)
[mcmc]  - Acceptance rate: 0.473
[mcmc]  - Convergence of means: R-1 = 0.031507 after 15008 accepted steps
[mcmc]  - Updated covariance matrix of proposal pdf.
[mcmc] Learn + convergence test @ 18800 samples accepted.
[likelihoodcollection] Average computation time:
   flamingo.inference.masked_ps.MaskedBandPowerLikelihood : 5.37844e-05 s (38243 evaluations, 2.05688 s total)
[theorycollection] Average computation time:
   flamingo.inference.masked_ps.MaskedTSZTheory : 0.016571 s (38243 evaluations, 633.727 s total)
[mcmc]  - Acceptance rate: 0.473
[mcmc]  - Convergence of means: R-1 = 0.033357 after 15040 accepted steps
[mcmc]  - Updated covariance matrix of proposal pdf.
[mcmc] Learn + convergence test @ 18840 samples accepted.
[likelihoodcollection] Average computation time:
   flamingo.inference.masked_ps.MaskedBandPowerLikelihood : 5.37705e-05 s (38310 evaluations, 2.05995 s total)
[theorycollection] Average computation time:
   flamingo.inference.masked_ps.MaskedTSZTheory : 0.0165704 s (38310 evaluations, 634.812 s total)
[mcmc]  - Acceptance rate: 0.473
[mcmc]  - Convergence of means: R-1 = 0.032922 after 15072 accepted steps
[mcmc]  - Updated covariance matrix of proposal pdf.
[mcmc] Learn + convergence test @ 18880 samples accepted.
[likelihoodcollection] Average computation time:
   flamingo.inference.masked_ps.MaskedBandPowerLikelihood : 5.37858e-05 s (38366 evaluations, 2.06355 s total)
[theorycollection] Average computation time:
   flamingo.inference.masked_ps.MaskedTSZTheory : 0.0165708 s (38366 evaluations, 635.757 s total)
[mcmc]  - Acceptance rate: 0.473
[mcmc]  - Convergence of means: R-1 = 0.034406 after 15104 accepted steps
[mcmc]  - Updated covariance matrix of proposal pdf.
[mcmc] Learn + convergence test @ 18920 samples accepted.
[likelihoodcollection] Average computation time:
   flamingo.inference.masked_ps.MaskedBandPowerLikelihood : 5.37822e-05 s (38444 evaluations, 2.0676 s total)
[theorycollection] Average computation time:
   flamingo.inference.masked_ps.MaskedTSZTheory : 0.0165705 s (38444 evaluations, 637.037 s total)
[mcmc]  - Acceptance rate: 0.473
[mcmc]  - Convergence of means: R-1 = 0.036650 after 15136 accepted steps
[mcmc]  - Updated covariance matrix of proposal pdf.
[mcmc] Learn + convergence test @ 18960 samples accepted.
[likelihoodcollection] Average computation time:
   flamingo.inference.masked_ps.MaskedBandPowerLikelihood : 5.37757e-05 s (38512 evaluations, 2.07101 s total)
[theorycollection] Average computation time:
   flamingo.inference.masked_ps.MaskedTSZTheory : 0.0165699 s (38512 evaluations, 638.14 s total)
[mcmc]  - Acceptance rate: 0.473
[mcmc]  - Convergence of means: R-1 = 0.036763 after 15168 accepted steps
[mcmc]  - Updated covariance matrix of proposal pdf.
[mcmc] Learn + convergence test @ 19000 samples accepted.
[likelihoodcollection] Average computation time:
   flamingo.inference.masked_ps.MaskedBandPowerLikelihood : 5.37782e-05 s (38588 evaluations, 2.07519 s total)
[theorycollection] Average computation time:
   flamingo.inference.masked_ps.MaskedTSZTheory : 0.0165706 s (38588 evaluations, 639.425 s total)
[mcmc]  - Acceptance rate: 0.473
[mcmc]  - Convergence of means: R-1 = 0.038590 after 15200 accepted steps
[mcmc]  - Updated covariance matrix of proposal pdf.
[mcmc] Learn + convergence test @ 19040 samples accepted.
[likelihoodcollection] Average computation time:
   flamingo.inference.masked_ps.MaskedBandPowerLikelihood : 5.37826e-05 s (38668 evaluations, 2.07966 s total)
[theorycollection] Average computation time:
   flamingo.inference.masked_ps.MaskedTSZTheory : 0.0165708 s (38668 evaluations, 640.759 s total)
[mcmc]  - Acceptance rate: 0.473
[mcmc]  - Convergence of means: R-1 = 0.039353 after 15232 accepted steps
[mcmc]  - Updated covariance matrix of proposal pdf.
[mcmc] Learn + convergence test @ 19080 samples accepted.
[likelihoodcollection] Average computation time:
   flamingo.inference.masked_ps.MaskedBandPowerLikelihood : 5.37835e-05 s (38741 evaluations, 2.08363 s total)
[theorycollection] Average computation time:
   flamingo.inference.masked_ps.MaskedTSZTheory : 0.0165712 s (38741 evaluations, 641.986 s total)
[mcmc]  - Acceptance rate: 0.474
[mcmc]  - Convergence of means: R-1 = 0.041074 after 15264 accepted steps
[mcmc]  - Updated covariance matrix of proposal pdf.
[mcmc] Learn + convergence test @ 19120 samples accepted.
[likelihoodcollection] Average computation time:
   flamingo.inference.masked_ps.MaskedBandPowerLikelihood : 5.37842e-05 s (38820 evaluations, 2.0879 s total)
[theorycollection] Average computation time:
   flamingo.inference.masked_ps.MaskedTSZTheory : 0.0165716 s (38820 evaluations, 643.311 s total)
[mcmc]  - Acceptance rate: 0.474
[mcmc]  - Convergence of means: R-1 = 0.044780 after 15296 accepted steps
[mcmc]  - Updated covariance matrix of proposal pdf.
[mcmc] Learn + convergence test @ 19160 samples accepted.
[likelihoodcollection] Average computation time:
   flamingo.inference.masked_ps.MaskedBandPowerLikelihood : 5.37783e-05 s (38918 evaluations, 2.09294 s total)
[theorycollection] Average computation time:
   flamingo.inference.masked_ps.MaskedTSZTheory : 0.0165713 s (38918 evaluations, 644.922 s total)
[mcmc]  - Acceptance rate: 0.473
[mcmc]  - Convergence of means: R-1 = 0.044371 after 15328 accepted steps
[mcmc]  - Updated covariance matrix of proposal pdf.
[mcmc] Progress @ 2026-08-03 02:00:29 : 40374 steps taken, and 19177 accepted.
[mcmc] Learn + convergence test @ 19200 samples accepted.
[likelihoodcollection] Average computation time:
   flamingo.inference.masked_ps.MaskedBandPowerLikelihood : 5.37788e-05 s (38998 evaluations, 2.09727 s total)
[theorycollection] Average computation time:
   flamingo.inference.masked_ps.MaskedTSZTheory : 0.0165712 s (38998 evaluations, 646.242 s total)
[mcmc]  - Acceptance rate: 0.474
[mcmc]  - Convergence of means: R-1 = 0.044645 after 15360 accepted steps
[mcmc]  - Updated covariance matrix of proposal pdf.
[mcmc] Learn + convergence test @ 19240 samples accepted.
[likelihoodcollection] Average computation time:
   flamingo.inference.masked_ps.MaskedBandPowerLikelihood : 5.37461e-05 s (39077 evaluations, 2.10024 s total)
[theorycollection] Average computation time:
   flamingo.inference.masked_ps.MaskedTSZTheory : 0.0165674 s (39077 evaluations, 647.404 s total)
[mcmc]  - Acceptance rate: 0.474
[mcmc]  - Convergence of means: R-1 = 0.046909 after 15392 accepted steps
[mcmc]  - Updated covariance matrix of proposal pdf.
[mcmc] Learn + convergence test @ 19280 samples accepted.
[likelihoodcollection] Average computation time:
   flamingo.inference.masked_ps.MaskedBandPowerLikelihood : 5.37052e-05 s (39143 evaluations, 2.10218 s total)
[theorycollection] Average computation time:
   flamingo.inference.masked_ps.MaskedTSZTheory : 0.0165633 s (39143 evaluations, 648.336 s total)
[mcmc]  - Acceptance rate: 0.474
[mcmc]  - Convergence of means: R-1 = 0.045440 after 15424 accepted steps
[mcmc]  - Updated covariance matrix of proposal pdf.
[mcmc] Learn + convergence test @ 19320 samples accepted.
[likelihoodcollection] Average computation time:
   flamingo.inference.masked_ps.MaskedBandPowerLikelihood : 5.36673e-05 s (39226 evaluations, 2.10515 s total)
[theorycollection] Average computation time:
   flamingo.inference.masked_ps.MaskedTSZTheory : 0.0165596 s (39226 evaluations, 649.566 s total)
[mcmc]  - Acceptance rate: 0.474
[mcmc]  - Convergence of means: R-1 = 0.042850 after 15456 accepted steps
[mcmc]  - Updated covariance matrix of proposal pdf.
[mcmc] Learn + convergence test @ 19360 samples accepted.
[likelihoodcollection] Average computation time:
   flamingo.inference.masked_ps.MaskedBandPowerLikelihood : 5.3653e-05 s (39325 evaluations, 2.1099 s total)
[theorycollection] Average computation time:
   flamingo.inference.masked_ps.MaskedTSZTheory : 0.0165577 s (39325 evaluations, 651.132 s total)
[mcmc]  - Acceptance rate: 0.474
[mcmc]  - Convergence of means: R-1 = 0.043889 after 15488 accepted steps
[mcmc]  - Updated covariance matrix of proposal pdf.
[mcmc] Learn + convergence test @ 19400 samples accepted.
[likelihoodcollection] Average computation time:
   flamingo.inference.masked_ps.MaskedBandPowerLikelihood : 5.36386e-05 s (39401 evaluations, 2.11342 s total)
[theorycollection] Average computation time:
   flamingo.inference.masked_ps.MaskedTSZTheory : 0.0165558 s (39401 evaluations, 652.315 s total)
[mcmc]  - Acceptance rate: 0.474
[mcmc]  - Convergence of means: R-1 = 0.044690 after 15520 accepted steps
[mcmc]  - Updated covariance matrix of proposal pdf.
[mcmc] Learn + convergence test @ 19440 samples accepted.
[likelihoodcollection] Average computation time:
   flamingo.inference.masked_ps.MaskedBandPowerLikelihood : 5.36372e-05 s (39493 evaluations, 2.11829 s total)
[theorycollection] Average computation time:
   flamingo.inference.masked_ps.MaskedTSZTheory : 0.0165562 s (39493 evaluations, 653.852 s total)
[mcmc]  - Acceptance rate: 0.474
[mcmc]  - Convergence of means: R-1 = 0.045606 after 15552 accepted steps
[mcmc]  - Updated covariance matrix of proposal pdf.
[mcmc] Learn + convergence test @ 19480 samples accepted.
[likelihoodcollection] Average computation time:
   flamingo.inference.masked_ps.MaskedBandPowerLikelihood : 5.3639e-05 s (39574 evaluations, 2.12271 s total)
[theorycollection] Average computation time:
   flamingo.inference.masked_ps.MaskedTSZTheory : 0.0165559 s (39574 evaluations, 655.185 s total)
[mcmc]  - Acceptance rate: 0.474
[mcmc]  - Convergence of means: R-1 = 0.041728 after 15584 accepted steps
[mcmc]  - Updated covariance matrix of proposal pdf.
[mcmc] Learn + convergence test @ 19520 samples accepted.
[likelihoodcollection] Average computation time:
   flamingo.inference.masked_ps.MaskedBandPowerLikelihood : 5.36487e-05 s (39670 evaluations, 2.12825 s total)
[theorycollection] Average computation time:
   flamingo.inference.masked_ps.MaskedTSZTheory : 0.0165564 s (39670 evaluations, 656.791 s total)
[mcmc]  - Acceptance rate: 0.474
[mcmc]  - Convergence of means: R-1 = 0.042322 after 15616 accepted steps
[mcmc]  - Updated covariance matrix of proposal pdf.
[mcmc] Learn + convergence test @ 19560 samples accepted.
[likelihoodcollection] Average computation time:
   flamingo.inference.masked_ps.MaskedBandPowerLikelihood : 5.36548e-05 s (39765 evaluations, 2.13358 s total)
[theorycollection] Average computation time:
   flamingo.inference.masked_ps.MaskedTSZTheory : 0.0165566 s (39765 evaluations, 658.374 s total)
[mcmc]  - Acceptance rate: 0.473
[mcmc]  - Convergence of means: R-1 = 0.040574 after 15648 accepted steps
[mcmc]  - Updated covariance matrix of proposal pdf.
[mcmc] Learn + convergence test @ 19600 samples accepted.
[likelihoodcollection] Average computation time:
   flamingo.inference.masked_ps.MaskedBandPowerLikelihood : 5.3663e-05 s (39857 evaluations, 2.13884 s total)
[theorycollection] Average computation time:
   flamingo.inference.masked_ps.MaskedTSZTheory : 0.0165566 s (39857 evaluations, 659.896 s total)
[mcmc]  - Acceptance rate: 0.473
[mcmc]  - Convergence of means: R-1 = 0.041926 after 15680 accepted steps
[mcmc]  - Updated covariance matrix of proposal pdf.
[mcmc] Learn + convergence test @ 19640 samples accepted.
[likelihoodcollection] Average computation time:
   flamingo.inference.masked_ps.MaskedBandPowerLikelihood : 5.36661e-05 s (39952 evaluations, 2.14407 s total)
[theorycollection] Average computation time:
   flamingo.inference.masked_ps.MaskedTSZTheory : 0.0165566 s (39952 evaluations, 661.47 s total)
[mcmc]  - Acceptance rate: 0.473
[mcmc]  - Convergence of means: R-1 = 0.044073 after 15712 accepted steps
[mcmc]  - Updated covariance matrix of proposal pdf.
[mcmc] Learn + convergence test @ 19680 samples accepted.
[likelihoodcollection] Average computation time:
   flamingo.inference.masked_ps.MaskedBandPowerLikelihood : 5.36587e-05 s (40041 evaluations, 2.14855 s total)
[theorycollection] Average computation time:
   flamingo.inference.masked_ps.MaskedTSZTheory : 0.0165568 s (40041 evaluations, 662.951 s total)
[mcmc]  - Acceptance rate: 0.473
[mcmc]  - Convergence of means: R-1 = 0.045156 after 15744 accepted steps
[mcmc]  - Updated covariance matrix of proposal pdf.
[mcmc] Learn + convergence test @ 19720 samples accepted.
[likelihoodcollection] Average computation time:
   flamingo.inference.masked_ps.MaskedBandPowerLikelihood : 5.36566e-05 s (40126 evaluations, 2.15302 s total)
[theorycollection] Average computation time:
   flamingo.inference.masked_ps.MaskedTSZTheory : 0.0165563 s (40126 evaluations, 664.34 s total)
[mcmc]  - Acceptance rate: 0.473
[mcmc]  - Convergence of means: R-1 = 0.042140 after 15776 accepted steps
[mcmc]  - Updated covariance matrix of proposal pdf.
[mcmc] Learn + convergence test @ 19760 samples accepted.
[likelihoodcollection] Average computation time:
   flamingo.inference.masked_ps.MaskedBandPowerLikelihood : 5.36592e-05 s (40210 evaluations, 2.15764 s total)
[theorycollection] Average computation time:
   flamingo.inference.masked_ps.MaskedTSZTheory : 0.0165561 s (40210 evaluations, 665.722 s total)
[mcmc]  - Acceptance rate: 0.473
[mcmc]  - Convergence of means: R-1 = 0.041892 after 15808 accepted steps
[mcmc]  - Updated covariance matrix of proposal pdf.
[mcmc] Learn + convergence test @ 19800 samples accepted.
[likelihoodcollection] Average computation time:
   flamingo.inference.masked_ps.MaskedBandPowerLikelihood : 5.36638e-05 s (40279 evaluations, 2.16152 s total)
[theorycollection] Average computation time:
   flamingo.inference.masked_ps.MaskedTSZTheory : 0.0165561 s (40279 evaluations, 666.861 s total)
[mcmc]  - Acceptance rate: 0.473
[mcmc]  - Convergence of means: R-1 = 0.045195 after 15840 accepted steps
[mcmc]  - Updated covariance matrix of proposal pdf.
[mcmc] Learn + convergence test @ 19840 samples accepted.
[likelihoodcollection] Average computation time:
   flamingo.inference.masked_ps.MaskedBandPowerLikelihood : 5.36618e-05 s (40372 evaluations, 2.16643 s total)
[theorycollection] Average computation time:
   flamingo.inference.masked_ps.MaskedTSZTheory : 0.0165563 s (40372 evaluations, 668.411 s total)
[mcmc]  - Acceptance rate: 0.472
[mcmc]  - Convergence of means: R-1 = 0.046650 after 15872 accepted steps
[mcmc]  - Updated covariance matrix of proposal pdf.
[mcmc] Learn + convergence test @ 19880 samples accepted.
[likelihoodcollection] Average computation time:
   flamingo.inference.masked_ps.MaskedBandPowerLikelihood : 5.36576e-05 s (40438 evaluations, 2.16981 s total)
[theorycollection] Average computation time:
   flamingo.inference.masked_ps.MaskedTSZTheory : 0.0165563 s (40438 evaluations, 669.502 s total)
[mcmc]  - Acceptance rate: 0.473
[mcmc]  - Convergence of means: R-1 = 0.050143 after 15904 accepted steps
[mcmc]  - Updated covariance matrix of proposal pdf.
[mcmc] Learn + convergence test @ 19920 samples accepted.
[likelihoodcollection] Average computation time:
   flamingo.inference.masked_ps.MaskedBandPowerLikelihood : 5.3652e-05 s (40512 evaluations, 2.17355 s total)
[theorycollection] Average computation time:
   flamingo.inference.masked_ps.MaskedTSZTheory : 0.0165555 s (40512 evaluations, 670.695 s total)
[mcmc]  - Acceptance rate: 0.473
[mcmc]  - Convergence of means: R-1 = 0.049815 after 15936 accepted steps
[mcmc]  - Updated covariance matrix of proposal pdf.
[mcmc] Learn + convergence test @ 19960 samples accepted.
[likelihoodcollection] Average computation time:
   flamingo.inference.masked_ps.MaskedBandPowerLikelihood : 5.36567e-05 s (40593 evaluations, 2.17809 s total)
[theorycollection] Average computation time:
   flamingo.inference.masked_ps.MaskedTSZTheory : 0.0165554 s (40593 evaluations, 672.034 s total)
[mcmc]  - Acceptance rate: 0.473
[mcmc]  - Convergence of means: R-1 = 0.048704 after 15968 accepted steps
[mcmc]  - Updated covariance matrix of proposal pdf.
[mcmc] Learn + convergence test @ 20000 samples accepted.
[likelihoodcollection] Average computation time:
   flamingo.inference.masked_ps.MaskedBandPowerLikelihood : 5.36554e-05 s (40670 evaluations, 2.18216 s total)
[theorycollection] Average computation time:
   flamingo.inference.masked_ps.MaskedTSZTheory : 0.016556 s (40670 evaluations, 673.331 s total)
[mcmc]  - Acceptance rate: 0.473
[mcmc]  - Convergence of means: R-1 = 0.049709 after 16000 accepted steps
[mcmc]  - Updated covariance matrix of proposal pdf.
[mcmc] Learn + convergence test @ 20040 samples accepted.
[likelihoodcollection] Average computation time:
   flamingo.inference.masked_ps.MaskedBandPowerLikelihood : 5.36561e-05 s (40750 evaluations, 2.18649 s total)
[theorycollection] Average computation time:
   flamingo.inference.masked_ps.MaskedTSZTheory : 0.0165567 s (40750 evaluations, 674.686 s total)
[mcmc]  - Acceptance rate: 0.473
[mcmc]  - Convergence of means: R-1 = 0.048916 after 16032 accepted steps
[mcmc]  - Updated covariance matrix of proposal pdf.
[mcmc] Learn + convergence test @ 20080 samples accepted.
[likelihoodcollection] Average computation time:
   flamingo.inference.masked_ps.MaskedBandPowerLikelihood : 5.36625e-05 s (40837 evaluations, 2.19142 s total)
[theorycollection] Average computation time:
   flamingo.inference.masked_ps.MaskedTSZTheory : 0.0165563 s (40837 evaluations, 676.111 s total)
[mcmc]  - Acceptance rate: 0.473
[mcmc]  - Convergence of means: R-1 = 0.048017 after 16064 accepted steps
[mcmc]  - Updated covariance matrix of proposal pdf.
[mcmc] Learn + convergence test @ 20120 samples accepted.
[likelihoodcollection] Average computation time:
   flamingo.inference.masked_ps.MaskedBandPowerLikelihood : 5.36468e-05 s (40928 evaluations, 2.19566 s total)
[theorycollection] Average computation time:
   flamingo.inference.masked_ps.MaskedTSZTheory : 0.0165552 s (40928 evaluations, 677.573 s total)
[mcmc]  - Acceptance rate: 0.472
[mcmc]  - Convergence of means: R-1 = 0.043382 after 16096 accepted steps
[mcmc]  - Updated covariance matrix of proposal pdf.
[mcmc] Learn + convergence test @ 20160 samples accepted.
[likelihoodcollection] Average computation time:
   flamingo.inference.masked_ps.MaskedBandPowerLikelihood : 5.36436e-05 s (41000 evaluations, 2.19939 s total)
[theorycollection] Average computation time:
   flamingo.inference.masked_ps.MaskedTSZTheory : 0.0165548 s (41000 evaluations, 678.748 s total)
[mcmc]  - Acceptance rate: 0.473
[mcmc]  - Convergence of means: R-1 = 0.041815 after 16128 accepted steps
[mcmc]  - Updated covariance matrix of proposal pdf.
[mcmc] Learn + convergence test @ 20200 samples accepted.
[likelihoodcollection] Average computation time:
   flamingo.inference.masked_ps.MaskedBandPowerLikelihood : 5.36515e-05 s (41079 evaluations, 2.20395 s total)
[theorycollection] Average computation time:
   flamingo.inference.masked_ps.MaskedTSZTheory : 0.0165544 s (41079 evaluations, 680.039 s total)
[mcmc]  - Acceptance rate: 0.473
[mcmc]  - Convergence of means: R-1 = 0.041467 after 16160 accepted steps
[mcmc]  - Updated covariance matrix of proposal pdf.
[mcmc] Learn + convergence test @ 20240 samples accepted.
[likelihoodcollection] Average computation time:
   flamingo.inference.masked_ps.MaskedBandPowerLikelihood : 5.36546e-05 s (41159 evaluations, 2.20837 s total)
[theorycollection] Average computation time:
   flamingo.inference.masked_ps.MaskedTSZTheory : 0.0165547 s (41159 evaluations, 681.374 s total)
[mcmc]  - Acceptance rate: 0.473
[mcmc]  - Convergence of means: R-1 = 0.041749 after 16192 accepted steps
[mcmc]  - Updated covariance matrix of proposal pdf.
[mcmc] Learn + convergence test @ 20280 samples accepted.
[likelihoodcollection] Average computation time:
   flamingo.inference.masked_ps.MaskedBandPowerLikelihood : 5.36573e-05 s (41230 evaluations, 2.21229 s total)
[theorycollection] Average computation time:
   flamingo.inference.masked_ps.MaskedTSZTheory : 0.0165546 s (41230 evaluations, 682.545 s total)
[mcmc]  - Acceptance rate: 0.473
[mcmc]  - Convergence of means: R-1 = 0.041260 after 16224 accepted steps
[mcmc]  - Updated covariance matrix of proposal pdf.
[mcmc] Learn + convergence test @ 20320 samples accepted.
[likelihoodcollection] Average computation time:
   flamingo.inference.masked_ps.MaskedBandPowerLikelihood : 5.36521e-05 s (41337 evaluations, 2.21782 s total)
[theorycollection] Average computation time:
   flamingo.inference.masked_ps.MaskedTSZTheory : 0.0165544 s (41337 evaluations, 684.308 s total)
[mcmc]  - Acceptance rate: 0.472
[mcmc]  - Convergence of means: R-1 = 0.041496 after 16256 accepted steps
[mcmc]  - Updated covariance matrix of proposal pdf.
[mcmc] Learn + convergence test @ 20360 samples accepted.
[likelihoodcollection] Average computation time:
   flamingo.inference.masked_ps.MaskedBandPowerLikelihood : 5.36519e-05 s (41423 evaluations, 2.22242 s total)
[theorycollection] Average computation time:
   flamingo.inference.masked_ps.MaskedTSZTheory : 0.0165542 s (41423 evaluations, 685.723 s total)
[mcmc]  - Acceptance rate: 0.472
[mcmc]  - Convergence of means: R-1 = 0.040718 after 16288 accepted steps
[mcmc]  - Updated covariance matrix of proposal pdf.
[mcmc] Learn + convergence test @ 20400 samples accepted.
[likelihoodcollection] Average computation time:
   flamingo.inference.masked_ps.MaskedBandPowerLikelihood : 5.36477e-05 s (41496 evaluations, 2.22617 s total)
[theorycollection] Average computation time:
   flamingo.inference.masked_ps.MaskedTSZTheory : 0.0165544 s (41496 evaluations, 686.941 s total)
[mcmc]  - Acceptance rate: 0.472
[mcmc]  - Convergence of means: R-1 = 0.039017 after 16320 accepted steps
[mcmc]  - Updated covariance matrix of proposal pdf.
[mcmc] Learn + convergence test @ 20440 samples accepted.
[likelihoodcollection] Average computation time:
   flamingo.inference.masked_ps.MaskedBandPowerLikelihood : 5.36506e-05 s (41580 evaluations, 2.23079 s total)
[theorycollection] Average computation time:
   flamingo.inference.masked_ps.MaskedTSZTheory : 0.0165542 s (41580 evaluations, 688.324 s total)
[mcmc]  - Acceptance rate: 0.472
[mcmc]  - Convergence of means: R-1 = 0.038364 after 16352 accepted steps
[mcmc]  - Updated covariance matrix of proposal pdf.
[mcmc] Learn + convergence test @ 20480 samples accepted.
[likelihoodcollection] Average computation time:
   flamingo.inference.masked_ps.MaskedBandPowerLikelihood : 5.36548e-05 s (41672 evaluations, 2.2359 s total)
[theorycollection] Average computation time:
   flamingo.inference.masked_ps.MaskedTSZTheory : 0.016555 s (41672 evaluations, 689.881 s total)
[mcmc]  - Acceptance rate: 0.472
[mcmc]  - Convergence of means: R-1 = 0.038419 after 16384 accepted steps
[mcmc]  - Updated covariance matrix of proposal pdf.
[mcmc] Learn + convergence test @ 20520 samples accepted.
[likelihoodcollection] Average computation time:
   flamingo.inference.masked_ps.MaskedBandPowerLikelihood : 5.36567e-05 s (41753 evaluations, 2.24033 s total)
[theorycollection] Average computation time:
   flamingo.inference.masked_ps.MaskedTSZTheory : 0.0165554 s (41753 evaluations, 691.239 s total)
[mcmc]  - Acceptance rate: 0.471
[mcmc]  - Convergence of means: R-1 = 0.038995 after 16416 accepted steps
[mcmc]  - Updated covariance matrix of proposal pdf.
[mcmc] Learn + convergence test @ 20560 samples accepted.
[likelihoodcollection] Average computation time:
   flamingo.inference.masked_ps.MaskedBandPowerLikelihood : 5.36506e-05 s (41834 evaluations, 2.24442 s total)
[theorycollection] Average computation time:
   flamingo.inference.masked_ps.MaskedTSZTheory : 0.0165552 s (41834 evaluations, 692.569 s total)
[mcmc]  - Acceptance rate: 0.471
[mcmc]  - Convergence of means: R-1 = 0.038998 after 16448 accepted steps
[mcmc]  - Updated covariance matrix of proposal pdf.
[mcmc] Learn + convergence test @ 20600 samples accepted.
[likelihoodcollection] Average computation time:
   flamingo.inference.masked_ps.MaskedBandPowerLikelihood : 5.36559e-05 s (41913 evaluations, 2.24888 s total)
[theorycollection] Average computation time:
   flamingo.inference.masked_ps.MaskedTSZTheory : 0.016555 s (41913 evaluations, 693.872 s total)
[mcmc]  - Acceptance rate: 0.471
[mcmc]  - Convergence of means: R-1 = 0.040582 after 16480 accepted steps
[mcmc]  - Updated covariance matrix of proposal pdf.
[mcmc] Learn + convergence test @ 20640 samples accepted.
[likelihoodcollection] Average computation time:
   flamingo.inference.masked_ps.MaskedBandPowerLikelihood : 5.3677e-05 s (42000 evaluations, 2.25443 s total)
[theorycollection] Average computation time:
   flamingo.inference.masked_ps.MaskedTSZTheory : 0.0165553 s (42000 evaluations, 695.321 s total)
[mcmc]  - Acceptance rate: 0.471
[mcmc]  - Convergence of means: R-1 = 0.039561 after 16512 accepted steps
[mcmc]  - Updated covariance matrix of proposal pdf.
[mcmc] Learn + convergence test @ 20680 samples accepted.
[likelihoodcollection] Average computation time:
   flamingo.inference.masked_ps.MaskedBandPowerLikelihood : 5.3676e-05 s (42089 evaluations, 2.25917 s total)
[theorycollection] Average computation time:
   flamingo.inference.masked_ps.MaskedTSZTheory : 0.0165556 s (42089 evaluations, 696.807 s total)
[mcmc]  - Acceptance rate: 0.471
[mcmc]  - Convergence of means: R-1 = 0.037489 after 16544 accepted steps
[mcmc]  - Updated covariance matrix of proposal pdf.
[mcmc] Learn + convergence test @ 20720 samples accepted.
[likelihoodcollection] Average computation time:
   flamingo.inference.masked_ps.MaskedBandPowerLikelihood : 5.36746e-05 s (42157 evaluations, 2.26276 s total)
[theorycollection] Average computation time:
   flamingo.inference.masked_ps.MaskedTSZTheory : 0.0165553 s (42157 evaluations, 697.923 s total)
[mcmc]  - Acceptance rate: 0.471
[mcmc]  - Convergence of means: R-1 = 0.038169 after 16576 accepted steps
[mcmc]  - Updated covariance matrix of proposal pdf.
[mcmc] Learn + convergence test @ 20760 samples accepted.
[likelihoodcollection] Average computation time:
   flamingo.inference.masked_ps.MaskedBandPowerLikelihood : 5.36718e-05 s (42228 evaluations, 2.26645 s total)
[theorycollection] Average computation time:
   flamingo.inference.masked_ps.MaskedTSZTheory : 0.0165552 s (42228 evaluations, 699.092 s total)
[mcmc]  - Acceptance rate: 0.471
[mcmc]  - Convergence of means: R-1 = 0.040060 after 16608 accepted steps
[mcmc]  - Updated covariance matrix of proposal pdf.
[mcmc] Learn + convergence test @ 20800 samples accepted.
[likelihoodcollection] Average computation time:
   flamingo.inference.masked_ps.MaskedBandPowerLikelihood : 5.36674e-05 s (42329 evaluations, 2.27169 s total)
[theorycollection] Average computation time:
   flamingo.inference.masked_ps.MaskedTSZTheory : 0.0165547 s (42329 evaluations, 700.742 s total)
[mcmc]  - Acceptance rate: 0.471
[mcmc]  - Convergence of means: R-1 = 0.038150 after 16640 accepted steps
[mcmc]  - Updated covariance matrix of proposal pdf.
[mcmc] Learn + convergence test @ 20840 samples accepted.
[likelihoodcollection] Average computation time:
   flamingo.inference.masked_ps.MaskedBandPowerLikelihood : 5.36612e-05 s (42413 evaluations, 2.27593 s total)
[theorycollection] Average computation time:
   flamingo.inference.masked_ps.MaskedTSZTheory : 0.0165547 s (42413 evaluations, 702.135 s total)
[mcmc]  - Acceptance rate: 0.471
[mcmc]  - Convergence of means: R-1 = 0.037405 after 16672 accepted steps
[mcmc]  - Updated covariance matrix of proposal pdf.
[mcmc] Learn + convergence test @ 20880 samples accepted.
[likelihoodcollection] Average computation time:
   flamingo.inference.masked_ps.MaskedBandPowerLikelihood : 5.36657e-05 s (42477 evaluations, 2.27956 s total)
[theorycollection] Average computation time:
   flamingo.inference.masked_ps.MaskedTSZTheory : 0.0165552 s (42477 evaluations, 703.216 s total)
[mcmc]  - Acceptance rate: 0.472
[mcmc]  - Convergence of means: R-1 = 0.035770 after 16704 accepted steps
[mcmc]  - Updated covariance matrix of proposal pdf.
[mcmc] Progress @ 2026-08-03 02:01:29 : 44162 steps taken, and 20908 accepted.
[mcmc] Learn + convergence test @ 20920 samples accepted.
[likelihoodcollection] Average computation time:
   flamingo.inference.masked_ps.MaskedBandPowerLikelihood : 5.36623e-05 s (42547 evaluations, 2.28317 s total)
[theorycollection] Average computation time:
   flamingo.inference.masked_ps.MaskedTSZTheory : 0.0165553 s (42547 evaluations, 704.378 s total)
[mcmc]  - Acceptance rate: 0.472
[mcmc]  - Convergence of means: R-1 = 0.035977 after 16736 accepted steps
[mcmc]  - Updated covariance matrix of proposal pdf.
[mcmc] Learn + convergence test @ 20960 samples accepted.
[likelihoodcollection] Average computation time:
   flamingo.inference.masked_ps.MaskedBandPowerLikelihood : 5.36629e-05 s (42623 evaluations, 2.28727 s total)
[theorycollection] Average computation time:
   flamingo.inference.masked_ps.MaskedTSZTheory : 0.0165558 s (42623 evaluations, 705.656 s total)
[mcmc]  - Acceptance rate: 0.472
[mcmc]  - Convergence of means: R-1 = 0.035177 after 16768 accepted steps
[mcmc]  - Updated covariance matrix of proposal pdf.
[mcmc] Learn + convergence test @ 21000 samples accepted.
[likelihoodcollection] Average computation time:
   flamingo.inference.masked_ps.MaskedBandPowerLikelihood : 5.36696e-05 s (42689 evaluations, 2.2911 s total)
[theorycollection] Average computation time:
   flamingo.inference.masked_ps.MaskedTSZTheory : 0.0165569 s (42689 evaluations, 706.796 s total)
[mcmc]  - Acceptance rate: 0.472
[mcmc]  - Convergence of means: R-1 = 0.035370 after 16800 accepted steps
[mcmc]  - Updated covariance matrix of proposal pdf.
[mcmc] Learn + convergence test @ 21040 samples accepted.
[likelihoodcollection] Average computation time:
   flamingo.inference.masked_ps.MaskedBandPowerLikelihood : 5.3672e-05 s (42764 evaluations, 2.29523 s total)
[theorycollection] Average computation time:
   flamingo.inference.masked_ps.MaskedTSZTheory : 0.0165572 s (42764 evaluations, 708.052 s total)
[mcmc]  - Acceptance rate: 0.472
[mcmc]  - Convergence of means: R-1 = 0.036603 after 16832 accepted steps
[mcmc]  - Updated covariance matrix of proposal pdf.
[mcmc] Learn + convergence test @ 21080 samples accepted.
[likelihoodcollection] Average computation time:
   flamingo.inference.masked_ps.MaskedBandPowerLikelihood : 5.36697e-05 s (42851 evaluations, 2.2998 s total)
[theorycollection] Average computation time:
   flamingo.inference.masked_ps.MaskedTSZTheory : 0.0165564 s (42851 evaluations, 709.46 s total)
[mcmc]  - Acceptance rate: 0.472
[mcmc]  - Convergence of means: R-1 = 0.036061 after 16864 accepted steps
[mcmc]  - Updated covariance matrix of proposal pdf.
[mcmc] Learn + convergence test @ 21120 samples accepted.
[likelihoodcollection] Average computation time:
   flamingo.inference.masked_ps.MaskedBandPowerLikelihood : 5.36658e-05 s (42928 evaluations, 2.30377 s total)
[theorycollection] Average computation time:
   flamingo.inference.masked_ps.MaskedTSZTheory : 0.0165561 s (42928 evaluations, 710.719 s total)
[mcmc]  - Acceptance rate: 0.472
[mcmc]  - Convergence of means: R-1 = 0.037033 after 16896 accepted steps
[mcmc]  - Updated covariance matrix of proposal pdf.
[mcmc] Learn + convergence test @ 21160 samples accepted.
[likelihoodcollection] Average computation time:
   flamingo.inference.masked_ps.MaskedBandPowerLikelihood : 5.36652e-05 s (43011 evaluations, 2.30819 s total)
[theorycollection] Average computation time:
   flamingo.inference.masked_ps.MaskedTSZTheory : 0.0165559 s (43011 evaluations, 712.086 s total)
[mcmc]  - Acceptance rate: 0.472
[mcmc]  - Convergence of means: R-1 = 0.037056 after 16928 accepted steps
[mcmc]  - Updated covariance matrix of proposal pdf.
[mcmc] Learn + convergence test @ 21200 samples accepted.
[likelihoodcollection] Average computation time:
   flamingo.inference.masked_ps.MaskedBandPowerLikelihood : 5.36668e-05 s (43086 evaluations, 2.31229 s total)
[theorycollection] Average computation time:
   flamingo.inference.masked_ps.MaskedTSZTheory : 0.0165563 s (43086 evaluations, 713.344 s total)
[mcmc]  - Acceptance rate: 0.472
[mcmc]  - Convergence of means: R-1 = 0.037641 after 16960 accepted steps
[mcmc]  - Updated covariance matrix of proposal pdf.
[mcmc] Learn + convergence test @ 21240 samples accepted.
[likelihoodcollection] Average computation time:
   flamingo.inference.masked_ps.MaskedBandPowerLikelihood : 5.36663e-05 s (43175 evaluations, 2.31704 s total)
[theorycollection] Average computation time:
   flamingo.inference.masked_ps.MaskedTSZTheory : 0.0165557 s (43175 evaluations, 714.793 s total)
[mcmc]  - Acceptance rate: 0.472
[mcmc]  - Convergence of means: R-1 = 0.038688 after 16992 accepted steps
[mcmc]  - Updated covariance matrix of proposal pdf.
[mcmc] Learn + convergence test @ 21280 samples accepted.
[likelihoodcollection] Average computation time:
   flamingo.inference.masked_ps.MaskedBandPowerLikelihood : 5.36659e-05 s (43268 evaluations, 2.32202 s total)
[theorycollection] Average computation time:
   flamingo.inference.masked_ps.MaskedTSZTheory : 0.0165555 s (43268 evaluations, 716.323 s total)
[mcmc]  - Acceptance rate: 0.472
[mcmc]  - Convergence of means: R-1 = 0.037269 after 17024 accepted steps
[mcmc]  - Updated covariance matrix of proposal pdf.
[mcmc] Learn + convergence test @ 21320 samples accepted.
[likelihoodcollection] Average computation time:
   flamingo.inference.masked_ps.MaskedBandPowerLikelihood : 5.36587e-05 s (43354 evaluations, 2.32632 s total)
[theorycollection] Average computation time:
   flamingo.inference.masked_ps.MaskedTSZTheory : 0.0165548 s (43354 evaluations, 717.718 s total)
[mcmc]  - Acceptance rate: 0.472
[mcmc]  - Convergence of means: R-1 = 0.032937 after 17056 accepted steps
[mcmc]  - Updated covariance matrix of proposal pdf.
[mcmc] Learn + convergence test @ 21360 samples accepted.
[likelihoodcollection] Average computation time:
   flamingo.inference.masked_ps.MaskedBandPowerLikelihood : 5.36531e-05 s (43443 evaluations, 2.33085 s total)
[theorycollection] Average computation time:
   flamingo.inference.masked_ps.MaskedTSZTheory : 0.0165543 s (43443 evaluations, 719.166 s total)
[mcmc]  - Acceptance rate: 0.472
[mcmc]  - Convergence of means: R-1 = 0.031011 after 17088 accepted steps
[mcmc]  - Updated covariance matrix of proposal pdf.
[mcmc] Learn + convergence test @ 21400 samples accepted.
[likelihoodcollection] Average computation time:
   flamingo.inference.masked_ps.MaskedBandPowerLikelihood : 5.36472e-05 s (43532 evaluations, 2.33537 s total)
[theorycollection] Average computation time:
   flamingo.inference.masked_ps.MaskedTSZTheory : 0.0165536 s (43532 evaluations, 720.611 s total)
[mcmc]  - Acceptance rate: 0.472
[mcmc]  - Convergence of means: R-1 = 0.030707 after 17120 accepted steps
[mcmc]  - Updated covariance matrix of proposal pdf.
[mcmc] Learn + convergence test @ 21440 samples accepted.
[likelihoodcollection] Average computation time:
   flamingo.inference.masked_ps.MaskedBandPowerLikelihood : 5.36425e-05 s (43632 evaluations, 2.34053 s total)
[theorycollection] Average computation time:
   flamingo.inference.masked_ps.MaskedTSZTheory : 0.0165531 s (43632 evaluations, 722.245 s total)
[mcmc]  - Acceptance rate: 0.472
[mcmc]  - Convergence of means: R-1 = 0.029761 after 17152 accepted steps
[mcmc]  - Updated covariance matrix of proposal pdf.
[mcmc] Learn + convergence test @ 21480 samples accepted.
[likelihoodcollection] Average computation time:
   flamingo.inference.masked_ps.MaskedBandPowerLikelihood : 5.36402e-05 s (43710 evaluations, 2.34461 s total)
[theorycollection] Average computation time:
   flamingo.inference.masked_ps.MaskedTSZTheory : 0.0165534 s (43710 evaluations, 723.549 s total)
[mcmc]  - Acceptance rate: 0.472
[mcmc]  - Convergence of means: R-1 = 0.026386 after 17184 accepted steps
[mcmc]  - Updated covariance matrix of proposal pdf.
[mcmc] Learn + convergence test @ 21520 samples accepted.
[likelihoodcollection] Average computation time:
   flamingo.inference.masked_ps.MaskedBandPowerLikelihood : 5.36372e-05 s (43786 evaluations, 2.34856 s total)
[theorycollection] Average computation time:
   flamingo.inference.masked_ps.MaskedTSZTheory : 0.0165534 s (43786 evaluations, 724.809 s total)
[mcmc]  - Acceptance rate: 0.472
[mcmc]  - Convergence of means: R-1 = 0.024362 after 17216 accepted steps
[mcmc]  - Updated covariance matrix of proposal pdf.
[mcmc] Learn + convergence test @ 21560 samples accepted.
[likelihoodcollection] Average computation time:
   flamingo.inference.masked_ps.MaskedBandPowerLikelihood : 5.36415e-05 s (43876 evaluations, 2.35357 s total)
[theorycollection] Average computation time:
   flamingo.inference.masked_ps.MaskedTSZTheory : 0.0165538 s (43876 evaluations, 726.315 s total)
[mcmc]  - Acceptance rate: 0.472
[mcmc]  - Convergence of means: R-1 = 0.022833 after 17248 accepted steps
[mcmc]  - Updated covariance matrix of proposal pdf.
[mcmc] Learn + convergence test @ 21600 samples accepted.
[likelihoodcollection] Average computation time:
   flamingo.inference.masked_ps.MaskedBandPowerLikelihood : 5.36453e-05 s (43950 evaluations, 2.35771 s total)
[theorycollection] Average computation time:
   flamingo.inference.masked_ps.MaskedTSZTheory : 0.016554 s (43950 evaluations, 727.546 s total)
[mcmc]  - Acceptance rate: 0.472
[mcmc]  - Convergence of means: R-1 = 0.024229 after 17280 accepted steps
[mcmc]  - Updated covariance matrix of proposal pdf.
[mcmc] Learn + convergence test @ 21640 samples accepted.
[likelihoodcollection] Average computation time:
   flamingo.inference.masked_ps.MaskedBandPowerLikelihood : 5.36496e-05 s (44034 evaluations, 2.36241 s total)
[theorycollection] Average computation time:
   flamingo.inference.masked_ps.MaskedTSZTheory : 0.0165539 s (44034 evaluations, 728.933 s total)
[mcmc]  - Acceptance rate: 0.472
[mcmc]  - Convergence of means: R-1 = 0.024792 after 17312 accepted steps
[mcmc]  - Updated covariance matrix of proposal pdf.
[mcmc] Learn + convergence test @ 21680 samples accepted.
[likelihoodcollection] Average computation time:
   flamingo.inference.masked_ps.MaskedBandPowerLikelihood : 5.36443e-05 s (44106 evaluations, 2.36603 s total)
[theorycollection] Average computation time:
   flamingo.inference.masked_ps.MaskedTSZTheory : 0.0165534 s (44106 evaluations, 730.106 s total)
[mcmc]  - Acceptance rate: 0.472
[mcmc]  - Convergence of means: R-1 = 0.026007 after 17344 accepted steps
[mcmc]  - Updated covariance matrix of proposal pdf.
[mcmc] Learn + convergence test @ 21720 samples accepted.
[likelihoodcollection] Average computation time:
   flamingo.inference.masked_ps.MaskedBandPowerLikelihood : 5.36428e-05 s (44176 evaluations, 2.36972 s total)
[theorycollection] Average computation time:
   flamingo.inference.masked_ps.MaskedTSZTheory : 0.0165535 s (44176 evaluations, 731.27 s total)
[mcmc]  - Acceptance rate: 0.472
[mcmc]  - Convergence of means: R-1 = 0.024617 after 17376 accepted steps
[mcmc]  - Updated covariance matrix of proposal pdf.
[mcmc] Learn + convergence test @ 21760 samples accepted.
[likelihoodcollection] Average computation time:
   flamingo.inference.masked_ps.MaskedBandPowerLikelihood : 5.36456e-05 s (44273 evaluations, 2.37505 s total)
[theorycollection] Average computation time:
   flamingo.inference.masked_ps.MaskedTSZTheory : 0.0165537 s (44273 evaluations, 732.882 s total)
[mcmc]  - Acceptance rate: 0.472
[mcmc]  - Convergence of means: R-1 = 0.025701 after 17408 accepted steps
[mcmc]  - Updated covariance matrix of proposal pdf.
[mcmc] Learn + convergence test @ 21800 samples accepted.
[likelihoodcollection] Average computation time:
   flamingo.inference.masked_ps.MaskedBandPowerLikelihood : 5.3638e-05 s (44355 evaluations, 2.37911 s total)
[theorycollection] Average computation time:
   flamingo.inference.masked_ps.MaskedTSZTheory : 0.0165537 s (44355 evaluations, 734.239 s total)
[mcmc]  - Acceptance rate: 0.472
[mcmc]  - Convergence of means: R-1 = 0.024750 after 17440 accepted steps
[mcmc]  - Updated covariance matrix of proposal pdf.
[mcmc] Learn + convergence test @ 21840 samples accepted.
[likelihoodcollection] Average computation time:
   flamingo.inference.masked_ps.MaskedBandPowerLikelihood : 5.36304e-05 s (44456 evaluations, 2.38419 s total)
[theorycollection] Average computation time:
   flamingo.inference.masked_ps.MaskedTSZTheory : 0.0165538 s (44456 evaluations, 735.914 s total)
[mcmc]  - Acceptance rate: 0.472
[mcmc]  - Convergence of means: R-1 = 0.022496 after 17472 accepted steps
[mcmc]  - Updated covariance matrix of proposal pdf.
[mcmc] Learn + convergence test @ 21880 samples accepted.
[likelihoodcollection] Average computation time:
   flamingo.inference.masked_ps.MaskedBandPowerLikelihood : 5.36221e-05 s (44524 evaluations, 2.38747 s total)
[theorycollection] Average computation time:
   flamingo.inference.masked_ps.MaskedTSZTheory : 0.0165536 s (44524 evaluations, 737.035 s total)
[mcmc]  - Acceptance rate: 0.472
[mcmc]  - Convergence of means: R-1 = 0.023035 after 17504 accepted steps
[mcmc]  - Updated covariance matrix of proposal pdf.
[mcmc] Learn + convergence test @ 21920 samples accepted.
[likelihoodcollection] Average computation time:
   flamingo.inference.masked_ps.MaskedBandPowerLikelihood : 5.3617e-05 s (44599 evaluations, 2.39126 s total)
[theorycollection] Average computation time:
   flamingo.inference.masked_ps.MaskedTSZTheory : 0.0165533 s (44599 evaluations, 738.261 s total)
[mcmc]  - Acceptance rate: 0.472
[mcmc]  - Convergence of means: R-1 = 0.023710 after 17536 accepted steps
[mcmc]  - Updated covariance matrix of proposal pdf.
[mcmc] Learn + convergence test @ 21960 samples accepted.
[likelihoodcollection] Average computation time:
   flamingo.inference.masked_ps.MaskedBandPowerLikelihood : 5.36101e-05 s (44698 evaluations, 2.39627 s total)
[theorycollection] Average computation time:
   flamingo.inference.masked_ps.MaskedTSZTheory : 0.0165527 s (44698 evaluations, 739.871 s total)
[mcmc]  - Acceptance rate: 0.472
[mcmc]  - Convergence of means: R-1 = 0.023500 after 17568 accepted steps
[mcmc]  - Updated covariance matrix of proposal pdf.
[mcmc] Learn + convergence test @ 22000 samples accepted.
[likelihoodcollection] Average computation time:
   flamingo.inference.masked_ps.MaskedBandPowerLikelihood : 5.36134e-05 s (44774 evaluations, 2.40049 s total)
[theorycollection] Average computation time:
   flamingo.inference.masked_ps.MaskedTSZTheory : 0.0165531 s (44774 evaluations, 741.15 s total)
[mcmc]  - Acceptance rate: 0.472
[mcmc]  - Convergence of means: R-1 = 0.021793 after 17600 accepted steps
[mcmc]  - Updated covariance matrix of proposal pdf.
[mcmc] Learn + convergence test @ 22040 samples accepted.
[likelihoodcollection] Average computation time:
   flamingo.inference.masked_ps.MaskedBandPowerLikelihood : 5.36181e-05 s (44848 evaluations, 2.40467 s total)
[theorycollection] Average computation time:
   flamingo.inference.masked_ps.MaskedTSZTheory : 0.0165536 s (44848 evaluations, 742.395 s total)
[mcmc]  - Acceptance rate: 0.472
[mcmc]  - Convergence of means: R-1 = 0.019226 after 17632 accepted steps
[mcmc]  - Updated covariance matrix of proposal pdf.
[mcmc] Learn + convergence test @ 22080 samples accepted.
[likelihoodcollection] Average computation time:
   flamingo.inference.masked_ps.MaskedBandPowerLikelihood : 5.36356e-05 s (44935 evaluations, 2.41011 s total)
[theorycollection] Average computation time:
   flamingo.inference.masked_ps.MaskedTSZTheory : 0.0165542 s (44935 evaluations, 743.864 s total)
[mcmc]  - Acceptance rate: 0.472
[mcmc]  - Convergence of means: R-1 = 0.018523 after 17664 accepted steps
[mcmc]  - Updated covariance matrix of proposal pdf.
[mcmc] Learn + convergence test @ 22120 samples accepted.
[likelihoodcollection] Average computation time:
   flamingo.inference.masked_ps.MaskedBandPowerLikelihood : 5.3643e-05 s (45030 evaluations, 2.41554 s total)
[theorycollection] Average computation time:
   flamingo.inference.masked_ps.MaskedTSZTheory : 0.0165542 s (45030 evaluations, 745.436 s total)
[mcmc]  - Acceptance rate: 0.472
[mcmc]  - Convergence of means: R-1 = 0.018223 after 17696 accepted steps
[mcmc]  - Updated covariance matrix of proposal pdf.
[mcmc] Learn + convergence test @ 22160 samples accepted.
[likelihoodcollection] Average computation time:
   flamingo.inference.masked_ps.MaskedBandPowerLikelihood : 5.36409e-05 s (45110 evaluations, 2.41974 s total)
[theorycollection] Average computation time:
   flamingo.inference.masked_ps.MaskedTSZTheory : 0.0165539 s (45110 evaluations, 746.747 s total)
[mcmc]  - Acceptance rate: 0.472
[mcmc]  - Convergence of means: R-1 = 0.017327 after 17728 accepted steps
[mcmc]  - Updated covariance matrix of proposal pdf.
[mcmc] Learn + convergence test @ 22200 samples accepted.
[likelihoodcollection] Average computation time:
   flamingo.inference.masked_ps.MaskedBandPowerLikelihood : 5.36369e-05 s (45179 evaluations, 2.42326 s total)
[theorycollection] Average computation time:
   flamingo.inference.masked_ps.MaskedTSZTheory : 0.0165534 s (45179 evaluations, 747.864 s total)
[mcmc]  - Acceptance rate: 0.472
[mcmc]  - Convergence of means: R-1 = 0.016773 after 17760 accepted steps
[mcmc]  - Updated covariance matrix of proposal pdf.
[mcmc] Learn + convergence test @ 22240 samples accepted.
[likelihoodcollection] Average computation time:
   flamingo.inference.masked_ps.MaskedBandPowerLikelihood : 5.36293e-05 s (45272 evaluations, 2.4279 s total)
[theorycollection] Average computation time:
   flamingo.inference.masked_ps.MaskedTSZTheory : 0.0165533 s (45272 evaluations, 749.4 s total)
[mcmc]  - Acceptance rate: 0.472
[mcmc]  - Convergence of means: R-1 = 0.016760 after 17792 accepted steps
[mcmc]  - Updated covariance matrix of proposal pdf.
[mcmc] Learn + convergence test @ 22280 samples accepted.
[likelihoodcollection] Average computation time:
   flamingo.inference.masked_ps.MaskedBandPowerLikelihood : 5.36246e-05 s (45362 evaluations, 2.43252 s total)
[theorycollection] Average computation time:
   flamingo.inference.masked_ps.MaskedTSZTheory : 0.0165535 s (45362 evaluations, 750.9 s total)
[mcmc]  - Acceptance rate: 0.472
[mcmc]  - Convergence of means: R-1 = 0.016080 after 17824 accepted steps
[mcmc]  - Updated covariance matrix of proposal pdf.
[mcmc] Learn + convergence test @ 22320 samples accepted.
[likelihoodcollection] Average computation time:
   flamingo.inference.masked_ps.MaskedBandPowerLikelihood : 5.36217e-05 s (45468 evaluations, 2.43807 s total)
[theorycollection] Average computation time:
   flamingo.inference.masked_ps.MaskedTSZTheory : 0.0165529 s (45468 evaluations, 752.625 s total)
[mcmc]  - Acceptance rate: 0.472
[mcmc]  - Convergence of means: R-1 = 0.017948 after 17856 accepted steps
[mcmc]  - Updated covariance matrix of proposal pdf.
[mcmc] Learn + convergence test @ 22360 samples accepted.
[likelihoodcollection] Average computation time:
   flamingo.inference.masked_ps.MaskedBandPowerLikelihood : 5.36254e-05 s (45544 evaluations, 2.44232 s total)
[theorycollection] Average computation time:
   flamingo.inference.masked_ps.MaskedTSZTheory : 0.0165535 s (45544 evaluations, 753.913 s total)
[mcmc]  - Acceptance rate: 0.472
[mcmc]  - Convergence of means: R-1 = 0.019963 after 17888 accepted steps
[mcmc]  - Updated covariance matrix of proposal pdf.
[mcmc] Learn + convergence test @ 22400 samples accepted.
[likelihoodcollection] Average computation time:
   flamingo.inference.masked_ps.MaskedBandPowerLikelihood : 5.36316e-05 s (45647 evaluations, 2.44812 s total)
[theorycollection] Average computation time:
   flamingo.inference.masked_ps.MaskedTSZTheory : 0.0165541 s (45647 evaluations, 755.647 s total)
[mcmc]  - Acceptance rate: 0.471
[mcmc]  - Convergence of means: R-1 = 0.022551 after 17920 accepted steps
[mcmc]  - Updated covariance matrix of proposal pdf.
[mcmc] Learn + convergence test @ 22440 samples accepted.
[likelihoodcollection] Average computation time:
   flamingo.inference.masked_ps.MaskedBandPowerLikelihood : 5.36268e-05 s (45738 evaluations, 2.45278 s total)
[theorycollection] Average computation time:
   flamingo.inference.masked_ps.MaskedTSZTheory : 0.0165547 s (45738 evaluations, 757.18 s total)
[mcmc]  - Acceptance rate: 0.471
[mcmc]  - Convergence of means: R-1 = 0.023461 after 17952 accepted steps
[mcmc]  - Updated covariance matrix of proposal pdf.
[mcmc] Learn + convergence test @ 22480 samples accepted.
[likelihoodcollection] Average computation time:
   flamingo.inference.masked_ps.MaskedBandPowerLikelihood : 5.36267e-05 s (45826 evaluations, 2.4575 s total)
[theorycollection] Average computation time:
   flamingo.inference.masked_ps.MaskedTSZTheory : 0.0165543 s (45826 evaluations, 758.616 s total)
[mcmc]  - Acceptance rate: 0.471
[mcmc]  - Convergence of means: R-1 = 0.024469 after 17984 accepted steps
[mcmc]  - Updated covariance matrix of proposal pdf.
[mcmc] Learn + convergence test @ 22520 samples accepted.
[likelihoodcollection] Average computation time:
   flamingo.inference.masked_ps.MaskedBandPowerLikelihood : 5.36256e-05 s (45892 evaluations, 2.46099 s total)
[theorycollection] Average computation time:
   flamingo.inference.masked_ps.MaskedTSZTheory : 0.0165545 s (45892 evaluations, 759.72 s total)
[mcmc]  - Acceptance rate: 0.471
[mcmc]  - Convergence of means: R-1 = 0.024928 after 18016 accepted steps
[mcmc]  - Updated covariance matrix of proposal pdf.
[mcmc] Learn + convergence test @ 22560 samples accepted.
[likelihoodcollection] Average computation time:
   flamingo.inference.masked_ps.MaskedBandPowerLikelihood : 5.36254e-05 s (45985 evaluations, 2.46596 s total)
[theorycollection] Average computation time:
   flamingo.inference.masked_ps.MaskedTSZTheory : 0.0165542 s (45985 evaluations, 761.245 s total)
[mcmc]  - Acceptance rate: 0.471
[mcmc]  - Convergence of means: R-1 = 0.023254 after 18048 accepted steps
[mcmc]  - Updated covariance matrix of proposal pdf.
[mcmc] Progress @ 2026-08-03 02:02:29 : 47814 steps taken, and 22599 accepted.
[mcmc] Learn + convergence test @ 22600 samples accepted.
[likelihoodcollection] Average computation time:
   flamingo.inference.masked_ps.MaskedBandPowerLikelihood : 5.36248e-05 s (46076 evaluations, 2.47081 s total)
[theorycollection] Average computation time:
   flamingo.inference.masked_ps.MaskedTSZTheory : 0.0165538 s (46076 evaluations, 762.734 s total)
[mcmc]  - Acceptance rate: 0.471
[mcmc]  - Convergence of means: R-1 = 0.019831 after 18080 accepted steps
[mcmc]  - Updated covariance matrix of proposal pdf.
[mcmc] Learn + convergence test @ 22640 samples accepted.
[likelihoodcollection] Average computation time:
   flamingo.inference.masked_ps.MaskedBandPowerLikelihood : 5.36225e-05 s (46160 evaluations, 2.47521 s total)
[theorycollection] Average computation time:
   flamingo.inference.masked_ps.MaskedTSZTheory : 0.0165532 s (46160 evaluations, 764.097 s total)
[mcmc]  - Acceptance rate: 0.471
[mcmc]  - Convergence of means: R-1 = 0.018136 after 18112 accepted steps
[mcmc]  - Updated covariance matrix of proposal pdf.
[mcmc] Learn + convergence test @ 22680 samples accepted.
[likelihoodcollection] Average computation time:
   flamingo.inference.masked_ps.MaskedBandPowerLikelihood : 5.36176e-05 s (46241 evaluations, 2.47933 s total)
[theorycollection] Average computation time:
   flamingo.inference.masked_ps.MaskedTSZTheory : 0.0165535 s (46241 evaluations, 765.451 s total)
[mcmc]  - Acceptance rate: 0.471
[mcmc]  - Convergence of means: R-1 = 0.016083 after 18144 accepted steps
[mcmc]  - Updated covariance matrix of proposal pdf.
[mcmc] Learn + convergence test @ 22720 samples accepted.
[likelihoodcollection] Average computation time:
   flamingo.inference.masked_ps.MaskedBandPowerLikelihood : 5.36133e-05 s (46310 evaluations, 2.48283 s total)
[theorycollection] Average computation time:
   flamingo.inference.masked_ps.MaskedTSZTheory : 0.0165536 s (46310 evaluations, 766.599 s total)
[mcmc]  - Acceptance rate: 0.471
[mcmc]  - Convergence of means: R-1 = 0.015883 after 18176 accepted steps
[mcmc]  - Updated covariance matrix of proposal pdf.
[mcmc] Learn + convergence test @ 22760 samples accepted.
[likelihoodcollection] Average computation time:
   flamingo.inference.masked_ps.MaskedBandPowerLikelihood : 5.36196e-05 s (46372 evaluations, 2.48645 s total)
[theorycollection] Average computation time:
   flamingo.inference.masked_ps.MaskedTSZTheory : 0.0165539 s (46372 evaluations, 767.638 s total)
[mcmc]  - Acceptance rate: 0.471
[mcmc]  - Convergence of means: R-1 = 0.014551 after 18208 accepted steps
[mcmc]  - Updated covariance matrix of proposal pdf.
[mcmc] Learn + convergence test @ 22800 samples accepted.
[likelihoodcollection] Average computation time:
   flamingo.inference.masked_ps.MaskedBandPowerLikelihood : 5.3624e-05 s (46459 evaluations, 2.49132 s total)
[theorycollection] Average computation time:
   flamingo.inference.masked_ps.MaskedTSZTheory : 0.0165539 s (46459 evaluations, 769.079 s total)
[mcmc]  - Acceptance rate: 0.471
[mcmc]  - Convergence of means: R-1 = 0.014879 after 18240 accepted steps
[mcmc]  - Updated covariance matrix of proposal pdf.
[mcmc] Learn + convergence test @ 22840 samples accepted.
[likelihoodcollection] Average computation time:
   flamingo.inference.masked_ps.MaskedBandPowerLikelihood : 5.36209e-05 s (46539 evaluations, 2.49546 s total)
[theorycollection] Average computation time:
   flamingo.inference.masked_ps.MaskedTSZTheory : 0.0165538 s (46539 evaluations, 770.395 s total)
[mcmc]  - Acceptance rate: 0.471
[mcmc]  - Convergence of means: R-1 = 0.013751 after 18272 accepted steps
[mcmc]  - Updated covariance matrix of proposal pdf.
[mcmc] Learn + convergence test @ 22880 samples accepted.
[likelihoodcollection] Average computation time:
   flamingo.inference.masked_ps.MaskedBandPowerLikelihood : 5.36226e-05 s (46613 evaluations, 2.49951 s total)
[theorycollection] Average computation time:
   flamingo.inference.masked_ps.MaskedTSZTheory : 0.0165541 s (46613 evaluations, 771.637 s total)
[mcmc]  - Acceptance rate: 0.471
[mcmc]  - Convergence of means: R-1 = 0.014173 after 18304 accepted steps
[mcmc]  - Updated covariance matrix of proposal pdf.
[mcmc] Learn + convergence test @ 22920 samples accepted.
[likelihoodcollection] Average computation time:
   flamingo.inference.masked_ps.MaskedBandPowerLikelihood : 5.3621e-05 s (46699 evaluations, 2.50405 s total)
[theorycollection] Average computation time:
   flamingo.inference.masked_ps.MaskedTSZTheory : 0.0165542 s (46699 evaluations, 773.063 s total)
[mcmc]  - Acceptance rate: 0.471
[mcmc]  - Convergence of means: R-1 = 0.014755 after 18336 accepted steps
[mcmc]  - Updated covariance matrix of proposal pdf.
[mcmc] Learn + convergence test @ 22960 samples accepted.
[likelihoodcollection] Average computation time:
   flamingo.inference.masked_ps.MaskedBandPowerLikelihood : 5.36262e-05 s (46790 evaluations, 2.50917 s total)
[theorycollection] Average computation time:
   flamingo.inference.masked_ps.MaskedTSZTheory : 0.0165535 s (46790 evaluations, 774.538 s total)
[mcmc]  - Acceptance rate: 0.471
[mcmc]  - Convergence of means: R-1 = 0.017196 after 18368 accepted steps
[mcmc]  - Updated covariance matrix of proposal pdf.
[mcmc] Learn + convergence test @ 23000 samples accepted.
[likelihoodcollection] Average computation time:
   flamingo.inference.masked_ps.MaskedBandPowerLikelihood : 5.36356e-05 s (46865 evaluations, 2.51363 s total)
[theorycollection] Average computation time:
   flamingo.inference.masked_ps.MaskedTSZTheory : 0.0165537 s (46865 evaluations, 775.788 s total)
[mcmc]  - Acceptance rate: 0.471
[mcmc]  - Convergence of means: R-1 = 0.018995 after 18400 accepted steps
[mcmc]  - Updated covariance matrix of proposal pdf.
[mcmc] Learn + convergence test @ 23040 samples accepted.
[likelihoodcollection] Average computation time:
   flamingo.inference.masked_ps.MaskedBandPowerLikelihood : 5.36296e-05 s (46937 evaluations, 2.51721 s total)
[theorycollection] Average computation time:
   flamingo.inference.masked_ps.MaskedTSZTheory : 0.0165528 s (46937 evaluations, 776.94 s total)
[mcmc]  - Acceptance rate: 0.471
[mcmc]  - Convergence of means: R-1 = 0.019605 after 18432 accepted steps
[mcmc]  - Updated covariance matrix of proposal pdf.
[mcmc] Learn + convergence test @ 23080 samples accepted.
[likelihoodcollection] Average computation time:
   flamingo.inference.masked_ps.MaskedBandPowerLikelihood : 5.3631e-05 s (47025 evaluations, 2.522 s total)
[theorycollection] Average computation time:
   flamingo.inference.masked_ps.MaskedTSZTheory : 0.0165525 s (47025 evaluations, 778.382 s total)
[mcmc]  - Acceptance rate: 0.471
[mcmc]  - Convergence of means: R-1 = 0.020916 after 18464 accepted steps
[mcmc]  - Updated covariance matrix of proposal pdf.
[mcmc] Learn + convergence test @ 23120 samples accepted.
[likelihoodcollection] Average computation time:
   flamingo.inference.masked_ps.MaskedBandPowerLikelihood : 5.36313e-05 s (47097 evaluations, 2.52587 s total)
[theorycollection] Average computation time:
   flamingo.inference.masked_ps.MaskedTSZTheory : 0.0165527 s (47097 evaluations, 779.584 s total)
[mcmc]  - Acceptance rate: 0.471
[mcmc]  - Convergence of means: R-1 = 0.022153 after 18496 accepted steps
[mcmc]  - Updated covariance matrix of proposal pdf.
[mcmc] Learn + convergence test @ 23160 samples accepted.
[likelihoodcollection] Average computation time:
   flamingo.inference.masked_ps.MaskedBandPowerLikelihood : 5.36345e-05 s (47168 evaluations, 2.52983 s total)
[theorycollection] Average computation time:
   flamingo.inference.masked_ps.MaskedTSZTheory : 0.016553 s (47168 evaluations, 780.772 s total)
[mcmc]  - Acceptance rate: 0.471
[mcmc]  - Convergence of means: R-1 = 0.022187 after 18528 accepted steps
[mcmc]  - Updated covariance matrix of proposal pdf.
[mcmc] Learn + convergence test @ 23200 samples accepted.
[likelihoodcollection] Average computation time:
   flamingo.inference.masked_ps.MaskedBandPowerLikelihood : 5.36368e-05 s (47234 evaluations, 2.53348 s total)
[theorycollection] Average computation time:
   flamingo.inference.masked_ps.MaskedTSZTheory : 0.0165528 s (47234 evaluations, 781.857 s total)
[mcmc]  - Acceptance rate: 0.472
[mcmc]  - Convergence of means: R-1 = 0.022444 after 18560 accepted steps
[mcmc]  - Updated covariance matrix of proposal pdf.
[mcmc] Learn + convergence test @ 23240 samples accepted.
[likelihoodcollection] Average computation time:
   flamingo.inference.masked_ps.MaskedBandPowerLikelihood : 5.36382e-05 s (47313 evaluations, 2.53778 s total)
[theorycollection] Average computation time:
   flamingo.inference.masked_ps.MaskedTSZTheory : 0.0165525 s (47313 evaluations, 783.148 s total)
[mcmc]  - Acceptance rate: 0.472
[mcmc]  - Convergence of means: R-1 = 0.022119 after 18592 accepted steps
[mcmc]  - Updated covariance matrix of proposal pdf.
[mcmc] Learn + convergence test @ 23280 samples accepted.
[likelihoodcollection] Average computation time:
   flamingo.inference.masked_ps.MaskedBandPowerLikelihood : 5.36389e-05 s (47406 evaluations, 2.5428 s total)
[theorycollection] Average computation time:
   flamingo.inference.masked_ps.MaskedTSZTheory : 0.0165529 s (47406 evaluations, 784.706 s total)
[mcmc]  - Acceptance rate: 0.472
[mcmc]  - Convergence of means: R-1 = 0.021870 after 18624 accepted steps
[mcmc]  - Updated covariance matrix of proposal pdf.
[mcmc] Learn + convergence test @ 23320 samples accepted.
[likelihoodcollection] Average computation time:
   flamingo.inference.masked_ps.MaskedBandPowerLikelihood : 5.36359e-05 s (47485 evaluations, 2.5469 s total)
[theorycollection] Average computation time:
   flamingo.inference.masked_ps.MaskedTSZTheory : 0.0165533 s (47485 evaluations, 786.036 s total)
[mcmc]  - Acceptance rate: 0.472
[mcmc]  - Convergence of means: R-1 = 0.021957 after 18656 accepted steps
[mcmc]  - Updated covariance matrix of proposal pdf.
[mcmc] Learn + convergence test @ 23360 samples accepted.
[likelihoodcollection] Average computation time:
   flamingo.inference.masked_ps.MaskedBandPowerLikelihood : 5.36345e-05 s (47560 evaluations, 2.55086 s total)
[theorycollection] Average computation time:
   flamingo.inference.masked_ps.MaskedTSZTheory : 0.0165535 s (47560 evaluations, 787.287 s total)
[mcmc]  - Acceptance rate: 0.472
[mcmc]  - Convergence of means: R-1 = 0.020544 after 18688 accepted steps
[mcmc]  - Updated covariance matrix of proposal pdf.
[mcmc] Learn + convergence test @ 23400 samples accepted.
[likelihoodcollection] Average computation time:
   flamingo.inference.masked_ps.MaskedBandPowerLikelihood : 5.36342e-05 s (47649 evaluations, 2.55561 s total)
[theorycollection] Average computation time:
   flamingo.inference.masked_ps.MaskedTSZTheory : 0.0165543 s (47649 evaluations, 788.795 s total)
[mcmc]  - Acceptance rate: 0.472
[mcmc]  - Convergence of means: R-1 = 0.020274 after 18720 accepted steps
[mcmc]  - Updated covariance matrix of proposal pdf.
[mcmc] Learn + convergence test @ 23440 samples accepted.
[likelihoodcollection] Average computation time:
   flamingo.inference.masked_ps.MaskedBandPowerLikelihood : 5.3632e-05 s (47727 evaluations, 2.5597 s total)
[theorycollection] Average computation time:
   flamingo.inference.masked_ps.MaskedTSZTheory : 0.0165548 s (47727 evaluations, 790.112 s total)
[mcmc]  - Acceptance rate: 0.472
[mcmc]  - Convergence of means: R-1 = 0.019830 after 18752 accepted steps
[mcmc]  - Updated covariance matrix of proposal pdf.
[mcmc] Learn + convergence test @ 23480 samples accepted.
[likelihoodcollection] Average computation time:
   flamingo.inference.masked_ps.MaskedBandPowerLikelihood : 5.36373e-05 s (47811 evaluations, 2.56445 s total)
[theorycollection] Average computation time:
   flamingo.inference.masked_ps.MaskedTSZTheory : 0.016555 s (47811 evaluations, 791.512 s total)
[mcmc]  - Acceptance rate: 0.472
[mcmc]  - Convergence of means: R-1 = 0.019009 after 18784 accepted steps
[mcmc]  - Updated covariance matrix of proposal pdf.
[mcmc] Learn + convergence test @ 23520 samples accepted.
[likelihoodcollection] Average computation time:
   flamingo.inference.masked_ps.MaskedBandPowerLikelihood : 5.36332e-05 s (47889 evaluations, 2.56844 s total)
[theorycollection] Average computation time:
   flamingo.inference.masked_ps.MaskedTSZTheory : 0.0165547 s (47889 evaluations, 792.789 s total)
[mcmc]  - Acceptance rate: 0.472
[mcmc]  - Convergence of means: R-1 = 0.019415 after 18816 accepted steps
[mcmc]  - Updated covariance matrix of proposal pdf.
[mcmc] Learn + convergence test @ 23560 samples accepted.
[likelihoodcollection] Average computation time:
   flamingo.inference.masked_ps.MaskedBandPowerLikelihood : 5.36312e-05 s (47958 evaluations, 2.57204 s total)
[theorycollection] Average computation time:
   flamingo.inference.masked_ps.MaskedTSZTheory : 0.0165552 s (47958 evaluations, 793.955 s total)
[mcmc]  - Acceptance rate: 0.472
[mcmc]  - Convergence of means: R-1 = 0.019792 after 18848 accepted steps
[mcmc]  - Updated covariance matrix of proposal pdf.
[mcmc] Learn + convergence test @ 23600 samples accepted.
[likelihoodcollection] Average computation time:
   flamingo.inference.masked_ps.MaskedBandPowerLikelihood : 5.36353e-05 s (48036 evaluations, 2.57643 s total)
[theorycollection] Average computation time:
   flamingo.inference.masked_ps.MaskedTSZTheory : 0.0165556 s (48036 evaluations, 795.267 s total)
[mcmc]  - Acceptance rate: 0.472
[mcmc]  - Convergence of means: R-1 = 0.020405 after 18880 accepted steps
[mcmc]  - Updated covariance matrix of proposal pdf.
[mcmc] Learn + convergence test @ 23640 samples accepted.
[likelihoodcollection] Average computation time:
   flamingo.inference.masked_ps.MaskedBandPowerLikelihood : 5.36431e-05 s (48112 evaluations, 2.58088 s total)
[theorycollection] Average computation time:
   flamingo.inference.masked_ps.MaskedTSZTheory : 0.0165561 s (48112 evaluations, 796.546 s total)
[mcmc]  - Acceptance rate: 0.472
[mcmc]  - Convergence of means: R-1 = 0.020526 after 18912 accepted steps
[mcmc]  - Updated covariance matrix of proposal pdf.
[mcmc] Learn + convergence test @ 23680 samples accepted.
[likelihoodcollection] Average computation time:
   flamingo.inference.masked_ps.MaskedBandPowerLikelihood : 5.36437e-05 s (48201 evaluations, 2.58568 s total)
[theorycollection] Average computation time:
   flamingo.inference.masked_ps.MaskedTSZTheory : 0.0165559 s (48201 evaluations, 798.009 s total)
[mcmc]  - Acceptance rate: 0.472
[mcmc]  - Convergence of means: R-1 = 0.021786 after 18944 accepted steps
[mcmc]  - Updated covariance matrix of proposal pdf.
[mcmc] Learn + convergence test @ 23720 samples accepted.
[likelihoodcollection] Average computation time:
   flamingo.inference.masked_ps.MaskedBandPowerLikelihood : 5.36443e-05 s (48277 evaluations, 2.58978 s total)
[theorycollection] Average computation time:
   flamingo.inference.masked_ps.MaskedTSZTheory : 0.0165556 s (48277 evaluations, 799.255 s total)
[mcmc]  - Acceptance rate: 0.472
[mcmc]  - Convergence of means: R-1 = 0.022769 after 18976 accepted steps
[mcmc]  - Updated covariance matrix of proposal pdf.
[mcmc] Learn + convergence test @ 23760 samples accepted.
[likelihoodcollection] Average computation time:
   flamingo.inference.masked_ps.MaskedBandPowerLikelihood : 5.3645e-05 s (48375 evaluations, 2.59508 s total)
[theorycollection] Average computation time:
   flamingo.inference.masked_ps.MaskedTSZTheory : 0.0165558 s (48375 evaluations, 800.885 s total)
[mcmc]  - Acceptance rate: 0.472
[mcmc]  - Convergence of means: R-1 = 0.022751 after 19008 accepted steps
[mcmc]  - Updated covariance matrix of proposal pdf.
[mcmc] Learn + convergence test @ 23800 samples accepted.
[likelihoodcollection] Average computation time:
   flamingo.inference.masked_ps.MaskedBandPowerLikelihood : 5.36424e-05 s (48475 evaluations, 2.60032 s total)
[theorycollection] Average computation time:
   flamingo.inference.masked_ps.MaskedTSZTheory : 0.0165553 s (48475 evaluations, 802.517 s total)
[mcmc]  - Acceptance rate: 0.472
[mcmc]  - Convergence of means: R-1 = 0.022462 after 19040 accepted steps
[mcmc]  - Updated covariance matrix of proposal pdf.
[mcmc] Learn + convergence test @ 23840 samples accepted.
[likelihoodcollection] Average computation time:
   flamingo.inference.masked_ps.MaskedBandPowerLikelihood : 5.36377e-05 s (48537 evaluations, 2.60341 s total)
[theorycollection] Average computation time:
   flamingo.inference.masked_ps.MaskedTSZTheory : 0.016556 s (48537 evaluations, 803.58 s total)
[mcmc]  - Acceptance rate: 0.472
[mcmc]  - Convergence of means: R-1 = 0.022138 after 19072 accepted steps
[mcmc]  - Updated covariance matrix of proposal pdf.
[mcmc] Learn + convergence test @ 23880 samples accepted.
[likelihoodcollection] Average computation time:
   flamingo.inference.masked_ps.MaskedBandPowerLikelihood : 5.3638e-05 s (48623 evaluations, 2.60804 s total)
[theorycollection] Average computation time:
   flamingo.inference.masked_ps.MaskedTSZTheory : 0.0165564 s (48623 evaluations, 805.024 s total)
[mcmc]  - Acceptance rate: 0.472
[mcmc]  - Convergence of means: R-1 = 0.022029 after 19104 accepted steps
[mcmc]  - Updated covariance matrix of proposal pdf.
[mcmc] Learn + convergence test @ 23920 samples accepted.
[likelihoodcollection] Average computation time:
   flamingo.inference.masked_ps.MaskedBandPowerLikelihood : 5.36464e-05 s (48715 evaluations, 2.61338 s total)
[theorycollection] Average computation time:
   flamingo.inference.masked_ps.MaskedTSZTheory : 0.0165571 s (48715 evaluations, 806.58 s total)
[mcmc]  - Acceptance rate: 0.472
[mcmc]  - Convergence of means: R-1 = 0.022792 after 19136 accepted steps
[mcmc]  - Updated covariance matrix of proposal pdf.
[mcmc] Learn + convergence test @ 23960 samples accepted.
[likelihoodcollection] Average computation time:
   flamingo.inference.masked_ps.MaskedBandPowerLikelihood : 5.36473e-05 s (48788 evaluations, 2.61734 s total)
[theorycollection] Average computation time:
   flamingo.inference.masked_ps.MaskedTSZTheory : 0.0165575 s (48788 evaluations, 807.808 s total)
[mcmc]  - Acceptance rate: 0.472
[mcmc]  - Convergence of means: R-1 = 0.023343 after 19168 accepted steps
[mcmc]  - Updated covariance matrix of proposal pdf.
[mcmc] Learn + convergence test @ 24000 samples accepted.
[likelihoodcollection] Average computation time:
   flamingo.inference.masked_ps.MaskedBandPowerLikelihood : 5.36457e-05 s (48882 evaluations, 2.62231 s total)
[theorycollection] Average computation time:
   flamingo.inference.masked_ps.MaskedTSZTheory : 0.016557 s (48882 evaluations, 809.341 s total)
[mcmc]  - Acceptance rate: 0.472
[mcmc]  - Convergence of means: R-1 = 0.023008 after 19200 accepted steps
[mcmc]  - Updated covariance matrix of proposal pdf.
[mcmc] Learn + convergence test @ 24040 samples accepted.
[likelihoodcollection] Average computation time:
   flamingo.inference.masked_ps.MaskedBandPowerLikelihood : 5.36492e-05 s (48955 evaluations, 2.6264 s total)
[theorycollection] Average computation time:
   flamingo.inference.masked_ps.MaskedTSZTheory : 0.0165573 s (48955 evaluations, 810.562 s total)
[mcmc]  - Acceptance rate: 0.472
[mcmc]  - Convergence of means: R-1 = 0.022110 after 19232 accepted steps
[mcmc]  - Updated covariance matrix of proposal pdf.
[mcmc] Learn + convergence test @ 24080 samples accepted.
[likelihoodcollection] Average computation time:
   flamingo.inference.masked_ps.MaskedBandPowerLikelihood : 5.36465e-05 s (49046 evaluations, 2.63115 s total)
[theorycollection] Average computation time:
   flamingo.inference.masked_ps.MaskedTSZTheory : 0.0165576 s (49046 evaluations, 812.084 s total)
[mcmc]  - Acceptance rate: 0.472
[mcmc]  - Convergence of means: R-1 = 0.021582 after 19264 accepted steps
[mcmc]  - Updated covariance matrix of proposal pdf.
[mcmc] Learn + convergence test @ 24120 samples accepted.
[likelihoodcollection] Average computation time:
   flamingo.inference.masked_ps.MaskedBandPowerLikelihood : 5.36448e-05 s (49126 evaluations, 2.63535 s total)
[theorycollection] Average computation time:
   flamingo.inference.masked_ps.MaskedTSZTheory : 0.0165571 s (49126 evaluations, 813.386 s total)
[mcmc]  - Acceptance rate: 0.472
[mcmc]  - Convergence of means: R-1 = 0.021802 after 19296 accepted steps
[mcmc]  - Updated covariance matrix of proposal pdf.
[mcmc] Learn + convergence test @ 24160 samples accepted.
[likelihoodcollection] Average computation time:
   flamingo.inference.masked_ps.MaskedBandPowerLikelihood : 5.36496e-05 s (49217 evaluations, 2.64047 s total)
[theorycollection] Average computation time:
   flamingo.inference.masked_ps.MaskedTSZTheory : 0.0165563 s (49217 evaluations, 814.853 s total)
[mcmc]  - Acceptance rate: 0.472
[mcmc]  - Convergence of means: R-1 = 0.021459 after 19328 accepted steps
[mcmc]  - Updated covariance matrix of proposal pdf.
[mcmc] Learn + convergence test @ 24200 samples accepted.
[likelihoodcollection] Average computation time:
   flamingo.inference.masked_ps.MaskedBandPowerLikelihood : 5.36511e-05 s (49294 evaluations, 2.64468 s total)
[theorycollection] Average computation time:
   flamingo.inference.masked_ps.MaskedTSZTheory : 0.0165573 s (49294 evaluations, 816.173 s total)
[mcmc]  - Acceptance rate: 0.472
[mcmc]  - Convergence of means: R-1 = 0.022135 after 19360 accepted steps
[mcmc]  - Updated covariance matrix of proposal pdf.
[mcmc] Learn + convergence test @ 24240 samples accepted.
[likelihoodcollection] Average computation time:
   flamingo.inference.masked_ps.MaskedBandPowerLikelihood : 5.3643e-05 s (49371 evaluations, 2.64841 s total)
[theorycollection] Average computation time:
   flamingo.inference.masked_ps.MaskedTSZTheory : 0.0165571 s (49371 evaluations, 817.442 s total)
[mcmc]  - Acceptance rate: 0.472
[mcmc]  - Convergence of means: R-1 = 0.022501 after 19392 accepted steps
[mcmc]  - Updated covariance matrix of proposal pdf.
[mcmc] Learn + convergence test @ 24280 samples accepted.
[likelihoodcollection] Average computation time:
   flamingo.inference.masked_ps.MaskedBandPowerLikelihood : 5.36413e-05 s (49453 evaluations, 2.65273 s total)
[theorycollection] Average computation time:
   flamingo.inference.masked_ps.MaskedTSZTheory : 0.0165573 s (49453 evaluations, 818.808 s total)
[mcmc]  - Acceptance rate: 0.472
[mcmc]  - Convergence of means: R-1 = 0.022716 after 19424 accepted steps
[mcmc]  - Updated covariance matrix of proposal pdf.
[mcmc] Learn + convergence test @ 24320 samples accepted.
[likelihoodcollection] Average computation time:
   flamingo.inference.masked_ps.MaskedBandPowerLikelihood : 5.36395e-05 s (49534 evaluations, 2.65698 s total)
[theorycollection] Average computation time:
   flamingo.inference.masked_ps.MaskedTSZTheory : 0.0165572 s (49534 evaluations, 820.146 s total)
[mcmc]  - Acceptance rate: 0.472
[mcmc]  - Convergence of means: R-1 = 0.023428 after 19456 accepted steps
[mcmc]  - Updated covariance matrix of proposal pdf.
[mcmc] Progress @ 2026-08-03 02:03:29 : 51473 steps taken, and 24355 accepted.
[mcmc] Learn + convergence test @ 24360 samples accepted.
[likelihoodcollection] Average computation time:
   flamingo.inference.masked_ps.MaskedBandPowerLikelihood : 5.3639e-05 s (49613 evaluations, 2.66119 s total)
[theorycollection] Average computation time:
   flamingo.inference.masked_ps.MaskedTSZTheory : 0.0165574 s (49613 evaluations, 821.465 s total)
[mcmc]  - Acceptance rate: 0.472
[mcmc]  - Convergence of means: R-1 = 0.022553 after 19488 accepted steps
[mcmc]  - Updated covariance matrix of proposal pdf.
[mcmc] Learn + convergence test @ 24400 samples accepted.
[likelihoodcollection] Average computation time:
   flamingo.inference.masked_ps.MaskedBandPowerLikelihood : 5.36314e-05 s (49712 evaluations, 2.66613 s total)
[theorycollection] Average computation time:
   flamingo.inference.masked_ps.MaskedTSZTheory : 0.0165567 s (49712 evaluations, 823.068 s total)
[mcmc]  - Acceptance rate: 0.472
[mcmc]  - Convergence of means: R-1 = 0.022205 after 19520 accepted steps
[mcmc]  - Updated covariance matrix of proposal pdf.
[mcmc] Learn + convergence test @ 24440 samples accepted.
[likelihoodcollection] Average computation time:
   flamingo.inference.masked_ps.MaskedBandPowerLikelihood : 5.36232e-05 s (49787 evaluations, 2.66974 s total)
[theorycollection] Average computation time:
   flamingo.inference.masked_ps.MaskedTSZTheory : 0.0165555 s (49787 evaluations, 824.249 s total)
[mcmc]  - Acceptance rate: 0.472
[mcmc]  - Convergence of means: R-1 = 0.022805 after 19552 accepted steps
[mcmc]  - Updated covariance matrix of proposal pdf.
[mcmc] Learn + convergence test @ 24480 samples accepted.
[likelihoodcollection] Average computation time:
   flamingo.inference.masked_ps.MaskedBandPowerLikelihood : 5.3604e-05 s (49871 evaluations, 2.67329 s total)
[theorycollection] Average computation time:
   flamingo.inference.masked_ps.MaskedTSZTheory : 0.016554 s (49871 evaluations, 825.567 s total)
[mcmc]  - Acceptance rate: 0.472
[mcmc]  - Convergence of means: R-1 = 0.024102 after 19584 accepted steps
[mcmc]  - Updated covariance matrix of proposal pdf.
[mcmc] Learn + convergence test @ 24520 samples accepted.
[likelihoodcollection] Average computation time:
   flamingo.inference.masked_ps.MaskedBandPowerLikelihood : 5.3588e-05 s (49952 evaluations, 2.67683 s total)
[theorycollection] Average computation time:
   flamingo.inference.masked_ps.MaskedTSZTheory : 0.016553 s (49952 evaluations, 826.854 s total)
[mcmc]  - Acceptance rate: 0.472
[mcmc]  - Convergence of means: R-1 = 0.024926 after 19616 accepted steps
[mcmc]  - Updated covariance matrix of proposal pdf.
[mcmc] Learn + convergence test @ 24560 samples accepted.
[likelihoodcollection] Average computation time:
   flamingo.inference.masked_ps.MaskedBandPowerLikelihood : 5.35793e-05 s (50045 evaluations, 2.68137 s total)
[theorycollection] Average computation time:
   flamingo.inference.masked_ps.MaskedTSZTheory : 0.0165527 s (50045 evaluations, 828.379 s total)
[mcmc]  - Acceptance rate: 0.472
[mcmc]  - Convergence of means: R-1 = 0.025670 after 19648 accepted steps
[mcmc]  - Updated covariance matrix of proposal pdf.
[mcmc] Learn + convergence test @ 24600 samples accepted.
[likelihoodcollection] Average computation time:
   flamingo.inference.masked_ps.MaskedBandPowerLikelihood : 5.35813e-05 s (50117 evaluations, 2.68533 s total)
[theorycollection] Average computation time:
   flamingo.inference.masked_ps.MaskedTSZTheory : 0.0165525 s (50117 evaluations, 829.559 s total)
[mcmc]  - Acceptance rate: 0.472
[mcmc]  - Convergence of means: R-1 = 0.025963 after 19680 accepted steps
[mcmc]  - Updated covariance matrix of proposal pdf.
[mcmc] Learn + convergence test @ 24640 samples accepted.
[likelihoodcollection] Average computation time:
   flamingo.inference.masked_ps.MaskedBandPowerLikelihood : 5.35794e-05 s (50193 evaluations, 2.68931 s total)
[theorycollection] Average computation time:
   flamingo.inference.masked_ps.MaskedTSZTheory : 0.016552 s (50193 evaluations, 830.797 s total)
[mcmc]  - Acceptance rate: 0.472
[mcmc]  - Convergence of means: R-1 = 0.026717 after 19712 accepted steps
[mcmc]  - Updated covariance matrix of proposal pdf.
[mcmc] Learn + convergence test @ 24680 samples accepted.
[likelihoodcollection] Average computation time:
   flamingo.inference.masked_ps.MaskedBandPowerLikelihood : 5.35806e-05 s (50269 evaluations, 2.69344 s total)
[theorycollection] Average computation time:
   flamingo.inference.masked_ps.MaskedTSZTheory : 0.016552 s (50269 evaluations, 832.051 s total)
[mcmc]  - Acceptance rate: 0.472
[mcmc]  - Convergence of means: R-1 = 0.027894 after 19744 accepted steps
[mcmc]  - Updated covariance matrix of proposal pdf.
[mcmc] Learn + convergence test @ 24720 samples accepted.
[likelihoodcollection] Average computation time:
   flamingo.inference.masked_ps.MaskedBandPowerLikelihood : 5.35765e-05 s (50340 evaluations, 2.69704 s total)
[theorycollection] Average computation time:
   flamingo.inference.masked_ps.MaskedTSZTheory : 0.0165515 s (50340 evaluations, 833.204 s total)
[mcmc]  - Acceptance rate: 0.472
[mcmc]  - Convergence of means: R-1 = 0.028474 after 19776 accepted steps
[mcmc]  - Updated covariance matrix of proposal pdf.
[mcmc] Learn + convergence test @ 24760 samples accepted.
[likelihoodcollection] Average computation time:
   flamingo.inference.masked_ps.MaskedBandPowerLikelihood : 5.3573e-05 s (50407 evaluations, 2.70045 s total)
[theorycollection] Average computation time:
   flamingo.inference.masked_ps.MaskedTSZTheory : 0.0165514 s (50407 evaluations, 834.307 s total)
[mcmc]  - Acceptance rate: 0.472
[mcmc]  - Convergence of means: R-1 = 0.027981 after 19808 accepted steps
[mcmc]  - Updated covariance matrix of proposal pdf.
[mcmc] Learn + convergence test @ 24800 samples accepted.
[likelihoodcollection] Average computation time:
   flamingo.inference.masked_ps.MaskedBandPowerLikelihood : 5.35831e-05 s (50478 evaluations, 2.70477 s total)
[theorycollection] Average computation time:
   flamingo.inference.masked_ps.MaskedTSZTheory : 0.0165522 s (50478 evaluations, 835.522 s total)
[mcmc]  - Acceptance rate: 0.473
[mcmc]  - Convergence of means: R-1 = 0.026084 after 19840 accepted steps
[mcmc]  - Updated covariance matrix of proposal pdf.
[mcmc] Learn + convergence test @ 24840 samples accepted.
[likelihoodcollection] Average computation time:
   flamingo.inference.masked_ps.MaskedBandPowerLikelihood : 5.35825e-05 s (50545 evaluations, 2.70833 s total)
[theorycollection] Average computation time:
   flamingo.inference.masked_ps.MaskedTSZTheory : 0.0165522 s (50545 evaluations, 836.63 s total)
[mcmc]  - Acceptance rate: 0.473
[mcmc]  - Convergence of means: R-1 = 0.025030 after 19872 accepted steps
[mcmc]  - Updated covariance matrix of proposal pdf.
[mcmc] Learn + convergence test @ 24880 samples accepted.
[likelihoodcollection] Average computation time:
   flamingo.inference.masked_ps.MaskedBandPowerLikelihood : 5.35813e-05 s (50631 evaluations, 2.71287 s total)
[theorycollection] Average computation time:
   flamingo.inference.masked_ps.MaskedTSZTheory : 0.016553 s (50631 evaluations, 838.095 s total)
[mcmc]  - Acceptance rate: 0.473
[mcmc]  - Convergence of means: R-1 = 0.024439 after 19904 accepted steps
[mcmc]  - Updated covariance matrix of proposal pdf.
[mcmc] Learn + convergence test @ 24920 samples accepted.
[likelihoodcollection] Average computation time:
   flamingo.inference.masked_ps.MaskedBandPowerLikelihood : 5.3578e-05 s (50717 evaluations, 2.71731 s total)
[theorycollection] Average computation time:
   flamingo.inference.masked_ps.MaskedTSZTheory : 0.0165532 s (50717 evaluations, 839.527 s total)
[mcmc]  - Acceptance rate: 0.473
[mcmc]  - Convergence of means: R-1 = 0.024147 after 19936 accepted steps
[mcmc]  - Updated covariance matrix of proposal pdf.
[mcmc] Learn + convergence test @ 24960 samples accepted.
[likelihoodcollection] Average computation time:
   flamingo.inference.masked_ps.MaskedBandPowerLikelihood : 5.35751e-05 s (50798 evaluations, 2.72151 s total)
[theorycollection] Average computation time:
   flamingo.inference.masked_ps.MaskedTSZTheory : 0.0165525 s (50798 evaluations, 840.835 s total)
[mcmc]  - Acceptance rate: 0.473
[mcmc]  - Convergence of means: R-1 = 0.023506 after 19968 accepted steps
[mcmc]  - Updated covariance matrix of proposal pdf.
[mcmc] Learn + convergence test @ 25000 samples accepted.
[likelihoodcollection] Average computation time:
   flamingo.inference.masked_ps.MaskedBandPowerLikelihood : 5.35783e-05 s (50878 evaluations, 2.72596 s total)
[theorycollection] Average computation time:
   flamingo.inference.masked_ps.MaskedTSZTheory : 0.016553 s (50878 evaluations, 842.183 s total)
[mcmc]  - Acceptance rate: 0.472
[mcmc]  - Convergence of means: R-1 = 0.022916 after 20000 accepted steps
[mcmc]  - Updated covariance matrix of proposal pdf.
[mcmc] Learn + convergence test @ 25040 samples accepted.
[likelihoodcollection] Average computation time:
   flamingo.inference.masked_ps.MaskedBandPowerLikelihood : 5.3578e-05 s (50960 evaluations, 2.73033 s total)
[theorycollection] Average computation time:
   flamingo.inference.masked_ps.MaskedTSZTheory : 0.0165529 s (50960 evaluations, 843.534 s total)
[mcmc]  - Acceptance rate: 0.472
[mcmc]  - Convergence of means: R-1 = 0.020996 after 20032 accepted steps
[mcmc]  - Updated covariance matrix of proposal pdf.
[mcmc] Learn + convergence test @ 25080 samples accepted.
[likelihoodcollection] Average computation time:
   flamingo.inference.masked_ps.MaskedBandPowerLikelihood : 5.35769e-05 s (51055 evaluations, 2.73537 s total)
[theorycollection] Average computation time:
   flamingo.inference.masked_ps.MaskedTSZTheory : 0.0165529 s (51055 evaluations, 845.108 s total)
[mcmc]  - Acceptance rate: 0.472
[mcmc]  - Convergence of means: R-1 = 0.019841 after 20064 accepted steps
[mcmc]  - Updated covariance matrix of proposal pdf.
[mcmc] Learn + convergence test @ 25120 samples accepted.
[likelihoodcollection] Average computation time:
   flamingo.inference.masked_ps.MaskedBandPowerLikelihood : 5.35735e-05 s (51131 evaluations, 2.73926 s total)
[theorycollection] Average computation time:
   flamingo.inference.masked_ps.MaskedTSZTheory : 0.0165532 s (51131 evaluations, 846.384 s total)
[mcmc]  - Acceptance rate: 0.472
[mcmc]  - Convergence of means: R-1 = 0.019620 after 20096 accepted steps
[mcmc]  - Updated covariance matrix of proposal pdf.
[mcmc] Learn + convergence test @ 25160 samples accepted.
[likelihoodcollection] Average computation time:
   flamingo.inference.masked_ps.MaskedBandPowerLikelihood : 5.3571e-05 s (51198 evaluations, 2.74273 s total)
[theorycollection] Average computation time:
   flamingo.inference.masked_ps.MaskedTSZTheory : 0.0165528 s (51198 evaluations, 847.469 s total)
[mcmc]  - Acceptance rate: 0.472
[mcmc]  - Convergence of means: R-1 = 0.019354 after 20128 accepted steps
[mcmc]  - Updated covariance matrix of proposal pdf.
[mcmc] Learn + convergence test @ 25200 samples accepted.
[likelihoodcollection] Average computation time:
   flamingo.inference.masked_ps.MaskedBandPowerLikelihood : 5.35708e-05 s (51274 evaluations, 2.74679 s total)
[theorycollection] Average computation time:
   flamingo.inference.masked_ps.MaskedTSZTheory : 0.0165527 s (51274 evaluations, 848.723 s total)
[mcmc]  - Acceptance rate: 0.472
[mcmc]  - Convergence of means: R-1 = 0.019415 after 20160 accepted steps
[mcmc]  - Updated covariance matrix of proposal pdf.
[mcmc] Learn + convergence test @ 25240 samples accepted.
[likelihoodcollection] Average computation time:
   flamingo.inference.masked_ps.MaskedBandPowerLikelihood : 5.35695e-05 s (51360 evaluations, 2.75133 s total)
[theorycollection] Average computation time:
   flamingo.inference.masked_ps.MaskedTSZTheory : 0.0165532 s (51360 evaluations, 850.174 s total)
[mcmc]  - Acceptance rate: 0.472
[mcmc]  - Convergence of means: R-1 = 0.019415 after 20192 accepted steps
[mcmc]  - Updated covariance matrix of proposal pdf.
[mcmc] Learn + convergence test @ 25280 samples accepted.
[likelihoodcollection] Average computation time:
   flamingo.inference.masked_ps.MaskedBandPowerLikelihood : 5.35695e-05 s (51447 evaluations, 2.75599 s total)
[theorycollection] Average computation time:
   flamingo.inference.masked_ps.MaskedTSZTheory : 0.0165536 s (51447 evaluations, 851.631 s total)
[mcmc]  - Acceptance rate: 0.472
[mcmc]  - Convergence of means: R-1 = 0.019778 after 20224 accepted steps
[mcmc]  - Updated covariance matrix of proposal pdf.
[mcmc] Learn + convergence test @ 25320 samples accepted.
[likelihoodcollection] Average computation time:
   flamingo.inference.masked_ps.MaskedBandPowerLikelihood : 5.35666e-05 s (51526 evaluations, 2.76007 s total)
[theorycollection] Average computation time:
   flamingo.inference.masked_ps.MaskedTSZTheory : 0.0165539 s (51526 evaluations, 852.954 s total)
[mcmc]  - Acceptance rate: 0.472
[mcmc]  - Convergence of means: R-1 = 0.020566 after 20256 accepted steps
[mcmc]  - Updated covariance matrix of proposal pdf.
[mcmc] Learn + convergence test @ 25360 samples accepted.
[likelihoodcollection] Average computation time:
   flamingo.inference.masked_ps.MaskedBandPowerLikelihood : 5.35663e-05 s (51590 evaluations, 2.76349 s total)
[theorycollection] Average computation time:
   flamingo.inference.masked_ps.MaskedTSZTheory : 0.0165531 s (51590 evaluations, 853.976 s total)
[mcmc]  - Acceptance rate: 0.473
[mcmc]  - Convergence of means: R-1 = 0.020387 after 20288 accepted steps
[mcmc]  - Updated covariance matrix of proposal pdf.
[mcmc] Learn + convergence test @ 25400 samples accepted.
[likelihoodcollection] Average computation time:
   flamingo.inference.masked_ps.MaskedBandPowerLikelihood : 5.35723e-05 s (51675 evaluations, 2.76835 s total)
[theorycollection] Average computation time:
   flamingo.inference.masked_ps.MaskedTSZTheory : 0.016553 s (51675 evaluations, 855.376 s total)
[mcmc]  - Acceptance rate: 0.473
[mcmc]  - Convergence of means: R-1 = 0.019707 after 20320 accepted steps
[mcmc]  - Updated covariance matrix of proposal pdf.
[mcmc] Learn + convergence test @ 25440 samples accepted.
[likelihoodcollection] Average computation time:
   flamingo.inference.masked_ps.MaskedBandPowerLikelihood : 5.35649e-05 s (51751 evaluations, 2.77204 s total)
[theorycollection] Average computation time:
   flamingo.inference.masked_ps.MaskedTSZTheory : 0.0165522 s (51751 evaluations, 856.595 s total)
[mcmc]  - Acceptance rate: 0.473
[mcmc]  - Convergence of means: R-1 = 0.019704 after 20352 accepted steps
[mcmc]  - Updated covariance matrix of proposal pdf.
[mcmc] Learn + convergence test @ 25480 samples accepted.
[likelihoodcollection] Average computation time:
   flamingo.inference.masked_ps.MaskedBandPowerLikelihood : 5.35621e-05 s (51839 evaluations, 2.77661 s total)
[theorycollection] Average computation time:
   flamingo.inference.masked_ps.MaskedTSZTheory : 0.0165521 s (51839 evaluations, 858.044 s total)
[mcmc]  - Acceptance rate: 0.473
[mcmc]  - Convergence of means: R-1 = 0.019824 after 20384 accepted steps
[mcmc]  - Updated covariance matrix of proposal pdf.
[mcmc] Learn + convergence test @ 25520 samples accepted.
[likelihoodcollection] Average computation time:
   flamingo.inference.masked_ps.MaskedBandPowerLikelihood : 5.35633e-05 s (51932 evaluations, 2.78165 s total)
[theorycollection] Average computation time:
   flamingo.inference.masked_ps.MaskedTSZTheory : 0.0165519 s (51932 evaluations, 859.574 s total)
[mcmc]  - Acceptance rate: 0.473
[mcmc]  - Convergence of means: R-1 = 0.020034 after 20416 accepted steps
[mcmc]  - Updated covariance matrix of proposal pdf.
[mcmc] Learn + convergence test @ 25560 samples accepted.
[likelihoodcollection] Average computation time:
   flamingo.inference.masked_ps.MaskedBandPowerLikelihood : 5.35656e-05 s (52021 evaluations, 2.78653 s total)
[theorycollection] Average computation time:
   flamingo.inference.masked_ps.MaskedTSZTheory : 0.0165522 s (52021 evaluations, 861.063 s total)
[mcmc]  - Acceptance rate: 0.473
[mcmc]  - Convergence of means: R-1 = 0.019911 after 20448 accepted steps
[mcmc]  - Updated covariance matrix of proposal pdf.
[mcmc] Learn + convergence test @ 25600 samples accepted.
[likelihoodcollection] Average computation time:
   flamingo.inference.masked_ps.MaskedBandPowerLikelihood : 5.35641e-05 s (52105 evaluations, 2.79095 s total)
[theorycollection] Average computation time:
   flamingo.inference.masked_ps.MaskedTSZTheory : 0.0165518 s (52105 evaluations, 862.432 s total)
[mcmc]  - Acceptance rate: 0.473
[mcmc]  - Convergence of means: R-1 = 0.020876 after 20480 accepted steps
[mcmc]  - Updated covariance matrix of proposal pdf.
[mcmc] Learn + convergence test @ 25640 samples accepted.
[likelihoodcollection] Average computation time:
   flamingo.inference.masked_ps.MaskedBandPowerLikelihood : 5.35711e-05 s (52185 evaluations, 2.79561 s total)
[theorycollection] Average computation time:
   flamingo.inference.masked_ps.MaskedTSZTheory : 0.016552 s (52185 evaluations, 863.766 s total)
[mcmc]  - Acceptance rate: 0.473
[mcmc]  - Convergence of means: R-1 = 0.021469 after 20512 accepted steps
[mcmc]  - Updated covariance matrix of proposal pdf.
[mcmc] Learn + convergence test @ 25680 samples accepted.
[likelihoodcollection] Average computation time:
   flamingo.inference.masked_ps.MaskedBandPowerLikelihood : 5.35665e-05 s (52271 evaluations, 2.79997 s total)
[theorycollection] Average computation time:
   flamingo.inference.masked_ps.MaskedTSZTheory : 0.0165519 s (52271 evaluations, 865.187 s total)
[mcmc]  - Acceptance rate: 0.473
[mcmc]  - Convergence of means: R-1 = 0.021956 after 20544 accepted steps
[mcmc]  - Updated covariance matrix of proposal pdf.
[mcmc] Learn + convergence test @ 25720 samples accepted.
[likelihoodcollection] Average computation time:
   flamingo.inference.masked_ps.MaskedBandPowerLikelihood : 5.35727e-05 s (52362 evaluations, 2.80517 s total)
[theorycollection] Average computation time:
   flamingo.inference.masked_ps.MaskedTSZTheory : 0.0165526 s (52362 evaluations, 866.726 s total)
[mcmc]  - Acceptance rate: 0.473
[mcmc]  - Convergence of means: R-1 = 0.022683 after 20576 accepted steps
[mcmc]  - Updated covariance matrix of proposal pdf.
[mcmc] Learn + convergence test @ 25760 samples accepted.
[likelihoodcollection] Average computation time:
   flamingo.inference.masked_ps.MaskedBandPowerLikelihood : 5.35723e-05 s (52447 evaluations, 2.80971 s total)
[theorycollection] Average computation time:
   flamingo.inference.masked_ps.MaskedTSZTheory : 0.0165524 s (52447 evaluations, 868.126 s total)
[mcmc]  - Acceptance rate: 0.473
[mcmc]  - Convergence of means: R-1 = 0.022788 after 20608 accepted steps
[mcmc]  - Updated covariance matrix of proposal pdf.
[mcmc] Learn + convergence test @ 25800 samples accepted.
[likelihoodcollection] Average computation time:
   flamingo.inference.masked_ps.MaskedBandPowerLikelihood : 5.35724e-05 s (52514 evaluations, 2.8133 s total)
[theorycollection] Average computation time:
   flamingo.inference.masked_ps.MaskedTSZTheory : 0.0165525 s (52514 evaluations, 869.238 s total)
[mcmc]  - Acceptance rate: 0.473
[mcmc]  - Convergence of means: R-1 = 0.023930 after 20640 accepted steps
[mcmc]  - Updated covariance matrix of proposal pdf.
[mcmc] Learn + convergence test @ 25840 samples accepted.
[likelihoodcollection] Average computation time:
   flamingo.inference.masked_ps.MaskedBandPowerLikelihood : 5.35726e-05 s (52601 evaluations, 2.81797 s total)
[theorycollection] Average computation time:
   flamingo.inference.masked_ps.MaskedTSZTheory : 0.0165523 s (52601 evaluations, 870.666 s total)
[mcmc]  - Acceptance rate: 0.473
[mcmc]  - Convergence of means: R-1 = 0.024491 after 20672 accepted steps
[mcmc]  - Updated covariance matrix of proposal pdf.
[mcmc] Learn + convergence test @ 25880 samples accepted.
[likelihoodcollection] Average computation time:
   flamingo.inference.masked_ps.MaskedBandPowerLikelihood : 5.35694e-05 s (52695 evaluations, 2.82284 s total)
[theorycollection] Average computation time:
   flamingo.inference.masked_ps.MaskedTSZTheory : 0.0165522 s (52695 evaluations, 872.22 s total)
[mcmc]  - Acceptance rate: 0.473
[mcmc]  - Convergence of means: R-1 = 0.024550 after 20704 accepted steps
[mcmc]  - Updated covariance matrix of proposal pdf.
[mcmc] Learn + convergence test @ 25920 samples accepted.
[likelihoodcollection] Average computation time:
   flamingo.inference.masked_ps.MaskedBandPowerLikelihood : 5.35639e-05 s (52774 evaluations, 2.82678 s total)
[theorycollection] Average computation time:
   flamingo.inference.masked_ps.MaskedTSZTheory : 0.016552 s (52774 evaluations, 873.517 s total)
[mcmc]  - Acceptance rate: 0.473
[mcmc]  - Convergence of means: R-1 = 0.025684 after 20736 accepted steps
[mcmc]  - Updated covariance matrix of proposal pdf.
[mcmc] Learn + convergence test @ 25960 samples accepted.
[likelihoodcollection] Average computation time:
   flamingo.inference.masked_ps.MaskedBandPowerLikelihood : 5.3563e-05 s (52850 evaluations, 2.8308 s total)
[theorycollection] Average computation time:
   flamingo.inference.masked_ps.MaskedTSZTheory : 0.0165523 s (52850 evaluations, 874.79 s total)
[mcmc]  - Acceptance rate: 0.473
[mcmc]  - Convergence of means: R-1 = 0.025640 after 20768 accepted steps
[mcmc]  - Updated covariance matrix of proposal pdf.
[mcmc] Learn + convergence test @ 26000 samples accepted.
[likelihoodcollection] Average computation time:
   flamingo.inference.masked_ps.MaskedBandPowerLikelihood : 5.35628e-05 s (52922 evaluations, 2.83465 s total)
[theorycollection] Average computation time:
   flamingo.inference.masked_ps.MaskedTSZTheory : 0.0165521 s (52922 evaluations, 875.97 s total)
[mcmc]  - Acceptance rate: 0.473
[mcmc]  - Convergence of means: R-1 = 0.026357 after 20800 accepted steps
[mcmc]  - Updated covariance matrix of proposal pdf.
[mcmc] Learn + convergence test @ 26040 samples accepted.
[likelihoodcollection] Average computation time:
   flamingo.inference.masked_ps.MaskedBandPowerLikelihood : 5.35678e-05 s (52984 evaluations, 2.83824 s total)
[theorycollection] Average computation time:
   flamingo.inference.masked_ps.MaskedTSZTheory : 0.0165522 s (52984 evaluations, 877.004 s total)
[mcmc]  - Acceptance rate: 0.473
[mcmc]  - Convergence of means: R-1 = 0.025615 after 20832 accepted steps
[mcmc]  - Updated covariance matrix of proposal pdf.
[mcmc] Learn + convergence test @ 26080 samples accepted.
[likelihoodcollection] Average computation time:
   flamingo.inference.masked_ps.MaskedBandPowerLikelihood : 5.35665e-05 s (53056 evaluations, 2.84202 s total)
[theorycollection] Average computation time:
   flamingo.inference.masked_ps.MaskedTSZTheory : 0.0165517 s (53056 evaluations, 878.169 s total)
[mcmc]  - Acceptance rate: 0.473
[mcmc]  - Convergence of means: R-1 = 0.024682 after 20864 accepted steps
[mcmc]  - Updated covariance matrix of proposal pdf.
[mcmc] Learn + convergence test @ 26120 samples accepted.
[likelihoodcollection] Average computation time:
   flamingo.inference.masked_ps.MaskedBandPowerLikelihood : 5.35628e-05 s (53133 evaluations, 2.84595 s total)
[theorycollection] Average computation time:
   flamingo.inference.masked_ps.MaskedTSZTheory : 0.0165517 s (53133 evaluations, 879.44 s total)
[mcmc]  - Acceptance rate: 0.473
[mcmc]  - Convergence of means: R-1 = 0.024598 after 20896 accepted steps
[mcmc]  - Updated covariance matrix of proposal pdf.
[mcmc] Progress @ 2026-08-03 02:04:29 : 55201 steps taken, and 26126 accepted.
[mcmc] Learn + convergence test @ 26160 samples accepted.
[likelihoodcollection] Average computation time:
   flamingo.inference.masked_ps.MaskedBandPowerLikelihood : 5.35763e-05 s (53244 evaluations, 2.85262 s total)
[theorycollection] Average computation time:
   flamingo.inference.masked_ps.MaskedTSZTheory : 0.0165522 s (53244 evaluations, 881.303 s total)
[mcmc]  - Acceptance rate: 0.473
[mcmc]  - Convergence of means: R-1 = 0.024675 after 20928 accepted steps
[mcmc]  - Updated covariance matrix of proposal pdf.
[mcmc] Learn + convergence test @ 26200 samples accepted.
[likelihoodcollection] Average computation time:
   flamingo.inference.masked_ps.MaskedBandPowerLikelihood : 5.35773e-05 s (53331 evaluations, 2.85733 s total)
[theorycollection] Average computation time:
   flamingo.inference.masked_ps.MaskedTSZTheory : 0.0165521 s (53331 evaluations, 882.739 s total)
[mcmc]  - Acceptance rate: 0.473
[mcmc]  - Convergence of means: R-1 = 0.023786 after 20960 accepted steps
[mcmc]  - Updated covariance matrix of proposal pdf.
[mcmc] Learn + convergence test @ 26240 samples accepted.
[likelihoodcollection] Average computation time:
   flamingo.inference.masked_ps.MaskedBandPowerLikelihood : 5.3574e-05 s (53405 evaluations, 2.86112 s total)
[theorycollection] Average computation time:
   flamingo.inference.masked_ps.MaskedTSZTheory : 0.016552 s (53405 evaluations, 883.959 s total)
[mcmc]  - Acceptance rate: 0.473
[mcmc]  - Convergence of means: R-1 = 0.023181 after 20992 accepted steps
[mcmc]  - Updated covariance matrix of proposal pdf.
[mcmc] Learn + convergence test @ 26280 samples accepted.
[likelihoodcollection] Average computation time:
   flamingo.inference.masked_ps.MaskedBandPowerLikelihood : 5.35806e-05 s (53483 evaluations, 2.86565 s total)
[theorycollection] Average computation time:
   flamingo.inference.masked_ps.MaskedTSZTheory : 0.0165527 s (53483 evaluations, 885.287 s total)
[mcmc]  - Acceptance rate: 0.473
[mcmc]  - Convergence of means: R-1 = 0.022252 after 21024 accepted steps
[mcmc]  - Updated covariance matrix of proposal pdf.
[mcmc] Learn + convergence test @ 26320 samples accepted.
[likelihoodcollection] Average computation time:
   flamingo.inference.masked_ps.MaskedBandPowerLikelihood : 5.35831e-05 s (53576 evaluations, 2.87077 s total)
[theorycollection] Average computation time:
   flamingo.inference.masked_ps.MaskedTSZTheory : 0.0165531 s (53576 evaluations, 886.848 s total)
[mcmc]  - Acceptance rate: 0.473
[mcmc]  - Convergence of means: R-1 = 0.021309 after 21056 accepted steps
[mcmc]  - Updated covariance matrix of proposal pdf.
[mcmc] Learn + convergence test @ 26360 samples accepted.
[likelihoodcollection] Average computation time:
   flamingo.inference.masked_ps.MaskedBandPowerLikelihood : 5.35839e-05 s (53650 evaluations, 2.87478 s total)
[theorycollection] Average computation time:
   flamingo.inference.masked_ps.MaskedTSZTheory : 0.016553 s (53650 evaluations, 888.068 s total)
[mcmc]  - Acceptance rate: 0.473
[mcmc]  - Convergence of means: R-1 = 0.019778 after 21088 accepted steps
[mcmc]  - Updated covariance matrix of proposal pdf.
[mcmc] Learn + convergence test @ 26400 samples accepted.
[likelihoodcollection] Average computation time:
   flamingo.inference.masked_ps.MaskedBandPowerLikelihood : 5.3586e-05 s (53729 evaluations, 2.87912 s total)
[theorycollection] Average computation time:
   flamingo.inference.masked_ps.MaskedTSZTheory : 0.016553 s (53729 evaluations, 889.378 s total)
[mcmc]  - Acceptance rate: 0.473
[mcmc]  - Convergence of means: R-1 = 0.019601 after 21120 accepted steps
[mcmc]  - Updated covariance matrix of proposal pdf.
[mcmc] Learn + convergence test @ 26440 samples accepted.
[likelihoodcollection] Average computation time:
   flamingo.inference.masked_ps.MaskedBandPowerLikelihood : 5.35904e-05 s (53804 evaluations, 2.88338 s total)
[theorycollection] Average computation time:
   flamingo.inference.masked_ps.MaskedTSZTheory : 0.0165535 s (53804 evaluations, 890.644 s total)
[mcmc]  - Acceptance rate: 0.473
[mcmc]  - Convergence of means: R-1 = 0.020674 after 21152 accepted steps
[mcmc]  - Updated covariance matrix of proposal pdf.
[mcmc] Learn + convergence test @ 26480 samples accepted.
[likelihoodcollection] Average computation time:
   flamingo.inference.masked_ps.MaskedBandPowerLikelihood : 5.35905e-05 s (53880 evaluations, 2.88746 s total)
[theorycollection] Average computation time:
   flamingo.inference.masked_ps.MaskedTSZTheory : 0.016554 s (53880 evaluations, 891.928 s total)
[mcmc]  - Acceptance rate: 0.473
[mcmc]  - Convergence of means: R-1 = 0.021235 after 21184 accepted steps
[mcmc]  - Updated covariance matrix of proposal pdf.
[mcmc] Learn + convergence test @ 26520 samples accepted.
[likelihoodcollection] Average computation time:
   flamingo.inference.masked_ps.MaskedBandPowerLikelihood : 5.35917e-05 s (53958 evaluations, 2.8917 s total)
[theorycollection] Average computation time:
   flamingo.inference.masked_ps.MaskedTSZTheory : 0.0165543 s (53958 evaluations, 893.239 s total)
[mcmc]  - Acceptance rate: 0.473
[mcmc]  - Convergence of means: R-1 = 0.021436 after 21216 accepted steps
[mcmc]  - Updated covariance matrix of proposal pdf.
[mcmc] Learn + convergence test @ 26560 samples accepted.
[likelihoodcollection] Average computation time:
   flamingo.inference.masked_ps.MaskedBandPowerLikelihood : 5.35795e-05 s (54022 evaluations, 2.89447 s total)
[theorycollection] Average computation time:
   flamingo.inference.masked_ps.MaskedTSZTheory : 0.0165536 s (54022 evaluations, 894.257 s total)
[mcmc]  - Acceptance rate: 0.473
[mcmc]  - Convergence of means: R-1 = 0.020858 after 21248 accepted steps
[mcmc]  - Updated covariance matrix of proposal pdf.
[mcmc] Learn + convergence test @ 26600 samples accepted.
[likelihoodcollection] Average computation time:
   flamingo.inference.masked_ps.MaskedBandPowerLikelihood : 5.35796e-05 s (54098 evaluations, 2.89855 s total)
[theorycollection] Average computation time:
   flamingo.inference.masked_ps.MaskedTSZTheory : 0.0165533 s (54098 evaluations, 895.502 s total)
[mcmc]  - Acceptance rate: 0.473
[mcmc]  - Convergence of means: R-1 = 0.019959 after 21280 accepted steps
[mcmc]  - Updated covariance matrix of proposal pdf.
[mcmc] Learn + convergence test @ 26640 samples accepted.
[likelihoodcollection] Average computation time:
   flamingo.inference.masked_ps.MaskedBandPowerLikelihood : 5.35748e-05 s (54180 evaluations, 2.90268 s total)
[theorycollection] Average computation time:
   flamingo.inference.masked_ps.MaskedTSZTheory : 0.016553 s (54180 evaluations, 896.839 s total)
[mcmc]  - Acceptance rate: 0.473
[mcmc]  - Convergence of means: R-1 = 0.018858 after 21312 accepted steps
[mcmc]  - Updated covariance matrix of proposal pdf.
[mcmc] Learn + convergence test @ 26680 samples accepted.
[likelihoodcollection] Average computation time:
   flamingo.inference.masked_ps.MaskedBandPowerLikelihood : 5.35784e-05 s (54268 evaluations, 2.90759 s total)
[theorycollection] Average computation time:
   flamingo.inference.masked_ps.MaskedTSZTheory : 0.0165534 s (54268 evaluations, 898.321 s total)
[mcmc]  - Acceptance rate: 0.473
[mcmc]  - Convergence of means: R-1 = 0.018450 after 21344 accepted steps
[mcmc]  - Updated covariance matrix of proposal pdf.
[mcmc] Learn + convergence test @ 26720 samples accepted.
[likelihoodcollection] Average computation time:
   flamingo.inference.masked_ps.MaskedBandPowerLikelihood : 5.3578e-05 s (54336 evaluations, 2.91121 s total)
[theorycollection] Average computation time:
   flamingo.inference.masked_ps.MaskedTSZTheory : 0.016553 s (54336 evaluations, 899.424 s total)
[mcmc]  - Acceptance rate: 0.473
[mcmc]  - Convergence of means: R-1 = 0.019108 after 21376 accepted steps
[mcmc]  - Updated covariance matrix of proposal pdf.
[mcmc] Learn + convergence test @ 26760 samples accepted.
[likelihoodcollection] Average computation time:
   flamingo.inference.masked_ps.MaskedBandPowerLikelihood : 5.3574e-05 s (54397 evaluations, 2.91426 s total)
[theorycollection] Average computation time:
   flamingo.inference.masked_ps.MaskedTSZTheory : 0.0165531 s (54397 evaluations, 900.441 s total)
[mcmc]  - Acceptance rate: 0.474
[mcmc]  - Convergence of means: R-1 = 0.018860 after 21408 accepted steps
[mcmc]  - Updated covariance matrix of proposal pdf.
[mcmc] Learn + convergence test @ 26800 samples accepted.
[likelihoodcollection] Average computation time:
   flamingo.inference.masked_ps.MaskedBandPowerLikelihood : 5.35713e-05 s (54471 evaluations, 2.91808 s total)
[theorycollection] Average computation time:
   flamingo.inference.masked_ps.MaskedTSZTheory : 0.0165531 s (54471 evaluations, 901.665 s total)
[mcmc]  - Acceptance rate: 0.474
[mcmc]  - Convergence of means: R-1 = 0.018150 after 21440 accepted steps
[mcmc]  - Updated covariance matrix of proposal pdf.
[mcmc] Learn + convergence test @ 26840 samples accepted.
[likelihoodcollection] Average computation time:
   flamingo.inference.masked_ps.MaskedBandPowerLikelihood : 5.35753e-05 s (54559 evaluations, 2.92301 s total)
[theorycollection] Average computation time:
   flamingo.inference.masked_ps.MaskedTSZTheory : 0.0165536 s (54559 evaluations, 903.15 s total)
[mcmc]  - Acceptance rate: 0.474
[mcmc]  - Convergence of means: R-1 = 0.018203 after 21472 accepted steps
[mcmc]  - Updated covariance matrix of proposal pdf.
[mcmc] Learn + convergence test @ 26880 samples accepted.
[likelihoodcollection] Average computation time:
   flamingo.inference.masked_ps.MaskedBandPowerLikelihood : 5.35739e-05 s (54642 evaluations, 2.92738 s total)
[theorycollection] Average computation time:
   flamingo.inference.masked_ps.MaskedTSZTheory : 0.0165539 s (54642 evaluations, 904.539 s total)
[mcmc]  - Acceptance rate: 0.474
[mcmc]  - Convergence of means: R-1 = 0.019014 after 21504 accepted steps
[mcmc]  - Updated covariance matrix of proposal pdf.
[mcmc] Learn + convergence test @ 26920 samples accepted.
[likelihoodcollection] Average computation time:
   flamingo.inference.masked_ps.MaskedBandPowerLikelihood : 5.35679e-05 s (54739 evaluations, 2.93226 s total)
[theorycollection] Average computation time:
   flamingo.inference.masked_ps.MaskedTSZTheory : 0.0165541 s (54739 evaluations, 906.153 s total)
[mcmc]  - Acceptance rate: 0.474
[mcmc]  - Convergence of means: R-1 = 0.018851 after 21536 accepted steps
[mcmc]  - Updated covariance matrix of proposal pdf.
[mcmc] Learn + convergence test @ 26960 samples accepted.
[likelihoodcollection] Average computation time:
   flamingo.inference.masked_ps.MaskedBandPowerLikelihood : 5.35719e-05 s (54837 evaluations, 2.93772 s total)
[theorycollection] Average computation time:
   flamingo.inference.masked_ps.MaskedTSZTheory : 0.0165539 s (54837 evaluations, 907.767 s total)
[mcmc]  - Acceptance rate: 0.473
[mcmc]  - Convergence of means: R-1 = 0.019423 after 21568 accepted steps
[mcmc]  - Updated covariance matrix of proposal pdf.
[mcmc] Learn + convergence test @ 27000 samples accepted.
[likelihoodcollection] Average computation time:
   flamingo.inference.masked_ps.MaskedBandPowerLikelihood : 5.35721e-05 s (54923 evaluations, 2.94234 s total)
[theorycollection] Average computation time:
   flamingo.inference.masked_ps.MaskedTSZTheory : 0.0165537 s (54923 evaluations, 909.181 s total)
[mcmc]  - Acceptance rate: 0.473
[mcmc]  - Convergence of means: R-1 = 0.019433 after 21600 accepted steps
[mcmc]  - Updated covariance matrix of proposal pdf.
[mcmc] Learn + convergence test @ 27040 samples accepted.
[likelihoodcollection] Average computation time:
   flamingo.inference.masked_ps.MaskedBandPowerLikelihood : 5.35702e-05 s (55009 evaluations, 2.94684 s total)
[theorycollection] Average computation time:
   flamingo.inference.masked_ps.MaskedTSZTheory : 0.016554 s (55009 evaluations, 910.619 s total)
[mcmc]  - Acceptance rate: 0.473
[mcmc]  - Convergence of means: R-1 = 0.018903 after 21632 accepted steps
[mcmc]  - Updated covariance matrix of proposal pdf.
[mcmc] Learn + convergence test @ 27080 samples accepted.
[likelihoodcollection] Average computation time:
   flamingo.inference.masked_ps.MaskedBandPowerLikelihood : 5.35645e-05 s (55090 evaluations, 2.95087 s total)
[theorycollection] Average computation time:
   flamingo.inference.masked_ps.MaskedTSZTheory : 0.0165539 s (55090 evaluations, 911.956 s total)
[mcmc]  - Acceptance rate: 0.473
[mcmc]  - Convergence of means: R-1 = 0.018642 after 21664 accepted steps
[mcmc]  - Updated covariance matrix of proposal pdf.
[mcmc] Learn + convergence test @ 27120 samples accepted.
[likelihoodcollection] Average computation time:
   flamingo.inference.masked_ps.MaskedBandPowerLikelihood : 5.35703e-05 s (55174 evaluations, 2.95569 s total)
[theorycollection] Average computation time:
   flamingo.inference.masked_ps.MaskedTSZTheory : 0.0165541 s (55174 evaluations, 913.358 s total)
[mcmc]  - Acceptance rate: 0.473
[mcmc]  - Convergence of means: R-1 = 0.018623 after 21696 accepted steps
[mcmc]  - Updated covariance matrix of proposal pdf.
[mcmc] Learn + convergence test @ 27160 samples accepted.
[likelihoodcollection] Average computation time:
   flamingo.inference.masked_ps.MaskedBandPowerLikelihood : 5.35742e-05 s (55249 evaluations, 2.95992 s total)
[theorycollection] Average computation time:
   flamingo.inference.masked_ps.MaskedTSZTheory : 0.0165545 s (55249 evaluations, 914.618 s total)
[mcmc]  - Acceptance rate: 0.474
[mcmc]  - Convergence of means: R-1 = 0.018863 after 21728 accepted steps
[mcmc]  - Updated covariance matrix of proposal pdf.
[mcmc] Learn + convergence test @ 27200 samples accepted.
[likelihoodcollection] Average computation time:
   flamingo.inference.masked_ps.MaskedBandPowerLikelihood : 5.35736e-05 s (55330 evaluations, 2.96423 s total)
[theorycollection] Average computation time:
   flamingo.inference.masked_ps.MaskedTSZTheory : 0.0165547 s (55330 evaluations, 915.973 s total)
[mcmc]  - Acceptance rate: 0.474
[mcmc]  - Convergence of means: R-1 = 0.018476 after 21760 accepted steps
[mcmc]  - Updated covariance matrix of proposal pdf.
[mcmc] Learn + convergence test @ 27240 samples accepted.
[likelihoodcollection] Average computation time:
   flamingo.inference.masked_ps.MaskedBandPowerLikelihood : 5.35774e-05 s (55403 evaluations, 2.96835 s total)
[theorycollection] Average computation time:
   flamingo.inference.masked_ps.MaskedTSZTheory : 0.0165551 s (55403 evaluations, 917.204 s total)
[mcmc]  - Acceptance rate: 0.474
[mcmc]  - Convergence of means: R-1 = 0.019427 after 21792 accepted steps
[mcmc]  - Updated covariance matrix of proposal pdf.
[mcmc] Learn + convergence test @ 27280 samples accepted.
[likelihoodcollection] Average computation time:
   flamingo.inference.masked_ps.MaskedBandPowerLikelihood : 5.35807e-05 s (55481 evaluations, 2.97271 s total)
[theorycollection] Average computation time:
   flamingo.inference.masked_ps.MaskedTSZTheory : 0.0165553 s (55481 evaluations, 918.502 s total)
[mcmc]  - Acceptance rate: 0.474
[mcmc]  - Convergence of means: R-1 = 0.020066 after 21824 accepted steps
[mcmc]  - Updated covariance matrix of proposal pdf.
[mcmc] Learn + convergence test @ 27320 samples accepted.
[likelihoodcollection] Average computation time:
   flamingo.inference.masked_ps.MaskedBandPowerLikelihood : 5.35776e-05 s (55560 evaluations, 2.97677 s total)
[theorycollection] Average computation time:
   flamingo.inference.masked_ps.MaskedTSZTheory : 0.016555 s (55560 evaluations, 919.794 s total)
[mcmc]  - Acceptance rate: 0.474
[mcmc]  - Convergence of means: R-1 = 0.020504 after 21856 accepted steps
[mcmc]  - Updated covariance matrix of proposal pdf.
[mcmc] Learn + convergence test @ 27360 samples accepted.
[likelihoodcollection] Average computation time:
   flamingo.inference.masked_ps.MaskedBandPowerLikelihood : 5.35834e-05 s (55637 evaluations, 2.98122 s total)
[theorycollection] Average computation time:
   flamingo.inference.masked_ps.MaskedTSZTheory : 0.0165556 s (55637 evaluations, 921.105 s total)
[mcmc]  - Acceptance rate: 0.474
[mcmc]  - Convergence of means: R-1 = 0.021188 after 21888 accepted steps
[mcmc]  - Updated covariance matrix of proposal pdf.
[mcmc] Learn + convergence test @ 27400 samples accepted.
[likelihoodcollection] Average computation time:
   flamingo.inference.masked_ps.MaskedBandPowerLikelihood : 5.35795e-05 s (55709 evaluations, 2.98486 s total)
[theorycollection] Average computation time:
   flamingo.inference.masked_ps.MaskedTSZTheory : 0.0165557 s (55709 evaluations, 922.302 s total)
[mcmc]  - Acceptance rate: 0.474
[mcmc]  - Convergence of means: R-1 = 0.020346 after 21920 accepted steps
[mcmc]  - Updated covariance matrix of proposal pdf.
[mcmc] Learn + convergence test @ 27440 samples accepted.
[likelihoodcollection] Average computation time:
   flamingo.inference.masked_ps.MaskedBandPowerLikelihood : 5.35799e-05 s (55800 evaluations, 2.98976 s total)
[theorycollection] Average computation time:
   flamingo.inference.masked_ps.MaskedTSZTheory : 0.0165564 s (55800 evaluations, 923.847 s total)
[mcmc]  - Acceptance rate: 0.474
[mcmc]  - Convergence of means: R-1 = 0.019967 after 21952 accepted steps
[mcmc]  - Updated covariance matrix of proposal pdf.
[mcmc] Learn + convergence test @ 27480 samples accepted.
[likelihoodcollection] Average computation time:
   flamingo.inference.masked_ps.MaskedBandPowerLikelihood : 5.35777e-05 s (55874 evaluations, 2.9936 s total)
[theorycollection] Average computation time:
   flamingo.inference.masked_ps.MaskedTSZTheory : 0.0165564 s (55874 evaluations, 925.073 s total)
[mcmc]  - Acceptance rate: 0.474
[mcmc]  - Convergence of means: R-1 = 0.019700 after 21984 accepted steps
[mcmc]  - Updated covariance matrix of proposal pdf.
[mcmc] Learn + convergence test @ 27520 samples accepted.
[likelihoodcollection] Average computation time:
   flamingo.inference.masked_ps.MaskedBandPowerLikelihood : 5.35733e-05 s (55953 evaluations, 2.99759 s total)
[theorycollection] Average computation time:
   flamingo.inference.masked_ps.MaskedTSZTheory : 0.016556 s (55953 evaluations, 926.36 s total)
[mcmc]  - Acceptance rate: 0.474
[mcmc]  - Convergence of means: R-1 = 0.019316 after 22016 accepted steps
[mcmc]  - Updated covariance matrix of proposal pdf.
[mcmc] Learn + convergence test @ 27560 samples accepted.
[likelihoodcollection] Average computation time:
   flamingo.inference.masked_ps.MaskedBandPowerLikelihood : 5.35744e-05 s (56051 evaluations, 3.0029 s total)
[theorycollection] Average computation time:
   flamingo.inference.masked_ps.MaskedTSZTheory : 0.0165555 s (56051 evaluations, 927.953 s total)
[mcmc]  - Acceptance rate: 0.474
[mcmc]  - Convergence of means: R-1 = 0.019981 after 22048 accepted steps
[mcmc]  - Updated covariance matrix of proposal pdf.
[mcmc] Learn + convergence test @ 27600 samples accepted.
[likelihoodcollection] Average computation time:
   flamingo.inference.masked_ps.MaskedBandPowerLikelihood : 5.35749e-05 s (56146 evaluations, 3.00801 s total)
[theorycollection] Average computation time:
   flamingo.inference.masked_ps.MaskedTSZTheory : 0.0165552 s (56146 evaluations, 929.509 s total)
[mcmc]  - Acceptance rate: 0.473
[mcmc]  - Convergence of means: R-1 = 0.019826 after 22080 accepted steps
[mcmc]  - Updated covariance matrix of proposal pdf.
[mcmc] Learn + convergence test @ 27640 samples accepted.
[likelihoodcollection] Average computation time:
   flamingo.inference.masked_ps.MaskedBandPowerLikelihood : 5.35794e-05 s (56214 evaluations, 3.01191 s total)
[theorycollection] Average computation time:
   flamingo.inference.masked_ps.MaskedTSZTheory : 0.0165554 s (56214 evaluations, 930.645 s total)
[mcmc]  - Acceptance rate: 0.474
[mcmc]  - Convergence of means: R-1 = 0.019636 after 22112 accepted steps
[mcmc]  - Updated covariance matrix of proposal pdf.
[mcmc] Learn + convergence test @ 27680 samples accepted.
[likelihoodcollection] Average computation time:
   flamingo.inference.masked_ps.MaskedBandPowerLikelihood : 5.35783e-05 s (56300 evaluations, 3.01646 s total)
[theorycollection] Average computation time:
   flamingo.inference.masked_ps.MaskedTSZTheory : 0.0165556 s (56300 evaluations, 932.079 s total)
[mcmc]  - Acceptance rate: 0.474
[mcmc]  - Convergence of means: R-1 = 0.019722 after 22144 accepted steps
[mcmc]  - Updated covariance matrix of proposal pdf.
[mcmc] Learn + convergence test @ 27720 samples accepted.
[likelihoodcollection] Average computation time:
   flamingo.inference.masked_ps.MaskedBandPowerLikelihood : 5.35734e-05 s (56392 evaluations, 3.02111 s total)
[theorycollection] Average computation time:
   flamingo.inference.masked_ps.MaskedTSZTheory : 0.0165553 s (56392 evaluations, 933.589 s total)
[mcmc]  - Acceptance rate: 0.474
[mcmc]  - Convergence of means: R-1 = 0.020541 after 22176 accepted steps
[mcmc]  - Updated covariance matrix of proposal pdf.
[mcmc] Learn + convergence test @ 27760 samples accepted.
[likelihoodcollection] Average computation time:
   flamingo.inference.masked_ps.MaskedBandPowerLikelihood : 5.35683e-05 s (56468 evaluations, 3.02489 s total)
[theorycollection] Average computation time:
   flamingo.inference.masked_ps.MaskedTSZTheory : 0.0165552 s (56468 evaluations, 934.837 s total)
[mcmc]  - Acceptance rate: 0.474
[mcmc]  - Convergence of means: R-1 = 0.020750 after 22208 accepted steps
[mcmc]  - Updated covariance matrix of proposal pdf.
[mcmc] Learn + convergence test @ 27800 samples accepted.
[likelihoodcollection] Average computation time:
   flamingo.inference.masked_ps.MaskedBandPowerLikelihood : 5.35704e-05 s (56567 evaluations, 3.03032 s total)
[theorycollection] Average computation time:
   flamingo.inference.masked_ps.MaskedTSZTheory : 0.0165555 s (56567 evaluations, 936.492 s total)
[mcmc]  - Acceptance rate: 0.474
[mcmc]  - Convergence of means: R-1 = 0.020561 after 22240 accepted steps
[mcmc]  - Updated covariance matrix of proposal pdf.
[mcmc] Learn + convergence test @ 27840 samples accepted.
[likelihoodcollection] Average computation time:
   flamingo.inference.masked_ps.MaskedBandPowerLikelihood : 5.35688e-05 s (56641 evaluations, 3.03419 s total)
[theorycollection] Average computation time:
   flamingo.inference.masked_ps.MaskedTSZTheory : 0.0165551 s (56641 evaluations, 937.7 s total)
[mcmc]  - Acceptance rate: 0.474
[mcmc]  - Convergence of means: R-1 = 0.020061 after 22272 accepted steps
[mcmc]  - Updated covariance matrix of proposal pdf.
[mcmc] Progress @ 2026-08-03 02:05:29 : 58829 steps taken, and 27864 accepted.
[mcmc] Learn + convergence test @ 27880 samples accepted.
[likelihoodcollection] Average computation time:
   flamingo.inference.masked_ps.MaskedBandPowerLikelihood : 5.35742e-05 s (56711 evaluations, 3.03824 s total)
[theorycollection] Average computation time:
   flamingo.inference.masked_ps.MaskedTSZTheory : 0.0165551 s (56711 evaluations, 938.854 s total)
[mcmc]  - Acceptance rate: 0.474
[mcmc]  - Convergence of means: R-1 = 0.019910 after 22304 accepted steps
[mcmc]  - Updated covariance matrix of proposal pdf.
[mcmc] Learn + convergence test @ 27920 samples accepted.
[likelihoodcollection] Average computation time:
   flamingo.inference.masked_ps.MaskedBandPowerLikelihood : 5.35703e-05 s (56806 evaluations, 3.04312 s total)
[theorycollection] Average computation time:
   flamingo.inference.masked_ps.MaskedTSZTheory : 0.0165555 s (56806 evaluations, 940.451 s total)
[mcmc]  - Acceptance rate: 0.473
[mcmc]  - Convergence of means: R-1 = 0.019476 after 22336 accepted steps
[mcmc]  - Updated covariance matrix of proposal pdf.
[mcmc] Learn + convergence test @ 27960 samples accepted.
[likelihoodcollection] Average computation time:
   flamingo.inference.masked_ps.MaskedBandPowerLikelihood : 5.3569e-05 s (56891 evaluations, 3.04759 s total)
[theorycollection] Average computation time:
   flamingo.inference.masked_ps.MaskedTSZTheory : 0.0165552 s (56891 evaluations, 941.844 s total)
[mcmc]  - Acceptance rate: 0.473
[mcmc]  - Convergence of means: R-1 = 0.019956 after 22368 accepted steps
[mcmc]  - Updated covariance matrix of proposal pdf.
[mcmc] Learn + convergence test @ 28000 samples accepted.
[likelihoodcollection] Average computation time:
   flamingo.inference.masked_ps.MaskedBandPowerLikelihood : 5.35648e-05 s (56987 evaluations, 3.0525 s total)
[theorycollection] Average computation time:
   flamingo.inference.masked_ps.MaskedTSZTheory : 0.0165553 s (56987 evaluations, 943.437 s total)
[mcmc]  - Acceptance rate: 0.473
[mcmc]  - Convergence of means: R-1 = 0.018533 after 22400 accepted steps
[mcmc]  - Updated covariance matrix of proposal pdf.
[mcmc] Learn + convergence test @ 28040 samples accepted.
[likelihoodcollection] Average computation time:
   flamingo.inference.masked_ps.MaskedBandPowerLikelihood : 5.35738e-05 s (57063 evaluations, 3.05708 s total)
[theorycollection] Average computation time:
   flamingo.inference.masked_ps.MaskedTSZTheory : 0.0165556 s (57063 evaluations, 944.715 s total)
[mcmc]  - Acceptance rate: 0.473
[mcmc]  - Convergence of means: R-1 = 0.018394 after 22432 accepted steps
[mcmc]  - Updated covariance matrix of proposal pdf.
[mcmc] Learn + convergence test @ 28080 samples accepted.
[likelihoodcollection] Average computation time:
   flamingo.inference.masked_ps.MaskedBandPowerLikelihood : 5.35709e-05 s (57138 evaluations, 3.06093 s total)
[theorycollection] Average computation time:
   flamingo.inference.masked_ps.MaskedTSZTheory : 0.0165554 s (57138 evaluations, 945.942 s total)
[mcmc]  - Acceptance rate: 0.473
[mcmc]  - Convergence of means: R-1 = 0.019418 after 22464 accepted steps
[mcmc]  - Updated covariance matrix of proposal pdf.
[mcmc] Learn + convergence test @ 28120 samples accepted.
[likelihoodcollection] Average computation time:
   flamingo.inference.masked_ps.MaskedBandPowerLikelihood : 5.35668e-05 s (57219 evaluations, 3.06504 s total)
[theorycollection] Average computation time:
   flamingo.inference.masked_ps.MaskedTSZTheory : 0.0165551 s (57219 evaluations, 947.269 s total)
[mcmc]  - Acceptance rate: 0.473
[mcmc]  - Convergence of means: R-1 = 0.019272 after 22496 accepted steps
[mcmc]  - Updated covariance matrix of proposal pdf.
[mcmc] Learn + convergence test @ 28160 samples accepted.
[likelihoodcollection] Average computation time:
   flamingo.inference.masked_ps.MaskedBandPowerLikelihood : 5.35704e-05 s (57285 evaluations, 3.06878 s total)
[theorycollection] Average computation time:
   flamingo.inference.masked_ps.MaskedTSZTheory : 0.0165552 s (57285 evaluations, 948.363 s total)
[mcmc]  - Acceptance rate: 0.473
[mcmc]  - Convergence of means: R-1 = 0.019755 after 22528 accepted steps
[mcmc]  - Updated covariance matrix of proposal pdf.
[mcmc] Learn + convergence test @ 28200 samples accepted.
[likelihoodcollection] Average computation time:
   flamingo.inference.masked_ps.MaskedBandPowerLikelihood : 5.35681e-05 s (57361 evaluations, 3.07272 s total)
[theorycollection] Average computation time:
   flamingo.inference.masked_ps.MaskedTSZTheory : 0.0165552 s (57361 evaluations, 949.621 s total)
[mcmc]  - Acceptance rate: 0.473
[mcmc]  - Convergence of means: R-1 = 0.019651 after 22560 accepted steps
[mcmc]  - Updated covariance matrix of proposal pdf.
[mcmc] Learn + convergence test @ 28240 samples accepted.
[likelihoodcollection] Average computation time:
   flamingo.inference.masked_ps.MaskedBandPowerLikelihood : 5.35649e-05 s (57432 evaluations, 3.07634 s total)
[theorycollection] Average computation time:
   flamingo.inference.masked_ps.MaskedTSZTheory : 0.0165553 s (57432 evaluations, 950.802 s total)
[mcmc]  - Acceptance rate: 0.473
[mcmc]  - Convergence of means: R-1 = 0.020396 after 22592 accepted steps
[mcmc]  - Updated covariance matrix of proposal pdf.
[mcmc] Learn + convergence test @ 28280 samples accepted.
[likelihoodcollection] Average computation time:
   flamingo.inference.masked_ps.MaskedBandPowerLikelihood : 5.3564e-05 s (57511 evaluations, 3.08052 s total)
[theorycollection] Average computation time:
   flamingo.inference.masked_ps.MaskedTSZTheory : 0.016555 s (57511 evaluations, 952.097 s total)
[mcmc]  - Acceptance rate: 0.473
[mcmc]  - Convergence of means: R-1 = 0.020576 after 22624 accepted steps
[mcmc]  - Updated covariance matrix of proposal pdf.
[mcmc] Learn + convergence test @ 28320 samples accepted.
[likelihoodcollection] Average computation time:
   flamingo.inference.masked_ps.MaskedBandPowerLikelihood : 5.35694e-05 s (57598 evaluations, 3.08549 s total)
[theorycollection] Average computation time:
   flamingo.inference.masked_ps.MaskedTSZTheory : 0.0165554 s (57598 evaluations, 953.558 s total)
[mcmc]  - Acceptance rate: 0.473
[mcmc]  - Convergence of means: R-1 = 0.021531 after 22656 accepted steps
[mcmc]  - Updated covariance matrix of proposal pdf.
[mcmc] Learn + convergence test @ 28360 samples accepted.
[likelihoodcollection] Average computation time:
   flamingo.inference.masked_ps.MaskedBandPowerLikelihood : 5.35649e-05 s (57673 evaluations, 3.08925 s total)
[theorycollection] Average computation time:
   flamingo.inference.masked_ps.MaskedTSZTheory : 0.0165553 s (57673 evaluations, 954.793 s total)
[mcmc]  - Acceptance rate: 0.473
[mcmc]  - Convergence of means: R-1 = 0.022205 after 22688 accepted steps
[mcmc]  - Updated covariance matrix of proposal pdf.
[mcmc] Learn + convergence test @ 28400 samples accepted.
[likelihoodcollection] Average computation time:
   flamingo.inference.masked_ps.MaskedBandPowerLikelihood : 5.35633e-05 s (57757 evaluations, 3.09365 s total)
[theorycollection] Average computation time:
   flamingo.inference.masked_ps.MaskedTSZTheory : 0.0165556 s (57757 evaluations, 956.202 s total)
[mcmc]  - Acceptance rate: 0.473
[mcmc]  - Convergence of means: R-1 = 0.022147 after 22720 accepted steps
[mcmc]  - Updated covariance matrix of proposal pdf.
[mcmc] Learn + convergence test @ 28440 samples accepted.
[likelihoodcollection] Average computation time:
   flamingo.inference.masked_ps.MaskedBandPowerLikelihood : 5.35663e-05 s (57835 evaluations, 3.09801 s total)
[theorycollection] Average computation time:
   flamingo.inference.masked_ps.MaskedTSZTheory : 0.0165561 s (57835 evaluations, 957.523 s total)
[mcmc]  - Acceptance rate: 0.473
[mcmc]  - Convergence of means: R-1 = 0.021984 after 22752 accepted steps
[mcmc]  - Updated covariance matrix of proposal pdf.
[mcmc] Learn + convergence test @ 28480 samples accepted.
[likelihoodcollection] Average computation time:
   flamingo.inference.masked_ps.MaskedBandPowerLikelihood : 5.35649e-05 s (57923 evaluations, 3.10264 s total)
[theorycollection] Average computation time:
   flamingo.inference.masked_ps.MaskedTSZTheory : 0.0165557 s (57923 evaluations, 958.953 s total)
[mcmc]  - Acceptance rate: 0.473
[mcmc]  - Convergence of means: R-1 = 0.022586 after 22784 accepted steps
[mcmc]  - Updated covariance matrix of proposal pdf.
[mcmc] Learn + convergence test @ 28520 samples accepted.
[likelihoodcollection] Average computation time:
   flamingo.inference.masked_ps.MaskedBandPowerLikelihood : 5.35651e-05 s (57990 evaluations, 3.10624 s total)
[theorycollection] Average computation time:
   flamingo.inference.masked_ps.MaskedTSZTheory : 0.0165553 s (57990 evaluations, 960.045 s total)
[mcmc]  - Acceptance rate: 0.473
[mcmc]  - Convergence of means: R-1 = 0.023099 after 22816 accepted steps
[mcmc]  - Updated covariance matrix of proposal pdf.
[mcmc] Learn + convergence test @ 28560 samples accepted.
[likelihoodcollection] Average computation time:
   flamingo.inference.masked_ps.MaskedBandPowerLikelihood : 5.3564e-05 s (58076 evaluations, 3.11078 s total)
[theorycollection] Average computation time:
   flamingo.inference.masked_ps.MaskedTSZTheory : 0.0165554 s (58076 evaluations, 961.473 s total)
[mcmc]  - Acceptance rate: 0.473
[mcmc]  - Convergence of means: R-1 = 0.024408 after 22848 accepted steps
[mcmc]  - Updated covariance matrix of proposal pdf.
[mcmc] Learn + convergence test @ 28600 samples accepted.
[likelihoodcollection] Average computation time:
   flamingo.inference.masked_ps.MaskedBandPowerLikelihood : 5.35679e-05 s (58142 evaluations, 3.11455 s total)
[theorycollection] Average computation time:
   flamingo.inference.masked_ps.MaskedTSZTheory : 0.0165558 s (58142 evaluations, 962.589 s total)
[mcmc]  - Acceptance rate: 0.473
[mcmc]  - Convergence of means: R-1 = 0.024345 after 22880 accepted steps
[mcmc]  - Updated covariance matrix of proposal pdf.
[mcmc] Learn + convergence test @ 28640 samples accepted.
[likelihoodcollection] Average computation time:
   flamingo.inference.masked_ps.MaskedBandPowerLikelihood : 5.35705e-05 s (58211 evaluations, 3.11839 s total)
[theorycollection] Average computation time:
   flamingo.inference.masked_ps.MaskedTSZTheory : 0.0165564 s (58211 evaluations, 963.764 s total)
[mcmc]  - Acceptance rate: 0.473
[mcmc]  - Convergence of means: R-1 = 0.023417 after 22912 accepted steps
[mcmc]  - Updated covariance matrix of proposal pdf.
[mcmc] Learn + convergence test @ 28680 samples accepted.
[likelihoodcollection] Average computation time:
   flamingo.inference.masked_ps.MaskedBandPowerLikelihood : 5.35699e-05 s (58291 evaluations, 3.12265 s total)
[theorycollection] Average computation time:
   flamingo.inference.masked_ps.MaskedTSZTheory : 0.0165561 s (58291 evaluations, 965.069 s total)
[mcmc]  - Acceptance rate: 0.473
[mcmc]  - Convergence of means: R-1 = 0.023870 after 22944 accepted steps
[mcmc]  - Updated covariance matrix of proposal pdf.
[mcmc] Learn + convergence test @ 28720 samples accepted.
[likelihoodcollection] Average computation time:
   flamingo.inference.masked_ps.MaskedBandPowerLikelihood : 5.35646e-05 s (58362 evaluations, 3.12614 s total)
[theorycollection] Average computation time:
   flamingo.inference.masked_ps.MaskedTSZTheory : 0.0165555 s (58362 evaluations, 966.21 s total)
[mcmc]  - Acceptance rate: 0.473
[mcmc]  - Convergence of means: R-1 = 0.023693 after 22976 accepted steps
[mcmc]  - Updated covariance matrix of proposal pdf.
[mcmc] Learn + convergence test @ 28760 samples accepted.
[likelihoodcollection] Average computation time:
   flamingo.inference.masked_ps.MaskedBandPowerLikelihood : 5.35726e-05 s (58461 evaluations, 3.13191 s total)
[theorycollection] Average computation time:
   flamingo.inference.masked_ps.MaskedTSZTheory : 0.0165557 s (58461 evaluations, 967.865 s total)
[mcmc]  - Acceptance rate: 0.473
[mcmc]  - Convergence of means: R-1 = 0.024018 after 23008 accepted steps
[mcmc]  - Updated covariance matrix of proposal pdf.
[mcmc] Learn + convergence test @ 28800 samples accepted.
[likelihoodcollection] Average computation time:
   flamingo.inference.masked_ps.MaskedBandPowerLikelihood : 5.35737e-05 s (58542 evaluations, 3.13631 s total)
[theorycollection] Average computation time:
   flamingo.inference.masked_ps.MaskedTSZTheory : 0.0165557 s (58542 evaluations, 969.207 s total)
[mcmc]  - Acceptance rate: 0.473
[mcmc]  - Convergence of means: R-1 = 0.024393 after 23040 accepted steps
[mcmc]  - Updated covariance matrix of proposal pdf.
[mcmc] Learn + convergence test @ 28840 samples accepted.
[likelihoodcollection] Average computation time:
   flamingo.inference.masked_ps.MaskedBandPowerLikelihood : 5.35717e-05 s (58632 evaluations, 3.14101 s total)
[theorycollection] Average computation time:
   flamingo.inference.masked_ps.MaskedTSZTheory : 0.0165555 s (58632 evaluations, 970.684 s total)
[mcmc]  - Acceptance rate: 0.473
[mcmc]  - Convergence of means: R-1 = 0.025047 after 23072 accepted steps
[mcmc]  - Updated covariance matrix of proposal pdf.
[mcmc] Learn + convergence test @ 28880 samples accepted.
[likelihoodcollection] Average computation time:
   flamingo.inference.masked_ps.MaskedBandPowerLikelihood : 5.35697e-05 s (58719 evaluations, 3.14556 s total)
[theorycollection] Average computation time:
   flamingo.inference.masked_ps.MaskedTSZTheory : 0.0165552 s (58719 evaluations, 972.106 s total)
[mcmc]  - Acceptance rate: 0.473
[mcmc]  - Convergence of means: R-1 = 0.025223 after 23104 accepted steps
[mcmc]  - Updated covariance matrix of proposal pdf.
[mcmc] Learn + convergence test @ 28920 samples accepted.
[likelihoodcollection] Average computation time:
   flamingo.inference.masked_ps.MaskedBandPowerLikelihood : 5.35664e-05 s (58790 evaluations, 3.14917 s total)
[theorycollection] Average computation time:
   flamingo.inference.masked_ps.MaskedTSZTheory : 0.0165551 s (58790 evaluations, 973.274 s total)
[mcmc]  - Acceptance rate: 0.473
[mcmc]  - Convergence of means: R-1 = 0.023280 after 23136 accepted steps
[mcmc]  - Updated covariance matrix of proposal pdf.
[mcmc] Learn + convergence test @ 28960 samples accepted.
[likelihoodcollection] Average computation time:
   flamingo.inference.masked_ps.MaskedBandPowerLikelihood : 5.35607e-05 s (58872 evaluations, 3.15322 s total)
[theorycollection] Average computation time:
   flamingo.inference.masked_ps.MaskedTSZTheory : 0.0165547 s (58872 evaluations, 974.606 s total)
[mcmc]  - Acceptance rate: 0.473
[mcmc]  - Convergence of means: R-1 = 0.021192 after 23168 accepted steps
[mcmc]  - Updated covariance matrix of proposal pdf.
[mcmc] Learn + convergence test @ 29000 samples accepted.
[likelihoodcollection] Average computation time:
   flamingo.inference.masked_ps.MaskedBandPowerLikelihood : 5.35602e-05 s (58957 evaluations, 3.15775 s total)
[theorycollection] Average computation time:
   flamingo.inference.masked_ps.MaskedTSZTheory : 0.0165543 s (58957 evaluations, 975.994 s total)
[mcmc]  - Acceptance rate: 0.473
[mcmc]  - Convergence of means: R-1 = 0.020796 after 23200 accepted steps
[mcmc]  - Updated covariance matrix of proposal pdf.
[mcmc] Learn + convergence test @ 29040 samples accepted.
[likelihoodcollection] Average computation time:
   flamingo.inference.masked_ps.MaskedBandPowerLikelihood : 5.35652e-05 s (59033 evaluations, 3.16211 s total)
[theorycollection] Average computation time:
   flamingo.inference.masked_ps.MaskedTSZTheory : 0.0165544 s (59033 evaluations, 977.258 s total)
[mcmc]  - Acceptance rate: 0.473
[mcmc]  - Convergence of means: R-1 = 0.021677 after 23232 accepted steps
[mcmc]  - Updated covariance matrix of proposal pdf.
[mcmc] Learn + convergence test @ 29080 samples accepted.
[likelihoodcollection] Average computation time:
   flamingo.inference.masked_ps.MaskedBandPowerLikelihood : 5.35691e-05 s (59116 evaluations, 3.16679 s total)
[theorycollection] Average computation time:
   flamingo.inference.masked_ps.MaskedTSZTheory : 0.016554 s (59116 evaluations, 978.606 s total)
[mcmc]  - Acceptance rate: 0.473
[mcmc]  - Convergence of means: R-1 = 0.022365 after 23264 accepted steps
[mcmc]  - Updated covariance matrix of proposal pdf.
[mcmc] Learn + convergence test @ 29120 samples accepted.
[likelihoodcollection] Average computation time:
   flamingo.inference.masked_ps.MaskedBandPowerLikelihood : 5.35667e-05 s (59200 evaluations, 3.17115 s total)
[theorycollection] Average computation time:
   flamingo.inference.masked_ps.MaskedTSZTheory : 0.0165539 s (59200 evaluations, 979.989 s total)
[mcmc]  - Acceptance rate: 0.473
[mcmc]  - Convergence of means: R-1 = 0.021806 after 23296 accepted steps
[mcmc]  - Updated covariance matrix of proposal pdf.
[mcmc] Learn + convergence test @ 29160 samples accepted.
[likelihoodcollection] Average computation time:
   flamingo.inference.masked_ps.MaskedBandPowerLikelihood : 5.35693e-05 s (59298 evaluations, 3.17655 s total)
[theorycollection] Average computation time:
   flamingo.inference.masked_ps.MaskedTSZTheory : 0.0165534 s (59298 evaluations, 981.586 s total)
[mcmc]  - Acceptance rate: 0.473
[mcmc]  - Convergence of means: R-1 = 0.022234 after 23328 accepted steps
[mcmc]  - Updated covariance matrix of proposal pdf.
[mcmc] Learn + convergence test @ 29200 samples accepted.
[likelihoodcollection] Average computation time:
   flamingo.inference.masked_ps.MaskedBandPowerLikelihood : 5.35666e-05 s (59376 evaluations, 3.18057 s total)
[theorycollection] Average computation time:
   flamingo.inference.masked_ps.MaskedTSZTheory : 0.0165533 s (59376 evaluations, 982.871 s total)
[mcmc]  - Acceptance rate: 0.473
[mcmc]  - Convergence of means: R-1 = 0.020528 after 23360 accepted steps
[mcmc]  - Updated covariance matrix of proposal pdf.
[mcmc] Learn + convergence test @ 29240 samples accepted.
[likelihoodcollection] Average computation time:
   flamingo.inference.masked_ps.MaskedBandPowerLikelihood : 5.35657e-05 s (59458 evaluations, 3.18491 s total)
[theorycollection] Average computation time:
   flamingo.inference.masked_ps.MaskedTSZTheory : 0.0165531 s (59458 evaluations, 984.211 s total)
[mcmc]  - Acceptance rate: 0.473
[mcmc]  - Convergence of means: R-1 = 0.020470 after 23392 accepted steps
[mcmc]  - Updated covariance matrix of proposal pdf.
[mcmc] Learn + convergence test @ 29280 samples accepted.
[likelihoodcollection] Average computation time:
   flamingo.inference.masked_ps.MaskedBandPowerLikelihood : 5.35557e-05 s (59567 evaluations, 3.19015 s total)
[theorycollection] Average computation time:
   flamingo.inference.masked_ps.MaskedTSZTheory : 0.0165529 s (59567 evaluations, 986.007 s total)
[mcmc]  - Acceptance rate: 0.473
[mcmc]  - Convergence of means: R-1 = 0.020672 after 23424 accepted steps
[mcmc]  - Updated covariance matrix of proposal pdf.
[mcmc] Learn + convergence test @ 29320 samples accepted.
[likelihoodcollection] Average computation time:
   flamingo.inference.masked_ps.MaskedBandPowerLikelihood : 5.35568e-05 s (59663 evaluations, 3.19536 s total)
[theorycollection] Average computation time:
   flamingo.inference.masked_ps.MaskedTSZTheory : 0.0165531 s (59663 evaluations, 987.606 s total)
[mcmc]  - Acceptance rate: 0.473
[mcmc]  - Convergence of means: R-1 = 0.020203 after 23456 accepted steps
[mcmc]  - Updated covariance matrix of proposal pdf.
[mcmc] Learn + convergence test @ 29360 samples accepted.
[likelihoodcollection] Average computation time:
   flamingo.inference.masked_ps.MaskedBandPowerLikelihood : 5.35536e-05 s (59735 evaluations, 3.19902 s total)
[theorycollection] Average computation time:
   flamingo.inference.masked_ps.MaskedTSZTheory : 0.0165531 s (59735 evaluations, 988.801 s total)
[mcmc]  - Acceptance rate: 0.473
[mcmc]  - Convergence of means: R-1 = 0.019810 after 23488 accepted steps
[mcmc]  - Updated covariance matrix of proposal pdf.
[mcmc] Learn + convergence test @ 29400 samples accepted.
[likelihoodcollection] Average computation time:
   flamingo.inference.masked_ps.MaskedBandPowerLikelihood : 5.35607e-05 s (59811 evaluations, 3.20352 s total)
[theorycollection] Average computation time:
   flamingo.inference.masked_ps.MaskedTSZTheory : 0.0165528 s (59811 evaluations, 990.042 s total)
[mcmc]  - Acceptance rate: 0.473
[mcmc]  - Convergence of means: R-1 = 0.020612 after 23520 accepted steps
[mcmc]  - Updated covariance matrix of proposal pdf.
[mcmc] Learn + convergence test @ 29440 samples accepted.
[likelihoodcollection] Average computation time:
   flamingo.inference.masked_ps.MaskedBandPowerLikelihood : 5.35538e-05 s (59920 evaluations, 3.20894 s total)
[theorycollection] Average computation time:
   flamingo.inference.masked_ps.MaskedTSZTheory : 0.0165521 s (59920 evaluations, 991.804 s total)
[mcmc]  - Acceptance rate: 0.473
[mcmc]  - Convergence of means: R-1 = 0.021983 after 23552 accepted steps
[mcmc]  - Updated covariance matrix of proposal pdf.
[mcmc] Learn + convergence test @ 29480 samples accepted.
[likelihoodcollection] Average computation time:
   flamingo.inference.masked_ps.MaskedBandPowerLikelihood : 5.35579e-05 s (60001 evaluations, 3.21353 s total)
[theorycollection] Average computation time:
   flamingo.inference.masked_ps.MaskedTSZTheory : 0.0165524 s (60001 evaluations, 993.161 s total)
[mcmc]  - Acceptance rate: 0.473
[mcmc]  - Convergence of means: R-1 = 0.020561 after 23584 accepted steps
[mcmc]  - Updated covariance matrix of proposal pdf.
[mcmc] Learn + convergence test @ 29520 samples accepted.
[likelihoodcollection] Average computation time:
   flamingo.inference.masked_ps.MaskedBandPowerLikelihood : 5.35572e-05 s (60077 evaluations, 3.21756 s total)
[theorycollection] Average computation time:
   flamingo.inference.masked_ps.MaskedTSZTheory : 0.0165527 s (60077 evaluations, 994.436 s total)
[mcmc]  - Acceptance rate: 0.473
[mcmc]  - Convergence of means: R-1 = 0.019532 after 23616 accepted steps
[mcmc]  - Updated covariance matrix of proposal pdf.
[mcmc] Learn + convergence test @ 29560 samples accepted.
[likelihoodcollection] Average computation time:
   flamingo.inference.masked_ps.MaskedBandPowerLikelihood : 5.35613e-05 s (60168 evaluations, 3.22268 s total)
[theorycollection] Average computation time:
   flamingo.inference.masked_ps.MaskedTSZTheory : 0.0165524 s (60168 evaluations, 995.926 s total)
[mcmc]  - Acceptance rate: 0.473
[mcmc]  - Convergence of means: R-1 = 0.018106 after 23648 accepted steps
[mcmc]  - Updated covariance matrix of proposal pdf.
[mcmc] Progress @ 2026-08-03 02:06:29 : 62563 steps taken, and 29591 accepted.
[mcmc] Learn + convergence test @ 29600 samples accepted.
[likelihoodcollection] Average computation time:
   flamingo.inference.masked_ps.MaskedBandPowerLikelihood : 5.35697e-05 s (60249 evaluations, 3.22752 s total)
[theorycollection] Average computation time:
   flamingo.inference.masked_ps.MaskedTSZTheory : 0.0165525 s (60249 evaluations, 997.273 s total)
[mcmc]  - Acceptance rate: 0.473
[mcmc]  - Convergence of means: R-1 = 0.017908 after 23680 accepted steps
[mcmc]  - Updated covariance matrix of proposal pdf.
[mcmc] Learn + convergence test @ 29640 samples accepted.
[likelihoodcollection] Average computation time:
   flamingo.inference.masked_ps.MaskedBandPowerLikelihood : 5.35609e-05 s (60328 evaluations, 3.23122 s total)
[theorycollection] Average computation time:
   flamingo.inference.masked_ps.MaskedTSZTheory : 0.016552 s (60328 evaluations, 998.551 s total)
[mcmc]  - Acceptance rate: 0.473
[mcmc]  - Convergence of means: R-1 = 0.017596 after 23712 accepted steps
[mcmc]  - Updated covariance matrix of proposal pdf.
[mcmc] Learn + convergence test @ 29680 samples accepted.
[likelihoodcollection] Average computation time:
   flamingo.inference.masked_ps.MaskedBandPowerLikelihood : 5.3556e-05 s (60419 evaluations, 3.2358 s total)
[theorycollection] Average computation time:
   flamingo.inference.masked_ps.MaskedTSZTheory : 0.0165521 s (60419 evaluations, 1000.06 s total)
[mcmc]  - Acceptance rate: 0.473
[mcmc]  - Convergence of means: R-1 = 0.017970 after 23744 accepted steps
[mcmc]  - Updated covariance matrix of proposal pdf.
[mcmc] Learn + convergence test @ 29720 samples accepted.
[likelihoodcollection] Average computation time:
   flamingo.inference.masked_ps.MaskedBandPowerLikelihood : 5.35595e-05 s (60500 evaluations, 3.24035 s total)
[theorycollection] Average computation time:
   flamingo.inference.masked_ps.MaskedTSZTheory : 0.0165526 s (60500 evaluations, 1001.43 s total)
[mcmc]  - Acceptance rate: 0.473
[mcmc]  - Convergence of means: R-1 = 0.019046 after 23776 accepted steps
[mcmc]  - Updated covariance matrix of proposal pdf.
[mcmc] Learn + convergence test @ 29760 samples accepted.
[likelihoodcollection] Average computation time:
   flamingo.inference.masked_ps.MaskedBandPowerLikelihood : 5.35639e-05 s (60597 evaluations, 3.24581 s total)
[theorycollection] Average computation time:
   flamingo.inference.masked_ps.MaskedTSZTheory : 0.0165525 s (60597 evaluations, 1003.03 s total)
[mcmc]  - Acceptance rate: 0.473
[mcmc]  - Convergence of means: R-1 = 0.019206 after 23808 accepted steps
[mcmc]  - Updated covariance matrix of proposal pdf.
[mcmc] Learn + convergence test @ 29800 samples accepted.
[likelihoodcollection] Average computation time:
   flamingo.inference.masked_ps.MaskedBandPowerLikelihood : 5.35686e-05 s (60682 evaluations, 3.25065 s total)
[theorycollection] Average computation time:
   flamingo.inference.masked_ps.MaskedTSZTheory : 0.0165527 s (60682 evaluations, 1004.45 s total)
[mcmc]  - Acceptance rate: 0.473
[mcmc]  - Convergence of means: R-1 = 0.019985 after 23840 accepted steps
[mcmc]  - Updated covariance matrix of proposal pdf.
[mcmc] Learn + convergence test @ 29840 samples accepted.
[likelihoodcollection] Average computation time:
   flamingo.inference.masked_ps.MaskedBandPowerLikelihood : 5.35742e-05 s (60771 evaluations, 3.25576 s total)
[theorycollection] Average computation time:
   flamingo.inference.masked_ps.MaskedTSZTheory : 0.0165528 s (60771 evaluations, 1005.93 s total)
[mcmc]  - Acceptance rate: 0.472
[mcmc]  - Convergence of means: R-1 = 0.020858 after 23872 accepted steps
[mcmc]  - Updated covariance matrix of proposal pdf.
[mcmc] Learn + convergence test @ 29880 samples accepted.
[likelihoodcollection] Average computation time:
   flamingo.inference.masked_ps.MaskedBandPowerLikelihood : 5.3575e-05 s (60852 evaluations, 3.26015 s total)
[theorycollection] Average computation time:
   flamingo.inference.masked_ps.MaskedTSZTheory : 0.0165522 s (60852 evaluations, 1007.24 s total)
[mcmc]  - Acceptance rate: 0.472
[mcmc]  - Convergence of means: R-1 = 0.021082 after 23904 accepted steps
[mcmc]  - Updated covariance matrix of proposal pdf.
[mcmc] Learn + convergence test @ 29920 samples accepted.
[likelihoodcollection] Average computation time:
   flamingo.inference.masked_ps.MaskedBandPowerLikelihood : 5.35774e-05 s (60927 evaluations, 3.26431 s total)
[theorycollection] Average computation time:
   flamingo.inference.masked_ps.MaskedTSZTheory : 0.0165522 s (60927 evaluations, 1008.48 s total)
[mcmc]  - Acceptance rate: 0.473
[mcmc]  - Convergence of means: R-1 = 0.020567 after 23936 accepted steps
[mcmc]  - Updated covariance matrix of proposal pdf.
[mcmc] Learn + convergence test @ 29960 samples accepted.
[likelihoodcollection] Average computation time:
   flamingo.inference.masked_ps.MaskedBandPowerLikelihood : 5.35764e-05 s (61005 evaluations, 3.26843 s total)
[theorycollection] Average computation time:
   flamingo.inference.masked_ps.MaskedTSZTheory : 0.0165517 s (61005 evaluations, 1009.73 s total)
[mcmc]  - Acceptance rate: 0.473
[mcmc]  - Convergence of means: R-1 = 0.020286 after 23968 accepted steps
[mcmc]  - Updated covariance matrix of proposal pdf.
[mcmc] Learn + convergence test @ 30000 samples accepted.
[likelihoodcollection] Average computation time:
   flamingo.inference.masked_ps.MaskedBandPowerLikelihood : 5.35725e-05 s (61103 evaluations, 3.27344 s total)
[theorycollection] Average computation time:
   flamingo.inference.masked_ps.MaskedTSZTheory : 0.0165512 s (61103 evaluations, 1011.33 s total)
[mcmc]  - Acceptance rate: 0.472
[mcmc]  - Convergence of means: R-1 = 0.020426 after 24000 accepted steps
[mcmc]  - Updated covariance matrix of proposal pdf.
[mcmc] Learn + convergence test @ 30040 samples accepted.
[likelihoodcollection] Average computation time:
   flamingo.inference.masked_ps.MaskedBandPowerLikelihood : 5.35752e-05 s (61178 evaluations, 3.27762 s total)
[theorycollection] Average computation time:
   flamingo.inference.masked_ps.MaskedTSZTheory : 0.0165515 s (61178 evaluations, 1012.59 s total)
[mcmc]  - Acceptance rate: 0.472
[mcmc]  - Convergence of means: R-1 = 0.019687 after 24032 accepted steps
[mcmc]  - Updated covariance matrix of proposal pdf.
[mcmc] Learn + convergence test @ 30080 samples accepted.
[likelihoodcollection] Average computation time:
   flamingo.inference.masked_ps.MaskedBandPowerLikelihood : 5.35737e-05 s (61282 evaluations, 3.2831 s total)
[theorycollection] Average computation time:
   flamingo.inference.masked_ps.MaskedTSZTheory : 0.0165515 s (61282 evaluations, 1014.31 s total)
[mcmc]  - Acceptance rate: 0.472
[mcmc]  - Convergence of means: R-1 = 0.019365 after 24064 accepted steps
[mcmc]  - Updated covariance matrix of proposal pdf.
[mcmc] Learn + convergence test @ 30120 samples accepted.
[likelihoodcollection] Average computation time:
   flamingo.inference.masked_ps.MaskedBandPowerLikelihood : 5.35776e-05 s (61379 evaluations, 3.28854 s total)
[theorycollection] Average computation time:
   flamingo.inference.masked_ps.MaskedTSZTheory : 0.0165514 s (61379 evaluations, 1015.91 s total)
[mcmc]  - Acceptance rate: 0.472
[mcmc]  - Convergence of means: R-1 = 0.019112 after 24096 accepted steps
[mcmc]  - Updated covariance matrix of proposal pdf.
[mcmc] Learn + convergence test @ 30160 samples accepted.
[likelihoodcollection] Average computation time:
   flamingo.inference.masked_ps.MaskedBandPowerLikelihood : 5.35765e-05 s (61450 evaluations, 3.29227 s total)
[theorycollection] Average computation time:
   flamingo.inference.masked_ps.MaskedTSZTheory : 0.016551 s (61450 evaluations, 1017.06 s total)
[mcmc]  - Acceptance rate: 0.472
[mcmc]  - Convergence of means: R-1 = 0.018211 after 24128 accepted steps
[mcmc]  - Updated covariance matrix of proposal pdf.
[mcmc] Learn + convergence test @ 30200 samples accepted.
[likelihoodcollection] Average computation time:
   flamingo.inference.masked_ps.MaskedBandPowerLikelihood : 5.3571e-05 s (61544 evaluations, 3.29697 s total)
[theorycollection] Average computation time:
   flamingo.inference.masked_ps.MaskedTSZTheory : 0.0165502 s (61544 evaluations, 1018.57 s total)
[mcmc]  - Acceptance rate: 0.472
[mcmc]  - Convergence of means: R-1 = 0.017267 after 24160 accepted steps
[mcmc]  - Updated covariance matrix of proposal pdf.
[mcmc] Learn + convergence test @ 30240 samples accepted.
[likelihoodcollection] Average computation time:
   flamingo.inference.masked_ps.MaskedBandPowerLikelihood : 5.35765e-05 s (61648 evaluations, 3.30289 s total)
[theorycollection] Average computation time:
   flamingo.inference.masked_ps.MaskedTSZTheory : 0.0165501 s (61648 evaluations, 1020.28 s total)
[mcmc]  - Acceptance rate: 0.472
[mcmc]  - Convergence of means: R-1 = 0.017178 after 24192 accepted steps
[mcmc]  - Updated covariance matrix of proposal pdf.
[mcmc] Learn + convergence test @ 30280 samples accepted.
[likelihoodcollection] Average computation time:
   flamingo.inference.masked_ps.MaskedBandPowerLikelihood : 5.35785e-05 s (61740 evaluations, 3.30794 s total)
[theorycollection] Average computation time:
   flamingo.inference.masked_ps.MaskedTSZTheory : 0.0165505 s (61740 evaluations, 1021.83 s total)
[mcmc]  - Acceptance rate: 0.472
[mcmc]  - Convergence of means: R-1 = 0.016783 after 24224 accepted steps
[mcmc]  - Updated covariance matrix of proposal pdf.
[mcmc] Learn + convergence test @ 30320 samples accepted.
[likelihoodcollection] Average computation time:
   flamingo.inference.masked_ps.MaskedBandPowerLikelihood : 5.35799e-05 s (61805 evaluations, 3.3115 s total)
[theorycollection] Average computation time:
   flamingo.inference.masked_ps.MaskedTSZTheory : 0.0165508 s (61805 evaluations, 1022.92 s total)
[mcmc]  - Acceptance rate: 0.472
[mcmc]  - Convergence of means: R-1 = 0.016069 after 24256 accepted steps
[mcmc]  - Updated covariance matrix of proposal pdf.
[mcmc] Learn + convergence test @ 30360 samples accepted.
[likelihoodcollection] Average computation time:
   flamingo.inference.masked_ps.MaskedBandPowerLikelihood : 5.35793e-05 s (61880 evaluations, 3.31549 s total)
[theorycollection] Average computation time:
   flamingo.inference.masked_ps.MaskedTSZTheory : 0.0165506 s (61880 evaluations, 1024.15 s total)
[mcmc]  - Acceptance rate: 0.472
[mcmc]  - Convergence of means: R-1 = 0.016255 after 24288 accepted steps
[mcmc]  - Updated covariance matrix of proposal pdf.
[mcmc] Learn + convergence test @ 30400 samples accepted.
[likelihoodcollection] Average computation time:
   flamingo.inference.masked_ps.MaskedBandPowerLikelihood : 5.35814e-05 s (61963 evaluations, 3.32007 s total)
[theorycollection] Average computation time:
   flamingo.inference.masked_ps.MaskedTSZTheory : 0.0165507 s (61963 evaluations, 1025.53 s total)
[mcmc]  - Acceptance rate: 0.472
[mcmc]  - Convergence of means: R-1 = 0.015952 after 24320 accepted steps
[mcmc]  - Updated covariance matrix of proposal pdf.
[mcmc] Learn + convergence test @ 30440 samples accepted.
[likelihoodcollection] Average computation time:
   flamingo.inference.masked_ps.MaskedBandPowerLikelihood : 5.3585e-05 s (62024 evaluations, 3.32355 s total)
[theorycollection] Average computation time:
   flamingo.inference.masked_ps.MaskedTSZTheory : 0.0165508 s (62024 evaluations, 1026.54 s total)
[mcmc]  - Acceptance rate: 0.472
[mcmc]  - Convergence of means: R-1 = 0.016745 after 24352 accepted steps
[mcmc]  - Updated covariance matrix of proposal pdf.
[mcmc] Learn + convergence test @ 30480 samples accepted.
[likelihoodcollection] Average computation time:
   flamingo.inference.masked_ps.MaskedBandPowerLikelihood : 5.3583e-05 s (62096 evaluations, 3.32729 s total)
[theorycollection] Average computation time:
   flamingo.inference.masked_ps.MaskedTSZTheory : 0.0165505 s (62096 evaluations, 1027.72 s total)
[mcmc]  - Acceptance rate: 0.472
[mcmc]  - Convergence of means: R-1 = 0.016972 after 24384 accepted steps
[mcmc]  - Updated covariance matrix of proposal pdf.
[mcmc] Learn + convergence test @ 30520 samples accepted.
[likelihoodcollection] Average computation time:
   flamingo.inference.masked_ps.MaskedBandPowerLikelihood : 5.35796e-05 s (62173 evaluations, 3.33121 s total)
[theorycollection] Average computation time:
   flamingo.inference.masked_ps.MaskedTSZTheory : 0.0165503 s (62173 evaluations, 1028.98 s total)
[mcmc]  - Acceptance rate: 0.472
[mcmc]  - Convergence of means: R-1 = 0.016999 after 24416 accepted steps
[mcmc]  - Updated covariance matrix of proposal pdf.
[mcmc] Learn + convergence test @ 30560 samples accepted.
[likelihoodcollection] Average computation time:
   flamingo.inference.masked_ps.MaskedBandPowerLikelihood : 5.35771e-05 s (62254 evaluations, 3.33539 s total)
[theorycollection] Average computation time:
   flamingo.inference.masked_ps.MaskedTSZTheory : 0.0165505 s (62254 evaluations, 1030.33 s total)
[mcmc]  - Acceptance rate: 0.472
[mcmc]  - Convergence of means: R-1 = 0.015862 after 24448 accepted steps
[mcmc]  - Updated covariance matrix of proposal pdf.
[mcmc] Learn + convergence test @ 30600 samples accepted.
[likelihoodcollection] Average computation time:
   flamingo.inference.masked_ps.MaskedBandPowerLikelihood : 5.35805e-05 s (62325 evaluations, 3.33941 s total)
[theorycollection] Average computation time:
   flamingo.inference.masked_ps.MaskedTSZTheory : 0.0165505 s (62325 evaluations, 1031.51 s total)
[mcmc]  - Acceptance rate: 0.472
[mcmc]  - Convergence of means: R-1 = 0.014793 after 24480 accepted steps
[mcmc]  - Updated covariance matrix of proposal pdf.
[mcmc] Learn + convergence test @ 30640 samples accepted.
[likelihoodcollection] Average computation time:
   flamingo.inference.masked_ps.MaskedBandPowerLikelihood : 5.35778e-05 s (62407 evaluations, 3.34363 s total)
[theorycollection] Average computation time:
   flamingo.inference.masked_ps.MaskedTSZTheory : 0.0165506 s (62407 evaluations, 1032.87 s total)
[mcmc]  - Acceptance rate: 0.472
[mcmc]  - Convergence of means: R-1 = 0.014563 after 24512 accepted steps
[mcmc]  - Updated covariance matrix of proposal pdf.
[mcmc] Learn + convergence test @ 30680 samples accepted.
[likelihoodcollection] Average computation time:
   flamingo.inference.masked_ps.MaskedBandPowerLikelihood : 5.3575e-05 s (62482 evaluations, 3.34747 s total)
[theorycollection] Average computation time:
   flamingo.inference.masked_ps.MaskedTSZTheory : 0.0165498 s (62482 evaluations, 1034.07 s total)
[mcmc]  - Acceptance rate: 0.473
[mcmc]  - Convergence of means: R-1 = 0.014201 after 24544 accepted steps
[mcmc]  - Updated covariance matrix of proposal pdf.
[mcmc] Learn + convergence test @ 30720 samples accepted.
[likelihoodcollection] Average computation time:
   flamingo.inference.masked_ps.MaskedBandPowerLikelihood : 5.35785e-05 s (62568 evaluations, 3.3523 s total)
[theorycollection] Average computation time:
   flamingo.inference.masked_ps.MaskedTSZTheory : 0.0165496 s (62568 evaluations, 1035.47 s total)
[mcmc]  - Acceptance rate: 0.473
[mcmc]  - Convergence of means: R-1 = 0.014082 after 24576 accepted steps
[mcmc]  - Updated covariance matrix of proposal pdf.
[mcmc] Learn + convergence test @ 30760 samples accepted.
[likelihoodcollection] Average computation time:
   flamingo.inference.masked_ps.MaskedBandPowerLikelihood : 5.35787e-05 s (62674 evaluations, 3.35799 s total)
[theorycollection] Average computation time:
   flamingo.inference.masked_ps.MaskedTSZTheory : 0.0165497 s (62674 evaluations, 1037.24 s total)
[mcmc]  - Acceptance rate: 0.472
[mcmc]  - Convergence of means: R-1 = 0.013387 after 24608 accepted steps
[mcmc]  - Updated covariance matrix of proposal pdf.
[mcmc] Learn + convergence test @ 30800 samples accepted.
[likelihoodcollection] Average computation time:
   flamingo.inference.masked_ps.MaskedBandPowerLikelihood : 5.35767e-05 s (62758 evaluations, 3.36237 s total)
[theorycollection] Average computation time:
   flamingo.inference.masked_ps.MaskedTSZTheory : 0.0165497 s (62758 evaluations, 1038.63 s total)
[mcmc]  - Acceptance rate: 0.472
[mcmc]  - Convergence of means: R-1 = 0.013692 after 24640 accepted steps
[mcmc]  - Updated covariance matrix of proposal pdf.
[mcmc] Learn + convergence test @ 30840 samples accepted.
[likelihoodcollection] Average computation time:
   flamingo.inference.masked_ps.MaskedBandPowerLikelihood : 5.35786e-05 s (62850 evaluations, 3.36741 s total)
[theorycollection] Average computation time:
   flamingo.inference.masked_ps.MaskedTSZTheory : 0.01655 s (62850 evaluations, 1040.17 s total)
[mcmc]  - Acceptance rate: 0.472
[mcmc]  - Convergence of means: R-1 = 0.013650 after 24672 accepted steps
[mcmc]  - Updated covariance matrix of proposal pdf.
[mcmc] Learn + convergence test @ 30880 samples accepted.
[likelihoodcollection] Average computation time:
   flamingo.inference.masked_ps.MaskedBandPowerLikelihood : 5.35757e-05 s (62933 evaluations, 3.37168 s total)
[theorycollection] Average computation time:
   flamingo.inference.masked_ps.MaskedTSZTheory : 0.0165494 s (62933 evaluations, 1041.51 s total)
[mcmc]  - Acceptance rate: 0.472
[mcmc]  - Convergence of means: R-1 = 0.013783 after 24704 accepted steps
[mcmc]  - Updated covariance matrix of proposal pdf.
[mcmc] Learn + convergence test @ 30920 samples accepted.
[likelihoodcollection] Average computation time:
   flamingo.inference.masked_ps.MaskedBandPowerLikelihood : 5.35739e-05 s (63007 evaluations, 3.37553 s total)
[theorycollection] Average computation time:
   flamingo.inference.masked_ps.MaskedTSZTheory : 0.0165496 s (63007 evaluations, 1042.74 s total)
[mcmc]  - Acceptance rate: 0.472
[mcmc]  - Convergence of means: R-1 = 0.013514 after 24736 accepted steps
[mcmc]  - Updated covariance matrix of proposal pdf.
[mcmc] Learn + convergence test @ 30960 samples accepted.
[likelihoodcollection] Average computation time:
   flamingo.inference.masked_ps.MaskedBandPowerLikelihood : 5.35755e-05 s (63088 evaluations, 3.37997 s total)
[theorycollection] Average computation time:
   flamingo.inference.masked_ps.MaskedTSZTheory : 0.0165497 s (63088 evaluations, 1044.09 s total)
[mcmc]  - Acceptance rate: 0.472
[mcmc]  - Convergence of means: R-1 = 0.012935 after 24768 accepted steps
[mcmc]  - Updated covariance matrix of proposal pdf.
[mcmc] Learn + convergence test @ 31000 samples accepted.
[likelihoodcollection] Average computation time:
   flamingo.inference.masked_ps.MaskedBandPowerLikelihood : 5.35753e-05 s (63166 evaluations, 3.38413 s total)
[theorycollection] Average computation time:
   flamingo.inference.masked_ps.MaskedTSZTheory : 0.0165497 s (63166 evaluations, 1045.38 s total)
[mcmc]  - Acceptance rate: 0.472
[mcmc]  - Convergence of means: R-1 = 0.012403 after 24800 accepted steps
[mcmc]  - Updated covariance matrix of proposal pdf.
[mcmc] Learn + convergence test @ 31040 samples accepted.
[likelihoodcollection] Average computation time:
   flamingo.inference.masked_ps.MaskedBandPowerLikelihood : 5.35716e-05 s (63228 evaluations, 3.38722 s total)
[theorycollection] Average computation time:
   flamingo.inference.masked_ps.MaskedTSZTheory : 0.0165493 s (63228 evaluations, 1046.38 s total)
[mcmc]  - Acceptance rate: 0.473
[mcmc]  - Convergence of means: R-1 = 0.012044 after 24832 accepted steps
[mcmc]  - Updated covariance matrix of proposal pdf.
[mcmc] Learn + convergence test @ 31080 samples accepted.
[likelihoodcollection] Average computation time:
   flamingo.inference.masked_ps.MaskedBandPowerLikelihood : 5.35734e-05 s (63319 evaluations, 3.39221 s total)
[theorycollection] Average computation time:
   flamingo.inference.masked_ps.MaskedTSZTheory : 0.0165494 s (63319 evaluations, 1047.89 s total)
[mcmc]  - Acceptance rate: 0.472
[mcmc]  - Convergence of means: R-1 = 0.012609 after 24864 accepted steps
[mcmc]  - Updated covariance matrix of proposal pdf.
[mcmc] Learn + convergence test @ 31120 samples accepted.
[likelihoodcollection] Average computation time:
   flamingo.inference.masked_ps.MaskedBandPowerLikelihood : 5.35734e-05 s (63402 evaluations, 3.39666 s total)
[theorycollection] Average computation time:
   flamingo.inference.masked_ps.MaskedTSZTheory : 0.0165494 s (63402 evaluations, 1049.27 s total)
[mcmc]  - Acceptance rate: 0.472
[mcmc]  - Convergence of means: R-1 = 0.012819 after 24896 accepted steps
[mcmc]  - Updated covariance matrix of proposal pdf.
[mcmc] Learn + convergence test @ 31160 samples accepted.
[likelihoodcollection] Average computation time:
   flamingo.inference.masked_ps.MaskedBandPowerLikelihood : 5.35775e-05 s (63470 evaluations, 3.40056 s total)
[theorycollection] Average computation time:
   flamingo.inference.masked_ps.MaskedTSZTheory : 0.0165497 s (63470 evaluations, 1050.41 s total)
[mcmc]  - Acceptance rate: 0.473
[mcmc]  - Convergence of means: R-1 = 0.012704 after 24928 accepted steps
[mcmc]  - Updated covariance matrix of proposal pdf.
[mcmc] Learn + convergence test @ 31200 samples accepted.
[likelihoodcollection] Average computation time:
   flamingo.inference.masked_ps.MaskedBandPowerLikelihood : 5.35758e-05 s (63560 evaluations, 3.40528 s total)
[theorycollection] Average computation time:
   flamingo.inference.masked_ps.MaskedTSZTheory : 0.0165495 s (63560 evaluations, 1051.89 s total)
[mcmc]  - Acceptance rate: 0.473
[mcmc]  - Convergence of means: R-1 = 0.013124 after 24960 accepted steps
[mcmc]  - Updated covariance matrix of proposal pdf.
[mcmc] Learn + convergence test @ 31240 samples accepted.
[likelihoodcollection] Average computation time:
   flamingo.inference.masked_ps.MaskedBandPowerLikelihood : 5.3574e-05 s (63648 evaluations, 3.40988 s total)
[theorycollection] Average computation time:
   flamingo.inference.masked_ps.MaskedTSZTheory : 0.0165498 s (63648 evaluations, 1053.36 s total)
[mcmc]  - Acceptance rate: 0.472
[mcmc]  - Convergence of means: R-1 = 0.013849 after 24992 accepted steps
[mcmc]  - Updated covariance matrix of proposal pdf.
[mcmc] Learn + convergence test @ 31280 samples accepted.
[likelihoodcollection] Average computation time:
   flamingo.inference.masked_ps.MaskedBandPowerLikelihood : 5.35704e-05 s (63732 evaluations, 3.41415 s total)
[theorycollection] Average computation time:
   flamingo.inference.masked_ps.MaskedTSZTheory : 0.0165496 s (63732 evaluations, 1054.74 s total)
[mcmc]  - Acceptance rate: 0.472
[mcmc]  - Convergence of means: R-1 = 0.012690 after 25024 accepted steps
[mcmc]  - Updated covariance matrix of proposal pdf.
[mcmc] Progress @ 2026-08-03 02:07:29 : 66214 steps taken, and 31298 accepted.
[mcmc] Learn + convergence test @ 31320 samples accepted.
[likelihoodcollection] Average computation time:
   flamingo.inference.masked_ps.MaskedBandPowerLikelihood : 5.35677e-05 s (63817 evaluations, 3.41853 s total)
[theorycollection] Average computation time:
   flamingo.inference.masked_ps.MaskedTSZTheory : 0.016549 s (63817 evaluations, 1056.11 s total)
[mcmc]  - Acceptance rate: 0.472
[mcmc]  - Convergence of means: R-1 = 0.012659 after 25056 accepted steps
[mcmc]  - Updated covariance matrix of proposal pdf.
[mcmc] Learn + convergence test @ 31360 samples accepted.
[likelihoodcollection] Average computation time:
   flamingo.inference.masked_ps.MaskedBandPowerLikelihood : 5.35655e-05 s (63903 evaluations, 3.42299 s total)
[theorycollection] Average computation time:
   flamingo.inference.masked_ps.MaskedTSZTheory : 0.016549 s (63903 evaluations, 1057.53 s total)
[mcmc]  - Acceptance rate: 0.472
[mcmc]  - Convergence of means: R-1 = 0.012969 after 25088 accepted steps
[mcmc]  - Updated covariance matrix of proposal pdf.
[mcmc] Learn + convergence test @ 31400 samples accepted.
[likelihoodcollection] Average computation time:
   flamingo.inference.masked_ps.MaskedBandPowerLikelihood : 5.35668e-05 s (64016 evaluations, 3.42913 s total)
[theorycollection] Average computation time:
   flamingo.inference.masked_ps.MaskedTSZTheory : 0.0165488 s (64016 evaluations, 1059.39 s total)
[mcmc]  - Acceptance rate: 0.472
[mcmc]  - Convergence of means: R-1 = 0.013506 after 25120 accepted steps
[mcmc]  - Updated covariance matrix of proposal pdf.
[mcmc] Learn + convergence test @ 31440 samples accepted.
[likelihoodcollection] Average computation time:
   flamingo.inference.masked_ps.MaskedBandPowerLikelihood : 5.35754e-05 s (64107 evaluations, 3.43456 s total)
[theorycollection] Average computation time:
   flamingo.inference.masked_ps.MaskedTSZTheory : 0.0165487 s (64107 evaluations, 1060.88 s total)
[mcmc]  - Acceptance rate: 0.472
[mcmc]  - Convergence of means: R-1 = 0.014154 after 25152 accepted steps
[mcmc]  - Updated covariance matrix of proposal pdf.
[mcmc] Learn + convergence test @ 31480 samples accepted.
[likelihoodcollection] Average computation time:
   flamingo.inference.masked_ps.MaskedBandPowerLikelihood : 5.35794e-05 s (64183 evaluations, 3.43888 s total)
[theorycollection] Average computation time:
   flamingo.inference.masked_ps.MaskedTSZTheory : 0.0165488 s (64183 evaluations, 1062.15 s total)
[mcmc]  - Acceptance rate: 0.472
[mcmc]  - Convergence of means: R-1 = 0.014169 after 25184 accepted steps
[mcmc]  - Updated covariance matrix of proposal pdf.
[mcmc] Learn + convergence test @ 31520 samples accepted.
[likelihoodcollection] Average computation time:
   flamingo.inference.masked_ps.MaskedBandPowerLikelihood : 5.35822e-05 s (64275 evaluations, 3.444 s total)
[theorycollection] Average computation time:
   flamingo.inference.masked_ps.MaskedTSZTheory : 0.0165489 s (64275 evaluations, 1063.68 s total)
[mcmc]  - Acceptance rate: 0.472
[mcmc]  - Convergence of means: R-1 = 0.014634 after 25216 accepted steps
[mcmc]  - Updated covariance matrix of proposal pdf.
[mcmc] Learn + convergence test @ 31560 samples accepted.
[likelihoodcollection] Average computation time:
   flamingo.inference.masked_ps.MaskedBandPowerLikelihood : 5.35861e-05 s (64338 evaluations, 3.44762 s total)
[theorycollection] Average computation time:
   flamingo.inference.masked_ps.MaskedTSZTheory : 0.0165494 s (64338 evaluations, 1064.75 s total)
[mcmc]  - Acceptance rate: 0.472
[mcmc]  - Convergence of means: R-1 = 0.014954 after 25248 accepted steps
[mcmc]  - Updated covariance matrix of proposal pdf.
[mcmc] Learn + convergence test @ 31600 samples accepted.
[likelihoodcollection] Average computation time:
   flamingo.inference.masked_ps.MaskedBandPowerLikelihood : 5.3584e-05 s (64415 evaluations, 3.45161 s total)
[theorycollection] Average computation time:
   flamingo.inference.masked_ps.MaskedTSZTheory : 0.0165492 s (64415 evaluations, 1066.02 s total)
[mcmc]  - Acceptance rate: 0.472
[mcmc]  - Convergence of means: R-1 = 0.014892 after 25280 accepted steps
[mcmc]  - Updated covariance matrix of proposal pdf.
[mcmc] Learn + convergence test @ 31640 samples accepted.
[likelihoodcollection] Average computation time:
   flamingo.inference.masked_ps.MaskedBandPowerLikelihood : 5.35779e-05 s (64498 evaluations, 3.45567 s total)
[theorycollection] Average computation time:
   flamingo.inference.masked_ps.MaskedTSZTheory : 0.0165488 s (64498 evaluations, 1067.36 s total)
[mcmc]  - Acceptance rate: 0.472
[mcmc]  - Convergence of means: R-1 = 0.014971 after 25312 accepted steps
[mcmc]  - Updated covariance matrix of proposal pdf.
[mcmc] Learn + convergence test @ 31680 samples accepted.
[likelihoodcollection] Average computation time:
   flamingo.inference.masked_ps.MaskedBandPowerLikelihood : 5.35878e-05 s (64572 evaluations, 3.46027 s total)
[theorycollection] Average computation time:
   flamingo.inference.masked_ps.MaskedTSZTheory : 0.016549 s (64572 evaluations, 1068.6 s total)
[mcmc]  - Acceptance rate: 0.472
[mcmc]  - Convergence of means: R-1 = 0.015361 after 25344 accepted steps
[mcmc]  - Updated covariance matrix of proposal pdf.
[mcmc] Learn + convergence test @ 31720 samples accepted.
[likelihoodcollection] Average computation time:
   flamingo.inference.masked_ps.MaskedBandPowerLikelihood : 5.35925e-05 s (64646 evaluations, 3.46454 s total)
[theorycollection] Average computation time:
   flamingo.inference.masked_ps.MaskedTSZTheory : 0.0165496 s (64646 evaluations, 1069.86 s total)
[mcmc]  - Acceptance rate: 0.473
[mcmc]  - Convergence of means: R-1 = 0.015525 after 25376 accepted steps
[mcmc]  - Updated covariance matrix of proposal pdf.
[mcmc] Learn + convergence test @ 31760 samples accepted.
[likelihoodcollection] Average computation time:
   flamingo.inference.masked_ps.MaskedBandPowerLikelihood : 5.35935e-05 s (64704 evaluations, 3.46771 s total)
[theorycollection] Average computation time:
   flamingo.inference.masked_ps.MaskedTSZTheory : 0.0165498 s (64704 evaluations, 1070.84 s total)
[mcmc]  - Acceptance rate: 0.473
[mcmc]  - Convergence of means: R-1 = 0.015484 after 25408 accepted steps
[mcmc]  - Updated covariance matrix of proposal pdf.
[mcmc] Learn + convergence test @ 31800 samples accepted.
[likelihoodcollection] Average computation time:
   flamingo.inference.masked_ps.MaskedBandPowerLikelihood : 5.35959e-05 s (64791 evaluations, 3.47253 s total)
[theorycollection] Average computation time:
   flamingo.inference.masked_ps.MaskedTSZTheory : 0.0165497 s (64791 evaluations, 1072.27 s total)
[mcmc]  - Acceptance rate: 0.473
[mcmc]  - Convergence of means: R-1 = 0.015775 after 25440 accepted steps
[mcmc]  - Updated covariance matrix of proposal pdf.
[mcmc] Learn + convergence test @ 31840 samples accepted.
[likelihoodcollection] Average computation time:
   flamingo.inference.masked_ps.MaskedBandPowerLikelihood : 5.35987e-05 s (64885 evaluations, 3.47775 s total)
[theorycollection] Average computation time:
   flamingo.inference.masked_ps.MaskedTSZTheory : 0.0165498 s (64885 evaluations, 1073.83 s total)
[mcmc]  - Acceptance rate: 0.473
[mcmc]  - Convergence of means: R-1 = 0.016489 after 25472 accepted steps
[mcmc]  - Updated covariance matrix of proposal pdf.
[mcmc] Learn + convergence test @ 31880 samples accepted.
[likelihoodcollection] Average computation time:
   flamingo.inference.masked_ps.MaskedBandPowerLikelihood : 5.35987e-05 s (64957 evaluations, 3.48161 s total)
[theorycollection] Average computation time:
   flamingo.inference.masked_ps.MaskedTSZTheory : 0.0165498 s (64957 evaluations, 1075.03 s total)
[mcmc]  - Acceptance rate: 0.473
[mcmc]  - Convergence of means: R-1 = 0.017696 after 25504 accepted steps
[mcmc]  - Updated covariance matrix of proposal pdf.
[mcmc] Learn + convergence test @ 31920 samples accepted.
[likelihoodcollection] Average computation time:
   flamingo.inference.masked_ps.MaskedBandPowerLikelihood : 5.36036e-05 s (65053 evaluations, 3.48708 s total)
[theorycollection] Average computation time:
   flamingo.inference.masked_ps.MaskedTSZTheory : 0.0165499 s (65053 evaluations, 1076.62 s total)
[mcmc]  - Acceptance rate: 0.473
[mcmc]  - Convergence of means: R-1 = 0.018559 after 25536 accepted steps
[mcmc]  - Updated covariance matrix of proposal pdf.
[mcmc] Learn + convergence test @ 31960 samples accepted.
[likelihoodcollection] Average computation time:
   flamingo.inference.masked_ps.MaskedBandPowerLikelihood : 5.35979e-05 s (65134 evaluations, 3.49105 s total)
[theorycollection] Average computation time:
   flamingo.inference.masked_ps.MaskedTSZTheory : 0.0165495 s (65134 evaluations, 1077.93 s total)
[mcmc]  - Acceptance rate: 0.473
[mcmc]  - Convergence of means: R-1 = 0.019974 after 25568 accepted steps
[mcmc]  - Updated covariance matrix of proposal pdf.
[mcmc] Learn + convergence test @ 32000 samples accepted.
[likelihoodcollection] Average computation time:
   flamingo.inference.masked_ps.MaskedBandPowerLikelihood : 5.36029e-05 s (65222 evaluations, 3.49609 s total)
[theorycollection] Average computation time:
   flamingo.inference.masked_ps.MaskedTSZTheory : 0.01655 s (65222 evaluations, 1079.43 s total)
[mcmc]  - Acceptance rate: 0.473
[mcmc]  - Convergence of means: R-1 = 0.018840 after 25600 accepted steps
[mcmc]  - Updated covariance matrix of proposal pdf.
[mcmc] Learn + convergence test @ 32040 samples accepted.
[likelihoodcollection] Average computation time:
   flamingo.inference.masked_ps.MaskedBandPowerLikelihood : 5.35997e-05 s (65296 evaluations, 3.49985 s total)
[theorycollection] Average computation time:
   flamingo.inference.masked_ps.MaskedTSZTheory : 0.0165501 s (65296 evaluations, 1080.65 s total)
[mcmc]  - Acceptance rate: 0.473
[mcmc]  - Convergence of means: R-1 = 0.018395 after 25632 accepted steps
[mcmc]  - Updated covariance matrix of proposal pdf.
[mcmc] Learn + convergence test @ 32080 samples accepted.
[likelihoodcollection] Average computation time:
   flamingo.inference.masked_ps.MaskedBandPowerLikelihood : 5.36028e-05 s (65378 evaluations, 3.50444 s total)
[theorycollection] Average computation time:
   flamingo.inference.masked_ps.MaskedTSZTheory : 0.0165505 s (65378 evaluations, 1082.04 s total)
[mcmc]  - Acceptance rate: 0.473
[mcmc]  - Convergence of means: R-1 = 0.018382 after 25664 accepted steps
[mcmc]  - Updated covariance matrix of proposal pdf.
[mcmc] Learn + convergence test @ 32120 samples accepted.
[likelihoodcollection] Average computation time:
   flamingo.inference.masked_ps.MaskedBandPowerLikelihood : 5.36023e-05 s (65454 evaluations, 3.50849 s total)
[theorycollection] Average computation time:
   flamingo.inference.masked_ps.MaskedTSZTheory : 0.0165498 s (65454 evaluations, 1083.25 s total)
[mcmc]  - Acceptance rate: 0.473
[mcmc]  - Convergence of means: R-1 = 0.018579 after 25696 accepted steps
[mcmc]  - Updated covariance matrix of proposal pdf.
[mcmc] Learn + convergence test @ 32160 samples accepted.
[likelihoodcollection] Average computation time:
   flamingo.inference.masked_ps.MaskedBandPowerLikelihood : 5.35994e-05 s (65545 evaluations, 3.51317 s total)
[theorycollection] Average computation time:
   flamingo.inference.masked_ps.MaskedTSZTheory : 0.0165499 s (65545 evaluations, 1084.76 s total)
[mcmc]  - Acceptance rate: 0.473
[mcmc]  - Convergence of means: R-1 = 0.018977 after 25728 accepted steps
[mcmc]  - Updated covariance matrix of proposal pdf.
[mcmc] Learn + convergence test @ 32200 samples accepted.
[likelihoodcollection] Average computation time:
   flamingo.inference.masked_ps.MaskedBandPowerLikelihood : 5.35982e-05 s (65603 evaluations, 3.5162 s total)
[theorycollection] Average computation time:
   flamingo.inference.masked_ps.MaskedTSZTheory : 0.01655 s (65603 evaluations, 1085.73 s total)
[mcmc]  - Acceptance rate: 0.473
[mcmc]  - Convergence of means: R-1 = 0.018508 after 25760 accepted steps
[mcmc]  - Updated covariance matrix of proposal pdf.
[mcmc] Learn + convergence test @ 32240 samples accepted.
[likelihoodcollection] Average computation time:
   flamingo.inference.masked_ps.MaskedBandPowerLikelihood : 5.36003e-05 s (65673 evaluations, 3.52009 s total)
[theorycollection] Average computation time:
   flamingo.inference.masked_ps.MaskedTSZTheory : 0.0165501 s (65673 evaluations, 1086.9 s total)
[mcmc]  - Acceptance rate: 0.473
[mcmc]  - Convergence of means: R-1 = 0.017515 after 25792 accepted steps
[mcmc]  - Updated covariance matrix of proposal pdf.
[mcmc] Learn + convergence test @ 32280 samples accepted.
[likelihoodcollection] Average computation time:
   flamingo.inference.masked_ps.MaskedBandPowerLikelihood : 5.35987e-05 s (65755 evaluations, 3.52438 s total)
[theorycollection] Average computation time:
   flamingo.inference.masked_ps.MaskedTSZTheory : 0.01655 s (65755 evaluations, 1088.24 s total)
[mcmc]  - Acceptance rate: 0.473
[mcmc]  - Convergence of means: R-1 = 0.016879 after 25824 accepted steps
[mcmc]  - Updated covariance matrix of proposal pdf.
[mcmc] Learn + convergence test @ 32320 samples accepted.
[likelihoodcollection] Average computation time:
   flamingo.inference.masked_ps.MaskedBandPowerLikelihood : 5.35948e-05 s (65833 evaluations, 3.5283 s total)
[theorycollection] Average computation time:
   flamingo.inference.masked_ps.MaskedTSZTheory : 0.0165499 s (65833 evaluations, 1089.53 s total)
[mcmc]  - Acceptance rate: 0.473
[mcmc]  - Convergence of means: R-1 = 0.017981 after 25856 accepted steps
[mcmc]  - Updated covariance matrix of proposal pdf.
[mcmc] Learn + convergence test @ 32360 samples accepted.
[likelihoodcollection] Average computation time:
   flamingo.inference.masked_ps.MaskedBandPowerLikelihood : 5.35949e-05 s (65919 evaluations, 3.53292 s total)
[theorycollection] Average computation time:
   flamingo.inference.masked_ps.MaskedTSZTheory : 0.0165497 s (65919 evaluations, 1090.94 s total)
[mcmc]  - Acceptance rate: 0.473
[mcmc]  - Convergence of means: R-1 = 0.017852 after 25888 accepted steps
[mcmc]  - Updated covariance matrix of proposal pdf.
[mcmc] Learn + convergence test @ 32400 samples accepted.
[likelihoodcollection] Average computation time:
   flamingo.inference.masked_ps.MaskedBandPowerLikelihood : 5.35991e-05 s (65991 evaluations, 3.53706 s total)
[theorycollection] Average computation time:
   flamingo.inference.masked_ps.MaskedTSZTheory : 0.0165498 s (65991 evaluations, 1092.14 s total)
[mcmc]  - Acceptance rate: 0.473
[mcmc]  - Convergence of means: R-1 = 0.017922 after 25920 accepted steps
[mcmc]  - Updated covariance matrix of proposal pdf.
[mcmc] Learn + convergence test @ 32440 samples accepted.
[likelihoodcollection] Average computation time:
   flamingo.inference.masked_ps.MaskedBandPowerLikelihood : 5.35989e-05 s (66066 evaluations, 3.54106 s total)
[theorycollection] Average computation time:
   flamingo.inference.masked_ps.MaskedTSZTheory : 0.0165496 s (66066 evaluations, 1093.36 s total)
[mcmc]  - Acceptance rate: 0.473
[mcmc]  - Convergence of means: R-1 = 0.016995 after 25952 accepted steps
[mcmc]  - Updated covariance matrix of proposal pdf.
[mcmc] Learn + convergence test @ 32480 samples accepted.
[likelihoodcollection] Average computation time:
   flamingo.inference.masked_ps.MaskedBandPowerLikelihood : 5.36004e-05 s (66149 evaluations, 3.54561 s total)
[theorycollection] Average computation time:
   flamingo.inference.masked_ps.MaskedTSZTheory : 0.0165499 s (66149 evaluations, 1094.76 s total)
[mcmc]  - Acceptance rate: 0.473
[mcmc]  - Convergence of means: R-1 = 0.017068 after 25984 accepted steps
[mcmc]  - Updated covariance matrix of proposal pdf.
[mcmc] Learn + convergence test @ 32520 samples accepted.
[likelihoodcollection] Average computation time:
   flamingo.inference.masked_ps.MaskedBandPowerLikelihood : 5.35991e-05 s (66241 evaluations, 3.55046 s total)
[theorycollection] Average computation time:
   flamingo.inference.masked_ps.MaskedTSZTheory : 0.0165495 s (66241 evaluations, 1096.26 s total)
[mcmc]  - Acceptance rate: 0.473
[mcmc]  - Convergence of means: R-1 = 0.017744 after 26016 accepted steps
[mcmc]  - Updated covariance matrix of proposal pdf.
[mcmc] Learn + convergence test @ 32560 samples accepted.
[likelihoodcollection] Average computation time:
   flamingo.inference.masked_ps.MaskedBandPowerLikelihood : 5.35976e-05 s (66300 evaluations, 3.55352 s total)
[theorycollection] Average computation time:
   flamingo.inference.masked_ps.MaskedTSZTheory : 0.016549 s (66300 evaluations, 1097.2 s total)
[mcmc]  - Acceptance rate: 0.473
[mcmc]  - Convergence of means: R-1 = 0.017774 after 26048 accepted steps
[mcmc]  - Updated covariance matrix of proposal pdf.
[mcmc] Learn + convergence test @ 32600 samples accepted.
[likelihoodcollection] Average computation time:
   flamingo.inference.masked_ps.MaskedBandPowerLikelihood : 5.35931e-05 s (66390 evaluations, 3.55805 s total)
[theorycollection] Average computation time:
   flamingo.inference.masked_ps.MaskedTSZTheory : 0.016549 s (66390 evaluations, 1098.69 s total)
[mcmc]  - Acceptance rate: 0.473
[mcmc]  - Convergence of means: R-1 = 0.018058 after 26080 accepted steps
[mcmc]  - Updated covariance matrix of proposal pdf.
[mcmc] Learn + convergence test @ 32640 samples accepted.
[likelihoodcollection] Average computation time:
   flamingo.inference.masked_ps.MaskedBandPowerLikelihood : 5.35894e-05 s (66473 evaluations, 3.56224 s total)
[theorycollection] Average computation time:
   flamingo.inference.masked_ps.MaskedTSZTheory : 0.0165486 s (66473 evaluations, 1100.04 s total)
[mcmc]  - Acceptance rate: 0.473
[mcmc]  - Convergence of means: R-1 = 0.018297 after 26112 accepted steps
[mcmc]  - Updated covariance matrix of proposal pdf.
[mcmc] Learn + convergence test @ 32680 samples accepted.
[likelihoodcollection] Average computation time:
   flamingo.inference.masked_ps.MaskedBandPowerLikelihood : 5.35876e-05 s (66547 evaluations, 3.5661 s total)
[theorycollection] Average computation time:
   flamingo.inference.masked_ps.MaskedTSZTheory : 0.0165482 s (66547 evaluations, 1101.23 s total)
[mcmc]  - Acceptance rate: 0.473
[mcmc]  - Convergence of means: R-1 = 0.018902 after 26144 accepted steps
[mcmc]  - Updated covariance matrix of proposal pdf.
[mcmc] Learn + convergence test @ 32720 samples accepted.
[likelihoodcollection] Average computation time:
   flamingo.inference.masked_ps.MaskedBandPowerLikelihood : 5.35855e-05 s (66627 evaluations, 3.57024 s total)
[theorycollection] Average computation time:
   flamingo.inference.masked_ps.MaskedTSZTheory : 0.0165477 s (66627 evaluations, 1102.52 s total)
[mcmc]  - Acceptance rate: 0.473
[mcmc]  - Convergence of means: R-1 = 0.018633 after 26176 accepted steps
[mcmc]  - Updated covariance matrix of proposal pdf.
[mcmc] Learn + convergence test @ 32760 samples accepted.
[likelihoodcollection] Average computation time:
   flamingo.inference.masked_ps.MaskedBandPowerLikelihood : 5.35924e-05 s (66710 evaluations, 3.57515 s total)
[theorycollection] Average computation time:
   flamingo.inference.masked_ps.MaskedTSZTheory : 0.016548 s (66710 evaluations, 1103.92 s total)
[mcmc]  - Acceptance rate: 0.473
[mcmc]  - Convergence of means: R-1 = 0.018952 after 26208 accepted steps
[mcmc]  - Updated covariance matrix of proposal pdf.
[mcmc] Learn + convergence test @ 32800 samples accepted.
[likelihoodcollection] Average computation time:
   flamingo.inference.masked_ps.MaskedBandPowerLikelihood : 5.35919e-05 s (66796 evaluations, 3.57972 s total)
[theorycollection] Average computation time:
   flamingo.inference.masked_ps.MaskedTSZTheory : 0.0165482 s (66796 evaluations, 1105.35 s total)
[mcmc]  - Acceptance rate: 0.473
[mcmc]  - Convergence of means: R-1 = 0.019695 after 26240 accepted steps
[mcmc]  - Updated covariance matrix of proposal pdf.
[mcmc] Learn + convergence test @ 32840 samples accepted.
[likelihoodcollection] Average computation time:
   flamingo.inference.masked_ps.MaskedBandPowerLikelihood : 5.35886e-05 s (66873 evaluations, 3.58363 s total)
[theorycollection] Average computation time:
   flamingo.inference.masked_ps.MaskedTSZTheory : 0.0165482 s (66873 evaluations, 1106.63 s total)
[mcmc]  - Acceptance rate: 0.473
[mcmc]  - Convergence of means: R-1 = 0.020184 after 26272 accepted steps
[mcmc]  - Updated covariance matrix of proposal pdf.
[mcmc] Learn + convergence test @ 32880 samples accepted.
[likelihoodcollection] Average computation time:
   flamingo.inference.masked_ps.MaskedBandPowerLikelihood : 5.35921e-05 s (66954 evaluations, 3.58821 s total)
[theorycollection] Average computation time:
   flamingo.inference.masked_ps.MaskedTSZTheory : 0.0165485 s (66954 evaluations, 1107.99 s total)
[mcmc]  - Acceptance rate: 0.473
[mcmc]  - Convergence of means: R-1 = 0.019334 after 26304 accepted steps
[mcmc]  - Updated covariance matrix of proposal pdf.
[mcmc] Learn + convergence test @ 32920 samples accepted.
[likelihoodcollection] Average computation time:
   flamingo.inference.masked_ps.MaskedBandPowerLikelihood : 5.3593e-05 s (67048 evaluations, 3.5933 s total)
[theorycollection] Average computation time:
   flamingo.inference.masked_ps.MaskedTSZTheory : 0.0165487 s (67048 evaluations, 1109.55 s total)
[mcmc]  - Acceptance rate: 0.473
[mcmc]  - Convergence of means: R-1 = 0.018464 after 26336 accepted steps
[mcmc]  - Updated covariance matrix of proposal pdf.
[mcmc] Learn + convergence test @ 32960 samples accepted.
[likelihoodcollection] Average computation time:
   flamingo.inference.masked_ps.MaskedBandPowerLikelihood : 5.35937e-05 s (67139 evaluations, 3.59823 s total)
[theorycollection] Average computation time:
   flamingo.inference.masked_ps.MaskedTSZTheory : 0.0165486 s (67139 evaluations, 1111.06 s total)
[mcmc]  - Acceptance rate: 0.473
[mcmc]  - Convergence of means: R-1 = 0.018074 after 26368 accepted steps
[mcmc]  - Updated covariance matrix of proposal pdf.
[mcmc] Learn + convergence test @ 33000 samples accepted.
[likelihoodcollection] Average computation time:
   flamingo.inference.masked_ps.MaskedBandPowerLikelihood : 5.35944e-05 s (67207 evaluations, 3.60192 s total)
[theorycollection] Average computation time:
   flamingo.inference.masked_ps.MaskedTSZTheory : 0.0165479 s (67207 evaluations, 1112.13 s total)
[mcmc]  - Acceptance rate: 0.473
[mcmc]  - Convergence of means: R-1 = 0.017796 after 26400 accepted steps
[mcmc]  - Updated covariance matrix of proposal pdf.
[mcmc] Learn + convergence test @ 33040 samples accepted.
[likelihoodcollection] Average computation time:
   flamingo.inference.masked_ps.MaskedBandPowerLikelihood : 5.35947e-05 s (67288 evaluations, 3.60628 s total)
[theorycollection] Average computation time:
   flamingo.inference.masked_ps.MaskedTSZTheory : 0.016548 s (67288 evaluations, 1113.48 s total)
[mcmc]  - Acceptance rate: 0.473
[mcmc]  - Convergence of means: R-1 = 0.017291 after 26432 accepted steps
[mcmc]  - Updated covariance matrix of proposal pdf.
[mcmc] Progress @ 2026-08-03 02:08:29 : 69885 steps taken, and 33052 accepted.
[mcmc] Learn + convergence test @ 33080 samples accepted.
[likelihoodcollection] Average computation time:
   flamingo.inference.masked_ps.MaskedBandPowerLikelihood : 5.36031e-05 s (67388 evaluations, 3.61221 s total)
[theorycollection] Average computation time:
   flamingo.inference.masked_ps.MaskedTSZTheory : 0.016548 s (67388 evaluations, 1115.14 s total)
[mcmc]  - Acceptance rate: 0.473
[mcmc]  - Convergence of means: R-1 = 0.015976 after 26464 accepted steps
[mcmc]  - Updated covariance matrix of proposal pdf.
[mcmc] Learn + convergence test @ 33120 samples accepted.
[likelihoodcollection] Average computation time:
   flamingo.inference.masked_ps.MaskedBandPowerLikelihood : 5.35994e-05 s (67456 evaluations, 3.6156 s total)
[theorycollection] Average computation time:
   flamingo.inference.masked_ps.MaskedTSZTheory : 0.0165481 s (67456 evaluations, 1116.27 s total)
[mcmc]  - Acceptance rate: 0.473
[mcmc]  - Convergence of means: R-1 = 0.016059 after 26496 accepted steps
[mcmc]  - Updated covariance matrix of proposal pdf.
[mcmc] Learn + convergence test @ 33160 samples accepted.
[likelihoodcollection] Average computation time:
   flamingo.inference.masked_ps.MaskedBandPowerLikelihood : 5.35961e-05 s (67540 evaluations, 3.61988 s total)
[theorycollection] Average computation time:
   flamingo.inference.masked_ps.MaskedTSZTheory : 0.0165482 s (67540 evaluations, 1117.66 s total)
[mcmc]  - Acceptance rate: 0.473
[mcmc]  - Convergence of means: R-1 = 0.015924 after 26528 accepted steps
[mcmc]  - Updated covariance matrix of proposal pdf.
[mcmc] Learn + convergence test @ 33200 samples accepted.
[likelihoodcollection] Average computation time:
   flamingo.inference.masked_ps.MaskedBandPowerLikelihood : 5.35996e-05 s (67619 evaluations, 3.62435 s total)
[theorycollection] Average computation time:
   flamingo.inference.masked_ps.MaskedTSZTheory : 0.0165485 s (67619 evaluations, 1118.99 s total)
[mcmc]  - Acceptance rate: 0.473
[mcmc]  - Convergence of means: R-1 = 0.015838 after 26560 accepted steps
[mcmc]  - Updated covariance matrix of proposal pdf.
[mcmc] Learn + convergence test @ 33240 samples accepted.
[likelihoodcollection] Average computation time:
   flamingo.inference.masked_ps.MaskedBandPowerLikelihood : 5.36021e-05 s (67721 evaluations, 3.62999 s total)
[theorycollection] Average computation time:
   flamingo.inference.masked_ps.MaskedTSZTheory : 0.0165488 s (67721 evaluations, 1120.7 s total)
[mcmc]  - Acceptance rate: 0.473
[mcmc]  - Convergence of means: R-1 = 0.015961 after 26592 accepted steps
[mcmc]  - Updated covariance matrix of proposal pdf.
[mcmc] Learn + convergence test @ 33280 samples accepted.
[likelihoodcollection] Average computation time:
   flamingo.inference.masked_ps.MaskedBandPowerLikelihood : 5.36014e-05 s (67798 evaluations, 3.63407 s total)
[theorycollection] Average computation time:
   flamingo.inference.masked_ps.MaskedTSZTheory : 0.016549 s (67798 evaluations, 1121.99 s total)
[mcmc]  - Acceptance rate: 0.473
[mcmc]  - Convergence of means: R-1 = 0.016462 after 26624 accepted steps
[mcmc]  - Updated covariance matrix of proposal pdf.
[mcmc] Learn + convergence test @ 33320 samples accepted.
[likelihoodcollection] Average computation time:
   flamingo.inference.masked_ps.MaskedBandPowerLikelihood : 5.36041e-05 s (67859 evaluations, 3.63752 s total)
[theorycollection] Average computation time:
   flamingo.inference.masked_ps.MaskedTSZTheory : 0.0165493 s (67859 evaluations, 1123.02 s total)
[mcmc]  - Acceptance rate: 0.473
[mcmc]  - Convergence of means: R-1 = 0.015961 after 26656 accepted steps
[mcmc]  - Updated covariance matrix of proposal pdf.
[mcmc] Learn + convergence test @ 33360 samples accepted.
[likelihoodcollection] Average computation time:
   flamingo.inference.masked_ps.MaskedBandPowerLikelihood : 5.36078e-05 s (67945 evaluations, 3.64238 s total)
[theorycollection] Average computation time:
   flamingo.inference.masked_ps.MaskedTSZTheory : 0.0165497 s (67945 evaluations, 1124.47 s total)
[mcmc]  - Acceptance rate: 0.473
[mcmc]  - Convergence of means: R-1 = 0.015597 after 26688 accepted steps
[mcmc]  - Updated covariance matrix of proposal pdf.
[mcmc] Learn + convergence test @ 33400 samples accepted.
[likelihoodcollection] Average computation time:
   flamingo.inference.masked_ps.MaskedBandPowerLikelihood : 5.36154e-05 s (68039 evaluations, 3.64794 s total)
[theorycollection] Average computation time:
   flamingo.inference.masked_ps.MaskedTSZTheory : 0.0165497 s (68039 evaluations, 1126.02 s total)
[mcmc]  - Acceptance rate: 0.473
[mcmc]  - Convergence of means: R-1 = 0.018214 after 26720 accepted steps
[mcmc]  - Updated covariance matrix of proposal pdf.
[mcmc] Learn + convergence test @ 33440 samples accepted.
[likelihoodcollection] Average computation time:
   flamingo.inference.masked_ps.MaskedBandPowerLikelihood : 5.36172e-05 s (68137 evaluations, 3.65332 s total)
[theorycollection] Average computation time:
   flamingo.inference.masked_ps.MaskedTSZTheory : 0.0165495 s (68137 evaluations, 1127.64 s total)
[mcmc]  - Acceptance rate: 0.473
[mcmc]  - Convergence of means: R-1 = 0.020840 after 26752 accepted steps
[mcmc]  - Updated covariance matrix of proposal pdf.
[mcmc] Learn + convergence test @ 33480 samples accepted.
[likelihoodcollection] Average computation time:
   flamingo.inference.masked_ps.MaskedBandPowerLikelihood : 5.36139e-05 s (68213 evaluations, 3.65716 s total)
[theorycollection] Average computation time:
   flamingo.inference.masked_ps.MaskedTSZTheory : 0.0165498 s (68213 evaluations, 1128.91 s total)
[mcmc]  - Acceptance rate: 0.473
[mcmc]  - Convergence of means: R-1 = 0.023570 after 26784 accepted steps
[mcmc]  - Updated covariance matrix of proposal pdf.
[mcmc] Learn + convergence test @ 33520 samples accepted.
[likelihoodcollection] Average computation time:
   flamingo.inference.masked_ps.MaskedBandPowerLikelihood : 5.36128e-05 s (68293 evaluations, 3.66138 s total)
[theorycollection] Average computation time:
   flamingo.inference.masked_ps.MaskedTSZTheory : 0.0165498 s (68293 evaluations, 1130.24 s total)
[mcmc]  - Acceptance rate: 0.473
[mcmc]  - Convergence of means: R-1 = 0.023596 after 26816 accepted steps
[mcmc]  - Updated covariance matrix of proposal pdf.
[mcmc] Learn + convergence test @ 33560 samples accepted.
[likelihoodcollection] Average computation time:
   flamingo.inference.masked_ps.MaskedBandPowerLikelihood : 5.3611e-05 s (68367 evaluations, 3.66522 s total)
[theorycollection] Average computation time:
   flamingo.inference.masked_ps.MaskedTSZTheory : 0.0165498 s (68367 evaluations, 1131.46 s total)
[mcmc]  - Acceptance rate: 0.473
[mcmc]  - Convergence of means: R-1 = 0.024366 after 26848 accepted steps
[mcmc]  - Updated covariance matrix of proposal pdf.
[mcmc] Learn + convergence test @ 33600 samples accepted.
[likelihoodcollection] Average computation time:
   flamingo.inference.masked_ps.MaskedBandPowerLikelihood : 5.3609e-05 s (68449 evaluations, 3.66948 s total)
[theorycollection] Average computation time:
   flamingo.inference.masked_ps.MaskedTSZTheory : 0.0165499 s (68449 evaluations, 1132.82 s total)
[mcmc]  - Acceptance rate: 0.473
[mcmc]  - Convergence of means: R-1 = 0.024812 after 26880 accepted steps
[mcmc]  - Updated covariance matrix of proposal pdf.
[mcmc] Learn + convergence test @ 33640 samples accepted.
[likelihoodcollection] Average computation time:
   flamingo.inference.masked_ps.MaskedBandPowerLikelihood : 5.36064e-05 s (68531 evaluations, 3.6737 s total)
[theorycollection] Average computation time:
   flamingo.inference.masked_ps.MaskedTSZTheory : 0.0165497 s (68531 evaluations, 1134.17 s total)
[mcmc]  - Acceptance rate: 0.473
[mcmc]  - Convergence of means: R-1 = 0.025776 after 26912 accepted steps
[mcmc]  - Updated covariance matrix of proposal pdf.
[mcmc] Learn + convergence test @ 33680 samples accepted.
[likelihoodcollection] Average computation time:
   flamingo.inference.masked_ps.MaskedBandPowerLikelihood : 5.36096e-05 s (68605 evaluations, 3.67789 s total)
[theorycollection] Average computation time:
   flamingo.inference.masked_ps.MaskedTSZTheory : 0.0165498 s (68605 evaluations, 1135.4 s total)
[mcmc]  - Acceptance rate: 0.473
[mcmc]  - Convergence of means: R-1 = 0.025450 after 26944 accepted steps
[mcmc]  - Updated covariance matrix of proposal pdf.
[mcmc] Learn + convergence test @ 33720 samples accepted.
[likelihoodcollection] Average computation time:
   flamingo.inference.masked_ps.MaskedBandPowerLikelihood : 5.36129e-05 s (68687 evaluations, 3.68251 s total)
[theorycollection] Average computation time:
   flamingo.inference.masked_ps.MaskedTSZTheory : 0.01655 s (68687 evaluations, 1136.77 s total)
[mcmc]  - Acceptance rate: 0.473
[mcmc]  - Convergence of means: R-1 = 0.026442 after 26976 accepted steps
[mcmc]  - Updated covariance matrix of proposal pdf.
[mcmc] Learn + convergence test @ 33760 samples accepted.
[likelihoodcollection] Average computation time:
   flamingo.inference.masked_ps.MaskedBandPowerLikelihood : 5.36159e-05 s (68762 evaluations, 3.68674 s total)
[theorycollection] Average computation time:
   flamingo.inference.masked_ps.MaskedTSZTheory : 0.0165504 s (68762 evaluations, 1138.04 s total)
[mcmc]  - Acceptance rate: 0.473
[mcmc]  - Convergence of means: R-1 = 0.025542 after 27008 accepted steps
[mcmc]  - Updated covariance matrix of proposal pdf.
[mcmc] Learn + convergence test @ 33800 samples accepted.
[likelihoodcollection] Average computation time:
   flamingo.inference.masked_ps.MaskedBandPowerLikelihood : 5.36176e-05 s (68852 evaluations, 3.69168 s total)
[theorycollection] Average computation time:
   flamingo.inference.masked_ps.MaskedTSZTheory : 0.0165502 s (68852 evaluations, 1139.51 s total)
[mcmc]  - Acceptance rate: 0.473
[mcmc]  - Convergence of means: R-1 = 0.026180 after 27040 accepted steps
[mcmc]  - Updated covariance matrix of proposal pdf.
[mcmc] Learn + convergence test @ 33840 samples accepted.
[likelihoodcollection] Average computation time:
   flamingo.inference.masked_ps.MaskedBandPowerLikelihood : 5.3619e-05 s (68929 evaluations, 3.6959 s total)
[theorycollection] Average computation time:
   flamingo.inference.masked_ps.MaskedTSZTheory : 0.0165501 s (68929 evaluations, 1140.78 s total)
[mcmc]  - Acceptance rate: 0.473
[mcmc]  - Convergence of means: R-1 = 0.026928 after 27072 accepted steps
[mcmc]  - Updated covariance matrix of proposal pdf.
[mcmc] Learn + convergence test @ 33880 samples accepted.
[likelihoodcollection] Average computation time:
   flamingo.inference.masked_ps.MaskedBandPowerLikelihood : 5.3618e-05 s (69015 evaluations, 3.70045 s total)
[theorycollection] Average computation time:
   flamingo.inference.masked_ps.MaskedTSZTheory : 0.0165501 s (69015 evaluations, 1142.21 s total)
[mcmc]  - Acceptance rate: 0.473
[mcmc]  - Convergence of means: R-1 = 0.027419 after 27104 accepted steps
[mcmc]  - Updated covariance matrix of proposal pdf.
[mcmc] Learn + convergence test @ 33920 samples accepted.
[likelihoodcollection] Average computation time:
   flamingo.inference.masked_ps.MaskedBandPowerLikelihood : 5.36182e-05 s (69091 evaluations, 3.70454 s total)
[theorycollection] Average computation time:
   flamingo.inference.masked_ps.MaskedTSZTheory : 0.0165505 s (69091 evaluations, 1143.49 s total)
[mcmc]  - Acceptance rate: 0.473
[mcmc]  - Convergence of means: R-1 = 0.027076 after 27136 accepted steps
[mcmc]  - Updated covariance matrix of proposal pdf.
[mcmc] Learn + convergence test @ 33960 samples accepted.
[likelihoodcollection] Average computation time:
   flamingo.inference.masked_ps.MaskedBandPowerLikelihood : 5.36199e-05 s (69179 evaluations, 3.70937 s total)
[theorycollection] Average computation time:
   flamingo.inference.masked_ps.MaskedTSZTheory : 0.0165511 s (69179 evaluations, 1144.99 s total)
[mcmc]  - Acceptance rate: 0.473
[mcmc]  - Convergence of means: R-1 = 0.026249 after 27168 accepted steps
[mcmc]  - Updated covariance matrix of proposal pdf.
[mcmc] Learn + convergence test @ 34000 samples accepted.
[likelihoodcollection] Average computation time:
   flamingo.inference.masked_ps.MaskedBandPowerLikelihood : 5.36194e-05 s (69284 evaluations, 3.71497 s total)
[theorycollection] Average computation time:
   flamingo.inference.masked_ps.MaskedTSZTheory : 0.0165508 s (69284 evaluations, 1146.7 s total)
[mcmc]  - Acceptance rate: 0.473
[mcmc]  - Convergence of means: R-1 = 0.025721 after 27200 accepted steps
[mcmc]  - Updated covariance matrix of proposal pdf.
[mcmc] Learn + convergence test @ 34040 samples accepted.
[likelihoodcollection] Average computation time:
   flamingo.inference.masked_ps.MaskedBandPowerLikelihood : 5.362e-05 s (69372 evaluations, 3.71972 s total)
[theorycollection] Average computation time:
   flamingo.inference.masked_ps.MaskedTSZTheory : 0.0165506 s (69372 evaluations, 1148.15 s total)
[mcmc]  - Acceptance rate: 0.473
[mcmc]  - Convergence of means: R-1 = 0.025108 after 27232 accepted steps
[mcmc]  - Updated covariance matrix of proposal pdf.
[mcmc] Learn + convergence test @ 34080 samples accepted.
[likelihoodcollection] Average computation time:
   flamingo.inference.masked_ps.MaskedBandPowerLikelihood : 5.3624e-05 s (69452 evaluations, 3.72429 s total)
[theorycollection] Average computation time:
   flamingo.inference.masked_ps.MaskedTSZTheory : 0.0165505 s (69452 evaluations, 1149.47 s total)
[mcmc]  - Acceptance rate: 0.473
[mcmc]  - Convergence of means: R-1 = 0.025983 after 27264 accepted steps
[mcmc]  - Updated covariance matrix of proposal pdf.
[mcmc] Learn + convergence test @ 34120 samples accepted.
[likelihoodcollection] Average computation time:
   flamingo.inference.masked_ps.MaskedBandPowerLikelihood : 5.36179e-05 s (69522 evaluations, 3.72762 s total)
[theorycollection] Average computation time:
   flamingo.inference.masked_ps.MaskedTSZTheory : 0.0165497 s (69522 evaluations, 1150.57 s total)
[mcmc]  - Acceptance rate: 0.473
[mcmc]  - Convergence of means: R-1 = 0.024683 after 27296 accepted steps
[mcmc]  - Updated covariance matrix of proposal pdf.
[mcmc] Learn + convergence test @ 34160 samples accepted.
[likelihoodcollection] Average computation time:
   flamingo.inference.masked_ps.MaskedBandPowerLikelihood : 5.36211e-05 s (69608 evaluations, 3.73246 s total)
[theorycollection] Average computation time:
   flamingo.inference.masked_ps.MaskedTSZTheory : 0.0165499 s (69608 evaluations, 1152 s total)
[mcmc]  - Acceptance rate: 0.473
[mcmc]  - Convergence of means: R-1 = 0.024519 after 27328 accepted steps
[mcmc]  - Updated covariance matrix of proposal pdf.
[mcmc] Learn + convergence test @ 34200 samples accepted.
[likelihoodcollection] Average computation time:
   flamingo.inference.masked_ps.MaskedBandPowerLikelihood : 5.36216e-05 s (69693 evaluations, 3.73705 s total)
[theorycollection] Average computation time:
   flamingo.inference.masked_ps.MaskedTSZTheory : 0.0165502 s (69693 evaluations, 1153.43 s total)
[mcmc]  - Acceptance rate: 0.473
[mcmc]  - Convergence of means: R-1 = 0.025267 after 27360 accepted steps
[mcmc]  - Updated covariance matrix of proposal pdf.
[mcmc] Learn + convergence test @ 34240 samples accepted.
[likelihoodcollection] Average computation time:
   flamingo.inference.masked_ps.MaskedBandPowerLikelihood : 5.36233e-05 s (69772 evaluations, 3.7414 s total)
[theorycollection] Average computation time:
   flamingo.inference.masked_ps.MaskedTSZTheory : 0.0165505 s (69772 evaluations, 1154.76 s total)
[mcmc]  - Acceptance rate: 0.473
[mcmc]  - Convergence of means: R-1 = 0.024771 after 27392 accepted steps
[mcmc]  - Updated covariance matrix of proposal pdf.
[mcmc] Learn + convergence test @ 34280 samples accepted.
[likelihoodcollection] Average computation time:
   flamingo.inference.masked_ps.MaskedBandPowerLikelihood : 5.36268e-05 s (69856 evaluations, 3.74615 s total)
[theorycollection] Average computation time:
   flamingo.inference.masked_ps.MaskedTSZTheory : 0.0165502 s (69856 evaluations, 1156.13 s total)
[mcmc]  - Acceptance rate: 0.473
[mcmc]  - Convergence of means: R-1 = 0.025669 after 27424 accepted steps
[mcmc]  - Updated covariance matrix of proposal pdf.
[mcmc] Learn + convergence test @ 34320 samples accepted.
[likelihoodcollection] Average computation time:
   flamingo.inference.masked_ps.MaskedBandPowerLikelihood : 5.36266e-05 s (69941 evaluations, 3.7507 s total)
[theorycollection] Average computation time:
   flamingo.inference.masked_ps.MaskedTSZTheory : 0.0165501 s (69941 evaluations, 1157.53 s total)
[mcmc]  - Acceptance rate: 0.473
[mcmc]  - Convergence of means: R-1 = 0.026490 after 27456 accepted steps
[mcmc]  - Updated covariance matrix of proposal pdf.
[mcmc] Learn + convergence test @ 34360 samples accepted.
[likelihoodcollection] Average computation time:
   flamingo.inference.masked_ps.MaskedBandPowerLikelihood : 5.3623e-05 s (70018 evaluations, 3.75458 s total)
[theorycollection] Average computation time:
   flamingo.inference.masked_ps.MaskedTSZTheory : 0.0165498 s (70018 evaluations, 1158.78 s total)
[mcmc]  - Acceptance rate: 0.473
[mcmc]  - Convergence of means: R-1 = 0.026274 after 27488 accepted steps
[mcmc]  - Updated covariance matrix of proposal pdf.
[mcmc] Learn + convergence test @ 34400 samples accepted.
[likelihoodcollection] Average computation time:
   flamingo.inference.masked_ps.MaskedBandPowerLikelihood : 5.36254e-05 s (70100 evaluations, 3.75914 s total)
[theorycollection] Average computation time:
   flamingo.inference.masked_ps.MaskedTSZTheory : 0.0165499 s (70100 evaluations, 1160.15 s total)
[mcmc]  - Acceptance rate: 0.473
[mcmc]  - Convergence of means: R-1 = 0.026006 after 27520 accepted steps
[mcmc]  - Updated covariance matrix of proposal pdf.
[mcmc] Learn + convergence test @ 34440 samples accepted.
[likelihoodcollection] Average computation time:
   flamingo.inference.masked_ps.MaskedBandPowerLikelihood : 5.36264e-05 s (70184 evaluations, 3.76372 s total)
[theorycollection] Average computation time:
   flamingo.inference.masked_ps.MaskedTSZTheory : 0.01655 s (70184 evaluations, 1161.54 s total)
[mcmc]  - Acceptance rate: 0.473
[mcmc]  - Convergence of means: R-1 = 0.025653 after 27552 accepted steps
[mcmc]  - Updated covariance matrix of proposal pdf.
[mcmc] Learn + convergence test @ 34480 samples accepted.
[likelihoodcollection] Average computation time:
   flamingo.inference.masked_ps.MaskedBandPowerLikelihood : 5.3628e-05 s (70257 evaluations, 3.76774 s total)
[theorycollection] Average computation time:
   flamingo.inference.masked_ps.MaskedTSZTheory : 0.0165499 s (70257 evaluations, 1162.75 s total)
[mcmc]  - Acceptance rate: 0.473
[mcmc]  - Convergence of means: R-1 = 0.024865 after 27584 accepted steps
[mcmc]  - Updated covariance matrix of proposal pdf.
[mcmc] Learn + convergence test @ 34520 samples accepted.
[likelihoodcollection] Average computation time:
   flamingo.inference.masked_ps.MaskedBandPowerLikelihood : 5.3631e-05 s (70333 evaluations, 3.77203 s total)
[theorycollection] Average computation time:
   flamingo.inference.masked_ps.MaskedTSZTheory : 0.01655 s (70333 evaluations, 1164.01 s total)
[mcmc]  - Acceptance rate: 0.473
[mcmc]  - Convergence of means: R-1 = 0.024604 after 27616 accepted steps
[mcmc]  - Updated covariance matrix of proposal pdf.
[mcmc] Learn + convergence test @ 34560 samples accepted.
[likelihoodcollection] Average computation time:
   flamingo.inference.masked_ps.MaskedBandPowerLikelihood : 5.36288e-05 s (70422 evaluations, 3.77665 s total)
[theorycollection] Average computation time:
   flamingo.inference.masked_ps.MaskedTSZTheory : 0.0165501 s (70422 evaluations, 1165.49 s total)
[mcmc]  - Acceptance rate: 0.473
[mcmc]  - Convergence of means: R-1 = 0.023688 after 27648 accepted steps
[mcmc]  - Updated covariance matrix of proposal pdf.
[mcmc] Learn + convergence test @ 34600 samples accepted.
[likelihoodcollection] Average computation time:
   flamingo.inference.masked_ps.MaskedBandPowerLikelihood : 5.36306e-05 s (70507 evaluations, 3.78133 s total)
[theorycollection] Average computation time:
   flamingo.inference.masked_ps.MaskedTSZTheory : 0.0165504 s (70507 evaluations, 1166.92 s total)
[mcmc]  - Acceptance rate: 0.473
[mcmc]  - Convergence of means: R-1 = 0.023662 after 27680 accepted steps
[mcmc]  - Updated covariance matrix of proposal pdf.
[mcmc] Learn + convergence test @ 34640 samples accepted.
[likelihoodcollection] Average computation time:
   flamingo.inference.masked_ps.MaskedBandPowerLikelihood : 5.36307e-05 s (70594 evaluations, 3.78601 s total)
[theorycollection] Average computation time:
   flamingo.inference.masked_ps.MaskedTSZTheory : 0.0165506 s (70594 evaluations, 1168.37 s total)
[mcmc]  - Acceptance rate: 0.473
[mcmc]  - Convergence of means: R-1 = 0.023002 after 27712 accepted steps
[mcmc]  - Updated covariance matrix of proposal pdf.
[mcmc] Learn + convergence test @ 34680 samples accepted.
[likelihoodcollection] Average computation time:
   flamingo.inference.masked_ps.MaskedBandPowerLikelihood : 5.36292e-05 s (70670 evaluations, 3.78998 s total)
[theorycollection] Average computation time:
   flamingo.inference.masked_ps.MaskedTSZTheory : 0.0165505 s (70670 evaluations, 1169.62 s total)
[mcmc]  - Acceptance rate: 0.473
[mcmc]  - Convergence of means: R-1 = 0.023250 after 27744 accepted steps
[mcmc]  - Updated covariance matrix of proposal pdf.
[mcmc] Learn + convergence test @ 34720 samples accepted.
[likelihoodcollection] Average computation time:
   flamingo.inference.masked_ps.MaskedBandPowerLikelihood : 5.36313e-05 s (70759 evaluations, 3.7949 s total)
[theorycollection] Average computation time:
   flamingo.inference.masked_ps.MaskedTSZTheory : 0.0165504 s (70759 evaluations, 1171.09 s total)
[mcmc]  - Acceptance rate: 0.473
[mcmc]  - Convergence of means: R-1 = 0.023526 after 27776 accepted steps
[mcmc]  - Updated covariance matrix of proposal pdf.
[mcmc] Learn + convergence test @ 34760 samples accepted.
[likelihoodcollection] Average computation time:
   flamingo.inference.masked_ps.MaskedBandPowerLikelihood : 5.36326e-05 s (70831 evaluations, 3.79885 s total)
[theorycollection] Average computation time:
   flamingo.inference.masked_ps.MaskedTSZTheory : 0.0165511 s (70831 evaluations, 1172.33 s total)
[mcmc]  - Acceptance rate: 0.473
[mcmc]  - Convergence of means: R-1 = 0.023003 after 27808 accepted steps
[mcmc]  - Updated covariance matrix of proposal pdf.
[mcmc] Progress @ 2026-08-03 02:09:29 : 73486 steps taken, and 34768 accepted.
[mcmc] Learn + convergence test @ 34800 samples accepted.
[likelihoodcollection] Average computation time:
   flamingo.inference.masked_ps.MaskedBandPowerLikelihood : 5.3629e-05 s (70917 evaluations, 3.80321 s total)
[theorycollection] Average computation time:
   flamingo.inference.masked_ps.MaskedTSZTheory : 0.0165507 s (70917 evaluations, 1173.72 s total)
[mcmc]  - Acceptance rate: 0.473
[mcmc]  - Convergence of means: R-1 = 0.023428 after 27840 accepted steps
[mcmc]  - Updated covariance matrix of proposal pdf.
[mcmc] Learn + convergence test @ 34840 samples accepted.
[likelihoodcollection] Average computation time:
   flamingo.inference.masked_ps.MaskedBandPowerLikelihood : 5.36286e-05 s (70996 evaluations, 3.80742 s total)
[theorycollection] Average computation time:
   flamingo.inference.masked_ps.MaskedTSZTheory : 0.0165506 s (70996 evaluations, 1175.03 s total)
[mcmc]  - Acceptance rate: 0.473
[mcmc]  - Convergence of means: R-1 = 0.022810 after 27872 accepted steps
[mcmc]  - Updated covariance matrix of proposal pdf.
[mcmc] Learn + convergence test @ 34880 samples accepted.
[likelihoodcollection] Average computation time:
   flamingo.inference.masked_ps.MaskedBandPowerLikelihood : 5.36265e-05 s (71083 evaluations, 3.81193 s total)
[theorycollection] Average computation time:
   flamingo.inference.masked_ps.MaskedTSZTheory : 0.0165505 s (71083 evaluations, 1176.46 s total)
[mcmc]  - Acceptance rate: 0.473
[mcmc]  - Convergence of means: R-1 = 0.023872 after 27904 accepted steps
[mcmc]  - Updated covariance matrix of proposal pdf.
[mcmc] Learn + convergence test @ 34920 samples accepted.
[likelihoodcollection] Average computation time:
   flamingo.inference.masked_ps.MaskedBandPowerLikelihood : 5.36278e-05 s (71155 evaluations, 3.81588 s total)
[theorycollection] Average computation time:
   flamingo.inference.masked_ps.MaskedTSZTheory : 0.0165504 s (71155 evaluations, 1177.65 s total)
[mcmc]  - Acceptance rate: 0.473
[mcmc]  - Convergence of means: R-1 = 0.024789 after 27936 accepted steps
[mcmc]  - Updated covariance matrix of proposal pdf.
[mcmc] Learn + convergence test @ 34960 samples accepted.
[likelihoodcollection] Average computation time:
   flamingo.inference.masked_ps.MaskedBandPowerLikelihood : 5.3624e-05 s (71258 evaluations, 3.82114 s total)
[theorycollection] Average computation time:
   flamingo.inference.masked_ps.MaskedTSZTheory : 0.0165503 s (71258 evaluations, 1179.34 s total)
[mcmc]  - Acceptance rate: 0.473
[mcmc]  - Convergence of means: R-1 = 0.025074 after 27968 accepted steps
[mcmc]  - Updated covariance matrix of proposal pdf.
[mcmc] Learn + convergence test @ 35000 samples accepted.
[likelihoodcollection] Average computation time:
   flamingo.inference.masked_ps.MaskedBandPowerLikelihood : 5.36262e-05 s (71347 evaluations, 3.82607 s total)
[theorycollection] Average computation time:
   flamingo.inference.masked_ps.MaskedTSZTheory : 0.0165504 s (71347 evaluations, 1180.82 s total)
[mcmc]  - Acceptance rate: 0.473
[mcmc]  - Convergence of means: R-1 = 0.026570 after 28000 accepted steps
[mcmc]  - Updated covariance matrix of proposal pdf.
[mcmc] Learn + convergence test @ 35040 samples accepted.
[likelihoodcollection] Average computation time:
   flamingo.inference.masked_ps.MaskedBandPowerLikelihood : 5.36274e-05 s (71445 evaluations, 3.83141 s total)
[theorycollection] Average computation time:
   flamingo.inference.masked_ps.MaskedTSZTheory : 0.0165503 s (71445 evaluations, 1182.44 s total)
[mcmc]  - Acceptance rate: 0.473
[mcmc]  - Convergence of means: R-1 = 0.029382 after 28032 accepted steps
[mcmc]  - Updated covariance matrix of proposal pdf.
[mcmc] Learn + convergence test @ 35080 samples accepted.
[likelihoodcollection] Average computation time:
   flamingo.inference.masked_ps.MaskedBandPowerLikelihood : 5.36305e-05 s (71530 evaluations, 3.83619 s total)
[theorycollection] Average computation time:
   flamingo.inference.masked_ps.MaskedTSZTheory : 0.0165506 s (71530 evaluations, 1183.87 s total)
[mcmc]  - Acceptance rate: 0.473
[mcmc]  - Convergence of means: R-1 = 0.030418 after 28064 accepted steps
[mcmc]  - Updated covariance matrix of proposal pdf.
[mcmc] Learn + convergence test @ 35120 samples accepted.
[likelihoodcollection] Average computation time:
   flamingo.inference.masked_ps.MaskedBandPowerLikelihood : 5.36343e-05 s (71618 evaluations, 3.84118 s total)
[theorycollection] Average computation time:
   flamingo.inference.masked_ps.MaskedTSZTheory : 0.0165506 s (71618 evaluations, 1185.32 s total)
[mcmc]  - Acceptance rate: 0.473
[mcmc]  - Convergence of means: R-1 = 0.030980 after 28096 accepted steps
[mcmc]  - Updated covariance matrix of proposal pdf.
[mcmc] Learn + convergence test @ 35160 samples accepted.
[likelihoodcollection] Average computation time:
   flamingo.inference.masked_ps.MaskedBandPowerLikelihood : 5.36335e-05 s (71721 evaluations, 3.84665 s total)
[theorycollection] Average computation time:
   flamingo.inference.masked_ps.MaskedTSZTheory : 0.0165505 s (71721 evaluations, 1187.02 s total)
[mcmc]  - Acceptance rate: 0.472
[mcmc]  - Convergence of means: R-1 = 0.032270 after 28128 accepted steps
[mcmc]  - Updated covariance matrix of proposal pdf.
[mcmc] Learn + convergence test @ 35200 samples accepted.
[likelihoodcollection] Average computation time:
   flamingo.inference.masked_ps.MaskedBandPowerLikelihood : 5.3633e-05 s (71807 evaluations, 3.85123 s total)
[theorycollection] Average computation time:
   flamingo.inference.masked_ps.MaskedTSZTheory : 0.0165507 s (71807 evaluations, 1188.46 s total)
[mcmc]  - Acceptance rate: 0.472
[mcmc]  - Convergence of means: R-1 = 0.031662 after 28160 accepted steps
[mcmc]  - Updated covariance matrix of proposal pdf.
[mcmc] Learn + convergence test @ 35240 samples accepted.
[likelihoodcollection] Average computation time:
   flamingo.inference.masked_ps.MaskedBandPowerLikelihood : 5.3633e-05 s (71896 evaluations, 3.856 s total)
[theorycollection] Average computation time:
   flamingo.inference.masked_ps.MaskedTSZTheory : 0.0165512 s (71896 evaluations, 1189.96 s total)
[mcmc]  - Acceptance rate: 0.472
[mcmc]  - Convergence of means: R-1 = 0.031078 after 28192 accepted steps
[mcmc]  - Updated covariance matrix of proposal pdf.
[mcmc] Learn + convergence test @ 35280 samples accepted.
[likelihoodcollection] Average computation time:
   flamingo.inference.masked_ps.MaskedBandPowerLikelihood : 5.36329e-05 s (71977 evaluations, 3.86034 s total)
[theorycollection] Average computation time:
   flamingo.inference.masked_ps.MaskedTSZTheory : 0.0165511 s (71977 evaluations, 1191.3 s total)
[mcmc]  - Acceptance rate: 0.472
[mcmc]  - Convergence of means: R-1 = 0.031434 after 28224 accepted steps
[mcmc]  - Updated covariance matrix of proposal pdf.
[mcmc] Learn + convergence test @ 35320 samples accepted.
[likelihoodcollection] Average computation time:
   flamingo.inference.masked_ps.MaskedBandPowerLikelihood : 5.36302e-05 s (72042 evaluations, 3.86363 s total)
[theorycollection] Average computation time:
   flamingo.inference.masked_ps.MaskedTSZTheory : 0.0165509 s (72042 evaluations, 1192.36 s total)
[mcmc]  - Acceptance rate: 0.472
[mcmc]  - Convergence of means: R-1 = 0.031157 after 28256 accepted steps
[mcmc]  - Updated covariance matrix of proposal pdf.
[mcmc] Learn + convergence test @ 35360 samples accepted.
[likelihoodcollection] Average computation time:
   flamingo.inference.masked_ps.MaskedBandPowerLikelihood : 5.36309e-05 s (72126 evaluations, 3.86818 s total)
[theorycollection] Average computation time:
   flamingo.inference.masked_ps.MaskedTSZTheory : 0.0165509 s (72126 evaluations, 1193.75 s total)
[mcmc]  - Acceptance rate: 0.472
[mcmc]  - Convergence of means: R-1 = 0.030848 after 28288 accepted steps
[mcmc]  - Updated covariance matrix of proposal pdf.
[mcmc] Learn + convergence test @ 35400 samples accepted.
[likelihoodcollection] Average computation time:
   flamingo.inference.masked_ps.MaskedBandPowerLikelihood : 5.36375e-05 s (72202 evaluations, 3.87274 s total)
[theorycollection] Average computation time:
   flamingo.inference.masked_ps.MaskedTSZTheory : 0.0165515 s (72202 evaluations, 1195.05 s total)
[mcmc]  - Acceptance rate: 0.473
[mcmc]  - Convergence of means: R-1 = 0.027546 after 28320 accepted steps
[mcmc]  - Updated covariance matrix of proposal pdf.
[mcmc] Learn + convergence test @ 35440 samples accepted.
[likelihoodcollection] Average computation time:
   flamingo.inference.masked_ps.MaskedBandPowerLikelihood : 5.36461e-05 s (72285 evaluations, 3.87781 s total)
[theorycollection] Average computation time:
   flamingo.inference.masked_ps.MaskedTSZTheory : 0.0165514 s (72285 evaluations, 1196.41 s total)
[mcmc]  - Acceptance rate: 0.473
[mcmc]  - Convergence of means: R-1 = 0.027510 after 28352 accepted steps
[mcmc]  - Updated covariance matrix of proposal pdf.
[mcmc] Learn + convergence test @ 35480 samples accepted.
[likelihoodcollection] Average computation time:
   flamingo.inference.masked_ps.MaskedBandPowerLikelihood : 5.36481e-05 s (72361 evaluations, 3.88203 s total)
[theorycollection] Average computation time:
   flamingo.inference.masked_ps.MaskedTSZTheory : 0.0165517 s (72361 evaluations, 1197.7 s total)
[mcmc]  - Acceptance rate: 0.473
[mcmc]  - Convergence of means: R-1 = 0.028568 after 28384 accepted steps
[mcmc]  - Updated covariance matrix of proposal pdf.
[mcmc] Learn + convergence test @ 35520 samples accepted.
[likelihoodcollection] Average computation time:
   flamingo.inference.masked_ps.MaskedBandPowerLikelihood : 5.36468e-05 s (72436 evaluations, 3.88596 s total)
[theorycollection] Average computation time:
   flamingo.inference.masked_ps.MaskedTSZTheory : 0.0165516 s (72436 evaluations, 1198.93 s total)
[mcmc]  - Acceptance rate: 0.473
[mcmc]  - Convergence of means: R-1 = 0.028479 after 28416 accepted steps
[mcmc]  - Updated covariance matrix of proposal pdf.
[mcmc] Learn + convergence test @ 35560 samples accepted.
[likelihoodcollection] Average computation time:
   flamingo.inference.masked_ps.MaskedBandPowerLikelihood : 5.36435e-05 s (72514 evaluations, 3.88991 s total)
[theorycollection] Average computation time:
   flamingo.inference.masked_ps.MaskedTSZTheory : 0.0165514 s (72514 evaluations, 1200.21 s total)
[mcmc]  - Acceptance rate: 0.473
[mcmc]  - Convergence of means: R-1 = 0.029035 after 28448 accepted steps
[mcmc]  - Updated covariance matrix of proposal pdf.
[mcmc] Learn + convergence test @ 35600 samples accepted.
[likelihoodcollection] Average computation time:
   flamingo.inference.masked_ps.MaskedBandPowerLikelihood : 5.36458e-05 s (72591 evaluations, 3.8942 s total)
[theorycollection] Average computation time:
   flamingo.inference.masked_ps.MaskedTSZTheory : 0.0165515 s (72591 evaluations, 1201.49 s total)
[mcmc]  - Acceptance rate: 0.473
[mcmc]  - Convergence of means: R-1 = 0.030345 after 28480 accepted steps
[mcmc]  - Updated covariance matrix of proposal pdf.
[mcmc] Learn + convergence test @ 35640 samples accepted.
[likelihoodcollection] Average computation time:
   flamingo.inference.masked_ps.MaskedBandPowerLikelihood : 5.36465e-05 s (72680 evaluations, 3.89902 s total)
[theorycollection] Average computation time:
   flamingo.inference.masked_ps.MaskedTSZTheory : 0.0165514 s (72680 evaluations, 1202.95 s total)
[mcmc]  - Acceptance rate: 0.473
[mcmc]  - Convergence of means: R-1 = 0.030978 after 28512 accepted steps
[mcmc]  - Updated covariance matrix of proposal pdf.
[mcmc] Learn + convergence test @ 35680 samples accepted.
[likelihoodcollection] Average computation time:
   flamingo.inference.masked_ps.MaskedBandPowerLikelihood : 5.3644e-05 s (72770 evaluations, 3.90367 s total)
[theorycollection] Average computation time:
   flamingo.inference.masked_ps.MaskedTSZTheory : 0.0165515 s (72770 evaluations, 1204.45 s total)
[mcmc]  - Acceptance rate: 0.473
[mcmc]  - Convergence of means: R-1 = 0.034409 after 28544 accepted steps
[mcmc]  - Updated covariance matrix of proposal pdf.
[mcmc] Learn + convergence test @ 35720 samples accepted.
[likelihoodcollection] Average computation time:
   flamingo.inference.masked_ps.MaskedBandPowerLikelihood : 5.36438e-05 s (72860 evaluations, 3.90849 s total)
[theorycollection] Average computation time:
   flamingo.inference.masked_ps.MaskedTSZTheory : 0.0165517 s (72860 evaluations, 1205.95 s total)
[mcmc]  - Acceptance rate: 0.473
[mcmc]  - Convergence of means: R-1 = 0.036388 after 28576 accepted steps
[mcmc]  - Updated covariance matrix of proposal pdf.
[mcmc] Learn + convergence test @ 35760 samples accepted.
[likelihoodcollection] Average computation time:
   flamingo.inference.masked_ps.MaskedBandPowerLikelihood : 5.36452e-05 s (72948 evaluations, 3.91331 s total)
[theorycollection] Average computation time:
   flamingo.inference.masked_ps.MaskedTSZTheory : 0.0165518 s (72948 evaluations, 1207.42 s total)
[mcmc]  - Acceptance rate: 0.473
[mcmc]  - Convergence of means: R-1 = 0.036306 after 28608 accepted steps
[mcmc]  - Updated covariance matrix of proposal pdf.
[mcmc] Learn + convergence test @ 35800 samples accepted.
[likelihoodcollection] Average computation time:
   flamingo.inference.masked_ps.MaskedBandPowerLikelihood : 5.36496e-05 s (73030 evaluations, 3.91803 s total)
[theorycollection] Average computation time:
   flamingo.inference.masked_ps.MaskedTSZTheory : 0.0165518 s (73030 evaluations, 1208.78 s total)
[mcmc]  - Acceptance rate: 0.473
[mcmc]  - Convergence of means: R-1 = 0.035774 after 28640 accepted steps
[mcmc]  - Updated covariance matrix of proposal pdf.
[mcmc] Learn + convergence test @ 35840 samples accepted.
[likelihoodcollection] Average computation time:
   flamingo.inference.masked_ps.MaskedBandPowerLikelihood : 5.36517e-05 s (73114 evaluations, 3.92269 s total)
[theorycollection] Average computation time:
   flamingo.inference.masked_ps.MaskedTSZTheory : 0.0165523 s (73114 evaluations, 1210.21 s total)
[mcmc]  - Acceptance rate: 0.473
[mcmc]  - Convergence of means: R-1 = 0.033333 after 28672 accepted steps
[mcmc]  - Updated covariance matrix of proposal pdf.
[mcmc] Learn + convergence test @ 35880 samples accepted.
[likelihoodcollection] Average computation time:
   flamingo.inference.masked_ps.MaskedBandPowerLikelihood : 5.36535e-05 s (73212 evaluations, 3.92808 s total)
[theorycollection] Average computation time:
   flamingo.inference.masked_ps.MaskedTSZTheory : 0.0165525 s (73212 evaluations, 1211.84 s total)
[mcmc]  - Acceptance rate: 0.472
[mcmc]  - Convergence of means: R-1 = 0.032653 after 28704 accepted steps
[mcmc]  - Updated covariance matrix of proposal pdf.
[mcmc] Learn + convergence test @ 35920 samples accepted.
[likelihoodcollection] Average computation time:
   flamingo.inference.masked_ps.MaskedBandPowerLikelihood : 5.3652e-05 s (73291 evaluations, 3.93221 s total)
[theorycollection] Average computation time:
   flamingo.inference.masked_ps.MaskedTSZTheory : 0.0165523 s (73291 evaluations, 1213.13 s total)
[mcmc]  - Acceptance rate: 0.473
[mcmc]  - Convergence of means: R-1 = 0.031378 after 28736 accepted steps
[mcmc]  - Updated covariance matrix of proposal pdf.
[mcmc] Learn + convergence test @ 35960 samples accepted.
[likelihoodcollection] Average computation time:
   flamingo.inference.masked_ps.MaskedBandPowerLikelihood : 5.36509e-05 s (73356 evaluations, 3.93562 s total)
[theorycollection] Average computation time:
   flamingo.inference.masked_ps.MaskedTSZTheory : 0.0165523 s (73356 evaluations, 1214.21 s total)
[mcmc]  - Acceptance rate: 0.473
[mcmc]  - Convergence of means: R-1 = 0.031660 after 28768 accepted steps
[mcmc]  - Updated covariance matrix of proposal pdf.
[mcmc] Learn + convergence test @ 36000 samples accepted.
[likelihoodcollection] Average computation time:
   flamingo.inference.masked_ps.MaskedBandPowerLikelihood : 5.36573e-05 s (73423 evaluations, 3.93968 s total)
[theorycollection] Average computation time:
   flamingo.inference.masked_ps.MaskedTSZTheory : 0.0165526 s (73423 evaluations, 1215.34 s total)
[mcmc]  - Acceptance rate: 0.473
[mcmc]  - Convergence of means: R-1 = 0.030670 after 28800 accepted steps
[mcmc]  - Updated covariance matrix of proposal pdf.
[mcmc] Learn + convergence test @ 36040 samples accepted.
[likelihoodcollection] Average computation time:
   flamingo.inference.masked_ps.MaskedBandPowerLikelihood : 5.36569e-05 s (73496 evaluations, 3.94357 s total)
[theorycollection] Average computation time:
   flamingo.inference.masked_ps.MaskedTSZTheory : 0.0165525 s (73496 evaluations, 1216.55 s total)
[mcmc]  - Acceptance rate: 0.473
[mcmc]  - Convergence of means: R-1 = 0.031524 after 28832 accepted steps
[mcmc]  - Updated covariance matrix of proposal pdf.
[mcmc] Learn + convergence test @ 36080 samples accepted.
[likelihoodcollection] Average computation time:
   flamingo.inference.masked_ps.MaskedBandPowerLikelihood : 5.36528e-05 s (73592 evaluations, 3.94841 s total)
[theorycollection] Average computation time:
   flamingo.inference.masked_ps.MaskedTSZTheory : 0.0165526 s (73592 evaluations, 1218.14 s total)
[mcmc]  - Acceptance rate: 0.473
[mcmc]  - Convergence of means: R-1 = 0.032650 after 28864 accepted steps
[mcmc]  - Updated covariance matrix of proposal pdf.
[mcmc] Learn + convergence test @ 36120 samples accepted.
[likelihoodcollection] Average computation time:
   flamingo.inference.masked_ps.MaskedBandPowerLikelihood : 5.36526e-05 s (73674 evaluations, 3.9528 s total)
[theorycollection] Average computation time:
   flamingo.inference.masked_ps.MaskedTSZTheory : 0.0165526 s (73674 evaluations, 1219.49 s total)
[mcmc]  - Acceptance rate: 0.473
[mcmc]  - Convergence of means: R-1 = 0.033326 after 28896 accepted steps
[mcmc]  - Updated covariance matrix of proposal pdf.
[mcmc] Learn + convergence test @ 36160 samples accepted.
[likelihoodcollection] Average computation time:
   flamingo.inference.masked_ps.MaskedBandPowerLikelihood : 5.36523e-05 s (73739 evaluations, 3.95627 s total)
[theorycollection] Average computation time:
   flamingo.inference.masked_ps.MaskedTSZTheory : 0.0165529 s (73739 evaluations, 1220.6 s total)
[mcmc]  - Acceptance rate: 0.473
[mcmc]  - Convergence of means: R-1 = 0.031403 after 28928 accepted steps
[mcmc]  - Updated covariance matrix of proposal pdf.
[mcmc] Learn + convergence test @ 36200 samples accepted.
[likelihoodcollection] Average computation time:
   flamingo.inference.masked_ps.MaskedBandPowerLikelihood : 5.36444e-05 s (73846 evaluations, 3.96143 s total)
[theorycollection] Average computation time:
   flamingo.inference.masked_ps.MaskedTSZTheory : 0.0165525 s (73846 evaluations, 1222.34 s total)
[mcmc]  - Acceptance rate: 0.473
[mcmc]  - Convergence of means: R-1 = 0.031543 after 28960 accepted steps
[mcmc]  - Updated covariance matrix of proposal pdf.
[mcmc] Learn + convergence test @ 36240 samples accepted.
[likelihoodcollection] Average computation time:
   flamingo.inference.masked_ps.MaskedBandPowerLikelihood : 5.36422e-05 s (73937 evaluations, 3.96614 s total)
[theorycollection] Average computation time:
   flamingo.inference.masked_ps.MaskedTSZTheory : 0.0165527 s (73937 evaluations, 1223.86 s total)
[mcmc]  - Acceptance rate: 0.473
[mcmc]  - Convergence of means: R-1 = 0.030829 after 28992 accepted steps
[mcmc]  - Updated covariance matrix of proposal pdf.
[mcmc] Learn + convergence test @ 36280 samples accepted.
[likelihoodcollection] Average computation time:
   flamingo.inference.masked_ps.MaskedBandPowerLikelihood : 5.36426e-05 s (74012 evaluations, 3.9702 s total)
[theorycollection] Average computation time:
   flamingo.inference.masked_ps.MaskedTSZTheory : 0.0165528 s (74012 evaluations, 1225.11 s total)
[mcmc]  - Acceptance rate: 0.473
[mcmc]  - Convergence of means: R-1 = 0.031752 after 29024 accepted steps
[mcmc]  - Updated covariance matrix of proposal pdf.
[mcmc] Learn + convergence test @ 36320 samples accepted.
[likelihoodcollection] Average computation time:
   flamingo.inference.masked_ps.MaskedBandPowerLikelihood : 5.36415e-05 s (74106 evaluations, 3.97516 s total)
[theorycollection] Average computation time:
   flamingo.inference.masked_ps.MaskedTSZTheory : 0.0165529 s (74106 evaluations, 1226.67 s total)
[mcmc]  - Acceptance rate: 0.473
[mcmc]  - Convergence of means: R-1 = 0.030412 after 29056 accepted steps
[mcmc]  - Updated covariance matrix of proposal pdf.
[mcmc] Learn + convergence test @ 36360 samples accepted.
[likelihoodcollection] Average computation time:
   flamingo.inference.masked_ps.MaskedBandPowerLikelihood : 5.3645e-05 s (74203 evaluations, 3.98062 s total)
[theorycollection] Average computation time:
   flamingo.inference.masked_ps.MaskedTSZTheory : 0.0165527 s (74203 evaluations, 1228.26 s total)
[mcmc]  - Acceptance rate: 0.473
[mcmc]  - Convergence of means: R-1 = 0.029961 after 29088 accepted steps
[mcmc]  - Updated covariance matrix of proposal pdf.
[mcmc] Learn + convergence test @ 36400 samples accepted.
[likelihoodcollection] Average computation time:
   flamingo.inference.masked_ps.MaskedBandPowerLikelihood : 5.36435e-05 s (74281 evaluations, 3.9847 s total)
[theorycollection] Average computation time:
   flamingo.inference.masked_ps.MaskedTSZTheory : 0.0165527 s (74281 evaluations, 1229.55 s total)
[mcmc]  - Acceptance rate: 0.473
[mcmc]  - Convergence of means: R-1 = 0.029787 after 29120 accepted steps
[mcmc]  - Updated covariance matrix of proposal pdf.
[mcmc] Learn + convergence test @ 36440 samples accepted.
[likelihoodcollection] Average computation time:
   flamingo.inference.masked_ps.MaskedBandPowerLikelihood : 5.36437e-05 s (74352 evaluations, 3.98852 s total)
[theorycollection] Average computation time:
   flamingo.inference.masked_ps.MaskedTSZTheory : 0.0165524 s (74352 evaluations, 1230.71 s total)
[mcmc]  - Acceptance rate: 0.473
[mcmc]  - Convergence of means: R-1 = 0.030280 after 29152 accepted steps
[mcmc]  - Updated covariance matrix of proposal pdf.
[mcmc] Progress @ 2026-08-03 02:10:29 : 77087 steps taken, and 36447 accepted.
[mcmc] Learn + convergence test @ 36480 samples accepted.
[likelihoodcollection] Average computation time:
   flamingo.inference.masked_ps.MaskedBandPowerLikelihood : 5.36397e-05 s (74445 evaluations, 3.99321 s total)
[theorycollection] Average computation time:
   flamingo.inference.masked_ps.MaskedTSZTheory : 0.0165523 s (74445 evaluations, 1232.24 s total)
[mcmc]  - Acceptance rate: 0.473
[mcmc]  - Convergence of means: R-1 = 0.029631 after 29184 accepted steps
[mcmc]  - Updated covariance matrix of proposal pdf.
[mcmc] Learn + convergence test @ 36520 samples accepted.
[likelihoodcollection] Average computation time:
   flamingo.inference.masked_ps.MaskedBandPowerLikelihood : 5.36375e-05 s (74528 evaluations, 3.99749 s total)
[theorycollection] Average computation time:
   flamingo.inference.masked_ps.MaskedTSZTheory : 0.0165522 s (74528 evaluations, 1233.6 s total)
[mcmc]  - Acceptance rate: 0.473
[mcmc]  - Convergence of means: R-1 = 0.028636 after 29216 accepted steps
[mcmc]  - Updated covariance matrix of proposal pdf.
[mcmc] Learn + convergence test @ 36560 samples accepted.
[likelihoodcollection] Average computation time:
   flamingo.inference.masked_ps.MaskedBandPowerLikelihood : 5.36454e-05 s (74601 evaluations, 4.002 s total)
[theorycollection] Average computation time:
   flamingo.inference.masked_ps.MaskedTSZTheory : 0.0165525 s (74601 evaluations, 1234.83 s total)
[mcmc]  - Acceptance rate: 0.473
[mcmc]  - Convergence of means: R-1 = 0.028292 after 29248 accepted steps
[mcmc]  - Updated covariance matrix of proposal pdf.
[mcmc] Learn + convergence test @ 36600 samples accepted.
[likelihoodcollection] Average computation time:
   flamingo.inference.masked_ps.MaskedBandPowerLikelihood : 5.36489e-05 s (74695 evaluations, 4.0073 s total)
[theorycollection] Average computation time:
   flamingo.inference.masked_ps.MaskedTSZTheory : 0.0165526 s (74695 evaluations, 1236.4 s total)
[mcmc]  - Acceptance rate: 0.473
[mcmc]  - Convergence of means: R-1 = 0.025950 after 29280 accepted steps
[mcmc]  - Updated covariance matrix of proposal pdf.
[mcmc] Learn + convergence test @ 36640 samples accepted.
[likelihoodcollection] Average computation time:
   flamingo.inference.masked_ps.MaskedBandPowerLikelihood : 5.36483e-05 s (74785 evaluations, 4.01209 s total)
[theorycollection] Average computation time:
   flamingo.inference.masked_ps.MaskedTSZTheory : 0.0165528 s (74785 evaluations, 1237.9 s total)
[mcmc]  - Acceptance rate: 0.473
[mcmc]  - Convergence of means: R-1 = 0.027078 after 29312 accepted steps
[mcmc]  - Updated covariance matrix of proposal pdf.
[mcmc] Learn + convergence test @ 36680 samples accepted.
[likelihoodcollection] Average computation time:
   flamingo.inference.masked_ps.MaskedBandPowerLikelihood : 5.36461e-05 s (74861 evaluations, 4.016 s total)
[theorycollection] Average computation time:
   flamingo.inference.masked_ps.MaskedTSZTheory : 0.0165529 s (74861 evaluations, 1239.16 s total)
[mcmc]  - Acceptance rate: 0.473
[mcmc]  - Convergence of means: R-1 = 0.027078 after 29344 accepted steps
[mcmc]  - Updated covariance matrix of proposal pdf.
[mcmc] Learn + convergence test @ 36720 samples accepted.
[likelihoodcollection] Average computation time:
   flamingo.inference.masked_ps.MaskedBandPowerLikelihood : 5.36466e-05 s (74949 evaluations, 4.02076 s total)
[theorycollection] Average computation time:
   flamingo.inference.masked_ps.MaskedTSZTheory : 0.0165532 s (74949 evaluations, 1240.64 s total)
[mcmc]  - Acceptance rate: 0.473
[mcmc]  - Convergence of means: R-1 = 0.027060 after 29376 accepted steps
[mcmc]  - Updated covariance matrix of proposal pdf.
[mcmc] Learn + convergence test @ 36760 samples accepted.
[likelihoodcollection] Average computation time:
   flamingo.inference.masked_ps.MaskedBandPowerLikelihood : 5.36489e-05 s (75025 evaluations, 4.02501 s total)
[theorycollection] Average computation time:
   flamingo.inference.masked_ps.MaskedTSZTheory : 0.0165532 s (75025 evaluations, 1241.9 s total)
[mcmc]  - Acceptance rate: 0.472
[mcmc]  - Convergence of means: R-1 = 0.026251 after 29408 accepted steps
[mcmc]  - Updated covariance matrix of proposal pdf.
[mcmc] Learn + convergence test @ 36800 samples accepted.
[likelihoodcollection] Average computation time:
   flamingo.inference.masked_ps.MaskedBandPowerLikelihood : 5.36479e-05 s (75103 evaluations, 4.02912 s total)
[theorycollection] Average computation time:
   flamingo.inference.masked_ps.MaskedTSZTheory : 0.0165532 s (75103 evaluations, 1243.19 s total)
[mcmc]  - Acceptance rate: 0.473
[mcmc]  - Convergence of means: R-1 = 0.026867 after 29440 accepted steps
[mcmc]  - Updated covariance matrix of proposal pdf.
[mcmc] Learn + convergence test @ 36840 samples accepted.
[likelihoodcollection] Average computation time:
   flamingo.inference.masked_ps.MaskedBandPowerLikelihood : 5.36526e-05 s (75195 evaluations, 4.03441 s total)
[theorycollection] Average computation time:
   flamingo.inference.masked_ps.MaskedTSZTheory : 0.0165535 s (75195 evaluations, 1244.74 s total)
[mcmc]  - Acceptance rate: 0.472
[mcmc]  - Convergence of means: R-1 = 0.026387 after 29472 accepted steps
[mcmc]  - Updated covariance matrix of proposal pdf.
[mcmc] Learn + convergence test @ 36880 samples accepted.
[likelihoodcollection] Average computation time:
   flamingo.inference.masked_ps.MaskedBandPowerLikelihood : 5.36542e-05 s (75271 evaluations, 4.0386 s total)
[theorycollection] Average computation time:
   flamingo.inference.masked_ps.MaskedTSZTheory : 0.0165533 s (75271 evaluations, 1245.99 s total)
[mcmc]  - Acceptance rate: 0.472
[mcmc]  - Convergence of means: R-1 = 0.026562 after 29504 accepted steps
[mcmc]  - Updated covariance matrix of proposal pdf.
[mcmc] Learn + convergence test @ 36920 samples accepted.
[likelihoodcollection] Average computation time:
   flamingo.inference.masked_ps.MaskedBandPowerLikelihood : 5.36505e-05 s (75349 evaluations, 4.04251 s total)
[theorycollection] Average computation time:
   flamingo.inference.masked_ps.MaskedTSZTheory : 0.0165533 s (75349 evaluations, 1247.27 s total)
[mcmc]  - Acceptance rate: 0.472
[mcmc]  - Convergence of means: R-1 = 0.025933 after 29536 accepted steps
[mcmc]  - Updated covariance matrix of proposal pdf.
[mcmc] Learn + convergence test @ 36960 samples accepted.
[likelihoodcollection] Average computation time:
   flamingo.inference.masked_ps.MaskedBandPowerLikelihood : 5.36526e-05 s (75427 evaluations, 4.04686 s total)
[theorycollection] Average computation time:
   flamingo.inference.masked_ps.MaskedTSZTheory : 0.0165532 s (75427 evaluations, 1248.55 s total)
[mcmc]  - Acceptance rate: 0.473
[mcmc]  - Convergence of means: R-1 = 0.025044 after 29568 accepted steps
[mcmc]  - Updated covariance matrix of proposal pdf.
[mcmc] Learn + convergence test @ 37000 samples accepted.
[likelihoodcollection] Average computation time:
   flamingo.inference.masked_ps.MaskedBandPowerLikelihood : 5.36507e-05 s (75521 evaluations, 4.05176 s total)
[theorycollection] Average computation time:
   flamingo.inference.masked_ps.MaskedTSZTheory : 0.0165531 s (75521 evaluations, 1250.11 s total)
[mcmc]  - Acceptance rate: 0.472
[mcmc]  - Convergence of means: R-1 = 0.024485 after 29600 accepted steps
[mcmc]  - Updated covariance matrix of proposal pdf.
[mcmc] Learn + convergence test @ 37040 samples accepted.
[likelihoodcollection] Average computation time:
   flamingo.inference.masked_ps.MaskedBandPowerLikelihood : 5.36512e-05 s (75597 evaluations, 4.05587 s total)
[theorycollection] Average computation time:
   flamingo.inference.masked_ps.MaskedTSZTheory : 0.0165532 s (75597 evaluations, 1251.37 s total)
[mcmc]  - Acceptance rate: 0.472
[mcmc]  - Convergence of means: R-1 = 0.023953 after 29632 accepted steps
[mcmc]  - Updated covariance matrix of proposal pdf.
[mcmc] Learn + convergence test @ 37080 samples accepted.
[likelihoodcollection] Average computation time:
   flamingo.inference.masked_ps.MaskedBandPowerLikelihood : 5.36534e-05 s (75687 evaluations, 4.06087 s total)
[theorycollection] Average computation time:
   flamingo.inference.masked_ps.MaskedTSZTheory : 0.016553 s (75687 evaluations, 1252.85 s total)
[mcmc]  - Acceptance rate: 0.472
[mcmc]  - Convergence of means: R-1 = 0.024760 after 29664 accepted steps
[mcmc]  - Updated covariance matrix of proposal pdf.
[mcmc] Learn + convergence test @ 37120 samples accepted.
[likelihoodcollection] Average computation time:
   flamingo.inference.masked_ps.MaskedBandPowerLikelihood : 5.36554e-05 s (75775 evaluations, 4.06574 s total)
[theorycollection] Average computation time:
   flamingo.inference.masked_ps.MaskedTSZTheory : 0.0165532 s (75775 evaluations, 1254.32 s total)
[mcmc]  - Acceptance rate: 0.472
[mcmc]  - Convergence of means: R-1 = 0.024431 after 29696 accepted steps
[mcmc]  - Updated covariance matrix of proposal pdf.
[mcmc] Learn + convergence test @ 37160 samples accepted.
[likelihoodcollection] Average computation time:
   flamingo.inference.masked_ps.MaskedBandPowerLikelihood : 5.36607e-05 s (75850 evaluations, 4.07016 s total)
[theorycollection] Average computation time:
   flamingo.inference.masked_ps.MaskedTSZTheory : 0.0165532 s (75850 evaluations, 1255.56 s total)
[mcmc]  - Acceptance rate: 0.472
[mcmc]  - Convergence of means: R-1 = 0.023125 after 29728 accepted steps
[mcmc]  - Updated covariance matrix of proposal pdf.
[mcmc] Learn + convergence test @ 37200 samples accepted.
[likelihoodcollection] Average computation time:
   flamingo.inference.masked_ps.MaskedBandPowerLikelihood : 5.36579e-05 s (75954 evaluations, 4.07553 s total)
[theorycollection] Average computation time:
   flamingo.inference.masked_ps.MaskedTSZTheory : 0.0165529 s (75954 evaluations, 1257.26 s total)
[mcmc]  - Acceptance rate: 0.472
[mcmc]  - Convergence of means: R-1 = 0.022272 after 29760 accepted steps
[mcmc]  - Updated covariance matrix of proposal pdf.
[mcmc] Learn + convergence test @ 37240 samples accepted.
[likelihoodcollection] Average computation time:
   flamingo.inference.masked_ps.MaskedBandPowerLikelihood : 5.36548e-05 s (76029 evaluations, 4.07932 s total)
[theorycollection] Average computation time:
   flamingo.inference.masked_ps.MaskedTSZTheory : 0.016553 s (76029 evaluations, 1258.51 s total)
[mcmc]  - Acceptance rate: 0.472
[mcmc]  - Convergence of means: R-1 = 0.020349 after 29792 accepted steps
[mcmc]  - Updated covariance matrix of proposal pdf.
[mcmc] Learn + convergence test @ 37280 samples accepted.
[likelihoodcollection] Average computation time:
   flamingo.inference.masked_ps.MaskedBandPowerLikelihood : 5.36517e-05 s (76113 evaluations, 4.08359 s total)
[theorycollection] Average computation time:
   flamingo.inference.masked_ps.MaskedTSZTheory : 0.0165529 s (76113 evaluations, 1259.89 s total)
[mcmc]  - Acceptance rate: 0.472
[mcmc]  - Convergence of means: R-1 = 0.019723 after 29824 accepted steps
[mcmc]  - Updated covariance matrix of proposal pdf.
[mcmc] Learn + convergence test @ 37320 samples accepted.
[likelihoodcollection] Average computation time:
   flamingo.inference.masked_ps.MaskedBandPowerLikelihood : 5.36562e-05 s (76197 evaluations, 4.08844 s total)
[theorycollection] Average computation time:
   flamingo.inference.masked_ps.MaskedTSZTheory : 0.0165529 s (76197 evaluations, 1261.28 s total)
[mcmc]  - Acceptance rate: 0.472
[mcmc]  - Convergence of means: R-1 = 0.019467 after 29856 accepted steps
[mcmc]  - Updated covariance matrix of proposal pdf.
[mcmc] Learn + convergence test @ 37360 samples accepted.
[likelihoodcollection] Average computation time:
   flamingo.inference.masked_ps.MaskedBandPowerLikelihood : 5.36578e-05 s (76275 evaluations, 4.09275 s total)
[theorycollection] Average computation time:
   flamingo.inference.masked_ps.MaskedTSZTheory : 0.0165531 s (76275 evaluations, 1262.59 s total)
[mcmc]  - Acceptance rate: 0.472
[mcmc]  - Convergence of means: R-1 = 0.017950 after 29888 accepted steps
[mcmc]  - Updated covariance matrix of proposal pdf.
[mcmc] Learn + convergence test @ 37400 samples accepted.
[likelihoodcollection] Average computation time:
   flamingo.inference.masked_ps.MaskedBandPowerLikelihood : 5.36605e-05 s (76352 evaluations, 4.09708 s total)
[theorycollection] Average computation time:
   flamingo.inference.masked_ps.MaskedTSZTheory : 0.0165529 s (76352 evaluations, 1263.85 s total)
[mcmc]  - Acceptance rate: 0.472
[mcmc]  - Convergence of means: R-1 = 0.018065 after 29920 accepted steps
[mcmc]  - Updated covariance matrix of proposal pdf.
[mcmc] Learn + convergence test @ 37440 samples accepted.
[likelihoodcollection] Average computation time:
   flamingo.inference.masked_ps.MaskedBandPowerLikelihood : 5.36626e-05 s (76424 evaluations, 4.10111 s total)
[theorycollection] Average computation time:
   flamingo.inference.masked_ps.MaskedTSZTheory : 0.0165531 s (76424 evaluations, 1265.05 s total)
[mcmc]  - Acceptance rate: 0.472
[mcmc]  - Convergence of means: R-1 = 0.018423 after 29952 accepted steps
[mcmc]  - Updated covariance matrix of proposal pdf.
[mcmc] Learn + convergence test @ 37480 samples accepted.
[likelihoodcollection] Average computation time:
   flamingo.inference.masked_ps.MaskedBandPowerLikelihood : 5.36598e-05 s (76523 evaluations, 4.10621 s total)
[theorycollection] Average computation time:
   flamingo.inference.masked_ps.MaskedTSZTheory : 0.0165532 s (76523 evaluations, 1266.7 s total)
[mcmc]  - Acceptance rate: 0.472
[mcmc]  - Convergence of means: R-1 = 0.018438 after 29984 accepted steps
[mcmc]  - Updated covariance matrix of proposal pdf.
[mcmc] Learn + convergence test @ 37520 samples accepted.
[likelihoodcollection] Average computation time:
   flamingo.inference.masked_ps.MaskedBandPowerLikelihood : 5.36579e-05 s (76624 evaluations, 4.11148 s total)
[theorycollection] Average computation time:
   flamingo.inference.masked_ps.MaskedTSZTheory : 0.0165529 s (76624 evaluations, 1268.35 s total)
[mcmc]  - Acceptance rate: 0.472
[mcmc]  - Convergence of means: R-1 = 0.018606 after 30016 accepted steps
[mcmc]  - Updated covariance matrix of proposal pdf.
[mcmc] Learn + convergence test @ 37560 samples accepted.
[likelihoodcollection] Average computation time:
   flamingo.inference.masked_ps.MaskedBandPowerLikelihood : 5.36554e-05 s (76694 evaluations, 4.11504 s total)
[theorycollection] Average computation time:
   flamingo.inference.masked_ps.MaskedTSZTheory : 0.0165527 s (76694 evaluations, 1269.49 s total)
[mcmc]  - Acceptance rate: 0.472
[mcmc]  - Convergence of means: R-1 = 0.018045 after 30048 accepted steps
[mcmc]  - Updated covariance matrix of proposal pdf.
[mcmc] Learn + convergence test @ 37600 samples accepted.
[likelihoodcollection] Average computation time:
   flamingo.inference.masked_ps.MaskedBandPowerLikelihood : 5.36575e-05 s (76786 evaluations, 4.12014 s total)
[theorycollection] Average computation time:
   flamingo.inference.masked_ps.MaskedTSZTheory : 0.0165528 s (76786 evaluations, 1271.03 s total)
[mcmc]  - Acceptance rate: 0.472
[mcmc]  - Convergence of means: R-1 = 0.016572 after 30080 accepted steps
[mcmc]  - Updated covariance matrix of proposal pdf.
[mcmc] Learn + convergence test @ 37640 samples accepted.
[likelihoodcollection] Average computation time:
   flamingo.inference.masked_ps.MaskedBandPowerLikelihood : 5.36565e-05 s (76869 evaluations, 4.12452 s total)
[theorycollection] Average computation time:
   flamingo.inference.masked_ps.MaskedTSZTheory : 0.016553 s (76869 evaluations, 1272.41 s total)
[mcmc]  - Acceptance rate: 0.472
[mcmc]  - Convergence of means: R-1 = 0.014977 after 30112 accepted steps
[mcmc]  - Updated covariance matrix of proposal pdf.
[mcmc] Learn + convergence test @ 37680 samples accepted.
[likelihoodcollection] Average computation time:
   flamingo.inference.masked_ps.MaskedBandPowerLikelihood : 5.36595e-05 s (76956 evaluations, 4.12942 s total)
[theorycollection] Average computation time:
   flamingo.inference.masked_ps.MaskedTSZTheory : 0.0165531 s (76956 evaluations, 1273.86 s total)
[mcmc]  - Acceptance rate: 0.472
[mcmc]  - Convergence of means: R-1 = 0.014888 after 30144 accepted steps
[mcmc]  - Updated covariance matrix of proposal pdf.
[mcmc] Learn + convergence test @ 37720 samples accepted.
[likelihoodcollection] Average computation time:
   flamingo.inference.masked_ps.MaskedBandPowerLikelihood : 5.36566e-05 s (77027 evaluations, 4.133 s total)
[theorycollection] Average computation time:
   flamingo.inference.masked_ps.MaskedTSZTheory : 0.0165534 s (77027 evaluations, 1275.06 s total)
[mcmc]  - Acceptance rate: 0.472
[mcmc]  - Convergence of means: R-1 = 0.015140 after 30176 accepted steps
[mcmc]  - Updated covariance matrix of proposal pdf.
[mcmc] Learn + convergence test @ 37760 samples accepted.
[likelihoodcollection] Average computation time:
   flamingo.inference.masked_ps.MaskedBandPowerLikelihood : 5.36581e-05 s (77115 evaluations, 4.13784 s total)
[theorycollection] Average computation time:
   flamingo.inference.masked_ps.MaskedTSZTheory : 0.0165533 s (77115 evaluations, 1276.51 s total)
[mcmc]  - Acceptance rate: 0.472
[mcmc]  - Convergence of means: R-1 = 0.013581 after 30208 accepted steps
[mcmc]  - Updated covariance matrix of proposal pdf.
[mcmc] Learn + convergence test @ 37800 samples accepted.
[likelihoodcollection] Average computation time:
   flamingo.inference.masked_ps.MaskedBandPowerLikelihood : 5.36514e-05 s (77185 evaluations, 4.14109 s total)
[theorycollection] Average computation time:
   flamingo.inference.masked_ps.MaskedTSZTheory : 0.016553 s (77185 evaluations, 1277.64 s total)
[mcmc]  - Acceptance rate: 0.472
[mcmc]  - Convergence of means: R-1 = 0.013140 after 30240 accepted steps
[mcmc]  - Updated covariance matrix of proposal pdf.
[mcmc] Learn + convergence test @ 37840 samples accepted.
[likelihoodcollection] Average computation time:
   flamingo.inference.masked_ps.MaskedBandPowerLikelihood : 5.36511e-05 s (77259 evaluations, 4.14503 s total)
[theorycollection] Average computation time:
   flamingo.inference.masked_ps.MaskedTSZTheory : 0.0165531 s (77259 evaluations, 1278.87 s total)
[mcmc]  - Acceptance rate: 0.472
[mcmc]  - Convergence of means: R-1 = 0.012690 after 30272 accepted steps
[mcmc]  - Updated covariance matrix of proposal pdf.
[mcmc] Learn + convergence test @ 37880 samples accepted.
[likelihoodcollection] Average computation time:
   flamingo.inference.masked_ps.MaskedBandPowerLikelihood : 5.36511e-05 s (77339 evaluations, 4.14932 s total)
[theorycollection] Average computation time:
   flamingo.inference.masked_ps.MaskedTSZTheory : 0.0165531 s (77339 evaluations, 1280.2 s total)
[mcmc]  - Acceptance rate: 0.472
[mcmc]  - Convergence of means: R-1 = 0.012376 after 30304 accepted steps
[mcmc]  - Updated covariance matrix of proposal pdf.
[mcmc] Learn + convergence test @ 37920 samples accepted.
[likelihoodcollection] Average computation time:
   flamingo.inference.masked_ps.MaskedBandPowerLikelihood : 5.36505e-05 s (77426 evaluations, 4.15394 s total)
[theorycollection] Average computation time:
   flamingo.inference.masked_ps.MaskedTSZTheory : 0.0165535 s (77426 evaluations, 1281.67 s total)
[mcmc]  - Acceptance rate: 0.472
[mcmc]  - Convergence of means: R-1 = 0.012773 after 30336 accepted steps
[mcmc]  - Updated covariance matrix of proposal pdf.
[mcmc] Learn + convergence test @ 37960 samples accepted.
[likelihoodcollection] Average computation time:
   flamingo.inference.masked_ps.MaskedBandPowerLikelihood : 5.36473e-05 s (77514 evaluations, 4.15841 s total)
[theorycollection] Average computation time:
   flamingo.inference.masked_ps.MaskedTSZTheory : 0.0165533 s (77514 evaluations, 1283.11 s total)
[mcmc]  - Acceptance rate: 0.472
[mcmc]  - Convergence of means: R-1 = 0.013096 after 30368 accepted steps
[mcmc]  - Updated covariance matrix of proposal pdf.
[mcmc] Learn + convergence test @ 38000 samples accepted.
[likelihoodcollection] Average computation time:
   flamingo.inference.masked_ps.MaskedBandPowerLikelihood : 5.36508e-05 s (77585 evaluations, 4.1625 s total)
[theorycollection] Average computation time:
   flamingo.inference.masked_ps.MaskedTSZTheory : 0.0165534 s (77585 evaluations, 1284.3 s total)
[mcmc]  - Acceptance rate: 0.472
[mcmc]  - Convergence of means: R-1 = 0.012791 after 30400 accepted steps
[mcmc]  - Updated covariance matrix of proposal pdf.
[mcmc] Learn + convergence test @ 38040 samples accepted.
[likelihoodcollection] Average computation time:
   flamingo.inference.masked_ps.MaskedBandPowerLikelihood : 5.365e-05 s (77665 evaluations, 4.16672 s total)
[theorycollection] Average computation time:
   flamingo.inference.masked_ps.MaskedTSZTheory : 0.0165538 s (77665 evaluations, 1285.65 s total)
[mcmc]  - Acceptance rate: 0.472
[mcmc]  - Convergence of means: R-1 = 0.013427 after 30432 accepted steps
[mcmc]  - Updated covariance matrix of proposal pdf.
[mcmc] Learn + convergence test @ 38080 samples accepted.
[likelihoodcollection] Average computation time:
   flamingo.inference.masked_ps.MaskedBandPowerLikelihood : 5.36529e-05 s (77744 evaluations, 4.17119 s total)
[theorycollection] Average computation time:
   flamingo.inference.masked_ps.MaskedTSZTheory : 0.0165541 s (77744 evaluations, 1286.98 s total)
[mcmc]  - Acceptance rate: 0.473
[mcmc]  - Convergence of means: R-1 = 0.013213 after 30464 accepted steps
[mcmc]  - Updated covariance matrix of proposal pdf.
[mcmc] Learn + convergence test @ 38120 samples accepted.
[likelihoodcollection] Average computation time:
   flamingo.inference.masked_ps.MaskedBandPowerLikelihood : 5.3654e-05 s (77823 evaluations, 4.17552 s total)
[theorycollection] Average computation time:
   flamingo.inference.masked_ps.MaskedTSZTheory : 0.0165542 s (77823 evaluations, 1288.3 s total)
[mcmc]  - Acceptance rate: 0.473
[mcmc]  - Convergence of means: R-1 = 0.013104 after 30496 accepted steps
[mcmc]  - Updated covariance matrix of proposal pdf.
[mcmc] Learn + convergence test @ 38160 samples accepted.
[likelihoodcollection] Average computation time:
   flamingo.inference.masked_ps.MaskedBandPowerLikelihood : 5.3658e-05 s (77903 evaluations, 4.18012 s total)
[theorycollection] Average computation time:
   flamingo.inference.masked_ps.MaskedTSZTheory : 0.0165542 s (77903 evaluations, 1289.62 s total)
[mcmc]  - Acceptance rate: 0.473
[mcmc]  - Convergence of means: R-1 = 0.012325 after 30528 accepted steps
[mcmc]  - Updated covariance matrix of proposal pdf.
[mcmc] Progress @ 2026-08-03 02:11:29 : 80751 steps taken, and 38160 accepted.
[mcmc] Learn + convergence test @ 38200 samples accepted.
[likelihoodcollection] Average computation time:
   flamingo.inference.masked_ps.MaskedBandPowerLikelihood : 5.366e-05 s (78000 evaluations, 4.18548 s total)
[theorycollection] Average computation time:
   flamingo.inference.masked_ps.MaskedTSZTheory : 0.0165541 s (78000 evaluations, 1291.22 s total)
[mcmc]  - Acceptance rate: 0.472
[mcmc]  - Convergence of means: R-1 = 0.011834 after 30560 accepted steps
[mcmc]  - Updated covariance matrix of proposal pdf.
[mcmc] Learn + convergence test @ 38240 samples accepted.
[likelihoodcollection] Average computation time:
   flamingo.inference.masked_ps.MaskedBandPowerLikelihood : 5.36615e-05 s (78087 evaluations, 4.19026 s total)
[theorycollection] Average computation time:
   flamingo.inference.masked_ps.MaskedTSZTheory : 0.0165543 s (78087 evaluations, 1292.68 s total)
[mcmc]  - Acceptance rate: 0.472
[mcmc]  - Convergence of means: R-1 = 0.011851 after 30592 accepted steps
[mcmc]  - Updated covariance matrix of proposal pdf.
[mcmc] Learn + convergence test @ 38280 samples accepted.
[likelihoodcollection] Average computation time:
   flamingo.inference.masked_ps.MaskedBandPowerLikelihood : 5.3661e-05 s (78180 evaluations, 4.19522 s total)
[theorycollection] Average computation time:
   flamingo.inference.masked_ps.MaskedTSZTheory : 0.0165539 s (78180 evaluations, 1294.18 s total)
[mcmc]  - Acceptance rate: 0.472
[mcmc]  - Convergence of means: R-1 = 0.011890 after 30624 accepted steps
[mcmc]  - Updated covariance matrix of proposal pdf.
[mcmc] Learn + convergence test @ 38320 samples accepted.
[likelihoodcollection] Average computation time:
   flamingo.inference.masked_ps.MaskedBandPowerLikelihood : 5.36629e-05 s (78281 evaluations, 4.20078 s total)
[theorycollection] Average computation time:
   flamingo.inference.masked_ps.MaskedTSZTheory : 0.0165537 s (78281 evaluations, 1295.84 s total)
[mcmc]  - Acceptance rate: 0.472
[mcmc]  - Convergence of means: R-1 = 0.009855 after 30656 accepted steps
[mcmc]  - Updated covariance matrix of proposal pdf.
[mcmc] Learn + convergence test @ 38360 samples accepted.
[likelihoodcollection] Average computation time:
   flamingo.inference.masked_ps.MaskedBandPowerLikelihood : 5.36627e-05 s (78362 evaluations, 4.20512 s total)
[theorycollection] Average computation time:
   flamingo.inference.masked_ps.MaskedTSZTheory : 0.0165538 s (78362 evaluations, 1297.19 s total)
[mcmc]  - Acceptance rate: 0.472
[mcmc]  - Convergence of means: R-1 = 0.009991 after 30688 accepted steps
[mcmc]  - Convergence of bounds: R-1 = 0.057889 after 38360 accepted steps
[mcmc] The run has converged!
[mcmc] Sampling complete after 38360 accepted steps.
[flamingo.inference.masked_ps.maskedbandpowerlikelihood] Average evaluation time for flamingo.inference.masked_ps.MaskedBandPowerLikelihood: 5.36627e-05 s  (78362 evaluations)
[flamingo.inference.masked_ps.maskedtsztheory] Average evaluation time for flamingo.inference.masked_ps.MaskedTSZTheory: 0.0165538 s  (78362 evaluations)
