
=== qgt20 (q_cat=20.0) ===
Authorization required, but no authorization protocol specified

Authorization required, but no authorization protocol specified

Authorization required, but no authorization protocol specified

Authorization required, but no authorization protocol specified

[output] Output to be read-from/written-into folder '/scratch/scratch-lxu/flamingo_repo/chains/l1_m9_qfrommap_signal_only/qgt20', with prefix 'chain'
[mcmc] Getting initial point... (this may take a few seconds)
[mcmc] Initial point: H0:69.33265, sigma_8:0.7964961, n_s:0.9990577, omega_b:0.02542984, Omega_m:0.270157, A_SZ:-4.102777, alpha_SZ:1.104976, sigma_lnY:0.1777643
[model] Measuring speeds... (this may take a few seconds)
[model] Setting measured speeds (per sec): {flamingo.inference.masked_ps.MaskedBandPowerLikelihood: 16600.0, flamingo.inference.masked_ps.MaskedTSZTheory: 60.4}
[mcmc] Covariance matrix loaded for params ['H0', 'sigma_8', 'n_s', 'omega_b', 'Omega_m', 'A_SZ', 'alpha_SZ', 'sigma_lnY']
[mcmc] All parameters' covariance loaded from given covmat.
[mcmc] Sampling! (NB: no accepted step will be saved until 50 burn-in samples have been obtained)
[mcmc] Progress @ 2026-08-03 01:09:43 : 1 steps taken -- still burning in, 50 accepted steps left.
[mcmc] Finished burn-in phase: discarded 50 accepted steps.
[mcmc] Learn + convergence test @ 40 samples accepted.
[likelihoodcollection] Average computation time:
   flamingo.inference.masked_ps.MaskedBandPowerLikelihood : 5.41339e-05 s (232 evaluations, 0.0125591 s total)
[theorycollection] Average computation time:
   flamingo.inference.masked_ps.MaskedTSZTheory : 0.0164096 s (232 evaluations, 3.80702 s total)
[mcmc]  - Acceptance rate: 0.376
[mcmc]  - Convergence of means: R-1 = 60.645814 after 32 accepted steps
[mcmc]  - Updated covariance matrix of proposal pdf.
[mcmc] Learn + convergence test @ 80 samples accepted.
[likelihoodcollection] Average computation time:
   flamingo.inference.masked_ps.MaskedBandPowerLikelihood : 5.39394e-05 s (288 evaluations, 0.0155346 s total)
[theorycollection] Average computation time:
   flamingo.inference.masked_ps.MaskedTSZTheory : 0.0163729 s (288 evaluations, 4.7154 s total)
[mcmc]  - Acceptance rate: 0.533
[mcmc]  - Convergence of means: R-1 = 15.491534 after 64 accepted steps
[mcmc]  - Updated covariance matrix of proposal pdf.
[mcmc] Learn + convergence test @ 120 samples accepted.
[likelihoodcollection] Average computation time:
   flamingo.inference.masked_ps.MaskedBandPowerLikelihood : 5.36781e-05 s (344 evaluations, 0.0184653 s total)
[theorycollection] Average computation time:
   flamingo.inference.masked_ps.MaskedTSZTheory : 0.0163623 s (344 evaluations, 5.62863 s total)
[mcmc]  - Acceptance rate: 0.589
[mcmc]  - Convergence of means: R-1 = 22.458808 after 96 accepted steps
[mcmc]  - Updated covariance matrix of proposal pdf.
[mcmc] Learn + convergence test @ 160 samples accepted.
[likelihoodcollection] Average computation time:
   flamingo.inference.masked_ps.MaskedBandPowerLikelihood : 5.34636e-05 s (392 evaluations, 0.0209577 s total)
[theorycollection] Average computation time:
   flamingo.inference.masked_ps.MaskedTSZTheory : 0.0163744 s (392 evaluations, 6.41876 s total)
[mcmc]  - Acceptance rate: 0.719
[mcmc]  - Convergence of means: R-1 = 7.279229 after 128 accepted steps
[mcmc]  - Updated covariance matrix of proposal pdf.
[mcmc] Learn + convergence test @ 200 samples accepted.
[likelihoodcollection] Average computation time:
   flamingo.inference.masked_ps.MaskedBandPowerLikelihood : 5.3673e-05 s (439 evaluations, 0.0235624 s total)
[theorycollection] Average computation time:
   flamingo.inference.masked_ps.MaskedTSZTheory : 0.0163823 s (439 evaluations, 7.19181 s total)
[mcmc]  - Acceptance rate: 0.773
[mcmc]  - Convergence of means: R-1 = 17.185269 after 160 accepted steps
[mcmc]  - Updated covariance matrix of proposal pdf.
[mcmc] Learn + convergence test @ 240 samples accepted.
[likelihoodcollection] Average computation time:
   flamingo.inference.masked_ps.MaskedBandPowerLikelihood : 5.3715e-05 s (487 evaluations, 0.0261592 s total)
[theorycollection] Average computation time:
   flamingo.inference.masked_ps.MaskedTSZTheory : 0.0164395 s (487 evaluations, 8.00604 s total)
[mcmc]  - Acceptance rate: 0.784
[mcmc]  - Convergence of means: R-1 = 10.707575 after 192 accepted steps
[mcmc]  - Updated covariance matrix of proposal pdf.
[mcmc] Learn + convergence test @ 280 samples accepted.
[likelihoodcollection] Average computation time:
   flamingo.inference.masked_ps.MaskedBandPowerLikelihood : 5.26559e-05 s (545 evaluations, 0.0286975 s total)
[theorycollection] Average computation time:
   flamingo.inference.masked_ps.MaskedTSZTheory : 0.0163779 s (545 evaluations, 8.92595 s total)
[mcmc]  - Acceptance rate: 0.767
[mcmc]  - Convergence of means: R-1 = 12.902263 after 224 accepted steps
[mcmc]  - Updated covariance matrix of proposal pdf.
[mcmc] Learn + convergence test @ 320 samples accepted.
[likelihoodcollection] Average computation time:
   flamingo.inference.masked_ps.MaskedBandPowerLikelihood : 5.21988e-05 s (596 evaluations, 0.0311105 s total)
[theorycollection] Average computation time:
   flamingo.inference.masked_ps.MaskedTSZTheory : 0.0163909 s (596 evaluations, 9.76899 s total)
[mcmc]  - Acceptance rate: 0.769
[mcmc]  - Convergence of means: R-1 = 8.669362 after 256 accepted steps
[mcmc]  - Updated covariance matrix of proposal pdf.
[mcmc] Learn + convergence test @ 360 samples accepted.
[likelihoodcollection] Average computation time:
   flamingo.inference.masked_ps.MaskedBandPowerLikelihood : 5.21524e-05 s (652 evaluations, 0.0340034 s total)
[theorycollection] Average computation time:
   flamingo.inference.masked_ps.MaskedTSZTheory : 0.0164216 s (652 evaluations, 10.7069 s total)
[mcmc]  - Acceptance rate: 0.766
[mcmc]  - Convergence of means: R-1 = 5.673751 after 288 accepted steps
[mcmc]  - Updated covariance matrix of proposal pdf.
[mcmc] Learn + convergence test @ 400 samples accepted.
[likelihoodcollection] Average computation time:
   flamingo.inference.masked_ps.MaskedBandPowerLikelihood : 5.1686e-05 s (698 evaluations, 0.0360768 s total)
[theorycollection] Average computation time:
   flamingo.inference.masked_ps.MaskedTSZTheory : 0.01639 s (698 evaluations, 11.4402 s total)
[mcmc]  - Acceptance rate: 0.780
[mcmc]  - Convergence of means: R-1 = 4.607364 after 320 accepted steps
[mcmc]  - Updated covariance matrix of proposal pdf.
[mcmc] Learn + convergence test @ 440 samples accepted.
[likelihoodcollection] Average computation time:
   flamingo.inference.masked_ps.MaskedBandPowerLikelihood : 5.16455e-05 s (754 evaluations, 0.0389407 s total)
[theorycollection] Average computation time:
   flamingo.inference.masked_ps.MaskedTSZTheory : 0.0164045 s (754 evaluations, 12.369 s total)
[mcmc]  - Acceptance rate: 0.774
[mcmc]  - Convergence of means: R-1 = 4.668642 after 352 accepted steps
[mcmc]  - Updated covariance matrix of proposal pdf.
[mcmc] Learn + convergence test @ 480 samples accepted.
[likelihoodcollection] Average computation time:
   flamingo.inference.masked_ps.MaskedBandPowerLikelihood : 5.17918e-05 s (814 evaluations, 0.0421585 s total)
[theorycollection] Average computation time:
   flamingo.inference.masked_ps.MaskedTSZTheory : 0.0164253 s (814 evaluations, 13.3702 s total)
[mcmc]  - Acceptance rate: 0.759
[mcmc]  - Convergence of means: R-1 = 4.214205 after 384 accepted steps
[mcmc]  - Updated covariance matrix of proposal pdf.
[mcmc] Learn + convergence test @ 520 samples accepted.
[likelihoodcollection] Average computation time:
   flamingo.inference.masked_ps.MaskedBandPowerLikelihood : 5.22174e-05 s (865 evaluations, 0.045168 s total)
[theorycollection] Average computation time:
   flamingo.inference.masked_ps.MaskedTSZTheory : 0.0164453 s (865 evaluations, 14.2252 s total)
[mcmc]  - Acceptance rate: 0.759
[mcmc]  - Convergence of means: R-1 = 3.128605 after 416 accepted steps
[mcmc]  - Updated covariance matrix of proposal pdf.
[mcmc] Learn + convergence test @ 560 samples accepted.
[likelihoodcollection] Average computation time:
   flamingo.inference.masked_ps.MaskedBandPowerLikelihood : 5.22567e-05 s (943 evaluations, 0.0492781 s total)
[theorycollection] Average computation time:
   flamingo.inference.masked_ps.MaskedTSZTheory : 0.0164704 s (943 evaluations, 15.5316 s total)
[mcmc]  - Acceptance rate: 0.733
[mcmc]  - Convergence of means: R-1 = 3.663686 after 448 accepted steps
[mcmc]  - Updated covariance matrix of proposal pdf.
[mcmc] Learn + convergence test @ 600 samples accepted.
[likelihoodcollection] Average computation time:
   flamingo.inference.masked_ps.MaskedBandPowerLikelihood : 5.2479e-05 s (1016 evaluations, 0.0533186 s total)
[theorycollection] Average computation time:
   flamingo.inference.masked_ps.MaskedTSZTheory : 0.0164642 s (1016 evaluations, 16.7276 s total)
[mcmc]  - Acceptance rate: 0.714
[mcmc]  - Convergence of means: R-1 = 5.104391 after 480 accepted steps
[mcmc]  - Updated covariance matrix of proposal pdf.
[mcmc] Learn + convergence test @ 640 samples accepted.
[likelihoodcollection] Average computation time:
   flamingo.inference.masked_ps.MaskedBandPowerLikelihood : 5.2499e-05 s (1090 evaluations, 0.0572239 s total)
[theorycollection] Average computation time:
   flamingo.inference.masked_ps.MaskedTSZTheory : 0.016454 s (1090 evaluations, 17.9348 s total)
[mcmc]  - Acceptance rate: 0.695
[mcmc]  - Convergence of means: R-1 = 4.924844 after 512 accepted steps
[mcmc]  - Updated covariance matrix of proposal pdf.
[mcmc] Learn + convergence test @ 680 samples accepted.
[likelihoodcollection] Average computation time:
   flamingo.inference.masked_ps.MaskedBandPowerLikelihood : 5.28483e-05 s (1151 evaluations, 0.0608284 s total)
[theorycollection] Average computation time:
   flamingo.inference.masked_ps.MaskedTSZTheory : 0.0164755 s (1151 evaluations, 18.9633 s total)
[mcmc]  - Acceptance rate: 0.691
[mcmc]  - Convergence of means: R-1 = 4.695508 after 544 accepted steps
[mcmc]  - Updated covariance matrix of proposal pdf.
[mcmc] Learn + convergence test @ 720 samples accepted.
[likelihoodcollection] Average computation time:
   flamingo.inference.masked_ps.MaskedBandPowerLikelihood : 5.2866e-05 s (1208 evaluations, 0.0638621 s total)
[theorycollection] Average computation time:
   flamingo.inference.masked_ps.MaskedTSZTheory : 0.0164447 s (1208 evaluations, 19.8652 s total)
[mcmc]  - Acceptance rate: 0.691
[mcmc]  - Convergence of means: R-1 = 3.254617 after 576 accepted steps
[mcmc]  - Updated covariance matrix of proposal pdf.
[mcmc] Learn + convergence test @ 760 samples accepted.
[likelihoodcollection] Average computation time:
   flamingo.inference.masked_ps.MaskedBandPowerLikelihood : 5.30679e-05 s (1293 evaluations, 0.0686167 s total)
[theorycollection] Average computation time:
   flamingo.inference.masked_ps.MaskedTSZTheory : 0.0164273 s (1293 evaluations, 21.2405 s total)
[mcmc]  - Acceptance rate: 0.669
[mcmc]  - Convergence of means: R-1 = 5.627660 after 608 accepted steps
[mcmc]  - Updated covariance matrix of proposal pdf.
[mcmc] Learn + convergence test @ 800 samples accepted.
[likelihoodcollection] Average computation time:
   flamingo.inference.masked_ps.MaskedBandPowerLikelihood : 5.30323e-05 s (1382 evaluations, 0.0732906 s total)
[theorycollection] Average computation time:
   flamingo.inference.masked_ps.MaskedTSZTheory : 0.0164473 s (1382 evaluations, 22.7301 s total)
[mcmc]  - Acceptance rate: 0.646
[mcmc]  - Convergence of means: R-1 = 7.333098 after 640 accepted steps
[mcmc]  - Updated covariance matrix of proposal pdf.
[mcmc] Learn + convergence test @ 840 samples accepted.
[likelihoodcollection] Average computation time:
   flamingo.inference.masked_ps.MaskedBandPowerLikelihood : 5.30461e-05 s (1459 evaluations, 0.0773943 s total)
[theorycollection] Average computation time:
   flamingo.inference.masked_ps.MaskedTSZTheory : 0.0164698 s (1459 evaluations, 24.0295 s total)
[mcmc]  - Acceptance rate: 0.635
[mcmc]  - Convergence of means: R-1 = 6.658062 after 672 accepted steps
[mcmc]  - Updated covariance matrix of proposal pdf.
[mcmc] Learn + convergence test @ 880 samples accepted.
[likelihoodcollection] Average computation time:
   flamingo.inference.masked_ps.MaskedBandPowerLikelihood : 5.3035e-05 s (1526 evaluations, 0.0809314 s total)
[theorycollection] Average computation time:
   flamingo.inference.masked_ps.MaskedTSZTheory : 0.0164723 s (1526 evaluations, 25.1367 s total)
[mcmc]  - Acceptance rate: 0.632
[mcmc]  - Convergence of means: R-1 = 7.434638 after 704 accepted steps
[mcmc]  - Updated covariance matrix of proposal pdf.
[mcmc] Learn + convergence test @ 920 samples accepted.
[likelihoodcollection] Average computation time:
   flamingo.inference.masked_ps.MaskedBandPowerLikelihood : 5.30031e-05 s (1609 evaluations, 0.0852819 s total)
[theorycollection] Average computation time:
   flamingo.inference.masked_ps.MaskedTSZTheory : 0.0164829 s (1609 evaluations, 26.521 s total)
[mcmc]  - Acceptance rate: 0.619
[mcmc]  - Convergence of means: R-1 = 3.834532 after 736 accepted steps
[mcmc]  - Updated covariance matrix of proposal pdf.
[mcmc] Learn + convergence test @ 960 samples accepted.
[likelihoodcollection] Average computation time:
   flamingo.inference.masked_ps.MaskedBandPowerLikelihood : 5.30499e-05 s (1673 evaluations, 0.0887525 s total)
[theorycollection] Average computation time:
   flamingo.inference.masked_ps.MaskedTSZTheory : 0.0164976 s (1673 evaluations, 27.6005 s total)
[mcmc]  - Acceptance rate: 0.617
[mcmc]  - Convergence of means: R-1 = 2.599152 after 768 accepted steps
[mcmc]  - Updated covariance matrix of proposal pdf.
[mcmc] Learn + convergence test @ 1000 samples accepted.
[likelihoodcollection] Average computation time:
   flamingo.inference.masked_ps.MaskedBandPowerLikelihood : 5.32508e-05 s (1763 evaluations, 0.0938812 s total)
[theorycollection] Average computation time:
   flamingo.inference.masked_ps.MaskedTSZTheory : 0.0164972 s (1763 evaluations, 29.0845 s total)
[mcmc]  - Acceptance rate: 0.604
[mcmc]  - Convergence of means: R-1 = 3.081335 after 800 accepted steps
[mcmc]  - Updated covariance matrix of proposal pdf.
[mcmc] Learn + convergence test @ 1040 samples accepted.
[likelihoodcollection] Average computation time:
   flamingo.inference.masked_ps.MaskedBandPowerLikelihood : 5.35747e-05 s (1860 evaluations, 0.099649 s total)
[theorycollection] Average computation time:
   flamingo.inference.masked_ps.MaskedTSZTheory : 0.0165204 s (1860 evaluations, 30.7279 s total)
[mcmc]  - Acceptance rate: 0.589
[mcmc]  - Convergence of means: R-1 = 3.484248 after 832 accepted steps
[mcmc]  - Updated covariance matrix of proposal pdf.
[mcmc] Learn + convergence test @ 1080 samples accepted.
[likelihoodcollection] Average computation time:
   flamingo.inference.masked_ps.MaskedBandPowerLikelihood : 5.35785e-05 s (1931 evaluations, 0.10346 s total)
[theorycollection] Average computation time:
   flamingo.inference.masked_ps.MaskedTSZTheory : 0.0165312 s (1931 evaluations, 31.9218 s total)
[mcmc]  - Acceptance rate: 0.585
[mcmc]  - Convergence of means: R-1 = 3.257151 after 864 accepted steps
[mcmc]  - Updated covariance matrix of proposal pdf.
[mcmc] Learn + convergence test @ 1120 samples accepted.
[likelihoodcollection] Average computation time:
   flamingo.inference.masked_ps.MaskedBandPowerLikelihood : 5.36347e-05 s (2007 evaluations, 0.107645 s total)
[theorycollection] Average computation time:
   flamingo.inference.masked_ps.MaskedTSZTheory : 0.0165346 s (2007 evaluations, 33.1849 s total)
[mcmc]  - Acceptance rate: 0.581
[mcmc]  - Convergence of means: R-1 = 3.771611 after 896 accepted steps
[mcmc]  - Updated covariance matrix of proposal pdf.
[mcmc] Learn + convergence test @ 1160 samples accepted.
[likelihoodcollection] Average computation time:
   flamingo.inference.masked_ps.MaskedBandPowerLikelihood : 5.3445e-05 s (2072 evaluations, 0.110738 s total)
[theorycollection] Average computation time:
   flamingo.inference.masked_ps.MaskedTSZTheory : 0.016524 s (2072 evaluations, 34.2377 s total)
[mcmc]  - Acceptance rate: 0.582
[mcmc]  - Convergence of means: R-1 = 3.676444 after 928 accepted steps
[mcmc]  - Updated covariance matrix of proposal pdf.
[mcmc] Learn + convergence test @ 1200 samples accepted.
[likelihoodcollection] Average computation time:
   flamingo.inference.masked_ps.MaskedBandPowerLikelihood : 5.34396e-05 s (2132 evaluations, 0.113933 s total)
[theorycollection] Average computation time:
   flamingo.inference.masked_ps.MaskedTSZTheory : 0.0165302 s (2132 evaluations, 35.2423 s total)
[mcmc]  - Acceptance rate: 0.584
[mcmc]  - Convergence of means: R-1 = 3.152135 after 960 accepted steps
[mcmc]  - Updated covariance matrix of proposal pdf.
[mcmc] Learn + convergence test @ 1240 samples accepted.
[likelihoodcollection] Average computation time:
   flamingo.inference.masked_ps.MaskedBandPowerLikelihood : 5.35488e-05 s (2210 evaluations, 0.118343 s total)
[theorycollection] Average computation time:
   flamingo.inference.masked_ps.MaskedTSZTheory : 0.016534 s (2210 evaluations, 36.54 s total)
[mcmc]  - Acceptance rate: 0.580
[mcmc]  - Convergence of means: R-1 = 2.005208 after 992 accepted steps
[mcmc]  - Updated covariance matrix of proposal pdf.
[mcmc] Learn + convergence test @ 1280 samples accepted.
[likelihoodcollection] Average computation time:
   flamingo.inference.masked_ps.MaskedBandPowerLikelihood : 5.36528e-05 s (2292 evaluations, 0.122972 s total)
[theorycollection] Average computation time:
   flamingo.inference.masked_ps.MaskedTSZTheory : 0.0165341 s (2292 evaluations, 37.8961 s total)
[mcmc]  - Acceptance rate: 0.576
[mcmc]  - Convergence of means: R-1 = 1.671289 after 1024 accepted steps
[mcmc]  - Updated covariance matrix of proposal pdf.
[mcmc] Learn + convergence test @ 1320 samples accepted.
[likelihoodcollection] Average computation time:
   flamingo.inference.masked_ps.MaskedBandPowerLikelihood : 5.35238e-05 s (2375 evaluations, 0.127119 s total)
[theorycollection] Average computation time:
   flamingo.inference.masked_ps.MaskedTSZTheory : 0.0165348 s (2375 evaluations, 39.2702 s total)
[mcmc]  - Acceptance rate: 0.570
[mcmc]  - Convergence of means: R-1 = 1.655731 after 1056 accepted steps
[mcmc]  - Updated covariance matrix of proposal pdf.
[mcmc] Learn + convergence test @ 1360 samples accepted.
[likelihoodcollection] Average computation time:
   flamingo.inference.masked_ps.MaskedBandPowerLikelihood : 5.34788e-05 s (2444 evaluations, 0.130702 s total)
[theorycollection] Average computation time:
   flamingo.inference.masked_ps.MaskedTSZTheory : 0.016533 s (2444 evaluations, 40.4065 s total)
[mcmc]  - Acceptance rate: 0.570
[mcmc]  - Convergence of means: R-1 = 1.237021 after 1088 accepted steps
[mcmc]  - Updated covariance matrix of proposal pdf.
[mcmc] Learn + convergence test @ 1400 samples accepted.
[likelihoodcollection] Average computation time:
   flamingo.inference.masked_ps.MaskedBandPowerLikelihood : 5.3488e-05 s (2536 evaluations, 0.135646 s total)
[theorycollection] Average computation time:
   flamingo.inference.masked_ps.MaskedTSZTheory : 0.0165484 s (2536 evaluations, 41.9666 s total)
[mcmc]  - Acceptance rate: 0.563
[mcmc]  - Convergence of means: R-1 = 1.127333 after 1120 accepted steps
[mcmc]  - Updated covariance matrix of proposal pdf.
[mcmc] Learn + convergence test @ 1440 samples accepted.
[likelihoodcollection] Average computation time:
   flamingo.inference.masked_ps.MaskedBandPowerLikelihood : 5.36153e-05 s (2622 evaluations, 0.140579 s total)
[theorycollection] Average computation time:
   flamingo.inference.masked_ps.MaskedTSZTheory : 0.0165548 s (2622 evaluations, 43.4067 s total)
[mcmc]  - Acceptance rate: 0.558
[mcmc]  - Convergence of means: R-1 = 1.118112 after 1152 accepted steps
[mcmc]  - Updated covariance matrix of proposal pdf.
[mcmc] Learn + convergence test @ 1480 samples accepted.
[likelihoodcollection] Average computation time:
   flamingo.inference.masked_ps.MaskedBandPowerLikelihood : 5.38742e-05 s (2701 evaluations, 0.145514 s total)
[theorycollection] Average computation time:
   flamingo.inference.masked_ps.MaskedTSZTheory : 0.0165656 s (2701 evaluations, 44.7436 s total)
[mcmc]  - Acceptance rate: 0.554
[mcmc]  - Convergence of means: R-1 = 1.162703 after 1184 accepted steps
[mcmc]  - Updated covariance matrix of proposal pdf.
[mcmc] Learn + convergence test @ 1520 samples accepted.
[likelihoodcollection] Average computation time:
   flamingo.inference.masked_ps.MaskedBandPowerLikelihood : 5.38698e-05 s (2807 evaluations, 0.151212 s total)
[theorycollection] Average computation time:
   flamingo.inference.masked_ps.MaskedTSZTheory : 0.0165671 s (2807 evaluations, 46.5038 s total)
[mcmc]  - Acceptance rate: 0.545
[mcmc]  - Convergence of means: R-1 = 0.933907 after 1216 accepted steps
[mcmc]  - Updated covariance matrix of proposal pdf.
[mcmc] Learn + convergence test @ 1560 samples accepted.
[likelihoodcollection] Average computation time:
   flamingo.inference.masked_ps.MaskedBandPowerLikelihood : 5.38439e-05 s (2893 evaluations, 0.15577 s total)
[theorycollection] Average computation time:
   flamingo.inference.masked_ps.MaskedTSZTheory : 0.0165641 s (2893 evaluations, 47.9198 s total)
[mcmc]  - Acceptance rate: 0.541
[mcmc]  - Convergence of means: R-1 = 0.712812 after 1248 accepted steps
[mcmc]  - Updated covariance matrix of proposal pdf.
[mcmc] Learn + convergence test @ 1600 samples accepted.
[likelihoodcollection] Average computation time:
   flamingo.inference.masked_ps.MaskedBandPowerLikelihood : 5.38021e-05 s (2975 evaluations, 0.160061 s total)
[theorycollection] Average computation time:
   flamingo.inference.masked_ps.MaskedTSZTheory : 0.0165513 s (2975 evaluations, 49.2402 s total)
[mcmc]  - Acceptance rate: 0.538
[mcmc]  - Convergence of means: R-1 = 0.523098 after 1280 accepted steps
[mcmc]  - Updated covariance matrix of proposal pdf.
[mcmc] Learn + convergence test @ 1640 samples accepted.
[likelihoodcollection] Average computation time:
   flamingo.inference.masked_ps.MaskedBandPowerLikelihood : 5.3817e-05 s (3068 evaluations, 0.16511 s total)
[theorycollection] Average computation time:
   flamingo.inference.masked_ps.MaskedTSZTheory : 0.0165379 s (3068 evaluations, 50.7384 s total)
[mcmc]  - Acceptance rate: 0.534
[mcmc]  - Convergence of means: R-1 = 0.549434 after 1312 accepted steps
[mcmc]  - Updated covariance matrix of proposal pdf.
[mcmc] Learn + convergence test @ 1680 samples accepted.
[likelihoodcollection] Average computation time:
   flamingo.inference.masked_ps.MaskedBandPowerLikelihood : 5.37505e-05 s (3133 evaluations, 0.1684 s total)
[theorycollection] Average computation time:
   flamingo.inference.masked_ps.MaskedTSZTheory : 0.0165399 s (3133 evaluations, 51.8196 s total)
[mcmc]  - Acceptance rate: 0.535
[mcmc]  - Convergence of means: R-1 = 0.710881 after 1344 accepted steps
[mcmc]  - Updated covariance matrix of proposal pdf.
[mcmc] Learn + convergence test @ 1720 samples accepted.
[likelihoodcollection] Average computation time:
   flamingo.inference.masked_ps.MaskedBandPowerLikelihood : 5.36932e-05 s (3226 evaluations, 0.173214 s total)
[theorycollection] Average computation time:
   flamingo.inference.masked_ps.MaskedTSZTheory : 0.0165409 s (3226 evaluations, 53.3611 s total)
[mcmc]  - Acceptance rate: 0.530
[mcmc]  - Convergence of means: R-1 = 0.684449 after 1376 accepted steps
[mcmc]  - Updated covariance matrix of proposal pdf.
[mcmc] Learn + convergence test @ 1760 samples accepted.
[likelihoodcollection] Average computation time:
   flamingo.inference.masked_ps.MaskedBandPowerLikelihood : 5.36605e-05 s (3296 evaluations, 0.176865 s total)
[theorycollection] Average computation time:
   flamingo.inference.masked_ps.MaskedTSZTheory : 0.016545 s (3296 evaluations, 54.5323 s total)
[mcmc]  - Acceptance rate: 0.531
[mcmc]  - Convergence of means: R-1 = 0.600000 after 1408 accepted steps
[mcmc]  - Updated covariance matrix of proposal pdf.
[mcmc] Learn + convergence test @ 1800 samples accepted.
[likelihoodcollection] Average computation time:
   flamingo.inference.masked_ps.MaskedBandPowerLikelihood : 5.35947e-05 s (3377 evaluations, 0.180989 s total)
[theorycollection] Average computation time:
   flamingo.inference.masked_ps.MaskedTSZTheory : 0.0165373 s (3377 evaluations, 55.8463 s total)
[mcmc]  - Acceptance rate: 0.528
[mcmc]  - Convergence of means: R-1 = 0.532349 after 1440 accepted steps
[mcmc]  - Updated covariance matrix of proposal pdf.
[mcmc] Learn + convergence test @ 1840 samples accepted.
[likelihoodcollection] Average computation time:
   flamingo.inference.masked_ps.MaskedBandPowerLikelihood : 5.34978e-05 s (3446 evaluations, 0.184353 s total)
[theorycollection] Average computation time:
   flamingo.inference.masked_ps.MaskedTSZTheory : 0.016536 s (3446 evaluations, 56.983 s total)
[mcmc]  - Acceptance rate: 0.529
[mcmc]  - Convergence of means: R-1 = 0.474358 after 1472 accepted steps
[mcmc]  - Updated covariance matrix of proposal pdf.
[mcmc] Learn + convergence test @ 1880 samples accepted.
[likelihoodcollection] Average computation time:
   flamingo.inference.masked_ps.MaskedBandPowerLikelihood : 5.34634e-05 s (3537 evaluations, 0.1891 s total)
[theorycollection] Average computation time:
   flamingo.inference.masked_ps.MaskedTSZTheory : 0.016533 s (3537 evaluations, 58.4771 s total)
[mcmc]  - Acceptance rate: 0.525
[mcmc]  - Convergence of means: R-1 = 0.502267 after 1504 accepted steps
[mcmc]  - Updated covariance matrix of proposal pdf.
[mcmc] Progress @ 2026-08-03 01:10:43 : 3568 steps taken, and 1887 accepted.
[mcmc] Learn + convergence test @ 1920 samples accepted.
[likelihoodcollection] Average computation time:
   flamingo.inference.masked_ps.MaskedBandPowerLikelihood : 5.34974e-05 s (3625 evaluations, 0.193928 s total)
[theorycollection] Average computation time:
   flamingo.inference.masked_ps.MaskedTSZTheory : 0.0165363 s (3625 evaluations, 59.944 s total)
[mcmc]  - Acceptance rate: 0.521
[mcmc]  - Convergence of means: R-1 = 0.481054 after 1536 accepted steps
[mcmc]  - Updated covariance matrix of proposal pdf.
[mcmc] Learn + convergence test @ 1960 samples accepted.
[likelihoodcollection] Average computation time:
   flamingo.inference.masked_ps.MaskedBandPowerLikelihood : 5.35012e-05 s (3719 evaluations, 0.198971 s total)
[theorycollection] Average computation time:
   flamingo.inference.masked_ps.MaskedTSZTheory : 0.0165358 s (3719 evaluations, 61.4967 s total)
[mcmc]  - Acceptance rate: 0.517
[mcmc]  - Convergence of means: R-1 = 0.454555 after 1568 accepted steps
[mcmc]  - Updated covariance matrix of proposal pdf.
[mcmc] Learn + convergence test @ 2000 samples accepted.
[likelihoodcollection] Average computation time:
   flamingo.inference.masked_ps.MaskedBandPowerLikelihood : 5.35111e-05 s (3813 evaluations, 0.204038 s total)
[theorycollection] Average computation time:
   flamingo.inference.masked_ps.MaskedTSZTheory : 0.0165343 s (3813 evaluations, 63.0452 s total)
[mcmc]  - Acceptance rate: 0.514
[mcmc]  - Convergence of means: R-1 = 0.484757 after 1600 accepted steps
[mcmc]  - Updated covariance matrix of proposal pdf.
[mcmc] Learn + convergence test @ 2040 samples accepted.
[likelihoodcollection] Average computation time:
   flamingo.inference.masked_ps.MaskedBandPowerLikelihood : 5.3498e-05 s (3895 evaluations, 0.208375 s total)
[theorycollection] Average computation time:
   flamingo.inference.masked_ps.MaskedTSZTheory : 0.0165297 s (3895 evaluations, 64.3831 s total)
[mcmc]  - Acceptance rate: 0.513
[mcmc]  - Convergence of means: R-1 = 0.469938 after 1632 accepted steps
[mcmc]  - Updated covariance matrix of proposal pdf.
[mcmc] Learn + convergence test @ 2080 samples accepted.
[likelihoodcollection] Average computation time:
   flamingo.inference.masked_ps.MaskedBandPowerLikelihood : 5.35182e-05 s (3973 evaluations, 0.212628 s total)
[theorycollection] Average computation time:
   flamingo.inference.masked_ps.MaskedTSZTheory : 0.0165269 s (3973 evaluations, 65.6614 s total)
[mcmc]  - Acceptance rate: 0.512
[mcmc]  - Convergence of means: R-1 = 0.441956 after 1664 accepted steps
[mcmc]  - Updated covariance matrix of proposal pdf.
[mcmc] Learn + convergence test @ 2120 samples accepted.
[likelihoodcollection] Average computation time:
   flamingo.inference.masked_ps.MaskedBandPowerLikelihood : 5.36013e-05 s (4056 evaluations, 0.217407 s total)
[theorycollection] Average computation time:
   flamingo.inference.masked_ps.MaskedTSZTheory : 0.0165315 s (4056 evaluations, 67.0516 s total)
[mcmc]  - Acceptance rate: 0.510
[mcmc]  - Convergence of means: R-1 = 0.356077 after 1696 accepted steps
[mcmc]  - Updated covariance matrix of proposal pdf.
[mcmc] Learn + convergence test @ 2160 samples accepted.
[likelihoodcollection] Average computation time:
   flamingo.inference.masked_ps.MaskedBandPowerLikelihood : 5.36027e-05 s (4131 evaluations, 0.221433 s total)
[theorycollection] Average computation time:
   flamingo.inference.masked_ps.MaskedTSZTheory : 0.0165232 s (4131 evaluations, 68.2573 s total)
[mcmc]  - Acceptance rate: 0.510
[mcmc]  - Convergence of means: R-1 = 0.362791 after 1728 accepted steps
[mcmc]  - Updated covariance matrix of proposal pdf.
[mcmc] Learn + convergence test @ 2200 samples accepted.
[likelihoodcollection] Average computation time:
   flamingo.inference.masked_ps.MaskedBandPowerLikelihood : 5.36205e-05 s (4202 evaluations, 0.225313 s total)
[theorycollection] Average computation time:
   flamingo.inference.masked_ps.MaskedTSZTheory : 0.0165251 s (4202 evaluations, 69.4384 s total)
[mcmc]  - Acceptance rate: 0.510
[mcmc]  - Convergence of means: R-1 = 0.560755 after 1760 accepted steps
[mcmc]  - Updated covariance matrix of proposal pdf.
[mcmc] Learn + convergence test @ 2240 samples accepted.
[likelihoodcollection] Average computation time:
   flamingo.inference.masked_ps.MaskedBandPowerLikelihood : 5.35173e-05 s (4283 evaluations, 0.229215 s total)
[theorycollection] Average computation time:
   flamingo.inference.masked_ps.MaskedTSZTheory : 0.0165231 s (4283 evaluations, 70.7683 s total)
[mcmc]  - Acceptance rate: 0.509
[mcmc]  - Convergence of means: R-1 = 0.560973 after 1792 accepted steps
[mcmc]  - Updated covariance matrix of proposal pdf.
[mcmc] Learn + convergence test @ 2280 samples accepted.
[likelihoodcollection] Average computation time:
   flamingo.inference.masked_ps.MaskedBandPowerLikelihood : 5.35372e-05 s (4352 evaluations, 0.232994 s total)
[theorycollection] Average computation time:
   flamingo.inference.masked_ps.MaskedTSZTheory : 0.0165213 s (4352 evaluations, 71.9006 s total)
[mcmc]  - Acceptance rate: 0.510
[mcmc]  - Convergence of means: R-1 = 0.508040 after 1824 accepted steps
[mcmc]  - Updated covariance matrix of proposal pdf.
[mcmc] Learn + convergence test @ 2320 samples accepted.
[likelihoodcollection] Average computation time:
   flamingo.inference.masked_ps.MaskedBandPowerLikelihood : 5.35233e-05 s (4429 evaluations, 0.237055 s total)
[theorycollection] Average computation time:
   flamingo.inference.masked_ps.MaskedTSZTheory : 0.0165204 s (4429 evaluations, 73.1689 s total)
[mcmc]  - Acceptance rate: 0.510
[mcmc]  - Convergence of means: R-1 = 0.444518 after 1856 accepted steps
[mcmc]  - Updated covariance matrix of proposal pdf.
[mcmc] Learn + convergence test @ 2360 samples accepted.
[likelihoodcollection] Average computation time:
   flamingo.inference.masked_ps.MaskedBandPowerLikelihood : 5.35004e-05 s (4513 evaluations, 0.241447 s total)
[theorycollection] Average computation time:
   flamingo.inference.masked_ps.MaskedTSZTheory : 0.016521 s (4513 evaluations, 74.5591 s total)
[mcmc]  - Acceptance rate: 0.508
[mcmc]  - Convergence of means: R-1 = 0.422537 after 1888 accepted steps
[mcmc]  - Updated covariance matrix of proposal pdf.
[mcmc] Learn + convergence test @ 2400 samples accepted.
[likelihoodcollection] Average computation time:
   flamingo.inference.masked_ps.MaskedBandPowerLikelihood : 5.35609e-05 s (4601 evaluations, 0.246434 s total)
[theorycollection] Average computation time:
   flamingo.inference.masked_ps.MaskedTSZTheory : 0.0165199 s (4601 evaluations, 76.0079 s total)
[mcmc]  - Acceptance rate: 0.507
[mcmc]  - Convergence of means: R-1 = 0.460038 after 1920 accepted steps
[mcmc]  - Updated covariance matrix of proposal pdf.
[mcmc] Learn + convergence test @ 2440 samples accepted.
[likelihoodcollection] Average computation time:
   flamingo.inference.masked_ps.MaskedBandPowerLikelihood : 5.35702e-05 s (4676 evaluations, 0.250494 s total)
[theorycollection] Average computation time:
   flamingo.inference.masked_ps.MaskedTSZTheory : 0.0165292 s (4676 evaluations, 77.2904 s total)
[mcmc]  - Acceptance rate: 0.507
[mcmc]  - Convergence of means: R-1 = 0.531048 after 1952 accepted steps
[mcmc]  - Updated covariance matrix of proposal pdf.
[mcmc] Learn + convergence test @ 2480 samples accepted.
[likelihoodcollection] Average computation time:
   flamingo.inference.masked_ps.MaskedBandPowerLikelihood : 5.35417e-05 s (4757 evaluations, 0.254698 s total)
[theorycollection] Average computation time:
   flamingo.inference.masked_ps.MaskedTSZTheory : 0.01653 s (4757 evaluations, 78.6334 s total)
[mcmc]  - Acceptance rate: 0.507
[mcmc]  - Convergence of means: R-1 = 0.506844 after 1984 accepted steps
[mcmc]  - Updated covariance matrix of proposal pdf.
[mcmc] Learn + convergence test @ 2520 samples accepted.
[likelihoodcollection] Average computation time:
   flamingo.inference.masked_ps.MaskedBandPowerLikelihood : 5.35323e-05 s (4820 evaluations, 0.258026 s total)
[theorycollection] Average computation time:
   flamingo.inference.masked_ps.MaskedTSZTheory : 0.016524 s (4820 evaluations, 79.6455 s total)
[mcmc]  - Acceptance rate: 0.508
[mcmc]  - Convergence of means: R-1 = 0.507096 after 2016 accepted steps
[mcmc]  - Updated covariance matrix of proposal pdf.
[mcmc] Learn + convergence test @ 2560 samples accepted.
[likelihoodcollection] Average computation time:
   flamingo.inference.masked_ps.MaskedBandPowerLikelihood : 5.35266e-05 s (4900 evaluations, 0.26228 s total)
[theorycollection] Average computation time:
   flamingo.inference.masked_ps.MaskedTSZTheory : 0.0165292 s (4900 evaluations, 80.9933 s total)
[mcmc]  - Acceptance rate: 0.507
[mcmc]  - Convergence of means: R-1 = 0.578329 after 2048 accepted steps
[mcmc]  - Updated covariance matrix of proposal pdf.
[mcmc] Learn + convergence test @ 2600 samples accepted.
[likelihoodcollection] Average computation time:
   flamingo.inference.masked_ps.MaskedBandPowerLikelihood : 5.35687e-05 s (4982 evaluations, 0.266879 s total)
[theorycollection] Average computation time:
   flamingo.inference.masked_ps.MaskedTSZTheory : 0.0165324 s (4982 evaluations, 82.3643 s total)
[mcmc]  - Acceptance rate: 0.505
[mcmc]  - Convergence of means: R-1 = 0.512861 after 2080 accepted steps
[mcmc]  - Updated covariance matrix of proposal pdf.
[mcmc] Learn + convergence test @ 2640 samples accepted.
[likelihoodcollection] Average computation time:
   flamingo.inference.masked_ps.MaskedBandPowerLikelihood : 5.35484e-05 s (5064 evaluations, 0.271169 s total)
[theorycollection] Average computation time:
   flamingo.inference.masked_ps.MaskedTSZTheory : 0.0165345 s (5064 evaluations, 83.7306 s total)
[mcmc]  - Acceptance rate: 0.505
[mcmc]  - Convergence of means: R-1 = 0.480056 after 2112 accepted steps
[mcmc]  - Updated covariance matrix of proposal pdf.
[mcmc] Learn + convergence test @ 2680 samples accepted.
[likelihoodcollection] Average computation time:
   flamingo.inference.masked_ps.MaskedBandPowerLikelihood : 5.35649e-05 s (5130 evaluations, 0.274788 s total)
[theorycollection] Average computation time:
   flamingo.inference.masked_ps.MaskedTSZTheory : 0.0165365 s (5130 evaluations, 84.8324 s total)
[mcmc]  - Acceptance rate: 0.507
[mcmc]  - Convergence of means: R-1 = 0.503386 after 2144 accepted steps
[mcmc]  - Updated covariance matrix of proposal pdf.
[mcmc] Learn + convergence test @ 2720 samples accepted.
[likelihoodcollection] Average computation time:
   flamingo.inference.masked_ps.MaskedBandPowerLikelihood : 5.36322e-05 s (5230 evaluations, 0.280496 s total)
[theorycollection] Average computation time:
   flamingo.inference.masked_ps.MaskedTSZTheory : 0.016541 s (5230 evaluations, 86.5092 s total)
[mcmc]  - Acceptance rate: 0.504
[mcmc]  - Convergence of means: R-1 = 0.442551 after 2176 accepted steps
[mcmc]  - Updated covariance matrix of proposal pdf.
[mcmc] Learn + convergence test @ 2760 samples accepted.
[likelihoodcollection] Average computation time:
   flamingo.inference.masked_ps.MaskedBandPowerLikelihood : 5.35837e-05 s (5306 evaluations, 0.284315 s total)
[theorycollection] Average computation time:
   flamingo.inference.masked_ps.MaskedTSZTheory : 0.0165387 s (5306 evaluations, 87.7545 s total)
[mcmc]  - Acceptance rate: 0.504
[mcmc]  - Convergence of means: R-1 = 0.367098 after 2208 accepted steps
[mcmc]  - Updated covariance matrix of proposal pdf.
[mcmc] Learn + convergence test @ 2800 samples accepted.
[likelihoodcollection] Average computation time:
   flamingo.inference.masked_ps.MaskedBandPowerLikelihood : 5.36253e-05 s (5392 evaluations, 0.289148 s total)
[theorycollection] Average computation time:
   flamingo.inference.masked_ps.MaskedTSZTheory : 0.0165399 s (5392 evaluations, 89.1832 s total)
[mcmc]  - Acceptance rate: 0.503
[mcmc]  - Convergence of means: R-1 = 0.368456 after 2240 accepted steps
[mcmc]  - Updated covariance matrix of proposal pdf.
[mcmc] Learn + convergence test @ 2840 samples accepted.
[likelihoodcollection] Average computation time:
   flamingo.inference.masked_ps.MaskedBandPowerLikelihood : 5.3693e-05 s (5463 evaluations, 0.293325 s total)
[theorycollection] Average computation time:
   flamingo.inference.masked_ps.MaskedTSZTheory : 0.016545 s (5463 evaluations, 90.3851 s total)
[mcmc]  - Acceptance rate: 0.504
[mcmc]  - Convergence of means: R-1 = 0.254728 after 2272 accepted steps
[mcmc]  - Updated covariance matrix of proposal pdf.
[mcmc] Learn + convergence test @ 2880 samples accepted.
[likelihoodcollection] Average computation time:
   flamingo.inference.masked_ps.MaskedBandPowerLikelihood : 5.3688e-05 s (5552 evaluations, 0.298076 s total)
[theorycollection] Average computation time:
   flamingo.inference.masked_ps.MaskedTSZTheory : 0.0165453 s (5552 evaluations, 91.8593 s total)
[mcmc]  - Acceptance rate: 0.503
[mcmc]  - Convergence of means: R-1 = 0.230336 after 2304 accepted steps
[mcmc]  - Updated covariance matrix of proposal pdf.
[mcmc] Learn + convergence test @ 2920 samples accepted.
[likelihoodcollection] Average computation time:
   flamingo.inference.masked_ps.MaskedBandPowerLikelihood : 5.36071e-05 s (5626 evaluations, 0.301594 s total)
[theorycollection] Average computation time:
   flamingo.inference.masked_ps.MaskedTSZTheory : 0.0165391 s (5626 evaluations, 93.0489 s total)
[mcmc]  - Acceptance rate: 0.504
[mcmc]  - Convergence of means: R-1 = 0.326671 after 2336 accepted steps
[mcmc]  - Updated covariance matrix of proposal pdf.
[mcmc] Learn + convergence test @ 2960 samples accepted.
[likelihoodcollection] Average computation time:
   flamingo.inference.masked_ps.MaskedBandPowerLikelihood : 5.36061e-05 s (5737 evaluations, 0.307538 s total)
[theorycollection] Average computation time:
   flamingo.inference.masked_ps.MaskedTSZTheory : 0.0165387 s (5737 evaluations, 94.8827 s total)
[mcmc]  - Acceptance rate: 0.500
[mcmc]  - Convergence of means: R-1 = 0.331958 after 2368 accepted steps
[mcmc]  - Updated covariance matrix of proposal pdf.
[mcmc] Learn + convergence test @ 3000 samples accepted.
[likelihoodcollection] Average computation time:
   flamingo.inference.masked_ps.MaskedBandPowerLikelihood : 5.36416e-05 s (5811 evaluations, 0.311711 s total)
[theorycollection] Average computation time:
   flamingo.inference.masked_ps.MaskedTSZTheory : 0.0165432 s (5811 evaluations, 96.1328 s total)
[mcmc]  - Acceptance rate: 0.500
[mcmc]  - Convergence of means: R-1 = 0.326538 after 2400 accepted steps
[mcmc]  - Updated covariance matrix of proposal pdf.
[mcmc] Learn + convergence test @ 3040 samples accepted.
[likelihoodcollection] Average computation time:
   flamingo.inference.masked_ps.MaskedBandPowerLikelihood : 5.36326e-05 s (5883 evaluations, 0.315521 s total)
[theorycollection] Average computation time:
   flamingo.inference.masked_ps.MaskedTSZTheory : 0.0165419 s (5883 evaluations, 97.316 s total)
[mcmc]  - Acceptance rate: 0.502
[mcmc]  - Convergence of means: R-1 = 0.307223 after 2432 accepted steps
[mcmc]  - Updated covariance matrix of proposal pdf.
[mcmc] Learn + convergence test @ 3080 samples accepted.
[likelihoodcollection] Average computation time:
   flamingo.inference.masked_ps.MaskedBandPowerLikelihood : 5.36949e-05 s (5957 evaluations, 0.31986 s total)
[theorycollection] Average computation time:
   flamingo.inference.masked_ps.MaskedTSZTheory : 0.016543 s (5957 evaluations, 98.5467 s total)
[mcmc]  - Acceptance rate: 0.502
[mcmc]  - Convergence of means: R-1 = 0.229155 after 2464 accepted steps
[mcmc]  - Updated covariance matrix of proposal pdf.
[mcmc] Learn + convergence test @ 3120 samples accepted.
[likelihoodcollection] Average computation time:
   flamingo.inference.masked_ps.MaskedBandPowerLikelihood : 5.36911e-05 s (6043 evaluations, 0.324455 s total)
[theorycollection] Average computation time:
   flamingo.inference.masked_ps.MaskedTSZTheory : 0.0165441 s (6043 evaluations, 99.9761 s total)
[mcmc]  - Acceptance rate: 0.501
[mcmc]  - Convergence of means: R-1 = 0.200534 after 2496 accepted steps
[mcmc]  - Updated covariance matrix of proposal pdf.
[mcmc] Learn + convergence test @ 3160 samples accepted.
[likelihoodcollection] Average computation time:
   flamingo.inference.masked_ps.MaskedBandPowerLikelihood : 5.37292e-05 s (6120 evaluations, 0.328823 s total)
[theorycollection] Average computation time:
   flamingo.inference.masked_ps.MaskedTSZTheory : 0.0165486 s (6120 evaluations, 101.278 s total)
[mcmc]  - Acceptance rate: 0.501
[mcmc]  - Convergence of means: R-1 = 0.207950 after 2528 accepted steps
[mcmc]  - Updated covariance matrix of proposal pdf.
[mcmc] Learn + convergence test @ 3200 samples accepted.
[likelihoodcollection] Average computation time:
   flamingo.inference.masked_ps.MaskedBandPowerLikelihood : 5.3699e-05 s (6199 evaluations, 0.33288 s total)
[theorycollection] Average computation time:
   flamingo.inference.masked_ps.MaskedTSZTheory : 0.0165493 s (6199 evaluations, 102.589 s total)
[mcmc]  - Acceptance rate: 0.501
[mcmc]  - Convergence of means: R-1 = 0.257423 after 2560 accepted steps
[mcmc]  - Updated covariance matrix of proposal pdf.
[mcmc] Learn + convergence test @ 3240 samples accepted.
[likelihoodcollection] Average computation time:
   flamingo.inference.masked_ps.MaskedBandPowerLikelihood : 5.37088e-05 s (6278 evaluations, 0.337184 s total)
[theorycollection] Average computation time:
   flamingo.inference.masked_ps.MaskedTSZTheory : 0.0165514 s (6278 evaluations, 103.91 s total)
[mcmc]  - Acceptance rate: 0.501
[mcmc]  - Convergence of means: R-1 = 0.270613 after 2592 accepted steps
[mcmc]  - Updated covariance matrix of proposal pdf.
[mcmc] Learn + convergence test @ 3280 samples accepted.
[likelihoodcollection] Average computation time:
   flamingo.inference.masked_ps.MaskedBandPowerLikelihood : 5.37154e-05 s (6359 evaluations, 0.341576 s total)
[theorycollection] Average computation time:
   flamingo.inference.masked_ps.MaskedTSZTheory : 0.0165542 s (6359 evaluations, 105.268 s total)
[mcmc]  - Acceptance rate: 0.500
[mcmc]  - Convergence of means: R-1 = 0.300806 after 2624 accepted steps
[mcmc]  - Updated covariance matrix of proposal pdf.
[mcmc] Learn + convergence test @ 3320 samples accepted.
[likelihoodcollection] Average computation time:
   flamingo.inference.masked_ps.MaskedBandPowerLikelihood : 5.3729e-05 s (6435 evaluations, 0.345746 s total)
[theorycollection] Average computation time:
   flamingo.inference.masked_ps.MaskedTSZTheory : 0.0165559 s (6435 evaluations, 106.537 s total)
[mcmc]  - Acceptance rate: 0.500
[mcmc]  - Convergence of means: R-1 = 0.376569 after 2656 accepted steps
[mcmc]  - Updated covariance matrix of proposal pdf.
[mcmc] Learn + convergence test @ 3360 samples accepted.
[likelihoodcollection] Average computation time:
   flamingo.inference.masked_ps.MaskedBandPowerLikelihood : 5.37192e-05 s (6502 evaluations, 0.349283 s total)
[theorycollection] Average computation time:
   flamingo.inference.masked_ps.MaskedTSZTheory : 0.0165559 s (6502 evaluations, 107.647 s total)
[mcmc]  - Acceptance rate: 0.501
[mcmc]  - Convergence of means: R-1 = 0.407302 after 2688 accepted steps
[mcmc]  - Updated covariance matrix of proposal pdf.
[mcmc] Learn + convergence test @ 3400 samples accepted.
[likelihoodcollection] Average computation time:
   flamingo.inference.masked_ps.MaskedBandPowerLikelihood : 5.3689e-05 s (6591 evaluations, 0.353864 s total)
[theorycollection] Average computation time:
   flamingo.inference.masked_ps.MaskedTSZTheory : 0.0165507 s (6591 evaluations, 109.086 s total)
[mcmc]  - Acceptance rate: 0.500
[mcmc]  - Convergence of means: R-1 = 0.391544 after 2720 accepted steps
[mcmc]  - Updated covariance matrix of proposal pdf.
[mcmc] Learn + convergence test @ 3440 samples accepted.
[likelihoodcollection] Average computation time:
   flamingo.inference.masked_ps.MaskedBandPowerLikelihood : 5.37301e-05 s (6676 evaluations, 0.358702 s total)
[theorycollection] Average computation time:
   flamingo.inference.masked_ps.MaskedTSZTheory : 0.0165463 s (6676 evaluations, 110.463 s total)
[mcmc]  - Acceptance rate: 0.499
[mcmc]  - Convergence of means: R-1 = 0.418866 after 2752 accepted steps
[mcmc]  - Updated covariance matrix of proposal pdf.
[mcmc] Learn + convergence test @ 3480 samples accepted.
[likelihoodcollection] Average computation time:
   flamingo.inference.masked_ps.MaskedBandPowerLikelihood : 5.37103e-05 s (6752 evaluations, 0.362652 s total)
[theorycollection] Average computation time:
   flamingo.inference.masked_ps.MaskedTSZTheory : 0.0165497 s (6752 evaluations, 111.743 s total)
[mcmc]  - Acceptance rate: 0.499
[mcmc]  - Convergence of means: R-1 = 0.363021 after 2784 accepted steps
[mcmc]  - Updated covariance matrix of proposal pdf.
[mcmc] Learn + convergence test @ 3520 samples accepted.
[likelihoodcollection] Average computation time:
   flamingo.inference.masked_ps.MaskedBandPowerLikelihood : 5.37192e-05 s (6825 evaluations, 0.366633 s total)
[theorycollection] Average computation time:
   flamingo.inference.masked_ps.MaskedTSZTheory : 0.0165474 s (6825 evaluations, 112.936 s total)
[mcmc]  - Acceptance rate: 0.499
[mcmc]  - Convergence of means: R-1 = 0.314777 after 2816 accepted steps
[mcmc]  - Updated covariance matrix of proposal pdf.
[mcmc] Learn + convergence test @ 3560 samples accepted.
[likelihoodcollection] Average computation time:
   flamingo.inference.masked_ps.MaskedBandPowerLikelihood : 5.37562e-05 s (6905 evaluations, 0.371186 s total)
[theorycollection] Average computation time:
   flamingo.inference.masked_ps.MaskedTSZTheory : 0.0165428 s (6905 evaluations, 114.228 s total)
[mcmc]  - Acceptance rate: 0.499
[mcmc]  - Convergence of means: R-1 = 0.265251 after 2848 accepted steps
[mcmc]  - Updated covariance matrix of proposal pdf.
[mcmc] Learn + convergence test @ 3600 samples accepted.
[likelihoodcollection] Average computation time:
   flamingo.inference.masked_ps.MaskedBandPowerLikelihood : 5.38255e-05 s (6991 evaluations, 0.376294 s total)
[theorycollection] Average computation time:
   flamingo.inference.masked_ps.MaskedTSZTheory : 0.0165443 s (6991 evaluations, 115.661 s total)
[mcmc]  - Acceptance rate: 0.498
[mcmc]  - Convergence of means: R-1 = 0.260794 after 2880 accepted steps
[mcmc]  - Updated covariance matrix of proposal pdf.
[mcmc] Learn + convergence test @ 3640 samples accepted.
[likelihoodcollection] Average computation time:
   flamingo.inference.masked_ps.MaskedBandPowerLikelihood : 5.38275e-05 s (7093 evaluations, 0.381798 s total)
[theorycollection] Average computation time:
   flamingo.inference.masked_ps.MaskedTSZTheory : 0.0165427 s (7093 evaluations, 117.338 s total)
[mcmc]  - Acceptance rate: 0.496
[mcmc]  - Convergence of means: R-1 = 0.236067 after 2912 accepted steps
[mcmc]  - Updated covariance matrix of proposal pdf.
[mcmc] Progress @ 2026-08-03 01:11:43 : 7116 steps taken, and 3643 accepted.
[mcmc] Learn + convergence test @ 3680 samples accepted.
[likelihoodcollection] Average computation time:
   flamingo.inference.masked_ps.MaskedBandPowerLikelihood : 5.38666e-05 s (7192 evaluations, 0.387408 s total)
[theorycollection] Average computation time:
   flamingo.inference.masked_ps.MaskedTSZTheory : 0.0165432 s (7192 evaluations, 118.979 s total)
[mcmc]  - Acceptance rate: 0.494
[mcmc]  - Convergence of means: R-1 = 0.234441 after 2944 accepted steps
[mcmc]  - Updated covariance matrix of proposal pdf.
[mcmc] Learn + convergence test @ 3720 samples accepted.
[likelihoodcollection] Average computation time:
   flamingo.inference.masked_ps.MaskedBandPowerLikelihood : 5.38357e-05 s (7268 evaluations, 0.391278 s total)
[theorycollection] Average computation time:
   flamingo.inference.masked_ps.MaskedTSZTheory : 0.0165428 s (7268 evaluations, 120.233 s total)
[mcmc]  - Acceptance rate: 0.494
[mcmc]  - Convergence of means: R-1 = 0.231631 after 2976 accepted steps
[mcmc]  - Updated covariance matrix of proposal pdf.
[mcmc] Learn + convergence test @ 3760 samples accepted.
[likelihoodcollection] Average computation time:
   flamingo.inference.masked_ps.MaskedBandPowerLikelihood : 5.38456e-05 s (7341 evaluations, 0.39528 s total)
[theorycollection] Average computation time:
   flamingo.inference.masked_ps.MaskedTSZTheory : 0.0165455 s (7341 evaluations, 121.46 s total)
[mcmc]  - Acceptance rate: 0.495
[mcmc]  - Convergence of means: R-1 = 0.191302 after 3008 accepted steps
[mcmc]  - Updated covariance matrix of proposal pdf.
[mcmc] Learn + convergence test @ 3800 samples accepted.
[likelihoodcollection] Average computation time:
   flamingo.inference.masked_ps.MaskedBandPowerLikelihood : 5.39137e-05 s (7428 evaluations, 0.400471 s total)
[theorycollection] Average computation time:
   flamingo.inference.masked_ps.MaskedTSZTheory : 0.0165477 s (7428 evaluations, 122.917 s total)
[mcmc]  - Acceptance rate: 0.495
[mcmc]  - Convergence of means: R-1 = 0.154911 after 3040 accepted steps
[mcmc]  - Updated covariance matrix of proposal pdf.
[mcmc] Learn + convergence test @ 3840 samples accepted.
[likelihoodcollection] Average computation time:
   flamingo.inference.masked_ps.MaskedBandPowerLikelihood : 5.39251e-05 s (7521 evaluations, 0.40557 s total)
[theorycollection] Average computation time:
   flamingo.inference.masked_ps.MaskedTSZTheory : 0.016548 s (7521 evaluations, 124.458 s total)
[mcmc]  - Acceptance rate: 0.495
[mcmc]  - Convergence of means: R-1 = 0.122583 after 3072 accepted steps
[mcmc]  - Updated covariance matrix of proposal pdf.
[mcmc] Learn + convergence test @ 3880 samples accepted.
[likelihoodcollection] Average computation time:
   flamingo.inference.masked_ps.MaskedBandPowerLikelihood : 5.39e-05 s (7602 evaluations, 0.409748 s total)
[theorycollection] Average computation time:
   flamingo.inference.masked_ps.MaskedTSZTheory : 0.0165524 s (7602 evaluations, 125.831 s total)
[mcmc]  - Acceptance rate: 0.495
[mcmc]  - Convergence of means: R-1 = 0.128591 after 3104 accepted steps
[mcmc]  - Updated covariance matrix of proposal pdf.
[mcmc] Learn + convergence test @ 3920 samples accepted.
[likelihoodcollection] Average computation time:
   flamingo.inference.masked_ps.MaskedBandPowerLikelihood : 5.39029e-05 s (7695 evaluations, 0.414783 s total)
[theorycollection] Average computation time:
   flamingo.inference.masked_ps.MaskedTSZTheory : 0.0165547 s (7695 evaluations, 127.388 s total)
[mcmc]  - Acceptance rate: 0.494
[mcmc]  - Convergence of means: R-1 = 0.125605 after 3136 accepted steps
[mcmc]  - Updated covariance matrix of proposal pdf.
[mcmc] Learn + convergence test @ 3960 samples accepted.
[likelihoodcollection] Average computation time:
   flamingo.inference.masked_ps.MaskedBandPowerLikelihood : 5.38975e-05 s (7781 evaluations, 0.419376 s total)
[theorycollection] Average computation time:
   flamingo.inference.masked_ps.MaskedTSZTheory : 0.0165544 s (7781 evaluations, 128.81 s total)
[mcmc]  - Acceptance rate: 0.494
[mcmc]  - Convergence of means: R-1 = 0.129404 after 3168 accepted steps
[mcmc]  - Updated covariance matrix of proposal pdf.
[mcmc] Learn + convergence test @ 4000 samples accepted.
[likelihoodcollection] Average computation time:
   flamingo.inference.masked_ps.MaskedBandPowerLikelihood : 5.39006e-05 s (7872 evaluations, 0.424306 s total)
[theorycollection] Average computation time:
   flamingo.inference.masked_ps.MaskedTSZTheory : 0.016558 s (7872 evaluations, 130.344 s total)
[mcmc]  - Acceptance rate: 0.493
[mcmc]  - Convergence of means: R-1 = 0.148764 after 3200 accepted steps
[mcmc]  - Updated covariance matrix of proposal pdf.
[mcmc] Learn + convergence test @ 4040 samples accepted.
[likelihoodcollection] Average computation time:
   flamingo.inference.masked_ps.MaskedBandPowerLikelihood : 5.38882e-05 s (7965 evaluations, 0.429219 s total)
[theorycollection] Average computation time:
   flamingo.inference.masked_ps.MaskedTSZTheory : 0.0165555 s (7965 evaluations, 131.865 s total)
[mcmc]  - Acceptance rate: 0.492
[mcmc]  - Convergence of means: R-1 = 0.172089 after 3232 accepted steps
[mcmc]  - Updated covariance matrix of proposal pdf.
[mcmc] Learn + convergence test @ 4080 samples accepted.
[likelihoodcollection] Average computation time:
   flamingo.inference.masked_ps.MaskedBandPowerLikelihood : 5.38834e-05 s (8032 evaluations, 0.432791 s total)
[theorycollection] Average computation time:
   flamingo.inference.masked_ps.MaskedTSZTheory : 0.0165547 s (8032 evaluations, 132.967 s total)
[mcmc]  - Acceptance rate: 0.493
[mcmc]  - Convergence of means: R-1 = 0.181826 after 3264 accepted steps
[mcmc]  - Updated covariance matrix of proposal pdf.
[mcmc] Learn + convergence test @ 4120 samples accepted.
[likelihoodcollection] Average computation time:
   flamingo.inference.masked_ps.MaskedBandPowerLikelihood : 5.38596e-05 s (8140 evaluations, 0.438417 s total)
[theorycollection] Average computation time:
   flamingo.inference.masked_ps.MaskedTSZTheory : 0.0165529 s (8140 evaluations, 134.74 s total)
[mcmc]  - Acceptance rate: 0.491
[mcmc]  - Convergence of means: R-1 = 0.173998 after 3296 accepted steps
[mcmc]  - Updated covariance matrix of proposal pdf.
[mcmc] Learn + convergence test @ 4160 samples accepted.
[likelihoodcollection] Average computation time:
   flamingo.inference.masked_ps.MaskedBandPowerLikelihood : 5.38456e-05 s (8220 evaluations, 0.442611 s total)
[theorycollection] Average computation time:
   flamingo.inference.masked_ps.MaskedTSZTheory : 0.0165519 s (8220 evaluations, 136.057 s total)
[mcmc]  - Acceptance rate: 0.491
[mcmc]  - Convergence of means: R-1 = 0.176473 after 3328 accepted steps
[mcmc]  - Updated covariance matrix of proposal pdf.
[mcmc] Learn + convergence test @ 4200 samples accepted.
[likelihoodcollection] Average computation time:
   flamingo.inference.masked_ps.MaskedBandPowerLikelihood : 5.38583e-05 s (8302 evaluations, 0.447131 s total)
[theorycollection] Average computation time:
   flamingo.inference.masked_ps.MaskedTSZTheory : 0.0165525 s (8302 evaluations, 137.419 s total)
[mcmc]  - Acceptance rate: 0.491
[mcmc]  - Convergence of means: R-1 = 0.176950 after 3360 accepted steps
[mcmc]  - Updated covariance matrix of proposal pdf.
[mcmc] Learn + convergence test @ 4240 samples accepted.
[likelihoodcollection] Average computation time:
   flamingo.inference.masked_ps.MaskedBandPowerLikelihood : 5.3878e-05 s (8387 evaluations, 0.451875 s total)
[theorycollection] Average computation time:
   flamingo.inference.masked_ps.MaskedTSZTheory : 0.0165553 s (8387 evaluations, 138.849 s total)
[mcmc]  - Acceptance rate: 0.490
[mcmc]  - Convergence of means: R-1 = 0.173883 after 3392 accepted steps
[mcmc]  - Updated covariance matrix of proposal pdf.
[mcmc] Learn + convergence test @ 4280 samples accepted.
[likelihoodcollection] Average computation time:
   flamingo.inference.masked_ps.MaskedBandPowerLikelihood : 5.39196e-05 s (8467 evaluations, 0.456538 s total)
[theorycollection] Average computation time:
   flamingo.inference.masked_ps.MaskedTSZTheory : 0.0165546 s (8467 evaluations, 140.168 s total)
[mcmc]  - Acceptance rate: 0.490
[mcmc]  - Convergence of means: R-1 = 0.169656 after 3424 accepted steps
[mcmc]  - Updated covariance matrix of proposal pdf.
[mcmc] Learn + convergence test @ 4320 samples accepted.
[likelihoodcollection] Average computation time:
   flamingo.inference.masked_ps.MaskedBandPowerLikelihood : 5.3917e-05 s (8552 evaluations, 0.461098 s total)
[theorycollection] Average computation time:
   flamingo.inference.masked_ps.MaskedTSZTheory : 0.0165501 s (8552 evaluations, 141.536 s total)
[mcmc]  - Acceptance rate: 0.489
[mcmc]  - Convergence of means: R-1 = 0.170256 after 3456 accepted steps
[mcmc]  - Updated covariance matrix of proposal pdf.
[mcmc] Learn + convergence test @ 4360 samples accepted.
[likelihoodcollection] Average computation time:
   flamingo.inference.masked_ps.MaskedBandPowerLikelihood : 5.38814e-05 s (8633 evaluations, 0.465158 s total)
[theorycollection] Average computation time:
   flamingo.inference.masked_ps.MaskedTSZTheory : 0.0165454 s (8633 evaluations, 142.836 s total)
[mcmc]  - Acceptance rate: 0.489
[mcmc]  - Convergence of means: R-1 = 0.167971 after 3488 accepted steps
[mcmc]  - Updated covariance matrix of proposal pdf.
[mcmc] Learn + convergence test @ 4400 samples accepted.
[likelihoodcollection] Average computation time:
   flamingo.inference.masked_ps.MaskedBandPowerLikelihood : 5.38911e-05 s (8726 evaluations, 0.470254 s total)
[theorycollection] Average computation time:
   flamingo.inference.masked_ps.MaskedTSZTheory : 0.0165467 s (8726 evaluations, 144.387 s total)
[mcmc]  - Acceptance rate: 0.489
[mcmc]  - Convergence of means: R-1 = 0.176621 after 3520 accepted steps
[mcmc]  - Updated covariance matrix of proposal pdf.
[mcmc] Learn + convergence test @ 4440 samples accepted.
[likelihoodcollection] Average computation time:
   flamingo.inference.masked_ps.MaskedBandPowerLikelihood : 5.38813e-05 s (8813 evaluations, 0.474856 s total)
[theorycollection] Average computation time:
   flamingo.inference.masked_ps.MaskedTSZTheory : 0.0165469 s (8813 evaluations, 145.828 s total)
[mcmc]  - Acceptance rate: 0.488
[mcmc]  - Convergence of means: R-1 = 0.160800 after 3552 accepted steps
[mcmc]  - Updated covariance matrix of proposal pdf.
[mcmc] Learn + convergence test @ 4480 samples accepted.
[likelihoodcollection] Average computation time:
   flamingo.inference.masked_ps.MaskedBandPowerLikelihood : 5.38823e-05 s (8882 evaluations, 0.478582 s total)
[theorycollection] Average computation time:
   flamingo.inference.masked_ps.MaskedTSZTheory : 0.0165486 s (8882 evaluations, 146.985 s total)
[mcmc]  - Acceptance rate: 0.489
[mcmc]  - Convergence of means: R-1 = 0.160280 after 3584 accepted steps
[mcmc]  - Updated covariance matrix of proposal pdf.
[mcmc] Learn + convergence test @ 4520 samples accepted.
[likelihoodcollection] Average computation time:
   flamingo.inference.masked_ps.MaskedBandPowerLikelihood : 5.39026e-05 s (8966 evaluations, 0.483291 s total)
[theorycollection] Average computation time:
   flamingo.inference.masked_ps.MaskedTSZTheory : 0.0165479 s (8966 evaluations, 148.369 s total)
[mcmc]  - Acceptance rate: 0.489
[mcmc]  - Convergence of means: R-1 = 0.159876 after 3616 accepted steps
[mcmc]  - Updated covariance matrix of proposal pdf.
[mcmc] Learn + convergence test @ 4560 samples accepted.
[likelihoodcollection] Average computation time:
   flamingo.inference.masked_ps.MaskedBandPowerLikelihood : 5.38961e-05 s (9068 evaluations, 0.48873 s total)
[theorycollection] Average computation time:
   flamingo.inference.masked_ps.MaskedTSZTheory : 0.0165518 s (9068 evaluations, 150.091 s total)
[mcmc]  - Acceptance rate: 0.487
[mcmc]  - Convergence of means: R-1 = 0.166897 after 3648 accepted steps
[mcmc]  - Updated covariance matrix of proposal pdf.
[mcmc] Learn + convergence test @ 4600 samples accepted.
[likelihoodcollection] Average computation time:
   flamingo.inference.masked_ps.MaskedBandPowerLikelihood : 5.38811e-05 s (9179 evaluations, 0.494575 s total)
[theorycollection] Average computation time:
   flamingo.inference.masked_ps.MaskedTSZTheory : 0.0165511 s (9179 evaluations, 151.923 s total)
[mcmc]  - Acceptance rate: 0.486
[mcmc]  - Convergence of means: R-1 = 0.162698 after 3680 accepted steps
[mcmc]  - Updated covariance matrix of proposal pdf.
[mcmc] Learn + convergence test @ 4640 samples accepted.
[likelihoodcollection] Average computation time:
   flamingo.inference.masked_ps.MaskedBandPowerLikelihood : 5.38662e-05 s (9253 evaluations, 0.498424 s total)
[theorycollection] Average computation time:
   flamingo.inference.masked_ps.MaskedTSZTheory : 0.0165509 s (9253 evaluations, 153.145 s total)
[mcmc]  - Acceptance rate: 0.486
[mcmc]  - Convergence of means: R-1 = 0.144121 after 3712 accepted steps
[mcmc]  - Updated covariance matrix of proposal pdf.
[mcmc] Learn + convergence test @ 4680 samples accepted.
[likelihoodcollection] Average computation time:
   flamingo.inference.masked_ps.MaskedBandPowerLikelihood : 5.38278e-05 s (9338 evaluations, 0.502644 s total)
[theorycollection] Average computation time:
   flamingo.inference.masked_ps.MaskedTSZTheory : 0.0165477 s (9338 evaluations, 154.523 s total)
[mcmc]  - Acceptance rate: 0.486
[mcmc]  - Convergence of means: R-1 = 0.141726 after 3744 accepted steps
[mcmc]  - Updated covariance matrix of proposal pdf.
[mcmc] Learn + convergence test @ 4720 samples accepted.
[likelihoodcollection] Average computation time:
   flamingo.inference.masked_ps.MaskedBandPowerLikelihood : 5.37959e-05 s (9420 evaluations, 0.506757 s total)
[theorycollection] Average computation time:
   flamingo.inference.masked_ps.MaskedTSZTheory : 0.0165451 s (9420 evaluations, 155.855 s total)
[mcmc]  - Acceptance rate: 0.485
[mcmc]  - Convergence of means: R-1 = 0.127389 after 3776 accepted steps
[mcmc]  - Updated covariance matrix of proposal pdf.
[mcmc] Learn + convergence test @ 4760 samples accepted.
[likelihoodcollection] Average computation time:
   flamingo.inference.masked_ps.MaskedBandPowerLikelihood : 5.38268e-05 s (9511 evaluations, 0.511947 s total)
[theorycollection] Average computation time:
   flamingo.inference.masked_ps.MaskedTSZTheory : 0.016546 s (9511 evaluations, 157.369 s total)
[mcmc]  - Acceptance rate: 0.484
[mcmc]  - Convergence of means: R-1 = 0.121216 after 3808 accepted steps
[mcmc]  - Updated covariance matrix of proposal pdf.
[mcmc] Learn + convergence test @ 4800 samples accepted.
[likelihoodcollection] Average computation time:
   flamingo.inference.masked_ps.MaskedBandPowerLikelihood : 5.38117e-05 s (9609 evaluations, 0.517077 s total)
[theorycollection] Average computation time:
   flamingo.inference.masked_ps.MaskedTSZTheory : 0.0165446 s (9609 evaluations, 158.977 s total)
[mcmc]  - Acceptance rate: 0.484
[mcmc]  - Convergence of means: R-1 = 0.130998 after 3840 accepted steps
[mcmc]  - Updated covariance matrix of proposal pdf.
[mcmc] Learn + convergence test @ 4840 samples accepted.
[likelihoodcollection] Average computation time:
   flamingo.inference.masked_ps.MaskedBandPowerLikelihood : 5.38327e-05 s (9696 evaluations, 0.521962 s total)
[theorycollection] Average computation time:
   flamingo.inference.masked_ps.MaskedTSZTheory : 0.0165478 s (9696 evaluations, 160.447 s total)
[mcmc]  - Acceptance rate: 0.484
[mcmc]  - Convergence of means: R-1 = 0.121860 after 3872 accepted steps
[mcmc]  - Updated covariance matrix of proposal pdf.
[mcmc] Learn + convergence test @ 4880 samples accepted.
[likelihoodcollection] Average computation time:
   flamingo.inference.masked_ps.MaskedBandPowerLikelihood : 5.38295e-05 s (9768 evaluations, 0.525806 s total)
[theorycollection] Average computation time:
   flamingo.inference.masked_ps.MaskedTSZTheory : 0.0165489 s (9768 evaluations, 161.65 s total)
[mcmc]  - Acceptance rate: 0.484
[mcmc]  - Convergence of means: R-1 = 0.129550 after 3904 accepted steps
[mcmc]  - Updated covariance matrix of proposal pdf.
[mcmc] Learn + convergence test @ 4920 samples accepted.
[likelihoodcollection] Average computation time:
   flamingo.inference.masked_ps.MaskedBandPowerLikelihood : 5.38614e-05 s (9876 evaluations, 0.531935 s total)
[theorycollection] Average computation time:
   flamingo.inference.masked_ps.MaskedTSZTheory : 0.0165491 s (9876 evaluations, 163.439 s total)
[mcmc]  - Acceptance rate: 0.483
[mcmc]  - Convergence of means: R-1 = 0.116314 after 3936 accepted steps
[mcmc]  - Updated covariance matrix of proposal pdf.
[mcmc] Learn + convergence test @ 4960 samples accepted.
[likelihoodcollection] Average computation time:
   flamingo.inference.masked_ps.MaskedBandPowerLikelihood : 5.38636e-05 s (9960 evaluations, 0.536481 s total)
[theorycollection] Average computation time:
   flamingo.inference.masked_ps.MaskedTSZTheory : 0.0165488 s (9960 evaluations, 164.826 s total)
[mcmc]  - Acceptance rate: 0.483
[mcmc]  - Convergence of means: R-1 = 0.126824 after 3968 accepted steps
[mcmc]  - Updated covariance matrix of proposal pdf.
[mcmc] Learn + convergence test @ 5000 samples accepted.
[likelihoodcollection] Average computation time:
   flamingo.inference.masked_ps.MaskedBandPowerLikelihood : 5.38375e-05 s (10059 evaluations, 0.541552 s total)
[theorycollection] Average computation time:
   flamingo.inference.masked_ps.MaskedTSZTheory : 0.0165496 s (10059 evaluations, 166.473 s total)
[mcmc]  - Acceptance rate: 0.482
[mcmc]  - Convergence of means: R-1 = 0.136034 after 4000 accepted steps
[mcmc]  - Updated covariance matrix of proposal pdf.
[mcmc] Learn + convergence test @ 5040 samples accepted.
[likelihoodcollection] Average computation time:
   flamingo.inference.masked_ps.MaskedBandPowerLikelihood : 5.38435e-05 s (10155 evaluations, 0.546781 s total)
[theorycollection] Average computation time:
   flamingo.inference.masked_ps.MaskedTSZTheory : 0.016551 s (10155 evaluations, 168.075 s total)
[mcmc]  - Acceptance rate: 0.482
[mcmc]  - Convergence of means: R-1 = 0.145950 after 4032 accepted steps
[mcmc]  - Updated covariance matrix of proposal pdf.
[mcmc] Learn + convergence test @ 5080 samples accepted.
[likelihoodcollection] Average computation time:
   flamingo.inference.masked_ps.MaskedBandPowerLikelihood : 5.38307e-05 s (10246 evaluations, 0.55155 s total)
[theorycollection] Average computation time:
   flamingo.inference.masked_ps.MaskedTSZTheory : 0.0165511 s (10246 evaluations, 169.583 s total)
[mcmc]  - Acceptance rate: 0.481
[mcmc]  - Convergence of means: R-1 = 0.144873 after 4064 accepted steps
[mcmc]  - Updated covariance matrix of proposal pdf.
[mcmc] Learn + convergence test @ 5120 samples accepted.
[likelihoodcollection] Average computation time:
   flamingo.inference.masked_ps.MaskedBandPowerLikelihood : 5.38534e-05 s (10347 evaluations, 0.557221 s total)
[theorycollection] Average computation time:
   flamingo.inference.masked_ps.MaskedTSZTheory : 0.0165538 s (10347 evaluations, 171.282 s total)
[mcmc]  - Acceptance rate: 0.481
[mcmc]  - Convergence of means: R-1 = 0.162354 after 4096 accepted steps
[mcmc]  - Updated covariance matrix of proposal pdf.
[mcmc] Learn + convergence test @ 5160 samples accepted.
[likelihoodcollection] Average computation time:
   flamingo.inference.masked_ps.MaskedBandPowerLikelihood : 5.38503e-05 s (10427 evaluations, 0.561497 s total)
[theorycollection] Average computation time:
   flamingo.inference.masked_ps.MaskedTSZTheory : 0.0165548 s (10427 evaluations, 172.617 s total)
[mcmc]  - Acceptance rate: 0.481
[mcmc]  - Convergence of means: R-1 = 0.168334 after 4128 accepted steps
[mcmc]  - Updated covariance matrix of proposal pdf.
[mcmc] Learn + convergence test @ 5200 samples accepted.
[likelihoodcollection] Average computation time:
   flamingo.inference.masked_ps.MaskedBandPowerLikelihood : 5.38932e-05 s (10534 evaluations, 0.567711 s total)
[theorycollection] Average computation time:
   flamingo.inference.masked_ps.MaskedTSZTheory : 0.0165578 s (10534 evaluations, 174.42 s total)
[mcmc]  - Acceptance rate: 0.479
[mcmc]  - Convergence of means: R-1 = 0.149141 after 4160 accepted steps
[mcmc]  - Updated covariance matrix of proposal pdf.
[mcmc] Learn + convergence test @ 5240 samples accepted.
[likelihoodcollection] Average computation time:
   flamingo.inference.masked_ps.MaskedBandPowerLikelihood : 5.38609e-05 s (10610 evaluations, 0.571465 s total)
[theorycollection] Average computation time:
   flamingo.inference.masked_ps.MaskedTSZTheory : 0.0165575 s (10610 evaluations, 175.675 s total)
[mcmc]  - Acceptance rate: 0.479
[mcmc]  - Convergence of means: R-1 = 0.133661 after 4192 accepted steps
[mcmc]  - Updated covariance matrix of proposal pdf.
[mcmc] Progress @ 2026-08-03 01:12:43 : 10659 steps taken, and 5262 accepted.
[mcmc] Learn + convergence test @ 5280 samples accepted.
[likelihoodcollection] Average computation time:
   flamingo.inference.masked_ps.MaskedBandPowerLikelihood : 5.38529e-05 s (10676 evaluations, 0.574934 s total)
[theorycollection] Average computation time:
   flamingo.inference.masked_ps.MaskedTSZTheory : 0.016557 s (10676 evaluations, 176.763 s total)
[mcmc]  - Acceptance rate: 0.480
[mcmc]  - Convergence of means: R-1 = 0.130772 after 4224 accepted steps
[mcmc]  - Updated covariance matrix of proposal pdf.
[mcmc] Learn + convergence test @ 5320 samples accepted.
[likelihoodcollection] Average computation time:
   flamingo.inference.masked_ps.MaskedBandPowerLikelihood : 5.38837e-05 s (10756 evaluations, 0.579573 s total)
[theorycollection] Average computation time:
   flamingo.inference.masked_ps.MaskedTSZTheory : 0.0165596 s (10756 evaluations, 178.115 s total)
[mcmc]  - Acceptance rate: 0.480
[mcmc]  - Convergence of means: R-1 = 0.121224 after 4256 accepted steps
[mcmc]  - Updated covariance matrix of proposal pdf.
[mcmc] Learn + convergence test @ 5360 samples accepted.
[likelihoodcollection] Average computation time:
   flamingo.inference.masked_ps.MaskedBandPowerLikelihood : 5.38978e-05 s (10834 evaluations, 0.583928 s total)
[theorycollection] Average computation time:
   flamingo.inference.masked_ps.MaskedTSZTheory : 0.0165624 s (10834 evaluations, 179.437 s total)
[mcmc]  - Acceptance rate: 0.480
[mcmc]  - Convergence of means: R-1 = 0.121378 after 4288 accepted steps
[mcmc]  - Updated covariance matrix of proposal pdf.
[mcmc] Learn + convergence test @ 5400 samples accepted.
[likelihoodcollection] Average computation time:
   flamingo.inference.masked_ps.MaskedBandPowerLikelihood : 5.3877e-05 s (10919 evaluations, 0.588283 s total)
[theorycollection] Average computation time:
   flamingo.inference.masked_ps.MaskedTSZTheory : 0.0165618 s (10919 evaluations, 180.839 s total)
[mcmc]  - Acceptance rate: 0.480
[mcmc]  - Convergence of means: R-1 = 0.119015 after 4320 accepted steps
[mcmc]  - Updated covariance matrix of proposal pdf.
[mcmc] Learn + convergence test @ 5440 samples accepted.
[likelihoodcollection] Average computation time:
   flamingo.inference.masked_ps.MaskedBandPowerLikelihood : 5.39253e-05 s (11001 evaluations, 0.593232 s total)
[theorycollection] Average computation time:
   flamingo.inference.masked_ps.MaskedTSZTheory : 0.0165633 s (11001 evaluations, 182.213 s total)
[mcmc]  - Acceptance rate: 0.480
[mcmc]  - Convergence of means: R-1 = 0.120513 after 4352 accepted steps
[mcmc]  - Updated covariance matrix of proposal pdf.
[mcmc] Learn + convergence test @ 5480 samples accepted.
[likelihoodcollection] Average computation time:
   flamingo.inference.masked_ps.MaskedBandPowerLikelihood : 5.38816e-05 s (11096 evaluations, 0.59787 s total)
[theorycollection] Average computation time:
   flamingo.inference.masked_ps.MaskedTSZTheory : 0.0165618 s (11096 evaluations, 183.77 s total)
[mcmc]  - Acceptance rate: 0.480
[mcmc]  - Convergence of means: R-1 = 0.120355 after 4384 accepted steps
[mcmc]  - Updated covariance matrix of proposal pdf.
[mcmc] Learn + convergence test @ 5520 samples accepted.
[likelihoodcollection] Average computation time:
   flamingo.inference.masked_ps.MaskedBandPowerLikelihood : 5.38699e-05 s (11173 evaluations, 0.601888 s total)
[theorycollection] Average computation time:
   flamingo.inference.masked_ps.MaskedTSZTheory : 0.0165619 s (11173 evaluations, 185.046 s total)
[mcmc]  - Acceptance rate: 0.480
[mcmc]  - Convergence of means: R-1 = 0.124204 after 4416 accepted steps
[mcmc]  - Updated covariance matrix of proposal pdf.
[mcmc] Learn + convergence test @ 5560 samples accepted.
[likelihoodcollection] Average computation time:
   flamingo.inference.masked_ps.MaskedBandPowerLikelihood : 5.38519e-05 s (11254 evaluations, 0.60605 s total)
[theorycollection] Average computation time:
   flamingo.inference.masked_ps.MaskedTSZTheory : 0.0165628 s (11254 evaluations, 186.397 s total)
[mcmc]  - Acceptance rate: 0.480
[mcmc]  - Convergence of means: R-1 = 0.133190 after 4448 accepted steps
[mcmc]  - Updated covariance matrix of proposal pdf.
[mcmc] Learn + convergence test @ 5600 samples accepted.
[likelihoodcollection] Average computation time:
   flamingo.inference.masked_ps.MaskedBandPowerLikelihood : 5.38533e-05 s (11327 evaluations, 0.609996 s total)
[theorycollection] Average computation time:
   flamingo.inference.masked_ps.MaskedTSZTheory : 0.0165646 s (11327 evaluations, 187.627 s total)
[mcmc]  - Acceptance rate: 0.480
[mcmc]  - Convergence of means: R-1 = 0.117044 after 4480 accepted steps
[mcmc]  - Updated covariance matrix of proposal pdf.
[mcmc] Learn + convergence test @ 5640 samples accepted.
[likelihoodcollection] Average computation time:
   flamingo.inference.masked_ps.MaskedBandPowerLikelihood : 5.38462e-05 s (11427 evaluations, 0.6153 s total)
[theorycollection] Average computation time:
   flamingo.inference.masked_ps.MaskedTSZTheory : 0.016563 s (11427 evaluations, 189.266 s total)
[mcmc]  - Acceptance rate: 0.479
[mcmc]  - Convergence of means: R-1 = 0.111767 after 4512 accepted steps
[mcmc]  - Updated covariance matrix of proposal pdf.
[mcmc] Learn + convergence test @ 5680 samples accepted.
[likelihoodcollection] Average computation time:
   flamingo.inference.masked_ps.MaskedBandPowerLikelihood : 5.38387e-05 s (11506 evaluations, 0.619469 s total)
[theorycollection] Average computation time:
   flamingo.inference.masked_ps.MaskedTSZTheory : 0.0165635 s (11506 evaluations, 190.579 s total)
[mcmc]  - Acceptance rate: 0.479
[mcmc]  - Convergence of means: R-1 = 0.100458 after 4544 accepted steps
[mcmc]  - Updated covariance matrix of proposal pdf.
[mcmc] Learn + convergence test @ 5720 samples accepted.
[likelihoodcollection] Average computation time:
   flamingo.inference.masked_ps.MaskedBandPowerLikelihood : 5.3844e-05 s (11591 evaluations, 0.624106 s total)
[theorycollection] Average computation time:
   flamingo.inference.masked_ps.MaskedTSZTheory : 0.0165643 s (11591 evaluations, 191.997 s total)
[mcmc]  - Acceptance rate: 0.479
[mcmc]  - Convergence of means: R-1 = 0.086699 after 4576 accepted steps
[mcmc]  - Updated covariance matrix of proposal pdf.
[mcmc] Learn + convergence test @ 5760 samples accepted.
[likelihoodcollection] Average computation time:
   flamingo.inference.masked_ps.MaskedBandPowerLikelihood : 5.38291e-05 s (11667 evaluations, 0.628024 s total)
[theorycollection] Average computation time:
   flamingo.inference.masked_ps.MaskedTSZTheory : 0.0165651 s (11667 evaluations, 193.265 s total)
[mcmc]  - Acceptance rate: 0.479
[mcmc]  - Convergence of means: R-1 = 0.077557 after 4608 accepted steps
[mcmc]  - Updated covariance matrix of proposal pdf.
[mcmc] Learn + convergence test @ 5800 samples accepted.
[likelihoodcollection] Average computation time:
   flamingo.inference.masked_ps.MaskedBandPowerLikelihood : 5.38277e-05 s (11775 evaluations, 0.633822 s total)
[theorycollection] Average computation time:
   flamingo.inference.masked_ps.MaskedTSZTheory : 0.0165661 s (11775 evaluations, 195.066 s total)
[mcmc]  - Acceptance rate: 0.478
[mcmc]  - Convergence of means: R-1 = 0.065850 after 4640 accepted steps
[mcmc]  - Updated covariance matrix of proposal pdf.
[mcmc] Learn + convergence test @ 5840 samples accepted.
[likelihoodcollection] Average computation time:
   flamingo.inference.masked_ps.MaskedBandPowerLikelihood : 5.38286e-05 s (11869 evaluations, 0.638892 s total)
[theorycollection] Average computation time:
   flamingo.inference.masked_ps.MaskedTSZTheory : 0.0165643 s (11869 evaluations, 196.602 s total)
[mcmc]  - Acceptance rate: 0.477
[mcmc]  - Convergence of means: R-1 = 0.055613 after 4672 accepted steps
[mcmc]  - Updated covariance matrix of proposal pdf.
[mcmc] Learn + convergence test @ 5880 samples accepted.
[likelihoodcollection] Average computation time:
   flamingo.inference.masked_ps.MaskedBandPowerLikelihood : 5.38223e-05 s (11973 evaluations, 0.644414 s total)
[theorycollection] Average computation time:
   flamingo.inference.masked_ps.MaskedTSZTheory : 0.0165664 s (11973 evaluations, 198.349 s total)
[mcmc]  - Acceptance rate: 0.476
[mcmc]  - Convergence of means: R-1 = 0.054812 after 4704 accepted steps
[mcmc]  - Updated covariance matrix of proposal pdf.
[mcmc] Learn + convergence test @ 5920 samples accepted.
[likelihoodcollection] Average computation time:
   flamingo.inference.masked_ps.MaskedBandPowerLikelihood : 5.38099e-05 s (12057 evaluations, 0.648786 s total)
[theorycollection] Average computation time:
   flamingo.inference.masked_ps.MaskedTSZTheory : 0.0165658 s (12057 evaluations, 199.734 s total)
[mcmc]  - Acceptance rate: 0.476
[mcmc]  - Convergence of means: R-1 = 0.052700 after 4736 accepted steps
[mcmc]  - Updated covariance matrix of proposal pdf.
[mcmc] Learn + convergence test @ 5960 samples accepted.
[likelihoodcollection] Average computation time:
   flamingo.inference.masked_ps.MaskedBandPowerLikelihood : 5.37913e-05 s (12137 evaluations, 0.652865 s total)
[theorycollection] Average computation time:
   flamingo.inference.masked_ps.MaskedTSZTheory : 0.0165661 s (12137 evaluations, 201.063 s total)
[mcmc]  - Acceptance rate: 0.476
[mcmc]  - Convergence of means: R-1 = 0.054040 after 4768 accepted steps
[mcmc]  - Updated covariance matrix of proposal pdf.
[mcmc] Learn + convergence test @ 6000 samples accepted.
[likelihoodcollection] Average computation time:
   flamingo.inference.masked_ps.MaskedBandPowerLikelihood : 5.37825e-05 s (12233 evaluations, 0.657922 s total)
[theorycollection] Average computation time:
   flamingo.inference.masked_ps.MaskedTSZTheory : 0.0165673 s (12233 evaluations, 202.667 s total)
[mcmc]  - Acceptance rate: 0.475
[mcmc]  - Convergence of means: R-1 = 0.068229 after 4800 accepted steps
[mcmc]  - Updated covariance matrix of proposal pdf.
[mcmc] Learn + convergence test @ 6040 samples accepted.
[likelihoodcollection] Average computation time:
   flamingo.inference.masked_ps.MaskedBandPowerLikelihood : 5.37927e-05 s (12316 evaluations, 0.662511 s total)
[theorycollection] Average computation time:
   flamingo.inference.masked_ps.MaskedTSZTheory : 0.0165685 s (12316 evaluations, 204.058 s total)
[mcmc]  - Acceptance rate: 0.475
[mcmc]  - Convergence of means: R-1 = 0.076437 after 4832 accepted steps
[mcmc]  - Updated covariance matrix of proposal pdf.
[mcmc] Learn + convergence test @ 6080 samples accepted.
[likelihoodcollection] Average computation time:
   flamingo.inference.masked_ps.MaskedBandPowerLikelihood : 5.37821e-05 s (12390 evaluations, 0.66636 s total)
[theorycollection] Average computation time:
   flamingo.inference.masked_ps.MaskedTSZTheory : 0.016569 s (12390 evaluations, 205.29 s total)
[mcmc]  - Acceptance rate: 0.476
[mcmc]  - Convergence of means: R-1 = 0.068724 after 4864 accepted steps
[mcmc]  - Updated covariance matrix of proposal pdf.
[mcmc] Learn + convergence test @ 6120 samples accepted.
[likelihoodcollection] Average computation time:
   flamingo.inference.masked_ps.MaskedBandPowerLikelihood : 5.37432e-05 s (12496 evaluations, 0.671575 s total)
[theorycollection] Average computation time:
   flamingo.inference.masked_ps.MaskedTSZTheory : 0.0165664 s (12496 evaluations, 207.014 s total)
[mcmc]  - Acceptance rate: 0.474
[mcmc]  - Convergence of means: R-1 = 0.069911 after 4896 accepted steps
[mcmc]  - Updated covariance matrix of proposal pdf.
[mcmc] Learn + convergence test @ 6160 samples accepted.
[likelihoodcollection] Average computation time:
   flamingo.inference.masked_ps.MaskedBandPowerLikelihood : 5.37236e-05 s (12602 evaluations, 0.677024 s total)
[theorycollection] Average computation time:
   flamingo.inference.masked_ps.MaskedTSZTheory : 0.0165677 s (12602 evaluations, 208.786 s total)
[mcmc]  - Acceptance rate: 0.473
[mcmc]  - Convergence of means: R-1 = 0.072868 after 4928 accepted steps
[mcmc]  - Updated covariance matrix of proposal pdf.
[mcmc] Learn + convergence test @ 6200 samples accepted.
[likelihoodcollection] Average computation time:
   flamingo.inference.masked_ps.MaskedBandPowerLikelihood : 5.37024e-05 s (12723 evaluations, 0.683256 s total)
[theorycollection] Average computation time:
   flamingo.inference.masked_ps.MaskedTSZTheory : 0.0165681 s (12723 evaluations, 210.796 s total)
[mcmc]  - Acceptance rate: 0.471
[mcmc]  - Convergence of means: R-1 = 0.078935 after 4960 accepted steps
[mcmc]  - Updated covariance matrix of proposal pdf.
[mcmc] Learn + convergence test @ 6240 samples accepted.
[likelihoodcollection] Average computation time:
   flamingo.inference.masked_ps.MaskedBandPowerLikelihood : 5.37102e-05 s (12820 evaluations, 0.688565 s total)
[theorycollection] Average computation time:
   flamingo.inference.masked_ps.MaskedTSZTheory : 0.0165696 s (12820 evaluations, 212.423 s total)
[mcmc]  - Acceptance rate: 0.471
[mcmc]  - Convergence of means: R-1 = 0.078438 after 4992 accepted steps
[mcmc]  - Updated covariance matrix of proposal pdf.
[mcmc] Learn + convergence test @ 6280 samples accepted.
[likelihoodcollection] Average computation time:
   flamingo.inference.masked_ps.MaskedBandPowerLikelihood : 5.3687e-05 s (12897 evaluations, 0.692401 s total)
[theorycollection] Average computation time:
   flamingo.inference.masked_ps.MaskedTSZTheory : 0.0165685 s (12897 evaluations, 213.684 s total)
[mcmc]  - Acceptance rate: 0.471
[mcmc]  - Convergence of means: R-1 = 0.078526 after 5024 accepted steps
[mcmc]  - Updated covariance matrix of proposal pdf.
[mcmc] Learn + convergence test @ 6320 samples accepted.
[likelihoodcollection] Average computation time:
   flamingo.inference.masked_ps.MaskedBandPowerLikelihood : 5.3718e-05 s (12983 evaluations, 0.697421 s total)
[theorycollection] Average computation time:
   flamingo.inference.masked_ps.MaskedTSZTheory : 0.0165695 s (12983 evaluations, 215.122 s total)
[mcmc]  - Acceptance rate: 0.471
[mcmc]  - Convergence of means: R-1 = 0.080038 after 5056 accepted steps
[mcmc]  - Updated covariance matrix of proposal pdf.
[mcmc] Learn + convergence test @ 6360 samples accepted.
[likelihoodcollection] Average computation time:
   flamingo.inference.masked_ps.MaskedBandPowerLikelihood : 5.37483e-05 s (13078 evaluations, 0.70292 s total)
[theorycollection] Average computation time:
   flamingo.inference.masked_ps.MaskedTSZTheory : 0.01657 s (13078 evaluations, 216.702 s total)
[mcmc]  - Acceptance rate: 0.470
[mcmc]  - Convergence of means: R-1 = 0.075055 after 5088 accepted steps
[mcmc]  - Updated covariance matrix of proposal pdf.
[mcmc] Learn + convergence test @ 6400 samples accepted.
[likelihoodcollection] Average computation time:
   flamingo.inference.masked_ps.MaskedBandPowerLikelihood : 5.37475e-05 s (13179 evaluations, 0.708338 s total)
[theorycollection] Average computation time:
   flamingo.inference.masked_ps.MaskedTSZTheory : 0.0165706 s (13179 evaluations, 218.384 s total)
[mcmc]  - Acceptance rate: 0.470
[mcmc]  - Convergence of means: R-1 = 0.077051 after 5120 accepted steps
[mcmc]  - Updated covariance matrix of proposal pdf.
[mcmc] Learn + convergence test @ 6440 samples accepted.
[likelihoodcollection] Average computation time:
   flamingo.inference.masked_ps.MaskedBandPowerLikelihood : 5.37703e-05 s (13254 evaluations, 0.712672 s total)
[theorycollection] Average computation time:
   flamingo.inference.masked_ps.MaskedTSZTheory : 0.0165712 s (13254 evaluations, 219.634 s total)
[mcmc]  - Acceptance rate: 0.470
[mcmc]  - Convergence of means: R-1 = 0.084017 after 5152 accepted steps
[mcmc]  - Updated covariance matrix of proposal pdf.
[mcmc] Learn + convergence test @ 6480 samples accepted.
[likelihoodcollection] Average computation time:
   flamingo.inference.masked_ps.MaskedBandPowerLikelihood : 5.3753e-05 s (13340 evaluations, 0.717066 s total)
[theorycollection] Average computation time:
   flamingo.inference.masked_ps.MaskedTSZTheory : 0.0165701 s (13340 evaluations, 221.045 s total)
[mcmc]  - Acceptance rate: 0.470
[mcmc]  - Convergence of means: R-1 = 0.089799 after 5184 accepted steps
[mcmc]  - Updated covariance matrix of proposal pdf.
[mcmc] Learn + convergence test @ 6520 samples accepted.
[likelihoodcollection] Average computation time:
   flamingo.inference.masked_ps.MaskedBandPowerLikelihood : 5.37571e-05 s (13431 evaluations, 0.722011 s total)
[theorycollection] Average computation time:
   flamingo.inference.masked_ps.MaskedTSZTheory : 0.016573 s (13431 evaluations, 222.592 s total)
[mcmc]  - Acceptance rate: 0.470
[mcmc]  - Convergence of means: R-1 = 0.086118 after 5216 accepted steps
[mcmc]  - Updated covariance matrix of proposal pdf.
[mcmc] Learn + convergence test @ 6560 samples accepted.
[likelihoodcollection] Average computation time:
   flamingo.inference.masked_ps.MaskedBandPowerLikelihood : 5.37322e-05 s (13542 evaluations, 0.727642 s total)
[theorycollection] Average computation time:
   flamingo.inference.masked_ps.MaskedTSZTheory : 0.0165731 s (13542 evaluations, 224.433 s total)
[mcmc]  - Acceptance rate: 0.469
[mcmc]  - Convergence of means: R-1 = 0.072240 after 5248 accepted steps
[mcmc]  - Updated covariance matrix of proposal pdf.
[mcmc] Learn + convergence test @ 6600 samples accepted.
[likelihoodcollection] Average computation time:
   flamingo.inference.masked_ps.MaskedBandPowerLikelihood : 5.3712e-05 s (13676 evaluations, 0.734566 s total)
[theorycollection] Average computation time:
   flamingo.inference.masked_ps.MaskedTSZTheory : 0.0165712 s (13676 evaluations, 226.628 s total)
[mcmc]  - Acceptance rate: 0.467
[mcmc]  - Convergence of means: R-1 = 0.058833 after 5280 accepted steps
[mcmc]  - Updated covariance matrix of proposal pdf.
[mcmc] Learn + convergence test @ 6640 samples accepted.
[likelihoodcollection] Average computation time:
   flamingo.inference.masked_ps.MaskedBandPowerLikelihood : 5.37126e-05 s (13750 evaluations, 0.738548 s total)
[theorycollection] Average computation time:
   flamingo.inference.masked_ps.MaskedTSZTheory : 0.0165726 s (13750 evaluations, 227.873 s total)
[mcmc]  - Acceptance rate: 0.467
[mcmc]  - Convergence of means: R-1 = 0.047036 after 5312 accepted steps
[mcmc]  - Updated covariance matrix of proposal pdf.
[mcmc] Learn + convergence test @ 6680 samples accepted.
[likelihoodcollection] Average computation time:
   flamingo.inference.masked_ps.MaskedBandPowerLikelihood : 5.37225e-05 s (13822 evaluations, 0.742552 s total)
[theorycollection] Average computation time:
   flamingo.inference.masked_ps.MaskedTSZTheory : 0.016571 s (13822 evaluations, 229.045 s total)
[mcmc]  - Acceptance rate: 0.467
[mcmc]  - Convergence of means: R-1 = 0.046579 after 5344 accepted steps
[mcmc]  - Updated covariance matrix of proposal pdf.
[mcmc] Learn + convergence test @ 6720 samples accepted.
[likelihoodcollection] Average computation time:
   flamingo.inference.masked_ps.MaskedBandPowerLikelihood : 5.37209e-05 s (13881 evaluations, 0.745699 s total)
[theorycollection] Average computation time:
   flamingo.inference.masked_ps.MaskedTSZTheory : 0.016571 s (13881 evaluations, 230.022 s total)
[mcmc]  - Acceptance rate: 0.468
[mcmc]  - Convergence of means: R-1 = 0.047337 after 5376 accepted steps
[mcmc]  - Updated covariance matrix of proposal pdf.
[mcmc] Learn + convergence test @ 6760 samples accepted.
[likelihoodcollection] Average computation time:
   flamingo.inference.masked_ps.MaskedBandPowerLikelihood : 5.3739e-05 s (13991 evaluations, 0.751862 s total)
[theorycollection] Average computation time:
   flamingo.inference.masked_ps.MaskedTSZTheory : 0.0165701 s (13991 evaluations, 231.833 s total)
[mcmc]  - Acceptance rate: 0.467
[mcmc]  - Convergence of means: R-1 = 0.048390 after 5408 accepted steps
[mcmc]  - Updated covariance matrix of proposal pdf.
[mcmc] Learn + convergence test @ 6800 samples accepted.
[likelihoodcollection] Average computation time:
   flamingo.inference.masked_ps.MaskedBandPowerLikelihood : 5.37234e-05 s (14082 evaluations, 0.756533 s total)
[theorycollection] Average computation time:
   flamingo.inference.masked_ps.MaskedTSZTheory : 0.0165685 s (14082 evaluations, 233.317 s total)
[mcmc]  - Acceptance rate: 0.467
[mcmc]  - Convergence of means: R-1 = 0.058964 after 5440 accepted steps
[mcmc]  - Updated covariance matrix of proposal pdf.
[mcmc] Learn + convergence test @ 6840 samples accepted.
[likelihoodcollection] Average computation time:
   flamingo.inference.masked_ps.MaskedBandPowerLikelihood : 5.37352e-05 s (14168 evaluations, 0.761321 s total)
[theorycollection] Average computation time:
   flamingo.inference.masked_ps.MaskedTSZTheory : 0.0165687 s (14168 evaluations, 234.745 s total)
[mcmc]  - Acceptance rate: 0.467
[mcmc]  - Convergence of means: R-1 = 0.061899 after 5472 accepted steps
[mcmc]  - Updated covariance matrix of proposal pdf.
[mcmc] Progress @ 2026-08-03 01:13:43 : 14206 steps taken, and 6847 accepted.
[mcmc] Learn + convergence test @ 6880 samples accepted.
[likelihoodcollection] Average computation time:
   flamingo.inference.masked_ps.MaskedBandPowerLikelihood : 5.37372e-05 s (14271 evaluations, 0.766884 s total)
[theorycollection] Average computation time:
   flamingo.inference.masked_ps.MaskedTSZTheory : 0.0165691 s (14271 evaluations, 236.457 s total)
[mcmc]  - Acceptance rate: 0.467
[mcmc]  - Convergence of means: R-1 = 0.058773 after 5504 accepted steps
[mcmc]  - Updated covariance matrix of proposal pdf.
[mcmc] Learn + convergence test @ 6920 samples accepted.
[likelihoodcollection] Average computation time:
   flamingo.inference.masked_ps.MaskedBandPowerLikelihood : 5.37374e-05 s (14368 evaluations, 0.772098 s total)
[theorycollection] Average computation time:
   flamingo.inference.masked_ps.MaskedTSZTheory : 0.0165707 s (14368 evaluations, 238.088 s total)
[mcmc]  - Acceptance rate: 0.466
[mcmc]  - Convergence of means: R-1 = 0.050751 after 5536 accepted steps
[mcmc]  - Updated covariance matrix of proposal pdf.
[mcmc] Learn + convergence test @ 6960 samples accepted.
[likelihoodcollection] Average computation time:
   flamingo.inference.masked_ps.MaskedBandPowerLikelihood : 5.37498e-05 s (14463 evaluations, 0.777383 s total)
[theorycollection] Average computation time:
   flamingo.inference.masked_ps.MaskedTSZTheory : 0.0165723 s (14463 evaluations, 239.685 s total)
[mcmc]  - Acceptance rate: 0.466
[mcmc]  - Convergence of means: R-1 = 0.042526 after 5568 accepted steps
[mcmc]  - Updated covariance matrix of proposal pdf.
[mcmc] Learn + convergence test @ 7000 samples accepted.
[likelihoodcollection] Average computation time:
   flamingo.inference.masked_ps.MaskedBandPowerLikelihood : 5.37362e-05 s (14572 evaluations, 0.783044 s total)
[theorycollection] Average computation time:
   flamingo.inference.masked_ps.MaskedTSZTheory : 0.0165701 s (14572 evaluations, 241.46 s total)
[mcmc]  - Acceptance rate: 0.465
[mcmc]  - Convergence of means: R-1 = 0.049253 after 5600 accepted steps
[mcmc]  - Updated covariance matrix of proposal pdf.
[mcmc] Learn + convergence test @ 7040 samples accepted.
[likelihoodcollection] Average computation time:
   flamingo.inference.masked_ps.MaskedBandPowerLikelihood : 5.37468e-05 s (14654 evaluations, 0.787605 s total)
[theorycollection] Average computation time:
   flamingo.inference.masked_ps.MaskedTSZTheory : 0.01657 s (14654 evaluations, 242.817 s total)
[mcmc]  - Acceptance rate: 0.465
[mcmc]  - Convergence of means: R-1 = 0.048972 after 5632 accepted steps
[mcmc]  - Updated covariance matrix of proposal pdf.
[mcmc] Learn + convergence test @ 7080 samples accepted.
[likelihoodcollection] Average computation time:
   flamingo.inference.masked_ps.MaskedBandPowerLikelihood : 5.37445e-05 s (14753 evaluations, 0.792892 s total)
[theorycollection] Average computation time:
   flamingo.inference.masked_ps.MaskedTSZTheory : 0.0165721 s (14753 evaluations, 244.488 s total)
[mcmc]  - Acceptance rate: 0.464
[mcmc]  - Convergence of means: R-1 = 0.042090 after 5664 accepted steps
[mcmc]  - Updated covariance matrix of proposal pdf.
[mcmc] Learn + convergence test @ 7120 samples accepted.
[likelihoodcollection] Average computation time:
   flamingo.inference.masked_ps.MaskedBandPowerLikelihood : 5.3742e-05 s (14835 evaluations, 0.797263 s total)
[theorycollection] Average computation time:
   flamingo.inference.masked_ps.MaskedTSZTheory : 0.0165742 s (14835 evaluations, 245.878 s total)
[mcmc]  - Acceptance rate: 0.464
[mcmc]  - Convergence of means: R-1 = 0.043294 after 5696 accepted steps
[mcmc]  - Updated covariance matrix of proposal pdf.
[mcmc] Learn + convergence test @ 7160 samples accepted.
[likelihoodcollection] Average computation time:
   flamingo.inference.masked_ps.MaskedBandPowerLikelihood : 5.37515e-05 s (14928 evaluations, 0.802403 s total)
[theorycollection] Average computation time:
   flamingo.inference.masked_ps.MaskedTSZTheory : 0.016575 s (14928 evaluations, 247.431 s total)
[mcmc]  - Acceptance rate: 0.464
[mcmc]  - Convergence of means: R-1 = 0.050103 after 5728 accepted steps
[mcmc]  - Updated covariance matrix of proposal pdf.
[mcmc] Learn + convergence test @ 7200 samples accepted.
[likelihoodcollection] Average computation time:
   flamingo.inference.masked_ps.MaskedBandPowerLikelihood : 5.37311e-05 s (15042 evaluations, 0.808223 s total)
[theorycollection] Average computation time:
   flamingo.inference.masked_ps.MaskedTSZTheory : 0.0165749 s (15042 evaluations, 249.32 s total)
[mcmc]  - Acceptance rate: 0.463
[mcmc]  - Convergence of means: R-1 = 0.068654 after 5760 accepted steps
[mcmc]  - Updated covariance matrix of proposal pdf.
[mcmc] Learn + convergence test @ 7240 samples accepted.
[likelihoodcollection] Average computation time:
   flamingo.inference.masked_ps.MaskedBandPowerLikelihood : 5.37434e-05 s (15140 evaluations, 0.813675 s total)
[theorycollection] Average computation time:
   flamingo.inference.masked_ps.MaskedTSZTheory : 0.0165743 s (15140 evaluations, 250.935 s total)
[mcmc]  - Acceptance rate: 0.462
[mcmc]  - Convergence of means: R-1 = 0.076752 after 5792 accepted steps
[mcmc]  - Updated covariance matrix of proposal pdf.
[mcmc] Learn + convergence test @ 7280 samples accepted.
[likelihoodcollection] Average computation time:
   flamingo.inference.masked_ps.MaskedBandPowerLikelihood : 5.37299e-05 s (15266 evaluations, 0.820241 s total)
[theorycollection] Average computation time:
   flamingo.inference.masked_ps.MaskedTSZTheory : 0.0165749 s (15266 evaluations, 253.033 s total)
[mcmc]  - Acceptance rate: 0.461
[mcmc]  - Convergence of means: R-1 = 0.084062 after 5824 accepted steps
[mcmc]  - Updated covariance matrix of proposal pdf.
[mcmc] Learn + convergence test @ 7320 samples accepted.
[likelihoodcollection] Average computation time:
   flamingo.inference.masked_ps.MaskedBandPowerLikelihood : 5.37204e-05 s (15348 evaluations, 0.824501 s total)
[theorycollection] Average computation time:
   flamingo.inference.masked_ps.MaskedTSZTheory : 0.0165747 s (15348 evaluations, 254.389 s total)
[mcmc]  - Acceptance rate: 0.461
[mcmc]  - Convergence of means: R-1 = 0.076530 after 5856 accepted steps
[mcmc]  - Updated covariance matrix of proposal pdf.
[mcmc] Learn + convergence test @ 7360 samples accepted.
[likelihoodcollection] Average computation time:
   flamingo.inference.masked_ps.MaskedBandPowerLikelihood : 5.37217e-05 s (15425 evaluations, 0.828657 s total)
[theorycollection] Average computation time:
   flamingo.inference.masked_ps.MaskedTSZTheory : 0.0165742 s (15425 evaluations, 255.658 s total)
[mcmc]  - Acceptance rate: 0.462
[mcmc]  - Convergence of means: R-1 = 0.066623 after 5888 accepted steps
[mcmc]  - Updated covariance matrix of proposal pdf.
[mcmc] Learn + convergence test @ 7400 samples accepted.
[likelihoodcollection] Average computation time:
   flamingo.inference.masked_ps.MaskedBandPowerLikelihood : 5.37394e-05 s (15516 evaluations, 0.83382 s total)
[theorycollection] Average computation time:
   flamingo.inference.masked_ps.MaskedTSZTheory : 0.0165751 s (15516 evaluations, 257.179 s total)
[mcmc]  - Acceptance rate: 0.461
[mcmc]  - Convergence of means: R-1 = 0.074557 after 5920 accepted steps
[mcmc]  - Updated covariance matrix of proposal pdf.
[mcmc] Learn + convergence test @ 7440 samples accepted.
[likelihoodcollection] Average computation time:
   flamingo.inference.masked_ps.MaskedBandPowerLikelihood : 5.37358e-05 s (15618 evaluations, 0.839246 s total)
[theorycollection] Average computation time:
   flamingo.inference.masked_ps.MaskedTSZTheory : 0.0165739 s (15618 evaluations, 258.851 s total)
[mcmc]  - Acceptance rate: 0.461
[mcmc]  - Convergence of means: R-1 = 0.078955 after 5952 accepted steps
[mcmc]  - Updated covariance matrix of proposal pdf.
[mcmc] Learn + convergence test @ 7480 samples accepted.
[likelihoodcollection] Average computation time:
   flamingo.inference.masked_ps.MaskedBandPowerLikelihood : 5.37266e-05 s (15689 evaluations, 0.842916 s total)
[theorycollection] Average computation time:
   flamingo.inference.masked_ps.MaskedTSZTheory : 0.0165755 s (15689 evaluations, 260.053 s total)
[mcmc]  - Acceptance rate: 0.461
[mcmc]  - Convergence of means: R-1 = 0.069441 after 5984 accepted steps
[mcmc]  - Updated covariance matrix of proposal pdf.
[mcmc] Learn + convergence test @ 7520 samples accepted.
[likelihoodcollection] Average computation time:
   flamingo.inference.masked_ps.MaskedBandPowerLikelihood : 5.3715e-05 s (15761 evaluations, 0.846602 s total)
[theorycollection] Average computation time:
   flamingo.inference.masked_ps.MaskedTSZTheory : 0.0165743 s (15761 evaluations, 261.228 s total)
[mcmc]  - Acceptance rate: 0.462
[mcmc]  - Convergence of means: R-1 = 0.066894 after 6016 accepted steps
[mcmc]  - Updated covariance matrix of proposal pdf.
[mcmc] Learn + convergence test @ 7560 samples accepted.
[likelihoodcollection] Average computation time:
   flamingo.inference.masked_ps.MaskedBandPowerLikelihood : 5.36962e-05 s (15837 evaluations, 0.850387 s total)
[theorycollection] Average computation time:
   flamingo.inference.masked_ps.MaskedTSZTheory : 0.0165738 s (15837 evaluations, 262.479 s total)
[mcmc]  - Acceptance rate: 0.462
[mcmc]  - Convergence of means: R-1 = 0.066474 after 6048 accepted steps
[mcmc]  - Updated covariance matrix of proposal pdf.
[mcmc] Learn + convergence test @ 7600 samples accepted.
[likelihoodcollection] Average computation time:
   flamingo.inference.masked_ps.MaskedBandPowerLikelihood : 5.36591e-05 s (15940 evaluations, 0.855326 s total)
[theorycollection] Average computation time:
   flamingo.inference.masked_ps.MaskedTSZTheory : 0.0165713 s (15940 evaluations, 264.147 s total)
[mcmc]  - Acceptance rate: 0.462
[mcmc]  - Convergence of means: R-1 = 0.065995 after 6080 accepted steps
[mcmc]  - Updated covariance matrix of proposal pdf.
[mcmc] Learn + convergence test @ 7640 samples accepted.
[likelihoodcollection] Average computation time:
   flamingo.inference.masked_ps.MaskedBandPowerLikelihood : 5.36468e-05 s (16023 evaluations, 0.859582 s total)
[theorycollection] Average computation time:
   flamingo.inference.masked_ps.MaskedTSZTheory : 0.0165712 s (16023 evaluations, 265.52 s total)
[mcmc]  - Acceptance rate: 0.462
[mcmc]  - Convergence of means: R-1 = 0.058881 after 6112 accepted steps
[mcmc]  - Updated covariance matrix of proposal pdf.
[mcmc] Learn + convergence test @ 7680 samples accepted.
[likelihoodcollection] Average computation time:
   flamingo.inference.masked_ps.MaskedBandPowerLikelihood : 5.36612e-05 s (16082 evaluations, 0.862979 s total)
[theorycollection] Average computation time:
   flamingo.inference.masked_ps.MaskedTSZTheory : 0.0165724 s (16082 evaluations, 266.517 s total)
[mcmc]  - Acceptance rate: 0.463
[mcmc]  - Convergence of means: R-1 = 0.051234 after 6144 accepted steps
[mcmc]  - Updated covariance matrix of proposal pdf.
[mcmc] Learn + convergence test @ 7720 samples accepted.
[likelihoodcollection] Average computation time:
   flamingo.inference.masked_ps.MaskedBandPowerLikelihood : 5.36533e-05 s (16159 evaluations, 0.866983 s total)
[theorycollection] Average computation time:
   flamingo.inference.masked_ps.MaskedTSZTheory : 0.0165723 s (16159 evaluations, 267.791 s total)
[mcmc]  - Acceptance rate: 0.464
[mcmc]  - Convergence of means: R-1 = 0.051915 after 6176 accepted steps
[mcmc]  - Updated covariance matrix of proposal pdf.
[mcmc] Learn + convergence test @ 7760 samples accepted.
[likelihoodcollection] Average computation time:
   flamingo.inference.masked_ps.MaskedBandPowerLikelihood : 5.36445e-05 s (16250 evaluations, 0.871723 s total)
[theorycollection] Average computation time:
   flamingo.inference.masked_ps.MaskedTSZTheory : 0.0165697 s (16250 evaluations, 269.258 s total)
[mcmc]  - Acceptance rate: 0.464
[mcmc]  - Convergence of means: R-1 = 0.056802 after 6208 accepted steps
[mcmc]  - Updated covariance matrix of proposal pdf.
[mcmc] Learn + convergence test @ 7800 samples accepted.
[likelihoodcollection] Average computation time:
   flamingo.inference.masked_ps.MaskedBandPowerLikelihood : 5.36373e-05 s (16321 evaluations, 0.875414 s total)
[theorycollection] Average computation time:
   flamingo.inference.masked_ps.MaskedTSZTheory : 0.0165713 s (16321 evaluations, 270.46 s total)
[mcmc]  - Acceptance rate: 0.464
[mcmc]  - Convergence of means: R-1 = 0.058188 after 6240 accepted steps
[mcmc]  - Updated covariance matrix of proposal pdf.
[mcmc] Learn + convergence test @ 7840 samples accepted.
[likelihoodcollection] Average computation time:
   flamingo.inference.masked_ps.MaskedBandPowerLikelihood : 5.36405e-05 s (16399 evaluations, 0.879651 s total)
[theorycollection] Average computation time:
   flamingo.inference.masked_ps.MaskedTSZTheory : 0.0165724 s (16399 evaluations, 271.77 s total)
[mcmc]  - Acceptance rate: 0.464
[mcmc]  - Convergence of means: R-1 = 0.056254 after 6272 accepted steps
[mcmc]  - Updated covariance matrix of proposal pdf.
[mcmc] Learn + convergence test @ 7880 samples accepted.
[likelihoodcollection] Average computation time:
   flamingo.inference.masked_ps.MaskedBandPowerLikelihood : 5.36486e-05 s (16485 evaluations, 0.884397 s total)
[theorycollection] Average computation time:
   flamingo.inference.masked_ps.MaskedTSZTheory : 0.0165737 s (16485 evaluations, 273.217 s total)
[mcmc]  - Acceptance rate: 0.464
[mcmc]  - Convergence of means: R-1 = 0.056478 after 6304 accepted steps
[mcmc]  - Updated covariance matrix of proposal pdf.
[mcmc] Learn + convergence test @ 7920 samples accepted.
[likelihoodcollection] Average computation time:
   flamingo.inference.masked_ps.MaskedBandPowerLikelihood : 5.36267e-05 s (16603 evaluations, 0.890363 s total)
[theorycollection] Average computation time:
   flamingo.inference.masked_ps.MaskedTSZTheory : 0.016572 s (16603 evaluations, 275.145 s total)
[mcmc]  - Acceptance rate: 0.463
[mcmc]  - Convergence of means: R-1 = 0.052324 after 6336 accepted steps
[mcmc]  - Updated covariance matrix of proposal pdf.
[mcmc] Learn + convergence test @ 7960 samples accepted.
[likelihoodcollection] Average computation time:
   flamingo.inference.masked_ps.MaskedBandPowerLikelihood : 5.36361e-05 s (16699 evaluations, 0.895669 s total)
[theorycollection] Average computation time:
   flamingo.inference.masked_ps.MaskedTSZTheory : 0.016574 s (16699 evaluations, 276.769 s total)
[mcmc]  - Acceptance rate: 0.462
[mcmc]  - Convergence of means: R-1 = 0.048643 after 6368 accepted steps
[mcmc]  - Updated covariance matrix of proposal pdf.
[mcmc] Learn + convergence test @ 8000 samples accepted.
[likelihoodcollection] Average computation time:
   flamingo.inference.masked_ps.MaskedBandPowerLikelihood : 5.36528e-05 s (16779 evaluations, 0.90024 s total)
[theorycollection] Average computation time:
   flamingo.inference.masked_ps.MaskedTSZTheory : 0.0165738 s (16779 evaluations, 278.092 s total)
[mcmc]  - Acceptance rate: 0.463
[mcmc]  - Convergence of means: R-1 = 0.050889 after 6400 accepted steps
[mcmc]  - Updated covariance matrix of proposal pdf.
[mcmc] Learn + convergence test @ 8040 samples accepted.
[likelihoodcollection] Average computation time:
   flamingo.inference.masked_ps.MaskedBandPowerLikelihood : 5.36433e-05 s (16863 evaluations, 0.904586 s total)
[theorycollection] Average computation time:
   flamingo.inference.masked_ps.MaskedTSZTheory : 0.0165758 s (16863 evaluations, 279.517 s total)
[mcmc]  - Acceptance rate: 0.463
[mcmc]  - Convergence of means: R-1 = 0.049080 after 6432 accepted steps
[mcmc]  - Updated covariance matrix of proposal pdf.
[mcmc] Learn + convergence test @ 8080 samples accepted.
[likelihoodcollection] Average computation time:
   flamingo.inference.masked_ps.MaskedBandPowerLikelihood : 5.36255e-05 s (16943 evaluations, 0.908577 s total)
[theorycollection] Average computation time:
   flamingo.inference.masked_ps.MaskedTSZTheory : 0.0165744 s (16943 evaluations, 280.82 s total)
[mcmc]  - Acceptance rate: 0.463
[mcmc]  - Convergence of means: R-1 = 0.047058 after 6464 accepted steps
[mcmc]  - Updated covariance matrix of proposal pdf.
[mcmc] Learn + convergence test @ 8120 samples accepted.
[likelihoodcollection] Average computation time:
   flamingo.inference.masked_ps.MaskedBandPowerLikelihood : 5.3613e-05 s (17019 evaluations, 0.91244 s total)
[theorycollection] Average computation time:
   flamingo.inference.masked_ps.MaskedTSZTheory : 0.0165734 s (17019 evaluations, 282.062 s total)
[mcmc]  - Acceptance rate: 0.464
[mcmc]  - Convergence of means: R-1 = 0.047354 after 6496 accepted steps
[mcmc]  - Updated covariance matrix of proposal pdf.
[mcmc] Learn + convergence test @ 8160 samples accepted.
[likelihoodcollection] Average computation time:
   flamingo.inference.masked_ps.MaskedBandPowerLikelihood : 5.36038e-05 s (17117 evaluations, 0.917537 s total)
[theorycollection] Average computation time:
   flamingo.inference.masked_ps.MaskedTSZTheory : 0.0165728 s (17117 evaluations, 283.677 s total)
[mcmc]  - Acceptance rate: 0.464
[mcmc]  - Convergence of means: R-1 = 0.038976 after 6528 accepted steps
[mcmc]  - Updated covariance matrix of proposal pdf.
[mcmc] Learn + convergence test @ 8200 samples accepted.
[likelihoodcollection] Average computation time:
   flamingo.inference.masked_ps.MaskedBandPowerLikelihood : 5.35996e-05 s (17204 evaluations, 0.922127 s total)
[theorycollection] Average computation time:
   flamingo.inference.masked_ps.MaskedTSZTheory : 0.016572 s (17204 evaluations, 285.105 s total)
[mcmc]  - Acceptance rate: 0.463
[mcmc]  - Convergence of means: R-1 = 0.028031 after 6560 accepted steps
[mcmc]  - Updated covariance matrix of proposal pdf.
[mcmc] Learn + convergence test @ 8240 samples accepted.
[likelihoodcollection] Average computation time:
   flamingo.inference.masked_ps.MaskedBandPowerLikelihood : 5.36068e-05 s (17265 evaluations, 0.925522 s total)
[theorycollection] Average computation time:
   flamingo.inference.masked_ps.MaskedTSZTheory : 0.0165716 s (17265 evaluations, 286.109 s total)
[mcmc]  - Acceptance rate: 0.464
[mcmc]  - Convergence of means: R-1 = 0.024256 after 6592 accepted steps
[mcmc]  - Updated covariance matrix of proposal pdf.
[mcmc] Learn + convergence test @ 8280 samples accepted.
[likelihoodcollection] Average computation time:
   flamingo.inference.masked_ps.MaskedBandPowerLikelihood : 5.36054e-05 s (17345 evaluations, 0.929786 s total)
[theorycollection] Average computation time:
   flamingo.inference.masked_ps.MaskedTSZTheory : 0.0165723 s (17345 evaluations, 287.446 s total)
[mcmc]  - Acceptance rate: 0.464
[mcmc]  - Convergence of means: R-1 = 0.025169 after 6624 accepted steps
[mcmc]  - Updated covariance matrix of proposal pdf.
[mcmc] Learn + convergence test @ 8320 samples accepted.
[likelihoodcollection] Average computation time:
   flamingo.inference.masked_ps.MaskedBandPowerLikelihood : 5.3595e-05 s (17427 evaluations, 0.934001 s total)
[theorycollection] Average computation time:
   flamingo.inference.masked_ps.MaskedTSZTheory : 0.0165723 s (17427 evaluations, 288.805 s total)
[mcmc]  - Acceptance rate: 0.464
[mcmc]  - Convergence of means: R-1 = 0.029058 after 6656 accepted steps
[mcmc]  - Updated covariance matrix of proposal pdf.
[mcmc] Learn + convergence test @ 8360 samples accepted.
[likelihoodcollection] Average computation time:
   flamingo.inference.masked_ps.MaskedBandPowerLikelihood : 5.35976e-05 s (17519 evaluations, 0.938976 s total)
[theorycollection] Average computation time:
   flamingo.inference.masked_ps.MaskedTSZTheory : 0.0165739 s (17519 evaluations, 290.358 s total)
[mcmc]  - Acceptance rate: 0.464
[mcmc]  - Convergence of means: R-1 = 0.037696 after 6688 accepted steps
[mcmc]  - Updated covariance matrix of proposal pdf.
[mcmc] Learn + convergence test @ 8400 samples accepted.
[likelihoodcollection] Average computation time:
   flamingo.inference.masked_ps.MaskedBandPowerLikelihood : 5.35676e-05 s (17623 evaluations, 0.944022 s total)
[theorycollection] Average computation time:
   flamingo.inference.masked_ps.MaskedTSZTheory : 0.0165725 s (17623 evaluations, 292.057 s total)
[mcmc]  - Acceptance rate: 0.463
[mcmc]  - Convergence of means: R-1 = 0.038918 after 6720 accepted steps
[mcmc]  - Updated covariance matrix of proposal pdf.
[mcmc] Learn + convergence test @ 8440 samples accepted.
[likelihoodcollection] Average computation time:
   flamingo.inference.masked_ps.MaskedBandPowerLikelihood : 5.35681e-05 s (17709 evaluations, 0.948637 s total)
[theorycollection] Average computation time:
   flamingo.inference.masked_ps.MaskedTSZTheory : 0.016573 s (17709 evaluations, 293.491 s total)
[mcmc]  - Acceptance rate: 0.463
[mcmc]  - Convergence of means: R-1 = 0.033967 after 6752 accepted steps
[mcmc]  - Updated covariance matrix of proposal pdf.
[mcmc] Progress @ 2026-08-03 01:14:43 : 17753 steps taken, and 8443 accepted.
[mcmc] Learn + convergence test @ 8480 samples accepted.
[likelihoodcollection] Average computation time:
   flamingo.inference.masked_ps.MaskedBandPowerLikelihood : 5.35921e-05 s (17812 evaluations, 0.954583 s total)
[theorycollection] Average computation time:
   flamingo.inference.masked_ps.MaskedTSZTheory : 0.016574 s (17812 evaluations, 295.215 s total)
[mcmc]  - Acceptance rate: 0.463
[mcmc]  - Convergence of means: R-1 = 0.031186 after 6784 accepted steps
[mcmc]  - Updated covariance matrix of proposal pdf.
[mcmc] Learn + convergence test @ 8520 samples accepted.
[likelihoodcollection] Average computation time:
   flamingo.inference.masked_ps.MaskedBandPowerLikelihood : 5.35774e-05 s (17902 evaluations, 0.959143 s total)
[theorycollection] Average computation time:
   flamingo.inference.masked_ps.MaskedTSZTheory : 0.0165725 s (17902 evaluations, 296.681 s total)
[mcmc]  - Acceptance rate: 0.463
[mcmc]  - Convergence of means: R-1 = 0.034475 after 6816 accepted steps
[mcmc]  - Updated covariance matrix of proposal pdf.
[mcmc] Learn + convergence test @ 8560 samples accepted.
[likelihoodcollection] Average computation time:
   flamingo.inference.masked_ps.MaskedBandPowerLikelihood : 5.35783e-05 s (17985 evaluations, 0.963605 s total)
[theorycollection] Average computation time:
   flamingo.inference.masked_ps.MaskedTSZTheory : 0.0165726 s (17985 evaluations, 298.058 s total)
[mcmc]  - Acceptance rate: 0.463
[mcmc]  - Convergence of means: R-1 = 0.038514 after 6848 accepted steps
[mcmc]  - Updated covariance matrix of proposal pdf.
[mcmc] Learn + convergence test @ 8600 samples accepted.
[likelihoodcollection] Average computation time:
   flamingo.inference.masked_ps.MaskedBandPowerLikelihood : 5.36021e-05 s (18072 evaluations, 0.968697 s total)
[theorycollection] Average computation time:
   flamingo.inference.masked_ps.MaskedTSZTheory : 0.0165731 s (18072 evaluations, 299.509 s total)
[mcmc]  - Acceptance rate: 0.463
[mcmc]  - Convergence of means: R-1 = 0.042083 after 6880 accepted steps
[mcmc]  - Updated covariance matrix of proposal pdf.
[mcmc] Learn + convergence test @ 8640 samples accepted.
[likelihoodcollection] Average computation time:
   flamingo.inference.masked_ps.MaskedBandPowerLikelihood : 5.36025e-05 s (18169 evaluations, 0.973904 s total)
[theorycollection] Average computation time:
   flamingo.inference.masked_ps.MaskedTSZTheory : 0.0165735 s (18169 evaluations, 301.123 s total)
[mcmc]  - Acceptance rate: 0.462
[mcmc]  - Convergence of means: R-1 = 0.041637 after 6912 accepted steps
[mcmc]  - Updated covariance matrix of proposal pdf.
[mcmc] Learn + convergence test @ 8680 samples accepted.
[likelihoodcollection] Average computation time:
   flamingo.inference.masked_ps.MaskedBandPowerLikelihood : 5.3595e-05 s (18272 evaluations, 0.979289 s total)
[theorycollection] Average computation time:
   flamingo.inference.masked_ps.MaskedTSZTheory : 0.0165744 s (18272 evaluations, 302.847 s total)
[mcmc]  - Acceptance rate: 0.462
[mcmc]  - Convergence of means: R-1 = 0.039328 after 6944 accepted steps
[mcmc]  - Updated covariance matrix of proposal pdf.
[mcmc] Learn + convergence test @ 8720 samples accepted.
[likelihoodcollection] Average computation time:
   flamingo.inference.masked_ps.MaskedBandPowerLikelihood : 5.35965e-05 s (18371 evaluations, 0.984621 s total)
[theorycollection] Average computation time:
   flamingo.inference.masked_ps.MaskedTSZTheory : 0.0165756 s (18371 evaluations, 304.511 s total)
[mcmc]  - Acceptance rate: 0.461
[mcmc]  - Convergence of means: R-1 = 0.037875 after 6976 accepted steps
[mcmc]  - Updated covariance matrix of proposal pdf.
[mcmc] Learn + convergence test @ 8760 samples accepted.
[likelihoodcollection] Average computation time:
   flamingo.inference.masked_ps.MaskedBandPowerLikelihood : 5.35935e-05 s (18484 evaluations, 0.990623 s total)
[theorycollection] Average computation time:
   flamingo.inference.masked_ps.MaskedTSZTheory : 0.016575 s (18484 evaluations, 306.372 s total)
[mcmc]  - Acceptance rate: 0.460
[mcmc]  - Convergence of means: R-1 = 0.040618 after 7008 accepted steps
[mcmc]  - Updated covariance matrix of proposal pdf.
[mcmc] Learn + convergence test @ 8800 samples accepted.
[likelihoodcollection] Average computation time:
   flamingo.inference.masked_ps.MaskedBandPowerLikelihood : 5.35705e-05 s (18581 evaluations, 0.995393 s total)
[theorycollection] Average computation time:
   flamingo.inference.masked_ps.MaskedTSZTheory : 0.016575 s (18581 evaluations, 307.98 s total)
[mcmc]  - Acceptance rate: 0.460
[mcmc]  - Convergence of means: R-1 = 0.040483 after 7040 accepted steps
[mcmc]  - Updated covariance matrix of proposal pdf.
[mcmc] Learn + convergence test @ 8840 samples accepted.
[likelihoodcollection] Average computation time:
   flamingo.inference.masked_ps.MaskedBandPowerLikelihood : 5.35958e-05 s (18680 evaluations, 1.00117 s total)
[theorycollection] Average computation time:
   flamingo.inference.masked_ps.MaskedTSZTheory : 0.0165753 s (18680 evaluations, 309.627 s total)
[mcmc]  - Acceptance rate: 0.460
[mcmc]  - Convergence of means: R-1 = 0.040094 after 7072 accepted steps
[mcmc]  - Updated covariance matrix of proposal pdf.
[mcmc] Learn + convergence test @ 8880 samples accepted.
[likelihoodcollection] Average computation time:
   flamingo.inference.masked_ps.MaskedBandPowerLikelihood : 5.35971e-05 s (18765 evaluations, 1.00575 s total)
[theorycollection] Average computation time:
   flamingo.inference.masked_ps.MaskedTSZTheory : 0.0165748 s (18765 evaluations, 311.026 s total)
[mcmc]  - Acceptance rate: 0.460
[mcmc]  - Convergence of means: R-1 = 0.042607 after 7104 accepted steps
[mcmc]  - Updated covariance matrix of proposal pdf.
[mcmc] Learn + convergence test @ 8920 samples accepted.
[likelihoodcollection] Average computation time:
   flamingo.inference.masked_ps.MaskedBandPowerLikelihood : 5.36019e-05 s (18866 evaluations, 1.01125 s total)
[theorycollection] Average computation time:
   flamingo.inference.masked_ps.MaskedTSZTheory : 0.0165747 s (18866 evaluations, 312.698 s total)
[mcmc]  - Acceptance rate: 0.459
[mcmc]  - Convergence of means: R-1 = 0.045551 after 7136 accepted steps
[mcmc]  - Updated covariance matrix of proposal pdf.
[mcmc] Learn + convergence test @ 8960 samples accepted.
[likelihoodcollection] Average computation time:
   flamingo.inference.masked_ps.MaskedBandPowerLikelihood : 5.3603e-05 s (18956 evaluations, 1.0161 s total)
[theorycollection] Average computation time:
   flamingo.inference.masked_ps.MaskedTSZTheory : 0.0165743 s (18956 evaluations, 314.182 s total)
[mcmc]  - Acceptance rate: 0.459
[mcmc]  - Convergence of means: R-1 = 0.050581 after 7168 accepted steps
[mcmc]  - Updated covariance matrix of proposal pdf.
[mcmc] Learn + convergence test @ 9000 samples accepted.
[likelihoodcollection] Average computation time:
   flamingo.inference.masked_ps.MaskedBandPowerLikelihood : 5.35989e-05 s (19032 evaluations, 1.02009 s total)
[theorycollection] Average computation time:
   flamingo.inference.masked_ps.MaskedTSZTheory : 0.0165751 s (19032 evaluations, 315.458 s total)
[mcmc]  - Acceptance rate: 0.459
[mcmc]  - Convergence of means: R-1 = 0.054348 after 7200 accepted steps
[mcmc]  - Updated covariance matrix of proposal pdf.
[mcmc] Learn + convergence test @ 9040 samples accepted.
[likelihoodcollection] Average computation time:
   flamingo.inference.masked_ps.MaskedBandPowerLikelihood : 5.36252e-05 s (19118 evaluations, 1.02521 s total)
[theorycollection] Average computation time:
   flamingo.inference.masked_ps.MaskedTSZTheory : 0.0165753 s (19118 evaluations, 316.887 s total)
[mcmc]  - Acceptance rate: 0.459
[mcmc]  - Convergence of means: R-1 = 0.058461 after 7232 accepted steps
[mcmc]  - Updated covariance matrix of proposal pdf.
[mcmc] Learn + convergence test @ 9080 samples accepted.
[likelihoodcollection] Average computation time:
   flamingo.inference.masked_ps.MaskedBandPowerLikelihood : 5.36201e-05 s (19216 evaluations, 1.03036 s total)
[theorycollection] Average computation time:
   flamingo.inference.masked_ps.MaskedTSZTheory : 0.0165764 s (19216 evaluations, 318.532 s total)
[mcmc]  - Acceptance rate: 0.459
[mcmc]  - Convergence of means: R-1 = 0.062028 after 7264 accepted steps
[mcmc]  - Updated covariance matrix of proposal pdf.
[mcmc] Learn + convergence test @ 9120 samples accepted.
[likelihoodcollection] Average computation time:
   flamingo.inference.masked_ps.MaskedBandPowerLikelihood : 5.36337e-05 s (19304 evaluations, 1.03535 s total)
[theorycollection] Average computation time:
   flamingo.inference.masked_ps.MaskedTSZTheory : 0.0165766 s (19304 evaluations, 319.994 s total)
[mcmc]  - Acceptance rate: 0.459
[mcmc]  - Convergence of means: R-1 = 0.066589 after 7296 accepted steps
[mcmc]  - Updated covariance matrix of proposal pdf.
[mcmc] Learn + convergence test @ 9160 samples accepted.
[likelihoodcollection] Average computation time:
   flamingo.inference.masked_ps.MaskedBandPowerLikelihood : 5.36415e-05 s (19402 evaluations, 1.04075 s total)
[theorycollection] Average computation time:
   flamingo.inference.masked_ps.MaskedTSZTheory : 0.0165772 s (19402 evaluations, 321.631 s total)
[mcmc]  - Acceptance rate: 0.458
[mcmc]  - Convergence of means: R-1 = 0.058821 after 7328 accepted steps
[mcmc]  - Updated covariance matrix of proposal pdf.
[mcmc] Learn + convergence test @ 9200 samples accepted.
[likelihoodcollection] Average computation time:
   flamingo.inference.masked_ps.MaskedBandPowerLikelihood : 5.36422e-05 s (19487 evaluations, 1.04533 s total)
[theorycollection] Average computation time:
   flamingo.inference.masked_ps.MaskedTSZTheory : 0.0165765 s (19487 evaluations, 323.026 s total)
[mcmc]  - Acceptance rate: 0.458
[mcmc]  - Convergence of means: R-1 = 0.053654 after 7360 accepted steps
[mcmc]  - Updated covariance matrix of proposal pdf.
[mcmc] Learn + convergence test @ 9240 samples accepted.
[likelihoodcollection] Average computation time:
   flamingo.inference.masked_ps.MaskedBandPowerLikelihood : 5.36575e-05 s (19582 evaluations, 1.05072 s total)
[theorycollection] Average computation time:
   flamingo.inference.masked_ps.MaskedTSZTheory : 0.0165769 s (19582 evaluations, 324.609 s total)
[mcmc]  - Acceptance rate: 0.458
[mcmc]  - Convergence of means: R-1 = 0.048989 after 7392 accepted steps
[mcmc]  - Updated covariance matrix of proposal pdf.
[mcmc] Learn + convergence test @ 9280 samples accepted.
[likelihoodcollection] Average computation time:
   flamingo.inference.masked_ps.MaskedBandPowerLikelihood : 5.36434e-05 s (19670 evaluations, 1.05516 s total)
[theorycollection] Average computation time:
   flamingo.inference.masked_ps.MaskedTSZTheory : 0.0165769 s (19670 evaluations, 326.067 s total)
[mcmc]  - Acceptance rate: 0.458
[mcmc]  - Convergence of means: R-1 = 0.048484 after 7424 accepted steps
[mcmc]  - Updated covariance matrix of proposal pdf.
[mcmc] Learn + convergence test @ 9320 samples accepted.
[likelihoodcollection] Average computation time:
   flamingo.inference.masked_ps.MaskedBandPowerLikelihood : 5.3639e-05 s (19738 evaluations, 1.05873 s total)
[theorycollection] Average computation time:
   flamingo.inference.masked_ps.MaskedTSZTheory : 0.0165758 s (19738 evaluations, 327.172 s total)
[mcmc]  - Acceptance rate: 0.458
[mcmc]  - Convergence of means: R-1 = 0.049074 after 7456 accepted steps
[mcmc]  - Updated covariance matrix of proposal pdf.
[mcmc] Learn + convergence test @ 9360 samples accepted.
[likelihoodcollection] Average computation time:
   flamingo.inference.masked_ps.MaskedBandPowerLikelihood : 5.36459e-05 s (19846 evaluations, 1.06466 s total)
[theorycollection] Average computation time:
   flamingo.inference.masked_ps.MaskedTSZTheory : 0.0165747 s (19846 evaluations, 328.942 s total)
[mcmc]  - Acceptance rate: 0.458
[mcmc]  - Convergence of means: R-1 = 0.048743 after 7488 accepted steps
[mcmc]  - Updated covariance matrix of proposal pdf.
[mcmc] Learn + convergence test @ 9400 samples accepted.
[likelihoodcollection] Average computation time:
   flamingo.inference.masked_ps.MaskedBandPowerLikelihood : 5.36429e-05 s (19951 evaluations, 1.07023 s total)
[theorycollection] Average computation time:
   flamingo.inference.masked_ps.MaskedTSZTheory : 0.0165736 s (19951 evaluations, 330.659 s total)
[mcmc]  - Acceptance rate: 0.458
[mcmc]  - Convergence of means: R-1 = 0.045760 after 7520 accepted steps
[mcmc]  - Updated covariance matrix of proposal pdf.
[mcmc] Learn + convergence test @ 9440 samples accepted.
[likelihoodcollection] Average computation time:
   flamingo.inference.masked_ps.MaskedBandPowerLikelihood : 5.36489e-05 s (20049 evaluations, 1.07561 s total)
[theorycollection] Average computation time:
   flamingo.inference.masked_ps.MaskedTSZTheory : 0.0165728 s (20049 evaluations, 332.269 s total)
[mcmc]  - Acceptance rate: 0.457
[mcmc]  - Convergence of means: R-1 = 0.041957 after 7552 accepted steps
[mcmc]  - Updated covariance matrix of proposal pdf.
[mcmc] Learn + convergence test @ 9480 samples accepted.
[likelihoodcollection] Average computation time:
   flamingo.inference.masked_ps.MaskedBandPowerLikelihood : 5.36488e-05 s (20134 evaluations, 1.08016 s total)
[theorycollection] Average computation time:
   flamingo.inference.masked_ps.MaskedTSZTheory : 0.016573 s (20134 evaluations, 333.681 s total)
[mcmc]  - Acceptance rate: 0.457
[mcmc]  - Convergence of means: R-1 = 0.042063 after 7584 accepted steps
[mcmc]  - Updated covariance matrix of proposal pdf.
[mcmc] Learn + convergence test @ 9520 samples accepted.
[likelihoodcollection] Average computation time:
   flamingo.inference.masked_ps.MaskedBandPowerLikelihood : 5.36417e-05 s (20219 evaluations, 1.08458 s total)
[theorycollection] Average computation time:
   flamingo.inference.masked_ps.MaskedTSZTheory : 0.0165728 s (20219 evaluations, 335.086 s total)
[mcmc]  - Acceptance rate: 0.457
[mcmc]  - Convergence of means: R-1 = 0.036176 after 7616 accepted steps
[mcmc]  - Updated covariance matrix of proposal pdf.
[mcmc] Learn + convergence test @ 9560 samples accepted.
[likelihoodcollection] Average computation time:
   flamingo.inference.masked_ps.MaskedBandPowerLikelihood : 5.36239e-05 s (20322 evaluations, 1.08975 s total)
[theorycollection] Average computation time:
   flamingo.inference.masked_ps.MaskedTSZTheory : 0.0165736 s (20322 evaluations, 336.809 s total)
[mcmc]  - Acceptance rate: 0.457
[mcmc]  - Convergence of means: R-1 = 0.040011 after 7648 accepted steps
[mcmc]  - Updated covariance matrix of proposal pdf.
[mcmc] Learn + convergence test @ 9600 samples accepted.
[likelihoodcollection] Average computation time:
   flamingo.inference.masked_ps.MaskedBandPowerLikelihood : 5.36307e-05 s (20408 evaluations, 1.09449 s total)
[theorycollection] Average computation time:
   flamingo.inference.masked_ps.MaskedTSZTheory : 0.0165749 s (20408 evaluations, 338.261 s total)
[mcmc]  - Acceptance rate: 0.457
[mcmc]  - Convergence of means: R-1 = 0.047748 after 7680 accepted steps
[mcmc]  - Updated covariance matrix of proposal pdf.
[mcmc] Learn + convergence test @ 9640 samples accepted.
[likelihoodcollection] Average computation time:
   flamingo.inference.masked_ps.MaskedBandPowerLikelihood : 5.36332e-05 s (20487 evaluations, 1.09878 s total)
[theorycollection] Average computation time:
   flamingo.inference.masked_ps.MaskedTSZTheory : 0.0165749 s (20487 evaluations, 339.571 s total)
[mcmc]  - Acceptance rate: 0.457
[mcmc]  - Convergence of means: R-1 = 0.049175 after 7712 accepted steps
[mcmc]  - Updated covariance matrix of proposal pdf.
[mcmc] Learn + convergence test @ 9680 samples accepted.
[likelihoodcollection] Average computation time:
   flamingo.inference.masked_ps.MaskedBandPowerLikelihood : 5.36374e-05 s (20569 evaluations, 1.10327 s total)
[theorycollection] Average computation time:
   flamingo.inference.masked_ps.MaskedTSZTheory : 0.0165751 s (20569 evaluations, 340.933 s total)
[mcmc]  - Acceptance rate: 0.458
[mcmc]  - Convergence of means: R-1 = 0.054308 after 7744 accepted steps
[mcmc]  - Updated covariance matrix of proposal pdf.
[mcmc] Learn + convergence test @ 9720 samples accepted.
[likelihoodcollection] Average computation time:
   flamingo.inference.masked_ps.MaskedBandPowerLikelihood : 5.3647e-05 s (20668 evaluations, 1.10878 s total)
[theorycollection] Average computation time:
   flamingo.inference.masked_ps.MaskedTSZTheory : 0.0165732 s (20668 evaluations, 342.535 s total)
[mcmc]  - Acceptance rate: 0.457
[mcmc]  - Convergence of means: R-1 = 0.064335 after 7776 accepted steps
[mcmc]  - Updated covariance matrix of proposal pdf.
[mcmc] Learn + convergence test @ 9760 samples accepted.
[likelihoodcollection] Average computation time:
   flamingo.inference.masked_ps.MaskedBandPowerLikelihood : 5.36329e-05 s (20737 evaluations, 1.11219 s total)
[theorycollection] Average computation time:
   flamingo.inference.masked_ps.MaskedTSZTheory : 0.0165709 s (20737 evaluations, 343.632 s total)
[mcmc]  - Acceptance rate: 0.458
[mcmc]  - Convergence of means: R-1 = 0.067217 after 7808 accepted steps
[mcmc]  - Updated covariance matrix of proposal pdf.
[mcmc] Learn + convergence test @ 9800 samples accepted.
[likelihoodcollection] Average computation time:
   flamingo.inference.masked_ps.MaskedBandPowerLikelihood : 5.36438e-05 s (20837 evaluations, 1.11778 s total)
[theorycollection] Average computation time:
   flamingo.inference.masked_ps.MaskedTSZTheory : 0.0165692 s (20837 evaluations, 345.252 s total)
[mcmc]  - Acceptance rate: 0.457
[mcmc]  - Convergence of means: R-1 = 0.064960 after 7840 accepted steps
[mcmc]  - Updated covariance matrix of proposal pdf.
[mcmc] Learn + convergence test @ 9840 samples accepted.
[likelihoodcollection] Average computation time:
   flamingo.inference.masked_ps.MaskedBandPowerLikelihood : 5.36437e-05 s (20933 evaluations, 1.12292 s total)
[theorycollection] Average computation time:
   flamingo.inference.masked_ps.MaskedTSZTheory : 0.0165681 s (20933 evaluations, 346.821 s total)
[mcmc]  - Acceptance rate: 0.457
[mcmc]  - Convergence of means: R-1 = 0.055943 after 7872 accepted steps
[mcmc]  - Updated covariance matrix of proposal pdf.
[mcmc] Learn + convergence test @ 9880 samples accepted.
[likelihoodcollection] Average computation time:
   flamingo.inference.masked_ps.MaskedBandPowerLikelihood : 5.36492e-05 s (21004 evaluations, 1.12685 s total)
[theorycollection] Average computation time:
   flamingo.inference.masked_ps.MaskedTSZTheory : 0.0165681 s (21004 evaluations, 347.997 s total)
[mcmc]  - Acceptance rate: 0.458
[mcmc]  - Convergence of means: R-1 = 0.056048 after 7904 accepted steps
[mcmc]  - Updated covariance matrix of proposal pdf.
[mcmc] Learn + convergence test @ 9920 samples accepted.
[likelihoodcollection] Average computation time:
   flamingo.inference.masked_ps.MaskedBandPowerLikelihood : 5.36574e-05 s (21066 evaluations, 1.13035 s total)
[theorycollection] Average computation time:
   flamingo.inference.masked_ps.MaskedTSZTheory : 0.0165695 s (21066 evaluations, 349.054 s total)
[mcmc]  - Acceptance rate: 0.458
[mcmc]  - Convergence of means: R-1 = 0.054551 after 7936 accepted steps
[mcmc]  - Updated covariance matrix of proposal pdf.
[mcmc] Learn + convergence test @ 9960 samples accepted.
[likelihoodcollection] Average computation time:
   flamingo.inference.masked_ps.MaskedBandPowerLikelihood : 5.36587e-05 s (21136 evaluations, 1.13413 s total)
[theorycollection] Average computation time:
   flamingo.inference.masked_ps.MaskedTSZTheory : 0.01657 s (21136 evaluations, 350.224 s total)
[mcmc]  - Acceptance rate: 0.459
[mcmc]  - Convergence of means: R-1 = 0.056658 after 7968 accepted steps
[mcmc]  - Updated covariance matrix of proposal pdf.
[mcmc] Learn + convergence test @ 10000 samples accepted.
[likelihoodcollection] Average computation time:
   flamingo.inference.masked_ps.MaskedBandPowerLikelihood : 5.36527e-05 s (21237 evaluations, 1.13942 s total)
[theorycollection] Average computation time:
   flamingo.inference.masked_ps.MaskedTSZTheory : 0.0165706 s (21237 evaluations, 351.909 s total)
[mcmc]  - Acceptance rate: 0.459
[mcmc]  - Convergence of means: R-1 = 0.055668 after 8000 accepted steps
[mcmc]  - Updated covariance matrix of proposal pdf.
[mcmc] Progress @ 2026-08-03 01:15:43 : 21301 steps taken, and 10013 accepted.
[mcmc] Learn + convergence test @ 10040 samples accepted.
[likelihoodcollection] Average computation time:
   flamingo.inference.masked_ps.MaskedBandPowerLikelihood : 5.36659e-05 s (21318 evaluations, 1.14405 s total)
[theorycollection] Average computation time:
   flamingo.inference.masked_ps.MaskedTSZTheory : 0.0165718 s (21318 evaluations, 353.278 s total)
[mcmc]  - Acceptance rate: 0.458
[mcmc]  - Convergence of means: R-1 = 0.052418 after 8032 accepted steps
[mcmc]  - Updated covariance matrix of proposal pdf.
[mcmc] Learn + convergence test @ 10080 samples accepted.
[likelihoodcollection] Average computation time:
   flamingo.inference.masked_ps.MaskedBandPowerLikelihood : 5.36431e-05 s (21397 evaluations, 1.1478 s total)
[theorycollection] Average computation time:
   flamingo.inference.masked_ps.MaskedTSZTheory : 0.0165713 s (21397 evaluations, 354.577 s total)
[mcmc]  - Acceptance rate: 0.459
[mcmc]  - Convergence of means: R-1 = 0.051030 after 8064 accepted steps
[mcmc]  - Updated covariance matrix of proposal pdf.
[mcmc] Learn + convergence test @ 10120 samples accepted.
[likelihoodcollection] Average computation time:
   flamingo.inference.masked_ps.MaskedBandPowerLikelihood : 5.36513e-05 s (21495 evaluations, 1.15323 s total)
[theorycollection] Average computation time:
   flamingo.inference.masked_ps.MaskedTSZTheory : 0.016572 s (21495 evaluations, 356.214 s total)
[mcmc]  - Acceptance rate: 0.458
[mcmc]  - Convergence of means: R-1 = 0.052558 after 8096 accepted steps
[mcmc]  - Updated covariance matrix of proposal pdf.
[mcmc] Learn + convergence test @ 10160 samples accepted.
[likelihoodcollection] Average computation time:
   flamingo.inference.masked_ps.MaskedBandPowerLikelihood : 5.36525e-05 s (21594 evaluations, 1.15857 s total)
[theorycollection] Average computation time:
   flamingo.inference.masked_ps.MaskedTSZTheory : 0.0165722 s (21594 evaluations, 357.859 s total)
[mcmc]  - Acceptance rate: 0.458
[mcmc]  - Convergence of means: R-1 = 0.048009 after 8128 accepted steps
[mcmc]  - Updated covariance matrix of proposal pdf.
[mcmc] Learn + convergence test @ 10200 samples accepted.
[likelihoodcollection] Average computation time:
   flamingo.inference.masked_ps.MaskedBandPowerLikelihood : 5.36519e-05 s (21679 evaluations, 1.16312 s total)
[theorycollection] Average computation time:
   flamingo.inference.masked_ps.MaskedTSZTheory : 0.0165728 s (21679 evaluations, 359.281 s total)
[mcmc]  - Acceptance rate: 0.458
[mcmc]  - Convergence of means: R-1 = 0.045883 after 8160 accepted steps
[mcmc]  - Updated covariance matrix of proposal pdf.
[mcmc] Learn + convergence test @ 10240 samples accepted.
[likelihoodcollection] Average computation time:
   flamingo.inference.masked_ps.MaskedBandPowerLikelihood : 5.36601e-05 s (21758 evaluations, 1.16754 s total)
[theorycollection] Average computation time:
   flamingo.inference.masked_ps.MaskedTSZTheory : 0.0165734 s (21758 evaluations, 360.604 s total)
[mcmc]  - Acceptance rate: 0.459
[mcmc]  - Convergence of means: R-1 = 0.042714 after 8192 accepted steps
[mcmc]  - Updated covariance matrix of proposal pdf.
[mcmc] Learn + convergence test @ 10280 samples accepted.
[likelihoodcollection] Average computation time:
   flamingo.inference.masked_ps.MaskedBandPowerLikelihood : 5.36681e-05 s (21827 evaluations, 1.17141 s total)
[theorycollection] Average computation time:
   flamingo.inference.masked_ps.MaskedTSZTheory : 0.0165722 s (21827 evaluations, 361.721 s total)
[mcmc]  - Acceptance rate: 0.459
[mcmc]  - Convergence of means: R-1 = 0.042974 after 8224 accepted steps
[mcmc]  - Updated covariance matrix of proposal pdf.
[mcmc] Learn + convergence test @ 10320 samples accepted.
[likelihoodcollection] Average computation time:
   flamingo.inference.masked_ps.MaskedBandPowerLikelihood : 5.36683e-05 s (21920 evaluations, 1.17641 s total)
[theorycollection] Average computation time:
   flamingo.inference.masked_ps.MaskedTSZTheory : 0.0165718 s (21920 evaluations, 363.254 s total)
[mcmc]  - Acceptance rate: 0.459
[mcmc]  - Convergence of means: R-1 = 0.043800 after 8256 accepted steps
[mcmc]  - Updated covariance matrix of proposal pdf.
[mcmc] Learn + convergence test @ 10360 samples accepted.
[likelihoodcollection] Average computation time:
   flamingo.inference.masked_ps.MaskedBandPowerLikelihood : 5.36668e-05 s (22005 evaluations, 1.18094 s total)
[theorycollection] Average computation time:
   flamingo.inference.masked_ps.MaskedTSZTheory : 0.0165721 s (22005 evaluations, 364.67 s total)
[mcmc]  - Acceptance rate: 0.459
[mcmc]  - Convergence of means: R-1 = 0.043437 after 8288 accepted steps
[mcmc]  - Updated covariance matrix of proposal pdf.
[mcmc] Learn + convergence test @ 10400 samples accepted.
[likelihoodcollection] Average computation time:
   flamingo.inference.masked_ps.MaskedBandPowerLikelihood : 5.36674e-05 s (22067 evaluations, 1.18428 s total)
[theorycollection] Average computation time:
   flamingo.inference.masked_ps.MaskedTSZTheory : 0.0165733 s (22067 evaluations, 365.722 s total)
[mcmc]  - Acceptance rate: 0.459
[mcmc]  - Convergence of means: R-1 = 0.045186 after 8320 accepted steps
[mcmc]  - Updated covariance matrix of proposal pdf.
[mcmc] Learn + convergence test @ 10440 samples accepted.
[likelihoodcollection] Average computation time:
   flamingo.inference.masked_ps.MaskedBandPowerLikelihood : 5.36591e-05 s (22143 evaluations, 1.18817 s total)
[theorycollection] Average computation time:
   flamingo.inference.masked_ps.MaskedTSZTheory : 0.0165726 s (22143 evaluations, 366.966 s total)
[mcmc]  - Acceptance rate: 0.459
[mcmc]  - Convergence of means: R-1 = 0.045545 after 8352 accepted steps
[mcmc]  - Updated covariance matrix of proposal pdf.
[mcmc] Learn + convergence test @ 10480 samples accepted.
[likelihoodcollection] Average computation time:
   flamingo.inference.masked_ps.MaskedBandPowerLikelihood : 5.36695e-05 s (22233 evaluations, 1.19323 s total)
[theorycollection] Average computation time:
   flamingo.inference.masked_ps.MaskedTSZTheory : 0.0165736 s (22233 evaluations, 368.481 s total)
[mcmc]  - Acceptance rate: 0.459
[mcmc]  - Convergence of means: R-1 = 0.043929 after 8384 accepted steps
[mcmc]  - Updated covariance matrix of proposal pdf.
[mcmc] Learn + convergence test @ 10520 samples accepted.
[likelihoodcollection] Average computation time:
   flamingo.inference.masked_ps.MaskedBandPowerLikelihood : 5.3675e-05 s (22316 evaluations, 1.19781 s total)
[theorycollection] Average computation time:
   flamingo.inference.masked_ps.MaskedTSZTheory : 0.0165742 s (22316 evaluations, 369.87 s total)
[mcmc]  - Acceptance rate: 0.459
[mcmc]  - Convergence of means: R-1 = 0.042951 after 8416 accepted steps
[mcmc]  - Updated covariance matrix of proposal pdf.
[mcmc] Learn + convergence test @ 10560 samples accepted.
[likelihoodcollection] Average computation time:
   flamingo.inference.masked_ps.MaskedBandPowerLikelihood : 5.36702e-05 s (22394 evaluations, 1.20189 s total)
[theorycollection] Average computation time:
   flamingo.inference.masked_ps.MaskedTSZTheory : 0.0165742 s (22394 evaluations, 371.162 s total)
[mcmc]  - Acceptance rate: 0.459
[mcmc]  - Convergence of means: R-1 = 0.038945 after 8448 accepted steps
[mcmc]  - Updated covariance matrix of proposal pdf.
[mcmc] Learn + convergence test @ 10600 samples accepted.
[likelihoodcollection] Average computation time:
   flamingo.inference.masked_ps.MaskedBandPowerLikelihood : 5.36739e-05 s (22454 evaluations, 1.20519 s total)
[theorycollection] Average computation time:
   flamingo.inference.masked_ps.MaskedTSZTheory : 0.0165739 s (22454 evaluations, 372.15 s total)
[mcmc]  - Acceptance rate: 0.460
[mcmc]  - Convergence of means: R-1 = 0.034408 after 8480 accepted steps
[mcmc]  - Updated covariance matrix of proposal pdf.
[mcmc] Learn + convergence test @ 10640 samples accepted.
[likelihoodcollection] Average computation time:
   flamingo.inference.masked_ps.MaskedBandPowerLikelihood : 5.36808e-05 s (22526 evaluations, 1.20921 s total)
[theorycollection] Average computation time:
   flamingo.inference.masked_ps.MaskedTSZTheory : 0.016574 s (22526 evaluations, 373.345 s total)
[mcmc]  - Acceptance rate: 0.461
[mcmc]  - Convergence of means: R-1 = 0.031074 after 8512 accepted steps
[mcmc]  - Updated covariance matrix of proposal pdf.
[mcmc] Learn + convergence test @ 10680 samples accepted.
[likelihoodcollection] Average computation time:
   flamingo.inference.masked_ps.MaskedBandPowerLikelihood : 5.36974e-05 s (22612 evaluations, 1.21421 s total)
[theorycollection] Average computation time:
   flamingo.inference.masked_ps.MaskedTSZTheory : 0.0165748 s (22612 evaluations, 374.79 s total)
[mcmc]  - Acceptance rate: 0.461
[mcmc]  - Convergence of means: R-1 = 0.033441 after 8544 accepted steps
[mcmc]  - Updated covariance matrix of proposal pdf.
[mcmc] Learn + convergence test @ 10720 samples accepted.
[likelihoodcollection] Average computation time:
   flamingo.inference.masked_ps.MaskedBandPowerLikelihood : 5.36883e-05 s (22686 evaluations, 1.21797 s total)
[theorycollection] Average computation time:
   flamingo.inference.masked_ps.MaskedTSZTheory : 0.0165749 s (22686 evaluations, 376.019 s total)
[mcmc]  - Acceptance rate: 0.461
[mcmc]  - Convergence of means: R-1 = 0.035808 after 8576 accepted steps
[mcmc]  - Updated covariance matrix of proposal pdf.
[mcmc] Learn + convergence test @ 10760 samples accepted.
[likelihoodcollection] Average computation time:
   flamingo.inference.masked_ps.MaskedBandPowerLikelihood : 5.36778e-05 s (22769 evaluations, 1.22219 s total)
[theorycollection] Average computation time:
   flamingo.inference.masked_ps.MaskedTSZTheory : 0.0165739 s (22769 evaluations, 377.372 s total)
[mcmc]  - Acceptance rate: 0.461
[mcmc]  - Convergence of means: R-1 = 0.037045 after 8608 accepted steps
[mcmc]  - Updated covariance matrix of proposal pdf.
[mcmc] Learn + convergence test @ 10800 samples accepted.
[likelihoodcollection] Average computation time:
   flamingo.inference.masked_ps.MaskedBandPowerLikelihood : 5.36713e-05 s (22887 evaluations, 1.22837 s total)
[theorycollection] Average computation time:
   flamingo.inference.masked_ps.MaskedTSZTheory : 0.0165754 s (22887 evaluations, 379.361 s total)
[mcmc]  - Acceptance rate: 0.460
[mcmc]  - Convergence of means: R-1 = 0.034179 after 8640 accepted steps
[mcmc]  - Updated covariance matrix of proposal pdf.
[mcmc] Learn + convergence test @ 10840 samples accepted.
[likelihoodcollection] Average computation time:
   flamingo.inference.masked_ps.MaskedBandPowerLikelihood : 5.36703e-05 s (22970 evaluations, 1.23281 s total)
[theorycollection] Average computation time:
   flamingo.inference.masked_ps.MaskedTSZTheory : 0.016576 s (22970 evaluations, 380.751 s total)
[mcmc]  - Acceptance rate: 0.460
[mcmc]  - Convergence of means: R-1 = 0.032822 after 8672 accepted steps
[mcmc]  - Updated covariance matrix of proposal pdf.
[mcmc] Learn + convergence test @ 10880 samples accepted.
[likelihoodcollection] Average computation time:
   flamingo.inference.masked_ps.MaskedBandPowerLikelihood : 5.36615e-05 s (23062 evaluations, 1.23754 s total)
[theorycollection] Average computation time:
   flamingo.inference.masked_ps.MaskedTSZTheory : 0.0165748 s (23062 evaluations, 382.248 s total)
[mcmc]  - Acceptance rate: 0.460
[mcmc]  - Convergence of means: R-1 = 0.029753 after 8704 accepted steps
[mcmc]  - Updated covariance matrix of proposal pdf.
[mcmc] Learn + convergence test @ 10920 samples accepted.
[likelihoodcollection] Average computation time:
   flamingo.inference.masked_ps.MaskedBandPowerLikelihood : 5.36848e-05 s (23155 evaluations, 1.24307 s total)
[theorycollection] Average computation time:
   flamingo.inference.masked_ps.MaskedTSZTheory : 0.0165742 s (23155 evaluations, 383.775 s total)
[mcmc]  - Acceptance rate: 0.460
[mcmc]  - Convergence of means: R-1 = 0.030423 after 8736 accepted steps
[mcmc]  - Updated covariance matrix of proposal pdf.
[mcmc] Learn + convergence test @ 10960 samples accepted.
[likelihoodcollection] Average computation time:
   flamingo.inference.masked_ps.MaskedBandPowerLikelihood : 5.36787e-05 s (23240 evaluations, 1.24749 s total)
[theorycollection] Average computation time:
   flamingo.inference.masked_ps.MaskedTSZTheory : 0.0165747 s (23240 evaluations, 385.196 s total)
[mcmc]  - Acceptance rate: 0.460
[mcmc]  - Convergence of means: R-1 = 0.033003 after 8768 accepted steps
[mcmc]  - Updated covariance matrix of proposal pdf.
[mcmc] Learn + convergence test @ 11000 samples accepted.
[likelihoodcollection] Average computation time:
   flamingo.inference.masked_ps.MaskedBandPowerLikelihood : 5.36953e-05 s (23329 evaluations, 1.25266 s total)
[theorycollection] Average computation time:
   flamingo.inference.masked_ps.MaskedTSZTheory : 0.0165744 s (23329 evaluations, 386.665 s total)
[mcmc]  - Acceptance rate: 0.459
[mcmc]  - Convergence of means: R-1 = 0.039892 after 8800 accepted steps
[mcmc]  - Updated covariance matrix of proposal pdf.
[mcmc] Learn + convergence test @ 11040 samples accepted.
[likelihoodcollection] Average computation time:
   flamingo.inference.masked_ps.MaskedBandPowerLikelihood : 5.36959e-05 s (23404 evaluations, 1.2567 s total)
[theorycollection] Average computation time:
   flamingo.inference.masked_ps.MaskedTSZTheory : 0.0165743 s (23404 evaluations, 387.904 s total)
[mcmc]  - Acceptance rate: 0.460
[mcmc]  - Convergence of means: R-1 = 0.043845 after 8832 accepted steps
[mcmc]  - Updated covariance matrix of proposal pdf.
[mcmc] Learn + convergence test @ 11080 samples accepted.
[likelihoodcollection] Average computation time:
   flamingo.inference.masked_ps.MaskedBandPowerLikelihood : 5.36831e-05 s (23489 evaluations, 1.26096 s total)
[theorycollection] Average computation time:
   flamingo.inference.masked_ps.MaskedTSZTheory : 0.0165728 s (23489 evaluations, 389.279 s total)
[mcmc]  - Acceptance rate: 0.460
[mcmc]  - Convergence of means: R-1 = 0.042413 after 8864 accepted steps
[mcmc]  - Updated covariance matrix of proposal pdf.
[mcmc] Learn + convergence test @ 11120 samples accepted.
[likelihoodcollection] Average computation time:
   flamingo.inference.masked_ps.MaskedBandPowerLikelihood : 5.36838e-05 s (23559 evaluations, 1.26474 s total)
[theorycollection] Average computation time:
   flamingo.inference.masked_ps.MaskedTSZTheory : 0.0165733 s (23559 evaluations, 390.449 s total)
[mcmc]  - Acceptance rate: 0.460
[mcmc]  - Convergence of means: R-1 = 0.040458 after 8896 accepted steps
[mcmc]  - Updated covariance matrix of proposal pdf.
[mcmc] Learn + convergence test @ 11160 samples accepted.
[likelihoodcollection] Average computation time:
   flamingo.inference.masked_ps.MaskedBandPowerLikelihood : 5.37056e-05 s (23635 evaluations, 1.26933 s total)
[theorycollection] Average computation time:
   flamingo.inference.masked_ps.MaskedTSZTheory : 0.0165734 s (23635 evaluations, 391.713 s total)
[mcmc]  - Acceptance rate: 0.460
[mcmc]  - Convergence of means: R-1 = 0.043891 after 8928 accepted steps
[mcmc]  - Updated covariance matrix of proposal pdf.
[mcmc] Learn + convergence test @ 11200 samples accepted.
[likelihoodcollection] Average computation time:
   flamingo.inference.masked_ps.MaskedBandPowerLikelihood : 5.37195e-05 s (23757 evaluations, 1.27622 s total)
[theorycollection] Average computation time:
   flamingo.inference.masked_ps.MaskedTSZTheory : 0.0165746 s (23757 evaluations, 393.763 s total)
[mcmc]  - Acceptance rate: 0.460
[mcmc]  - Convergence of means: R-1 = 0.043602 after 8960 accepted steps
[mcmc]  - Updated covariance matrix of proposal pdf.
[mcmc] Learn + convergence test @ 11240 samples accepted.
[likelihoodcollection] Average computation time:
   flamingo.inference.masked_ps.MaskedBandPowerLikelihood : 5.37416e-05 s (23894 evaluations, 1.2841 s total)
[theorycollection] Average computation time:
   flamingo.inference.masked_ps.MaskedTSZTheory : 0.016576 s (23894 evaluations, 396.066 s total)
[mcmc]  - Acceptance rate: 0.458
[mcmc]  - Convergence of means: R-1 = 0.039727 after 8992 accepted steps
[mcmc]  - Updated covariance matrix of proposal pdf.
[mcmc] Learn + convergence test @ 11280 samples accepted.
[likelihoodcollection] Average computation time:
   flamingo.inference.masked_ps.MaskedBandPowerLikelihood : 5.37348e-05 s (23992 evaluations, 1.28921 s total)
[theorycollection] Average computation time:
   flamingo.inference.masked_ps.MaskedTSZTheory : 0.0165755 s (23992 evaluations, 397.68 s total)
[mcmc]  - Acceptance rate: 0.458
[mcmc]  - Convergence of means: R-1 = 0.040403 after 9024 accepted steps
[mcmc]  - Updated covariance matrix of proposal pdf.
[mcmc] Learn + convergence test @ 11320 samples accepted.
[likelihoodcollection] Average computation time:
   flamingo.inference.masked_ps.MaskedBandPowerLikelihood : 5.37456e-05 s (24114 evaluations, 1.29602 s total)
[theorycollection] Average computation time:
   flamingo.inference.masked_ps.MaskedTSZTheory : 0.0165753 s (24114 evaluations, 399.697 s total)
[mcmc]  - Acceptance rate: 0.457
[mcmc]  - Convergence of means: R-1 = 0.036453 after 9056 accepted steps
[mcmc]  - Updated covariance matrix of proposal pdf.
[mcmc] Learn + convergence test @ 11360 samples accepted.
[likelihoodcollection] Average computation time:
   flamingo.inference.masked_ps.MaskedBandPowerLikelihood : 5.37319e-05 s (24197 evaluations, 1.30015 s total)
[theorycollection] Average computation time:
   flamingo.inference.masked_ps.MaskedTSZTheory : 0.0165742 s (24197 evaluations, 401.045 s total)
[mcmc]  - Acceptance rate: 0.457
[mcmc]  - Convergence of means: R-1 = 0.036033 after 9088 accepted steps
[mcmc]  - Updated covariance matrix of proposal pdf.
[mcmc] Learn + convergence test @ 11400 samples accepted.
[likelihoodcollection] Average computation time:
   flamingo.inference.masked_ps.MaskedBandPowerLikelihood : 5.37305e-05 s (24299 evaluations, 1.3056 s total)
[theorycollection] Average computation time:
   flamingo.inference.masked_ps.MaskedTSZTheory : 0.016573 s (24299 evaluations, 402.707 s total)
[mcmc]  - Acceptance rate: 0.457
[mcmc]  - Convergence of means: R-1 = 0.035725 after 9120 accepted steps
[mcmc]  - Updated covariance matrix of proposal pdf.
[mcmc] Learn + convergence test @ 11440 samples accepted.
[likelihoodcollection] Average computation time:
   flamingo.inference.masked_ps.MaskedBandPowerLikelihood : 5.37393e-05 s (24398 evaluations, 1.31113 s total)
[theorycollection] Average computation time:
   flamingo.inference.masked_ps.MaskedTSZTheory : 0.0165731 s (24398 evaluations, 404.352 s total)
[mcmc]  - Acceptance rate: 0.456
[mcmc]  - Convergence of means: R-1 = 0.036390 after 9152 accepted steps
[mcmc]  - Updated covariance matrix of proposal pdf.
[mcmc] Learn + convergence test @ 11480 samples accepted.
[likelihoodcollection] Average computation time:
   flamingo.inference.masked_ps.MaskedBandPowerLikelihood : 5.37396e-05 s (24478 evaluations, 1.31544 s total)
[theorycollection] Average computation time:
   flamingo.inference.masked_ps.MaskedTSZTheory : 0.0165728 s (24478 evaluations, 405.669 s total)
[mcmc]  - Acceptance rate: 0.456
[mcmc]  - Convergence of means: R-1 = 0.036145 after 9184 accepted steps
[mcmc]  - Updated covariance matrix of proposal pdf.
[mcmc] Learn + convergence test @ 11520 samples accepted.
[likelihoodcollection] Average computation time:
   flamingo.inference.masked_ps.MaskedBandPowerLikelihood : 5.37372e-05 s (24572 evaluations, 1.32043 s total)
[theorycollection] Average computation time:
   flamingo.inference.masked_ps.MaskedTSZTheory : 0.0165721 s (24572 evaluations, 407.209 s total)
[mcmc]  - Acceptance rate: 0.456
[mcmc]  - Convergence of means: R-1 = 0.033312 after 9216 accepted steps
[mcmc]  - Updated covariance matrix of proposal pdf.
[mcmc] Learn + convergence test @ 11560 samples accepted.
[likelihoodcollection] Average computation time:
   flamingo.inference.masked_ps.MaskedBandPowerLikelihood : 5.37388e-05 s (24648 evaluations, 1.32456 s total)
[theorycollection] Average computation time:
   flamingo.inference.masked_ps.MaskedTSZTheory : 0.0165714 s (24648 evaluations, 408.453 s total)
[mcmc]  - Acceptance rate: 0.456
[mcmc]  - Convergence of means: R-1 = 0.038639 after 9248 accepted steps
[mcmc]  - Updated covariance matrix of proposal pdf.
[mcmc] Learn + convergence test @ 11600 samples accepted.
[likelihoodcollection] Average computation time:
   flamingo.inference.masked_ps.MaskedBandPowerLikelihood : 5.37423e-05 s (24732 evaluations, 1.32915 s total)
[theorycollection] Average computation time:
   flamingo.inference.masked_ps.MaskedTSZTheory : 0.0165705 s (24732 evaluations, 409.823 s total)
[mcmc]  - Acceptance rate: 0.456
[mcmc]  - Convergence of means: R-1 = 0.039448 after 9280 accepted steps
[mcmc]  - Updated covariance matrix of proposal pdf.
[mcmc] Progress @ 2026-08-03 01:16:43 : 24845 steps taken, and 11637 accepted.
[mcmc] Learn + convergence test @ 11640 samples accepted.
[likelihoodcollection] Average computation time:
   flamingo.inference.masked_ps.MaskedBandPowerLikelihood : 5.37471e-05 s (24811 evaluations, 1.33352 s total)
[theorycollection] Average computation time:
   flamingo.inference.masked_ps.MaskedTSZTheory : 0.0165708 s (24811 evaluations, 411.139 s total)
[mcmc]  - Acceptance rate: 0.457
[mcmc]  - Convergence of means: R-1 = 0.038114 after 9312 accepted steps
[mcmc]  - Updated covariance matrix of proposal pdf.
[mcmc] Learn + convergence test @ 11680 samples accepted.
[likelihoodcollection] Average computation time:
   flamingo.inference.masked_ps.MaskedBandPowerLikelihood : 5.37384e-05 s (24909 evaluations, 1.33857 s total)
[theorycollection] Average computation time:
   flamingo.inference.masked_ps.MaskedTSZTheory : 0.0165702 s (24909 evaluations, 412.747 s total)
[mcmc]  - Acceptance rate: 0.457
[mcmc]  - Convergence of means: R-1 = 0.038274 after 9344 accepted steps
[mcmc]  - Updated covariance matrix of proposal pdf.
[mcmc] Learn + convergence test @ 11720 samples accepted.
[likelihoodcollection] Average computation time:
   flamingo.inference.masked_ps.MaskedBandPowerLikelihood : 5.37211e-05 s (25016 evaluations, 1.34389 s total)
[theorycollection] Average computation time:
   flamingo.inference.masked_ps.MaskedTSZTheory : 0.0165705 s (25016 evaluations, 414.528 s total)
[mcmc]  - Acceptance rate: 0.456
[mcmc]  - Convergence of means: R-1 = 0.036639 after 9376 accepted steps
[mcmc]  - Updated covariance matrix of proposal pdf.
[mcmc] Learn + convergence test @ 11760 samples accepted.
[likelihoodcollection] Average computation time:
   flamingo.inference.masked_ps.MaskedBandPowerLikelihood : 5.373e-05 s (25152 evaluations, 1.35142 s total)
[theorycollection] Average computation time:
   flamingo.inference.masked_ps.MaskedTSZTheory : 0.0165708 s (25152 evaluations, 416.79 s total)
[mcmc]  - Acceptance rate: 0.455
[mcmc]  - Convergence of means: R-1 = 0.038226 after 9408 accepted steps
[mcmc]  - Updated covariance matrix of proposal pdf.
[mcmc] Learn + convergence test @ 11800 samples accepted.
[likelihoodcollection] Average computation time:
   flamingo.inference.masked_ps.MaskedBandPowerLikelihood : 5.3776e-05 s (25256 evaluations, 1.35817 s total)
[theorycollection] Average computation time:
   flamingo.inference.masked_ps.MaskedTSZTheory : 0.0165695 s (25256 evaluations, 418.48 s total)
[mcmc]  - Acceptance rate: 0.454
[mcmc]  - Convergence of means: R-1 = 0.036538 after 9440 accepted steps
[mcmc]  - Updated covariance matrix of proposal pdf.
[mcmc] Learn + convergence test @ 11840 samples accepted.
[likelihoodcollection] Average computation time:
   flamingo.inference.masked_ps.MaskedBandPowerLikelihood : 5.37682e-05 s (25331 evaluations, 1.362 s total)
[theorycollection] Average computation time:
   flamingo.inference.masked_ps.MaskedTSZTheory : 0.0165697 s (25331 evaluations, 419.728 s total)
[mcmc]  - Acceptance rate: 0.455
[mcmc]  - Convergence of means: R-1 = 0.036146 after 9472 accepted steps
[mcmc]  - Updated covariance matrix of proposal pdf.
[mcmc] Learn + convergence test @ 11880 samples accepted.
[likelihoodcollection] Average computation time:
   flamingo.inference.masked_ps.MaskedBandPowerLikelihood : 5.37629e-05 s (25414 evaluations, 1.36633 s total)
[theorycollection] Average computation time:
   flamingo.inference.masked_ps.MaskedTSZTheory : 0.016569 s (25414 evaluations, 421.085 s total)
[mcmc]  - Acceptance rate: 0.455
[mcmc]  - Convergence of means: R-1 = 0.031670 after 9504 accepted steps
[mcmc]  - Updated covariance matrix of proposal pdf.
[mcmc] Learn + convergence test @ 11920 samples accepted.
[likelihoodcollection] Average computation time:
   flamingo.inference.masked_ps.MaskedBandPowerLikelihood : 5.37583e-05 s (25489 evaluations, 1.37025 s total)
[theorycollection] Average computation time:
   flamingo.inference.masked_ps.MaskedTSZTheory : 0.0165685 s (25489 evaluations, 422.315 s total)
[mcmc]  - Acceptance rate: 0.455
[mcmc]  - Convergence of means: R-1 = 0.030683 after 9536 accepted steps
[mcmc]  - Updated covariance matrix of proposal pdf.
[mcmc] Learn + convergence test @ 11960 samples accepted.
[likelihoodcollection] Average computation time:
   flamingo.inference.masked_ps.MaskedBandPowerLikelihood : 5.3763e-05 s (25571 evaluations, 1.37477 s total)
[theorycollection] Average computation time:
   flamingo.inference.masked_ps.MaskedTSZTheory : 0.0165689 s (25571 evaluations, 423.682 s total)
[mcmc]  - Acceptance rate: 0.455
[mcmc]  - Convergence of means: R-1 = 0.031774 after 9568 accepted steps
[mcmc]  - Updated covariance matrix of proposal pdf.
[mcmc] Learn + convergence test @ 12000 samples accepted.
[likelihoodcollection] Average computation time:
   flamingo.inference.masked_ps.MaskedBandPowerLikelihood : 5.37591e-05 s (25648 evaluations, 1.37881 s total)
[theorycollection] Average computation time:
   flamingo.inference.masked_ps.MaskedTSZTheory : 0.0165692 s (25648 evaluations, 424.966 s total)
[mcmc]  - Acceptance rate: 0.455
[mcmc]  - Convergence of means: R-1 = 0.026722 after 9600 accepted steps
[mcmc]  - Updated covariance matrix of proposal pdf.
[mcmc] Learn + convergence test @ 12040 samples accepted.
[likelihoodcollection] Average computation time:
   flamingo.inference.masked_ps.MaskedBandPowerLikelihood : 5.37566e-05 s (25741 evaluations, 1.38375 s total)
[theorycollection] Average computation time:
   flamingo.inference.masked_ps.MaskedTSZTheory : 0.0165674 s (25741 evaluations, 426.462 s total)
[mcmc]  - Acceptance rate: 0.456
[mcmc]  - Convergence of means: R-1 = 0.025776 after 9632 accepted steps
[mcmc]  - Updated covariance matrix of proposal pdf.
[mcmc] Learn + convergence test @ 12080 samples accepted.
[likelihoodcollection] Average computation time:
   flamingo.inference.masked_ps.MaskedBandPowerLikelihood : 5.37429e-05 s (25886 evaluations, 1.39119 s total)
[theorycollection] Average computation time:
   flamingo.inference.masked_ps.MaskedTSZTheory : 0.0165675 s (25886 evaluations, 428.865 s total)
[mcmc]  - Acceptance rate: 0.454
[mcmc]  - Convergence of means: R-1 = 0.020001 after 9664 accepted steps
[mcmc]  - Updated covariance matrix of proposal pdf.
[mcmc] Learn + convergence test @ 12120 samples accepted.
[likelihoodcollection] Average computation time:
   flamingo.inference.masked_ps.MaskedBandPowerLikelihood : 5.37364e-05 s (25972 evaluations, 1.39564 s total)
[theorycollection] Average computation time:
   flamingo.inference.masked_ps.MaskedTSZTheory : 0.0165661 s (25972 evaluations, 430.256 s total)
[mcmc]  - Acceptance rate: 0.454
[mcmc]  - Convergence of means: R-1 = 0.021637 after 9696 accepted steps
[mcmc]  - Updated covariance matrix of proposal pdf.
[mcmc] Learn + convergence test @ 12160 samples accepted.
[likelihoodcollection] Average computation time:
   flamingo.inference.masked_ps.MaskedBandPowerLikelihood : 5.37424e-05 s (26048 evaluations, 1.39988 s total)
[theorycollection] Average computation time:
   flamingo.inference.masked_ps.MaskedTSZTheory : 0.0165663 s (26048 evaluations, 431.519 s total)
[mcmc]  - Acceptance rate: 0.454
[mcmc]  - Convergence of means: R-1 = 0.022998 after 9728 accepted steps
[mcmc]  - Updated covariance matrix of proposal pdf.
[mcmc] Learn + convergence test @ 12200 samples accepted.
[likelihoodcollection] Average computation time:
   flamingo.inference.masked_ps.MaskedBandPowerLikelihood : 5.37454e-05 s (26116 evaluations, 1.40361 s total)
[theorycollection] Average computation time:
   flamingo.inference.masked_ps.MaskedTSZTheory : 0.0165665 s (26116 evaluations, 432.651 s total)
[mcmc]  - Acceptance rate: 0.455
[mcmc]  - Convergence of means: R-1 = 0.023218 after 9760 accepted steps
[mcmc]  - Updated covariance matrix of proposal pdf.
[mcmc] Learn + convergence test @ 12240 samples accepted.
[likelihoodcollection] Average computation time:
   flamingo.inference.masked_ps.MaskedBandPowerLikelihood : 5.37624e-05 s (26210 evaluations, 1.40911 s total)
[theorycollection] Average computation time:
   flamingo.inference.masked_ps.MaskedTSZTheory : 0.0165679 s (26210 evaluations, 434.244 s total)
[mcmc]  - Acceptance rate: 0.454
[mcmc]  - Convergence of means: R-1 = 0.023445 after 9792 accepted steps
[mcmc]  - Updated covariance matrix of proposal pdf.
[mcmc] Learn + convergence test @ 12280 samples accepted.
[likelihoodcollection] Average computation time:
   flamingo.inference.masked_ps.MaskedBandPowerLikelihood : 5.37551e-05 s (26279 evaluations, 1.41263 s total)
[theorycollection] Average computation time:
   flamingo.inference.masked_ps.MaskedTSZTheory : 0.0165677 s (26279 evaluations, 435.382 s total)
[mcmc]  - Acceptance rate: 0.455
[mcmc]  - Convergence of means: R-1 = 0.020955 after 9824 accepted steps
[mcmc]  - Updated covariance matrix of proposal pdf.
[mcmc] Learn + convergence test @ 12320 samples accepted.
[likelihoodcollection] Average computation time:
   flamingo.inference.masked_ps.MaskedBandPowerLikelihood : 5.3775e-05 s (26370 evaluations, 1.41805 s total)
[theorycollection] Average computation time:
   flamingo.inference.masked_ps.MaskedTSZTheory : 0.016567 s (26370 evaluations, 436.872 s total)
[mcmc]  - Acceptance rate: 0.455
[mcmc]  - Convergence of means: R-1 = 0.020272 after 9856 accepted steps
[mcmc]  - Updated covariance matrix of proposal pdf.
[mcmc] Learn + convergence test @ 12360 samples accepted.
[likelihoodcollection] Average computation time:
   flamingo.inference.masked_ps.MaskedBandPowerLikelihood : 5.378e-05 s (26437 evaluations, 1.42178 s total)
[theorycollection] Average computation time:
   flamingo.inference.masked_ps.MaskedTSZTheory : 0.016567 s (26437 evaluations, 437.981 s total)
[mcmc]  - Acceptance rate: 0.455
[mcmc]  - Convergence of means: R-1 = 0.021131 after 9888 accepted steps
[mcmc]  - Updated covariance matrix of proposal pdf.
[mcmc] Learn + convergence test @ 12400 samples accepted.
[likelihoodcollection] Average computation time:
   flamingo.inference.masked_ps.MaskedBandPowerLikelihood : 5.37744e-05 s (26534 evaluations, 1.42685 s total)
[theorycollection] Average computation time:
   flamingo.inference.masked_ps.MaskedTSZTheory : 0.0165661 s (26534 evaluations, 439.564 s total)
[mcmc]  - Acceptance rate: 0.455
[mcmc]  - Convergence of means: R-1 = 0.021124 after 9920 accepted steps
[mcmc]  - Updated covariance matrix of proposal pdf.
[mcmc] Learn + convergence test @ 12440 samples accepted.
[likelihoodcollection] Average computation time:
   flamingo.inference.masked_ps.MaskedBandPowerLikelihood : 5.37786e-05 s (26639 evaluations, 1.43261 s total)
[theorycollection] Average computation time:
   flamingo.inference.masked_ps.MaskedTSZTheory : 0.0165656 s (26639 evaluations, 441.291 s total)
[mcmc]  - Acceptance rate: 0.454
[mcmc]  - Convergence of means: R-1 = 0.020223 after 9952 accepted steps
[mcmc]  - Updated covariance matrix of proposal pdf.
[mcmc] Learn + convergence test @ 12480 samples accepted.
[likelihoodcollection] Average computation time:
   flamingo.inference.masked_ps.MaskedBandPowerLikelihood : 5.37712e-05 s (26734 evaluations, 1.43752 s total)
[theorycollection] Average computation time:
   flamingo.inference.masked_ps.MaskedTSZTheory : 0.0165655 s (26734 evaluations, 442.861 s total)
[mcmc]  - Acceptance rate: 0.454
[mcmc]  - Convergence of means: R-1 = 0.019092 after 9984 accepted steps
[mcmc]  - Updated covariance matrix of proposal pdf.
[mcmc] Learn + convergence test @ 12520 samples accepted.
[likelihoodcollection] Average computation time:
   flamingo.inference.masked_ps.MaskedBandPowerLikelihood : 5.37651e-05 s (26801 evaluations, 1.44096 s total)
[theorycollection] Average computation time:
   flamingo.inference.masked_ps.MaskedTSZTheory : 0.0165659 s (26801 evaluations, 443.983 s total)
[mcmc]  - Acceptance rate: 0.454
[mcmc]  - Convergence of means: R-1 = 0.018722 after 10016 accepted steps
[mcmc]  - Updated covariance matrix of proposal pdf.
[mcmc] Learn + convergence test @ 12560 samples accepted.
[likelihoodcollection] Average computation time:
   flamingo.inference.masked_ps.MaskedBandPowerLikelihood : 5.37855e-05 s (26910 evaluations, 1.44737 s total)
[theorycollection] Average computation time:
   flamingo.inference.masked_ps.MaskedTSZTheory : 0.0165655 s (26910 evaluations, 445.778 s total)
[mcmc]  - Acceptance rate: 0.454
[mcmc]  - Convergence of means: R-1 = 0.019245 after 10048 accepted steps
[mcmc]  - Updated covariance matrix of proposal pdf.
[mcmc] Learn + convergence test @ 12600 samples accepted.
[likelihoodcollection] Average computation time:
   flamingo.inference.masked_ps.MaskedBandPowerLikelihood : 5.37783e-05 s (26996 evaluations, 1.4518 s total)
[theorycollection] Average computation time:
   flamingo.inference.masked_ps.MaskedTSZTheory : 0.0165646 s (26996 evaluations, 447.178 s total)
[mcmc]  - Acceptance rate: 0.454
[mcmc]  - Convergence of means: R-1 = 0.018205 after 10080 accepted steps
[mcmc]  - Updated covariance matrix of proposal pdf.
[mcmc] Learn + convergence test @ 12640 samples accepted.
[likelihoodcollection] Average computation time:
   flamingo.inference.masked_ps.MaskedBandPowerLikelihood : 5.37818e-05 s (27097 evaluations, 1.45733 s total)
[theorycollection] Average computation time:
   flamingo.inference.masked_ps.MaskedTSZTheory : 0.0165652 s (27097 evaluations, 448.869 s total)
[mcmc]  - Acceptance rate: 0.454
[mcmc]  - Convergence of means: R-1 = 0.017324 after 10112 accepted steps
[mcmc]  - Updated covariance matrix of proposal pdf.
[mcmc] Learn + convergence test @ 12680 samples accepted.
[likelihoodcollection] Average computation time:
   flamingo.inference.masked_ps.MaskedBandPowerLikelihood : 5.37869e-05 s (27183 evaluations, 1.46209 s total)
[theorycollection] Average computation time:
   flamingo.inference.masked_ps.MaskedTSZTheory : 0.0165644 s (27183 evaluations, 450.269 s total)
[mcmc]  - Acceptance rate: 0.454
[mcmc]  - Convergence of means: R-1 = 0.018737 after 10144 accepted steps
[mcmc]  - Updated covariance matrix of proposal pdf.
[mcmc] Learn + convergence test @ 12720 samples accepted.
[likelihoodcollection] Average computation time:
   flamingo.inference.masked_ps.MaskedBandPowerLikelihood : 5.37842e-05 s (27268 evaluations, 1.46659 s total)
[theorycollection] Average computation time:
   flamingo.inference.masked_ps.MaskedTSZTheory : 0.0165637 s (27268 evaluations, 451.66 s total)
[mcmc]  - Acceptance rate: 0.454
[mcmc]  - Convergence of means: R-1 = 0.017515 after 10176 accepted steps
[mcmc]  - Updated covariance matrix of proposal pdf.
[mcmc] Learn + convergence test @ 12760 samples accepted.
[likelihoodcollection] Average computation time:
   flamingo.inference.masked_ps.MaskedBandPowerLikelihood : 5.37893e-05 s (27351 evaluations, 1.47119 s total)
[theorycollection] Average computation time:
   flamingo.inference.masked_ps.MaskedTSZTheory : 0.0165645 s (27351 evaluations, 453.057 s total)
[mcmc]  - Acceptance rate: 0.454
[mcmc]  - Convergence of means: R-1 = 0.019721 after 10208 accepted steps
[mcmc]  - Updated covariance matrix of proposal pdf.
[mcmc] Learn + convergence test @ 12800 samples accepted.
[likelihoodcollection] Average computation time:
   flamingo.inference.masked_ps.MaskedBandPowerLikelihood : 5.37899e-05 s (27416 evaluations, 1.4747 s total)
[theorycollection] Average computation time:
   flamingo.inference.masked_ps.MaskedTSZTheory : 0.0165652 s (27416 evaluations, 454.152 s total)
[mcmc]  - Acceptance rate: 0.454
[mcmc]  - Convergence of means: R-1 = 0.019540 after 10240 accepted steps
[mcmc]  - Updated covariance matrix of proposal pdf.
[mcmc] Learn + convergence test @ 12840 samples accepted.
[likelihoodcollection] Average computation time:
   flamingo.inference.masked_ps.MaskedBandPowerLikelihood : 5.37966e-05 s (27505 evaluations, 1.47968 s total)
[theorycollection] Average computation time:
   flamingo.inference.masked_ps.MaskedTSZTheory : 0.0165648 s (27505 evaluations, 455.615 s total)
[mcmc]  - Acceptance rate: 0.454
[mcmc]  - Convergence of means: R-1 = 0.020719 after 10272 accepted steps
[mcmc]  - Updated covariance matrix of proposal pdf.
[mcmc] Learn + convergence test @ 12880 samples accepted.
[likelihoodcollection] Average computation time:
   flamingo.inference.masked_ps.MaskedBandPowerLikelihood : 5.38023e-05 s (27590 evaluations, 1.48441 s total)
[theorycollection] Average computation time:
   flamingo.inference.masked_ps.MaskedTSZTheory : 0.0165638 s (27590 evaluations, 456.997 s total)
[mcmc]  - Acceptance rate: 0.454
[mcmc]  - Convergence of means: R-1 = 0.021742 after 10304 accepted steps
[mcmc]  - Updated covariance matrix of proposal pdf.
[mcmc] Learn + convergence test @ 12920 samples accepted.
[likelihoodcollection] Average computation time:
   flamingo.inference.masked_ps.MaskedBandPowerLikelihood : 5.38009e-05 s (27675 evaluations, 1.48894 s total)
[theorycollection] Average computation time:
   flamingo.inference.masked_ps.MaskedTSZTheory : 0.0165643 s (27675 evaluations, 458.417 s total)
[mcmc]  - Acceptance rate: 0.454
[mcmc]  - Convergence of means: R-1 = 0.028134 after 10336 accepted steps
[mcmc]  - Updated covariance matrix of proposal pdf.
[mcmc] Learn + convergence test @ 12960 samples accepted.
[likelihoodcollection] Average computation time:
   flamingo.inference.masked_ps.MaskedBandPowerLikelihood : 5.37942e-05 s (27760 evaluations, 1.49333 s total)
[theorycollection] Average computation time:
   flamingo.inference.masked_ps.MaskedTSZTheory : 0.0165633 s (27760 evaluations, 459.797 s total)
[mcmc]  - Acceptance rate: 0.454
[mcmc]  - Convergence of means: R-1 = 0.027597 after 10368 accepted steps
[mcmc]  - Updated covariance matrix of proposal pdf.
[mcmc] Learn + convergence test @ 13000 samples accepted.
[likelihoodcollection] Average computation time:
   flamingo.inference.masked_ps.MaskedBandPowerLikelihood : 5.38019e-05 s (27830 evaluations, 1.49731 s total)
[theorycollection] Average computation time:
   flamingo.inference.masked_ps.MaskedTSZTheory : 0.0165631 s (27830 evaluations, 460.952 s total)
[mcmc]  - Acceptance rate: 0.455
[mcmc]  - Convergence of means: R-1 = 0.027093 after 10400 accepted steps
[mcmc]  - Updated covariance matrix of proposal pdf.
[mcmc] Learn + convergence test @ 13040 samples accepted.
[likelihoodcollection] Average computation time:
   flamingo.inference.masked_ps.MaskedBandPowerLikelihood : 5.38078e-05 s (27927 evaluations, 1.50269 s total)
[theorycollection] Average computation time:
   flamingo.inference.masked_ps.MaskedTSZTheory : 0.0165642 s (27927 evaluations, 462.588 s total)
[mcmc]  - Acceptance rate: 0.454
[mcmc]  - Convergence of means: R-1 = 0.026789 after 10432 accepted steps
[mcmc]  - Updated covariance matrix of proposal pdf.
[mcmc] Learn + convergence test @ 13080 samples accepted.
[likelihoodcollection] Average computation time:
   flamingo.inference.masked_ps.MaskedBandPowerLikelihood : 5.38001e-05 s (28008 evaluations, 1.50683 s total)
[theorycollection] Average computation time:
   flamingo.inference.masked_ps.MaskedTSZTheory : 0.0165645 s (28008 evaluations, 463.939 s total)
[mcmc]  - Acceptance rate: 0.454
[mcmc]  - Convergence of means: R-1 = 0.027848 after 10464 accepted steps
[mcmc]  - Updated covariance matrix of proposal pdf.
[mcmc] Learn + convergence test @ 13120 samples accepted.
[likelihoodcollection] Average computation time:
   flamingo.inference.masked_ps.MaskedBandPowerLikelihood : 5.37946e-05 s (28108 evaluations, 1.51206 s total)
[theorycollection] Average computation time:
   flamingo.inference.masked_ps.MaskedTSZTheory : 0.016564 s (28108 evaluations, 465.581 s total)
[mcmc]  - Acceptance rate: 0.454
[mcmc]  - Convergence of means: R-1 = 0.024478 after 10496 accepted steps
[mcmc]  - Updated covariance matrix of proposal pdf.
[mcmc] Learn + convergence test @ 13160 samples accepted.
[likelihoodcollection] Average computation time:
   flamingo.inference.masked_ps.MaskedBandPowerLikelihood : 5.38097e-05 s (28185 evaluations, 1.51663 s total)
[theorycollection] Average computation time:
   flamingo.inference.masked_ps.MaskedTSZTheory : 0.0165643 s (28185 evaluations, 466.866 s total)
[mcmc]  - Acceptance rate: 0.454
[mcmc]  - Convergence of means: R-1 = 0.025972 after 10528 accepted steps
[mcmc]  - Updated covariance matrix of proposal pdf.
[mcmc] Learn + convergence test @ 13200 samples accepted.
[likelihoodcollection] Average computation time:
   flamingo.inference.masked_ps.MaskedBandPowerLikelihood : 5.38126e-05 s (28291 evaluations, 1.52241 s total)
[theorycollection] Average computation time:
   flamingo.inference.masked_ps.MaskedTSZTheory : 0.0165652 s (28291 evaluations, 468.647 s total)
[mcmc]  - Acceptance rate: 0.454
[mcmc]  - Convergence of means: R-1 = 0.025082 after 10560 accepted steps
[mcmc]  - Updated covariance matrix of proposal pdf.
[mcmc] Progress @ 2026-08-03 01:17:43 : 28404 steps taken, and 13228 accepted.
[mcmc] Learn + convergence test @ 13240 samples accepted.
[likelihoodcollection] Average computation time:
   flamingo.inference.masked_ps.MaskedBandPowerLikelihood : 5.38228e-05 s (28381 evaluations, 1.52755 s total)
[theorycollection] Average computation time:
   flamingo.inference.masked_ps.MaskedTSZTheory : 0.0165655 s (28381 evaluations, 470.146 s total)
[mcmc]  - Acceptance rate: 0.454
[mcmc]  - Convergence of means: R-1 = 0.022408 after 10592 accepted steps
[mcmc]  - Updated covariance matrix of proposal pdf.
[mcmc] Learn + convergence test @ 13280 samples accepted.
[likelihoodcollection] Average computation time:
   flamingo.inference.masked_ps.MaskedBandPowerLikelihood : 5.38119e-05 s (28501 evaluations, 1.53369 s total)
[theorycollection] Average computation time:
   flamingo.inference.masked_ps.MaskedTSZTheory : 0.0165651 s (28501 evaluations, 472.121 s total)
[mcmc]  - Acceptance rate: 0.453
[mcmc]  - Convergence of means: R-1 = 0.022414 after 10624 accepted steps
[mcmc]  - Updated covariance matrix of proposal pdf.
[mcmc] Learn + convergence test @ 13320 samples accepted.
[likelihoodcollection] Average computation time:
   flamingo.inference.masked_ps.MaskedBandPowerLikelihood : 5.37925e-05 s (28586 evaluations, 1.53771 s total)
[theorycollection] Average computation time:
   flamingo.inference.masked_ps.MaskedTSZTheory : 0.0165645 s (28586 evaluations, 473.513 s total)
[mcmc]  - Acceptance rate: 0.453
[mcmc]  - Convergence of means: R-1 = 0.023576 after 10656 accepted steps
[mcmc]  - Updated covariance matrix of proposal pdf.
[mcmc] Learn + convergence test @ 13360 samples accepted.
[likelihoodcollection] Average computation time:
   flamingo.inference.masked_ps.MaskedBandPowerLikelihood : 5.3796e-05 s (28661 evaluations, 1.54185 s total)
[theorycollection] Average computation time:
   flamingo.inference.masked_ps.MaskedTSZTheory : 0.016564 s (28661 evaluations, 474.74 s total)
[mcmc]  - Acceptance rate: 0.453
[mcmc]  - Convergence of means: R-1 = 0.023867 after 10688 accepted steps
[mcmc]  - Updated covariance matrix of proposal pdf.
[mcmc] Learn + convergence test @ 13400 samples accepted.
[likelihoodcollection] Average computation time:
   flamingo.inference.masked_ps.MaskedBandPowerLikelihood : 5.37896e-05 s (28764 evaluations, 1.5472 s total)
[theorycollection] Average computation time:
   flamingo.inference.masked_ps.MaskedTSZTheory : 0.0165636 s (28764 evaluations, 476.435 s total)
[mcmc]  - Acceptance rate: 0.453
[mcmc]  - Convergence of means: R-1 = 0.026258 after 10720 accepted steps
[mcmc]  - Updated covariance matrix of proposal pdf.
[mcmc] Learn + convergence test @ 13440 samples accepted.
[likelihoodcollection] Average computation time:
   flamingo.inference.masked_ps.MaskedBandPowerLikelihood : 5.38007e-05 s (28883 evaluations, 1.55392 s total)
[theorycollection] Average computation time:
   flamingo.inference.masked_ps.MaskedTSZTheory : 0.016564 s (28883 evaluations, 478.419 s total)
[mcmc]  - Acceptance rate: 0.452
[mcmc]  - Convergence of means: R-1 = 0.024941 after 10752 accepted steps
[mcmc]  - Updated covariance matrix of proposal pdf.
[mcmc] Learn + convergence test @ 13480 samples accepted.
[likelihoodcollection] Average computation time:
   flamingo.inference.masked_ps.MaskedBandPowerLikelihood : 5.37972e-05 s (28974 evaluations, 1.55872 s total)
[theorycollection] Average computation time:
   flamingo.inference.masked_ps.MaskedTSZTheory : 0.0165647 s (28974 evaluations, 479.944 s total)
[mcmc]  - Acceptance rate: 0.453
[mcmc]  - Convergence of means: R-1 = 0.026003 after 10784 accepted steps
[mcmc]  - Updated covariance matrix of proposal pdf.
[mcmc] Learn + convergence test @ 13520 samples accepted.
[likelihoodcollection] Average computation time:
   flamingo.inference.masked_ps.MaskedBandPowerLikelihood : 5.3792e-05 s (29059 evaluations, 1.56314 s total)
[theorycollection] Average computation time:
   flamingo.inference.masked_ps.MaskedTSZTheory : 0.0165641 s (29059 evaluations, 481.337 s total)
[mcmc]  - Acceptance rate: 0.453
[mcmc]  - Convergence of means: R-1 = 0.027578 after 10816 accepted steps
[mcmc]  - Updated covariance matrix of proposal pdf.
[mcmc] Learn + convergence test @ 13560 samples accepted.
[likelihoodcollection] Average computation time:
   flamingo.inference.masked_ps.MaskedBandPowerLikelihood : 5.37921e-05 s (29144 evaluations, 1.56772 s total)
[theorycollection] Average computation time:
   flamingo.inference.masked_ps.MaskedTSZTheory : 0.0165644 s (29144 evaluations, 482.751 s total)
[mcmc]  - Acceptance rate: 0.453
[mcmc]  - Convergence of means: R-1 = 0.029826 after 10848 accepted steps
[mcmc]  - Updated covariance matrix of proposal pdf.
[mcmc] Learn + convergence test @ 13600 samples accepted.
[likelihoodcollection] Average computation time:
   flamingo.inference.masked_ps.MaskedBandPowerLikelihood : 5.37858e-05 s (29222 evaluations, 1.57173 s total)
[theorycollection] Average computation time:
   flamingo.inference.masked_ps.MaskedTSZTheory : 0.0165638 s (29222 evaluations, 484.029 s total)
[mcmc]  - Acceptance rate: 0.453
[mcmc]  - Convergence of means: R-1 = 0.031370 after 10880 accepted steps
[mcmc]  - Updated covariance matrix of proposal pdf.
[mcmc] Learn + convergence test @ 13640 samples accepted.
[likelihoodcollection] Average computation time:
   flamingo.inference.masked_ps.MaskedBandPowerLikelihood : 5.37852e-05 s (29311 evaluations, 1.5765 s total)
[theorycollection] Average computation time:
   flamingo.inference.masked_ps.MaskedTSZTheory : 0.0165645 s (29311 evaluations, 485.521 s total)
[mcmc]  - Acceptance rate: 0.453
[mcmc]  - Convergence of means: R-1 = 0.031771 after 10912 accepted steps
[mcmc]  - Updated covariance matrix of proposal pdf.
[mcmc] Learn + convergence test @ 13680 samples accepted.
[likelihoodcollection] Average computation time:
   flamingo.inference.masked_ps.MaskedBandPowerLikelihood : 5.37901e-05 s (29373 evaluations, 1.57998 s total)
[theorycollection] Average computation time:
   flamingo.inference.masked_ps.MaskedTSZTheory : 0.0165655 s (29373 evaluations, 486.579 s total)
[mcmc]  - Acceptance rate: 0.453
[mcmc]  - Convergence of means: R-1 = 0.033100 after 10944 accepted steps
[mcmc]  - Updated covariance matrix of proposal pdf.
[mcmc] Learn + convergence test @ 13720 samples accepted.
[likelihoodcollection] Average computation time:
   flamingo.inference.masked_ps.MaskedBandPowerLikelihood : 5.3777e-05 s (29481 evaluations, 1.5854 s total)
[theorycollection] Average computation time:
   flamingo.inference.masked_ps.MaskedTSZTheory : 0.0165658 s (29481 evaluations, 488.378 s total)
[mcmc]  - Acceptance rate: 0.453
[mcmc]  - Convergence of means: R-1 = 0.033196 after 10976 accepted steps
[mcmc]  - Updated covariance matrix of proposal pdf.
[mcmc] Learn + convergence test @ 13760 samples accepted.
[likelihoodcollection] Average computation time:
   flamingo.inference.masked_ps.MaskedBandPowerLikelihood : 5.37883e-05 s (29556 evaluations, 1.58977 s total)
[theorycollection] Average computation time:
   flamingo.inference.masked_ps.MaskedTSZTheory : 0.0165665 s (29556 evaluations, 489.638 s total)
[mcmc]  - Acceptance rate: 0.453
[mcmc]  - Convergence of means: R-1 = 0.031544 after 11008 accepted steps
[mcmc]  - Updated covariance matrix of proposal pdf.
[mcmc] Learn + convergence test @ 13800 samples accepted.
[likelihoodcollection] Average computation time:
   flamingo.inference.masked_ps.MaskedBandPowerLikelihood : 5.37873e-05 s (29649 evaluations, 1.59474 s total)
[theorycollection] Average computation time:
   flamingo.inference.masked_ps.MaskedTSZTheory : 0.0165655 s (29649 evaluations, 491.151 s total)
[mcmc]  - Acceptance rate: 0.453
[mcmc]  - Convergence of means: R-1 = 0.030703 after 11040 accepted steps
[mcmc]  - Updated covariance matrix of proposal pdf.
[mcmc] Learn + convergence test @ 13840 samples accepted.
[likelihoodcollection] Average computation time:
   flamingo.inference.masked_ps.MaskedBandPowerLikelihood : 5.3782e-05 s (29718 evaluations, 1.59829 s total)
[theorycollection] Average computation time:
   flamingo.inference.masked_ps.MaskedTSZTheory : 0.0165656 s (29718 evaluations, 492.296 s total)
[mcmc]  - Acceptance rate: 0.453
[mcmc]  - Convergence of means: R-1 = 0.027691 after 11072 accepted steps
[mcmc]  - Updated covariance matrix of proposal pdf.
[mcmc] Learn + convergence test @ 13880 samples accepted.
[likelihoodcollection] Average computation time:
   flamingo.inference.masked_ps.MaskedBandPowerLikelihood : 5.37781e-05 s (29798 evaluations, 1.60248 s total)
[theorycollection] Average computation time:
   flamingo.inference.masked_ps.MaskedTSZTheory : 0.0165656 s (29798 evaluations, 493.622 s total)
[mcmc]  - Acceptance rate: 0.453
[mcmc]  - Convergence of means: R-1 = 0.026013 after 11104 accepted steps
[mcmc]  - Updated covariance matrix of proposal pdf.
[mcmc] Learn + convergence test @ 13920 samples accepted.
[likelihoodcollection] Average computation time:
   flamingo.inference.masked_ps.MaskedBandPowerLikelihood : 5.37901e-05 s (29876 evaluations, 1.60703 s total)
[theorycollection] Average computation time:
   flamingo.inference.masked_ps.MaskedTSZTheory : 0.0165659 s (29876 evaluations, 494.924 s total)
[mcmc]  - Acceptance rate: 0.454
[mcmc]  - Convergence of means: R-1 = 0.026777 after 11136 accepted steps
[mcmc]  - Updated covariance matrix of proposal pdf.
[mcmc] Learn + convergence test @ 13960 samples accepted.
[likelihoodcollection] Average computation time:
   flamingo.inference.masked_ps.MaskedBandPowerLikelihood : 5.37849e-05 s (29965 evaluations, 1.61166 s total)
[theorycollection] Average computation time:
   flamingo.inference.masked_ps.MaskedTSZTheory : 0.0165659 s (29965 evaluations, 496.396 s total)
[mcmc]  - Acceptance rate: 0.454
[mcmc]  - Convergence of means: R-1 = 0.028093 after 11168 accepted steps
[mcmc]  - Updated covariance matrix of proposal pdf.
[mcmc] Learn + convergence test @ 14000 samples accepted.
[likelihoodcollection] Average computation time:
   flamingo.inference.masked_ps.MaskedBandPowerLikelihood : 5.37906e-05 s (30045 evaluations, 1.61614 s total)
[theorycollection] Average computation time:
   flamingo.inference.masked_ps.MaskedTSZTheory : 0.0165665 s (30045 evaluations, 497.741 s total)
[mcmc]  - Acceptance rate: 0.454
[mcmc]  - Convergence of means: R-1 = 0.028575 after 11200 accepted steps
[mcmc]  - Updated covariance matrix of proposal pdf.
[mcmc] Learn + convergence test @ 14040 samples accepted.
[likelihoodcollection] Average computation time:
   flamingo.inference.masked_ps.MaskedBandPowerLikelihood : 5.37879e-05 s (30142 evaluations, 1.62127 s total)
[theorycollection] Average computation time:
   flamingo.inference.masked_ps.MaskedTSZTheory : 0.0165665 s (30142 evaluations, 499.346 s total)
[mcmc]  - Acceptance rate: 0.453
[mcmc]  - Convergence of means: R-1 = 0.026728 after 11232 accepted steps
[mcmc]  - Updated covariance matrix of proposal pdf.
[mcmc] Learn + convergence test @ 14080 samples accepted.
[likelihoodcollection] Average computation time:
   flamingo.inference.masked_ps.MaskedBandPowerLikelihood : 5.37783e-05 s (30222 evaluations, 1.62529 s total)
[theorycollection] Average computation time:
   flamingo.inference.masked_ps.MaskedTSZTheory : 0.016566 s (30222 evaluations, 500.659 s total)
[mcmc]  - Acceptance rate: 0.454
[mcmc]  - Convergence of means: R-1 = 0.027648 after 11264 accepted steps
[mcmc]  - Updated covariance matrix of proposal pdf.
[mcmc] Learn + convergence test @ 14120 samples accepted.
[likelihoodcollection] Average computation time:
   flamingo.inference.masked_ps.MaskedBandPowerLikelihood : 5.37729e-05 s (30316 evaluations, 1.63018 s total)
[theorycollection] Average computation time:
   flamingo.inference.masked_ps.MaskedTSZTheory : 0.0165662 s (30316 evaluations, 502.221 s total)
[mcmc]  - Acceptance rate: 0.453
[mcmc]  - Convergence of means: R-1 = 0.024548 after 11296 accepted steps
[mcmc]  - Updated covariance matrix of proposal pdf.
[mcmc] Learn + convergence test @ 14160 samples accepted.
[likelihoodcollection] Average computation time:
   flamingo.inference.masked_ps.MaskedBandPowerLikelihood : 5.37734e-05 s (30397 evaluations, 1.63455 s total)
[theorycollection] Average computation time:
   flamingo.inference.masked_ps.MaskedTSZTheory : 0.0165661 s (30397 evaluations, 503.559 s total)
[mcmc]  - Acceptance rate: 0.453
[mcmc]  - Convergence of means: R-1 = 0.023008 after 11328 accepted steps
[mcmc]  - Updated covariance matrix of proposal pdf.
[mcmc] Learn + convergence test @ 14200 samples accepted.
[likelihoodcollection] Average computation time:
   flamingo.inference.masked_ps.MaskedBandPowerLikelihood : 5.3764e-05 s (30463 evaluations, 1.63781 s total)
[theorycollection] Average computation time:
   flamingo.inference.masked_ps.MaskedTSZTheory : 0.0165654 s (30463 evaluations, 504.633 s total)
[mcmc]  - Acceptance rate: 0.454
[mcmc]  - Convergence of means: R-1 = 0.024760 after 11360 accepted steps
[mcmc]  - Updated covariance matrix of proposal pdf.
[mcmc] Learn + convergence test @ 14240 samples accepted.
[likelihoodcollection] Average computation time:
   flamingo.inference.masked_ps.MaskedBandPowerLikelihood : 5.37626e-05 s (30543 evaluations, 1.64207 s total)
[theorycollection] Average computation time:
   flamingo.inference.masked_ps.MaskedTSZTheory : 0.0165654 s (30543 evaluations, 505.957 s total)
[mcmc]  - Acceptance rate: 0.454
[mcmc]  - Convergence of means: R-1 = 0.023561 after 11392 accepted steps
[mcmc]  - Updated covariance matrix of proposal pdf.
[mcmc] Learn + convergence test @ 14280 samples accepted.
[likelihoodcollection] Average computation time:
   flamingo.inference.masked_ps.MaskedBandPowerLikelihood : 5.37722e-05 s (30643 evaluations, 1.64774 s total)
[theorycollection] Average computation time:
   flamingo.inference.masked_ps.MaskedTSZTheory : 0.016566 s (30643 evaluations, 507.631 s total)
[mcmc]  - Acceptance rate: 0.454
[mcmc]  - Convergence of means: R-1 = 0.024107 after 11424 accepted steps
[mcmc]  - Updated covariance matrix of proposal pdf.
[mcmc] Learn + convergence test @ 14320 samples accepted.
[likelihoodcollection] Average computation time:
   flamingo.inference.masked_ps.MaskedBandPowerLikelihood : 5.37736e-05 s (30758 evaluations, 1.65397 s total)
[theorycollection] Average computation time:
   flamingo.inference.masked_ps.MaskedTSZTheory : 0.0165656 s (30758 evaluations, 509.526 s total)
[mcmc]  - Acceptance rate: 0.453
[mcmc]  - Convergence of means: R-1 = 0.026923 after 11456 accepted steps
[mcmc]  - Updated covariance matrix of proposal pdf.
[mcmc] Learn + convergence test @ 14360 samples accepted.
[likelihoodcollection] Average computation time:
   flamingo.inference.masked_ps.MaskedBandPowerLikelihood : 5.37826e-05 s (30831 evaluations, 1.65817 s total)
[theorycollection] Average computation time:
   flamingo.inference.masked_ps.MaskedTSZTheory : 0.0165668 s (30831 evaluations, 510.772 s total)
[mcmc]  - Acceptance rate: 0.454
[mcmc]  - Convergence of means: R-1 = 0.031230 after 11488 accepted steps
[mcmc]  - Updated covariance matrix of proposal pdf.
[mcmc] Learn + convergence test @ 14400 samples accepted.
[likelihoodcollection] Average computation time:
   flamingo.inference.masked_ps.MaskedBandPowerLikelihood : 5.37804e-05 s (30932 evaluations, 1.66353 s total)
[theorycollection] Average computation time:
   flamingo.inference.masked_ps.MaskedTSZTheory : 0.0165669 s (30932 evaluations, 512.449 s total)
[mcmc]  - Acceptance rate: 0.453
[mcmc]  - Convergence of means: R-1 = 0.032456 after 11520 accepted steps
[mcmc]  - Updated covariance matrix of proposal pdf.
[mcmc] Learn + convergence test @ 14440 samples accepted.
[likelihoodcollection] Average computation time:
   flamingo.inference.masked_ps.MaskedBandPowerLikelihood : 5.37837e-05 s (30997 evaluations, 1.66713 s total)
[theorycollection] Average computation time:
   flamingo.inference.masked_ps.MaskedTSZTheory : 0.0165671 s (30997 evaluations, 513.531 s total)
[mcmc]  - Acceptance rate: 0.454
[mcmc]  - Convergence of means: R-1 = 0.031742 after 11552 accepted steps
[mcmc]  - Updated covariance matrix of proposal pdf.
[mcmc] Learn + convergence test @ 14480 samples accepted.
[likelihoodcollection] Average computation time:
   flamingo.inference.masked_ps.MaskedBandPowerLikelihood : 5.3775e-05 s (31083 evaluations, 1.67149 s total)
[theorycollection] Average computation time:
   flamingo.inference.masked_ps.MaskedTSZTheory : 0.016567 s (31083 evaluations, 514.952 s total)
[mcmc]  - Acceptance rate: 0.454
[mcmc]  - Convergence of means: R-1 = 0.031601 after 11584 accepted steps
[mcmc]  - Updated covariance matrix of proposal pdf.
[mcmc] Learn + convergence test @ 14520 samples accepted.
[likelihoodcollection] Average computation time:
   flamingo.inference.masked_ps.MaskedBandPowerLikelihood : 5.37689e-05 s (31163 evaluations, 1.6756 s total)
[theorycollection] Average computation time:
   flamingo.inference.masked_ps.MaskedTSZTheory : 0.0165666 s (31163 evaluations, 516.265 s total)
[mcmc]  - Acceptance rate: 0.454
[mcmc]  - Convergence of means: R-1 = 0.032914 after 11616 accepted steps
[mcmc]  - Updated covariance matrix of proposal pdf.
[mcmc] Learn + convergence test @ 14560 samples accepted.
[likelihoodcollection] Average computation time:
   flamingo.inference.masked_ps.MaskedBandPowerLikelihood : 5.37834e-05 s (31245 evaluations, 1.68046 s total)
[theorycollection] Average computation time:
   flamingo.inference.masked_ps.MaskedTSZTheory : 0.0165671 s (31245 evaluations, 517.64 s total)
[mcmc]  - Acceptance rate: 0.454
[mcmc]  - Convergence of means: R-1 = 0.034198 after 11648 accepted steps
[mcmc]  - Updated covariance matrix of proposal pdf.
[mcmc] Learn + convergence test @ 14600 samples accepted.
[likelihoodcollection] Average computation time:
   flamingo.inference.masked_ps.MaskedBandPowerLikelihood : 5.37841e-05 s (31316 evaluations, 1.6843 s total)
[theorycollection] Average computation time:
   flamingo.inference.masked_ps.MaskedTSZTheory : 0.0165666 s (31316 evaluations, 518.799 s total)
[mcmc]  - Acceptance rate: 0.454
[mcmc]  - Convergence of means: R-1 = 0.034539 after 11680 accepted steps
[mcmc]  - Updated covariance matrix of proposal pdf.
[mcmc] Learn + convergence test @ 14640 samples accepted.
[likelihoodcollection] Average computation time:
   flamingo.inference.masked_ps.MaskedBandPowerLikelihood : 5.37789e-05 s (31398 evaluations, 1.68855 s total)
[theorycollection] Average computation time:
   flamingo.inference.masked_ps.MaskedTSZTheory : 0.0165655 s (31398 evaluations, 520.124 s total)
[mcmc]  - Acceptance rate: 0.454
[mcmc]  - Convergence of means: R-1 = 0.036497 after 11712 accepted steps
[mcmc]  - Updated covariance matrix of proposal pdf.
[mcmc] Learn + convergence test @ 14680 samples accepted.
[likelihoodcollection] Average computation time:
   flamingo.inference.masked_ps.MaskedBandPowerLikelihood : 5.37818e-05 s (31499 evaluations, 1.69407 s total)
[theorycollection] Average computation time:
   flamingo.inference.masked_ps.MaskedTSZTheory : 0.0165644 s (31499 evaluations, 521.763 s total)
[mcmc]  - Acceptance rate: 0.454
[mcmc]  - Convergence of means: R-1 = 0.035701 after 11744 accepted steps
[mcmc]  - Updated covariance matrix of proposal pdf.
[mcmc] Learn + convergence test @ 14720 samples accepted.
[likelihoodcollection] Average computation time:
   flamingo.inference.masked_ps.MaskedBandPowerLikelihood : 5.37781e-05 s (31584 evaluations, 1.69853 s total)
[theorycollection] Average computation time:
   flamingo.inference.masked_ps.MaskedTSZTheory : 0.0165653 s (31584 evaluations, 523.199 s total)
[mcmc]  - Acceptance rate: 0.454
[mcmc]  - Convergence of means: R-1 = 0.033728 after 11776 accepted steps
[mcmc]  - Updated covariance matrix of proposal pdf.
[mcmc] Learn + convergence test @ 14760 samples accepted.
[likelihoodcollection] Average computation time:
   flamingo.inference.masked_ps.MaskedBandPowerLikelihood : 5.37763e-05 s (31676 evaluations, 1.70342 s total)
[theorycollection] Average computation time:
   flamingo.inference.masked_ps.MaskedTSZTheory : 0.0165656 s (31676 evaluations, 524.732 s total)
[mcmc]  - Acceptance rate: 0.454
[mcmc]  - Convergence of means: R-1 = 0.030704 after 11808 accepted steps
[mcmc]  - Updated covariance matrix of proposal pdf.
[mcmc] Learn + convergence test @ 14800 samples accepted.
[likelihoodcollection] Average computation time:
   flamingo.inference.masked_ps.MaskedBandPowerLikelihood : 5.37738e-05 s (31759 evaluations, 1.7078 s total)
[theorycollection] Average computation time:
   flamingo.inference.masked_ps.MaskedTSZTheory : 0.0165661 s (31759 evaluations, 526.122 s total)
[mcmc]  - Acceptance rate: 0.454
[mcmc]  - Convergence of means: R-1 = 0.029416 after 11840 accepted steps
[mcmc]  - Updated covariance matrix of proposal pdf.
[mcmc] Learn + convergence test @ 14840 samples accepted.
[likelihoodcollection] Average computation time:
   flamingo.inference.masked_ps.MaskedBandPowerLikelihood : 5.37819e-05 s (31838 evaluations, 1.71231 s total)
[theorycollection] Average computation time:
   flamingo.inference.masked_ps.MaskedTSZTheory : 0.0165664 s (31838 evaluations, 527.441 s total)
[mcmc]  - Acceptance rate: 0.454
[mcmc]  - Convergence of means: R-1 = 0.030298 after 11872 accepted steps
[mcmc]  - Updated covariance matrix of proposal pdf.
[mcmc] Progress @ 2026-08-03 01:18:43 : 31949 steps taken, and 14871 accepted.
[mcmc] Learn + convergence test @ 14880 samples accepted.
[likelihoodcollection] Average computation time:
   flamingo.inference.masked_ps.MaskedBandPowerLikelihood : 5.37865e-05 s (31916 evaluations, 1.71665 s total)
[theorycollection] Average computation time:
   flamingo.inference.masked_ps.MaskedTSZTheory : 0.016566 s (31916 evaluations, 528.72 s total)
[mcmc]  - Acceptance rate: 0.455
[mcmc]  - Convergence of means: R-1 = 0.030725 after 11904 accepted steps
[mcmc]  - Updated covariance matrix of proposal pdf.
[mcmc] Learn + convergence test @ 14920 samples accepted.
[likelihoodcollection] Average computation time:
   flamingo.inference.masked_ps.MaskedBandPowerLikelihood : 5.37924e-05 s (31989 evaluations, 1.72077 s total)
[theorycollection] Average computation time:
   flamingo.inference.masked_ps.MaskedTSZTheory : 0.0165663 s (31989 evaluations, 529.941 s total)
[mcmc]  - Acceptance rate: 0.455
[mcmc]  - Convergence of means: R-1 = 0.031378 after 11936 accepted steps
[mcmc]  - Updated covariance matrix of proposal pdf.
[mcmc] Learn + convergence test @ 14960 samples accepted.
[likelihoodcollection] Average computation time:
   flamingo.inference.masked_ps.MaskedBandPowerLikelihood : 5.37927e-05 s (32057 evaluations, 1.72443 s total)
[theorycollection] Average computation time:
   flamingo.inference.masked_ps.MaskedTSZTheory : 0.0165662 s (32057 evaluations, 531.063 s total)
[mcmc]  - Acceptance rate: 0.455
[mcmc]  - Convergence of means: R-1 = 0.029092 after 11968 accepted steps
[mcmc]  - Updated covariance matrix of proposal pdf.
[mcmc] Learn + convergence test @ 15000 samples accepted.
[likelihoodcollection] Average computation time:
   flamingo.inference.masked_ps.MaskedBandPowerLikelihood : 5.37983e-05 s (32160 evaluations, 1.73015 s total)
[theorycollection] Average computation time:
   flamingo.inference.masked_ps.MaskedTSZTheory : 0.0165662 s (32160 evaluations, 532.77 s total)
[mcmc]  - Acceptance rate: 0.455
[mcmc]  - Convergence of means: R-1 = 0.028228 after 12000 accepted steps
[mcmc]  - Updated covariance matrix of proposal pdf.
[mcmc] Learn + convergence test @ 15040 samples accepted.
[likelihoodcollection] Average computation time:
   flamingo.inference.masked_ps.MaskedBandPowerLikelihood : 5.37997e-05 s (32258 evaluations, 1.73547 s total)
[theorycollection] Average computation time:
   flamingo.inference.masked_ps.MaskedTSZTheory : 0.0165656 s (32258 evaluations, 534.375 s total)
[mcmc]  - Acceptance rate: 0.455
[mcmc]  - Convergence of means: R-1 = 0.029132 after 12032 accepted steps
[mcmc]  - Updated covariance matrix of proposal pdf.
[mcmc] Learn + convergence test @ 15080 samples accepted.
[likelihoodcollection] Average computation time:
   flamingo.inference.masked_ps.MaskedBandPowerLikelihood : 5.37986e-05 s (32343 evaluations, 1.74001 s total)
[theorycollection] Average computation time:
   flamingo.inference.masked_ps.MaskedTSZTheory : 0.0165654 s (32343 evaluations, 535.776 s total)
[mcmc]  - Acceptance rate: 0.455
[mcmc]  - Convergence of means: R-1 = 0.028728 after 12064 accepted steps
[mcmc]  - Updated covariance matrix of proposal pdf.
[mcmc] Learn + convergence test @ 15120 samples accepted.
[likelihoodcollection] Average computation time:
   flamingo.inference.masked_ps.MaskedBandPowerLikelihood : 5.38029e-05 s (32415 evaluations, 1.74402 s total)
[theorycollection] Average computation time:
   flamingo.inference.masked_ps.MaskedTSZTheory : 0.0165655 s (32415 evaluations, 536.97 s total)
[mcmc]  - Acceptance rate: 0.455
[mcmc]  - Convergence of means: R-1 = 0.027898 after 12096 accepted steps
[mcmc]  - Updated covariance matrix of proposal pdf.
[mcmc] Learn + convergence test @ 15160 samples accepted.
[likelihoodcollection] Average computation time:
   flamingo.inference.masked_ps.MaskedBandPowerLikelihood : 5.38167e-05 s (32501 evaluations, 1.7491 s total)
[theorycollection] Average computation time:
   flamingo.inference.masked_ps.MaskedTSZTheory : 0.0165661 s (32501 evaluations, 538.415 s total)
[mcmc]  - Acceptance rate: 0.455
[mcmc]  - Convergence of means: R-1 = 0.027920 after 12128 accepted steps
[mcmc]  - Updated covariance matrix of proposal pdf.
[mcmc] Learn + convergence test @ 15200 samples accepted.
[likelihoodcollection] Average computation time:
   flamingo.inference.masked_ps.MaskedBandPowerLikelihood : 5.38188e-05 s (32632 evaluations, 1.75622 s total)
[theorycollection] Average computation time:
   flamingo.inference.masked_ps.MaskedTSZTheory : 0.0165672 s (32632 evaluations, 540.622 s total)
[mcmc]  - Acceptance rate: 0.454
[mcmc]  - Convergence of means: R-1 = 0.027983 after 12160 accepted steps
[mcmc]  - Updated covariance matrix of proposal pdf.
[mcmc] Learn + convergence test @ 15240 samples accepted.
[likelihoodcollection] Average computation time:
   flamingo.inference.masked_ps.MaskedBandPowerLikelihood : 5.38201e-05 s (32746 evaluations, 1.76239 s total)
[theorycollection] Average computation time:
   flamingo.inference.masked_ps.MaskedTSZTheory : 0.0165677 s (32746 evaluations, 542.526 s total)
[mcmc]  - Acceptance rate: 0.454
[mcmc]  - Convergence of means: R-1 = 0.025793 after 12192 accepted steps
[mcmc]  - Updated covariance matrix of proposal pdf.
[mcmc] Learn + convergence test @ 15280 samples accepted.
[likelihoodcollection] Average computation time:
   flamingo.inference.masked_ps.MaskedBandPowerLikelihood : 5.38164e-05 s (32841 evaluations, 1.76738 s total)
[theorycollection] Average computation time:
   flamingo.inference.masked_ps.MaskedTSZTheory : 0.0165674 s (32841 evaluations, 544.09 s total)
[mcmc]  - Acceptance rate: 0.453
[mcmc]  - Convergence of means: R-1 = 0.024893 after 12224 accepted steps
[mcmc]  - Updated covariance matrix of proposal pdf.
[mcmc] Learn + convergence test @ 15320 samples accepted.
[likelihoodcollection] Average computation time:
   flamingo.inference.masked_ps.MaskedBandPowerLikelihood : 5.3811e-05 s (32955 evaluations, 1.77334 s total)
[theorycollection] Average computation time:
   flamingo.inference.masked_ps.MaskedTSZTheory : 0.0165671 s (32955 evaluations, 545.968 s total)
[mcmc]  - Acceptance rate: 0.453
[mcmc]  - Convergence of means: R-1 = 0.023584 after 12256 accepted steps
[mcmc]  - Updated covariance matrix of proposal pdf.
[mcmc] Learn + convergence test @ 15360 samples accepted.
[likelihoodcollection] Average computation time:
   flamingo.inference.masked_ps.MaskedBandPowerLikelihood : 5.38143e-05 s (33032 evaluations, 1.77759 s total)
[theorycollection] Average computation time:
   flamingo.inference.masked_ps.MaskedTSZTheory : 0.0165679 s (33032 evaluations, 547.27 s total)
[mcmc]  - Acceptance rate: 0.453
[mcmc]  - Convergence of means: R-1 = 0.022963 after 12288 accepted steps
[mcmc]  - Updated covariance matrix of proposal pdf.
[mcmc] Learn + convergence test @ 15400 samples accepted.
[likelihoodcollection] Average computation time:
   flamingo.inference.masked_ps.MaskedBandPowerLikelihood : 5.38108e-05 s (33108 evaluations, 1.78157 s total)
[theorycollection] Average computation time:
   flamingo.inference.masked_ps.MaskedTSZTheory : 0.016567 s (33108 evaluations, 548.502 s total)
[mcmc]  - Acceptance rate: 0.453
[mcmc]  - Convergence of means: R-1 = 0.023378 after 12320 accepted steps
[mcmc]  - Updated covariance matrix of proposal pdf.
[mcmc] Learn + convergence test @ 15440 samples accepted.
[likelihoodcollection] Average computation time:
   flamingo.inference.masked_ps.MaskedBandPowerLikelihood : 5.38055e-05 s (33209 evaluations, 1.78683 s total)
[theorycollection] Average computation time:
   flamingo.inference.masked_ps.MaskedTSZTheory : 0.016566 s (33209 evaluations, 550.141 s total)
[mcmc]  - Acceptance rate: 0.453
[mcmc]  - Convergence of means: R-1 = 0.025134 after 12352 accepted steps
[mcmc]  - Updated covariance matrix of proposal pdf.
[mcmc] Learn + convergence test @ 15480 samples accepted.
[likelihoodcollection] Average computation time:
   flamingo.inference.masked_ps.MaskedBandPowerLikelihood : 5.38072e-05 s (33314 evaluations, 1.79253 s total)
[theorycollection] Average computation time:
   flamingo.inference.masked_ps.MaskedTSZTheory : 0.016566 s (33314 evaluations, 551.881 s total)
[mcmc]  - Acceptance rate: 0.453
[mcmc]  - Convergence of means: R-1 = 0.025803 after 12384 accepted steps
[mcmc]  - Updated covariance matrix of proposal pdf.
[mcmc] Learn + convergence test @ 15520 samples accepted.
[likelihoodcollection] Average computation time:
   flamingo.inference.masked_ps.MaskedBandPowerLikelihood : 5.38042e-05 s (33395 evaluations, 1.79679 s total)
[theorycollection] Average computation time:
   flamingo.inference.masked_ps.MaskedTSZTheory : 0.0165661 s (33395 evaluations, 553.226 s total)
[mcmc]  - Acceptance rate: 0.453
[mcmc]  - Convergence of means: R-1 = 0.024229 after 12416 accepted steps
[mcmc]  - Updated covariance matrix of proposal pdf.
[mcmc] Learn + convergence test @ 15560 samples accepted.
[likelihoodcollection] Average computation time:
   flamingo.inference.masked_ps.MaskedBandPowerLikelihood : 5.38124e-05 s (33472 evaluations, 1.80121 s total)
[theorycollection] Average computation time:
   flamingo.inference.masked_ps.MaskedTSZTheory : 0.0165663 s (33472 evaluations, 554.506 s total)
[mcmc]  - Acceptance rate: 0.453
[mcmc]  - Convergence of means: R-1 = 0.024501 after 12448 accepted steps
[mcmc]  - Updated covariance matrix of proposal pdf.
[mcmc] Learn + convergence test @ 15600 samples accepted.
[likelihoodcollection] Average computation time:
   flamingo.inference.masked_ps.MaskedBandPowerLikelihood : 5.3809e-05 s (33548 evaluations, 1.80518 s total)
[theorycollection] Average computation time:
   flamingo.inference.masked_ps.MaskedTSZTheory : 0.0165661 s (33548 evaluations, 555.76 s total)
[mcmc]  - Acceptance rate: 0.453
[mcmc]  - Convergence of means: R-1 = 0.025087 after 12480 accepted steps
[mcmc]  - Updated covariance matrix of proposal pdf.
[mcmc] Learn + convergence test @ 15640 samples accepted.
[likelihoodcollection] Average computation time:
   flamingo.inference.masked_ps.MaskedBandPowerLikelihood : 5.3808e-05 s (33639 evaluations, 1.81005 s total)
[theorycollection] Average computation time:
   flamingo.inference.masked_ps.MaskedTSZTheory : 0.016566 s (33639 evaluations, 557.264 s total)
[mcmc]  - Acceptance rate: 0.453
[mcmc]  - Convergence of means: R-1 = 0.023915 after 12512 accepted steps
[mcmc]  - Updated covariance matrix of proposal pdf.
[mcmc] Learn + convergence test @ 15680 samples accepted.
[likelihoodcollection] Average computation time:
   flamingo.inference.masked_ps.MaskedBandPowerLikelihood : 5.38137e-05 s (33721 evaluations, 1.81465 s total)
[theorycollection] Average computation time:
   flamingo.inference.masked_ps.MaskedTSZTheory : 0.0165661 s (33721 evaluations, 558.624 s total)
[mcmc]  - Acceptance rate: 0.453
[mcmc]  - Convergence of means: R-1 = 0.023254 after 12544 accepted steps
[mcmc]  - Updated covariance matrix of proposal pdf.
[mcmc] Learn + convergence test @ 15720 samples accepted.
[likelihoodcollection] Average computation time:
   flamingo.inference.masked_ps.MaskedBandPowerLikelihood : 5.38085e-05 s (33802 evaluations, 1.81883 s total)
[theorycollection] Average computation time:
   flamingo.inference.masked_ps.MaskedTSZTheory : 0.0165664 s (33802 evaluations, 559.979 s total)
[mcmc]  - Acceptance rate: 0.453
[mcmc]  - Convergence of means: R-1 = 0.021839 after 12576 accepted steps
[mcmc]  - Updated covariance matrix of proposal pdf.
[mcmc] Learn + convergence test @ 15760 samples accepted.
[likelihoodcollection] Average computation time:
   flamingo.inference.masked_ps.MaskedBandPowerLikelihood : 5.38066e-05 s (33885 evaluations, 1.82324 s total)
[theorycollection] Average computation time:
   flamingo.inference.masked_ps.MaskedTSZTheory : 0.016566 s (33885 evaluations, 561.34 s total)
[mcmc]  - Acceptance rate: 0.453
[mcmc]  - Convergence of means: R-1 = 0.022876 after 12608 accepted steps
[mcmc]  - Updated covariance matrix of proposal pdf.
[mcmc] Learn + convergence test @ 15800 samples accepted.
[likelihoodcollection] Average computation time:
   flamingo.inference.masked_ps.MaskedBandPowerLikelihood : 5.37982e-05 s (33970 evaluations, 1.82752 s total)
[theorycollection] Average computation time:
   flamingo.inference.masked_ps.MaskedTSZTheory : 0.0165657 s (33970 evaluations, 562.737 s total)
[mcmc]  - Acceptance rate: 0.453
[mcmc]  - Convergence of means: R-1 = 0.023402 after 12640 accepted steps
[mcmc]  - Updated covariance matrix of proposal pdf.
[mcmc] Learn + convergence test @ 15840 samples accepted.
[likelihoodcollection] Average computation time:
   flamingo.inference.masked_ps.MaskedBandPowerLikelihood : 5.38003e-05 s (34067 evaluations, 1.83281 s total)
[theorycollection] Average computation time:
   flamingo.inference.masked_ps.MaskedTSZTheory : 0.0165657 s (34067 evaluations, 564.344 s total)
[mcmc]  - Acceptance rate: 0.453
[mcmc]  - Convergence of means: R-1 = 0.022100 after 12672 accepted steps
[mcmc]  - Updated covariance matrix of proposal pdf.
[mcmc] Learn + convergence test @ 15880 samples accepted.
[likelihoodcollection] Average computation time:
   flamingo.inference.masked_ps.MaskedBandPowerLikelihood : 5.37994e-05 s (34138 evaluations, 1.8366 s total)
[theorycollection] Average computation time:
   flamingo.inference.masked_ps.MaskedTSZTheory : 0.0165661 s (34138 evaluations, 565.532 s total)
[mcmc]  - Acceptance rate: 0.453
[mcmc]  - Convergence of means: R-1 = 0.023039 after 12704 accepted steps
[mcmc]  - Updated covariance matrix of proposal pdf.
[mcmc] Learn + convergence test @ 15920 samples accepted.
[likelihoodcollection] Average computation time:
   flamingo.inference.masked_ps.MaskedBandPowerLikelihood : 5.38047e-05 s (34229 evaluations, 1.84168 s total)
[theorycollection] Average computation time:
   flamingo.inference.masked_ps.MaskedTSZTheory : 0.0165661 s (34229 evaluations, 567.039 s total)
[mcmc]  - Acceptance rate: 0.453
[mcmc]  - Convergence of means: R-1 = 0.022968 after 12736 accepted steps
[mcmc]  - Updated covariance matrix of proposal pdf.
[mcmc] Learn + convergence test @ 15960 samples accepted.
[likelihoodcollection] Average computation time:
   flamingo.inference.masked_ps.MaskedBandPowerLikelihood : 5.3809e-05 s (34307 evaluations, 1.84602 s total)
[theorycollection] Average computation time:
   flamingo.inference.masked_ps.MaskedTSZTheory : 0.0165663 s (34307 evaluations, 568.34 s total)
[mcmc]  - Acceptance rate: 0.453
[mcmc]  - Convergence of means: R-1 = 0.023957 after 12768 accepted steps
[mcmc]  - Updated covariance matrix of proposal pdf.
[mcmc] Learn + convergence test @ 16000 samples accepted.
[likelihoodcollection] Average computation time:
   flamingo.inference.masked_ps.MaskedBandPowerLikelihood : 5.38078e-05 s (34404 evaluations, 1.8512 s total)
[theorycollection] Average computation time:
   flamingo.inference.masked_ps.MaskedTSZTheory : 0.0165665 s (34404 evaluations, 569.954 s total)
[mcmc]  - Acceptance rate: 0.453
[mcmc]  - Convergence of means: R-1 = 0.021887 after 12800 accepted steps
[mcmc]  - Updated covariance matrix of proposal pdf.
[mcmc] Learn + convergence test @ 16040 samples accepted.
[likelihoodcollection] Average computation time:
   flamingo.inference.masked_ps.MaskedBandPowerLikelihood : 5.38152e-05 s (34499 evaluations, 1.85657 s total)
[theorycollection] Average computation time:
   flamingo.inference.masked_ps.MaskedTSZTheory : 0.0165671 s (34499 evaluations, 571.549 s total)
[mcmc]  - Acceptance rate: 0.453
[mcmc]  - Convergence of means: R-1 = 0.021546 after 12832 accepted steps
[mcmc]  - Updated covariance matrix of proposal pdf.
[mcmc] Learn + convergence test @ 16080 samples accepted.
[likelihoodcollection] Average computation time:
   flamingo.inference.masked_ps.MaskedBandPowerLikelihood : 5.38108e-05 s (34588 evaluations, 1.86121 s total)
[theorycollection] Average computation time:
   flamingo.inference.masked_ps.MaskedTSZTheory : 0.0165677 s (34588 evaluations, 573.044 s total)
[mcmc]  - Acceptance rate: 0.453
[mcmc]  - Convergence of means: R-1 = 0.020014 after 12864 accepted steps
[mcmc]  - Updated covariance matrix of proposal pdf.
[mcmc] Learn + convergence test @ 16120 samples accepted.
[likelihoodcollection] Average computation time:
   flamingo.inference.masked_ps.MaskedBandPowerLikelihood : 5.37991e-05 s (34668 evaluations, 1.86511 s total)
[theorycollection] Average computation time:
   flamingo.inference.masked_ps.MaskedTSZTheory : 0.0165667 s (34668 evaluations, 574.334 s total)
[mcmc]  - Acceptance rate: 0.453
[mcmc]  - Convergence of means: R-1 = 0.018896 after 12896 accepted steps
[mcmc]  - Updated covariance matrix of proposal pdf.
[mcmc] Learn + convergence test @ 16160 samples accepted.
[likelihoodcollection] Average computation time:
   flamingo.inference.masked_ps.MaskedBandPowerLikelihood : 5.37999e-05 s (34739 evaluations, 1.86895 s total)
[theorycollection] Average computation time:
   flamingo.inference.masked_ps.MaskedTSZTheory : 0.0165677 s (34739 evaluations, 575.546 s total)
[mcmc]  - Acceptance rate: 0.453
[mcmc]  - Convergence of means: R-1 = 0.017746 after 12928 accepted steps
[mcmc]  - Updated covariance matrix of proposal pdf.
[mcmc] Learn + convergence test @ 16200 samples accepted.
[likelihoodcollection] Average computation time:
   flamingo.inference.masked_ps.MaskedBandPowerLikelihood : 5.38e-05 s (34807 evaluations, 1.87262 s total)
[theorycollection] Average computation time:
   flamingo.inference.masked_ps.MaskedTSZTheory : 0.0165682 s (34807 evaluations, 576.688 s total)
[mcmc]  - Acceptance rate: 0.454
[mcmc]  - Convergence of means: R-1 = 0.017578 after 12960 accepted steps
[mcmc]  - Updated covariance matrix of proposal pdf.
[mcmc] Learn + convergence test @ 16240 samples accepted.
[likelihoodcollection] Average computation time:
   flamingo.inference.masked_ps.MaskedBandPowerLikelihood : 5.38084e-05 s (34891 evaluations, 1.87743 s total)
[theorycollection] Average computation time:
   flamingo.inference.masked_ps.MaskedTSZTheory : 0.0165679 s (34891 evaluations, 578.071 s total)
[mcmc]  - Acceptance rate: 0.454
[mcmc]  - Convergence of means: R-1 = 0.016798 after 12992 accepted steps
[mcmc]  - Updated covariance matrix of proposal pdf.
[mcmc] Learn + convergence test @ 16280 samples accepted.
[likelihoodcollection] Average computation time:
   flamingo.inference.masked_ps.MaskedBandPowerLikelihood : 5.38239e-05 s (35011 evaluations, 1.88443 s total)
[theorycollection] Average computation time:
   flamingo.inference.masked_ps.MaskedTSZTheory : 0.0165673 s (35011 evaluations, 580.038 s total)
[mcmc]  - Acceptance rate: 0.453
[mcmc]  - Convergence of means: R-1 = 0.016537 after 13024 accepted steps
[mcmc]  - Updated covariance matrix of proposal pdf.
[mcmc] Learn + convergence test @ 16320 samples accepted.
[likelihoodcollection] Average computation time:
   flamingo.inference.masked_ps.MaskedBandPowerLikelihood : 5.38294e-05 s (35110 evaluations, 1.88995 s total)
[theorycollection] Average computation time:
   flamingo.inference.masked_ps.MaskedTSZTheory : 0.016567 s (35110 evaluations, 581.666 s total)
[mcmc]  - Acceptance rate: 0.453
[mcmc]  - Convergence of means: R-1 = 0.016456 after 13056 accepted steps
[mcmc]  - Updated covariance matrix of proposal pdf.
[mcmc] Learn + convergence test @ 16360 samples accepted.
[likelihoodcollection] Average computation time:
   flamingo.inference.masked_ps.MaskedBandPowerLikelihood : 5.38236e-05 s (35189 evaluations, 1.894 s total)
[theorycollection] Average computation time:
   flamingo.inference.masked_ps.MaskedTSZTheory : 0.0165673 s (35189 evaluations, 582.988 s total)
[mcmc]  - Acceptance rate: 0.453
[mcmc]  - Convergence of means: R-1 = 0.015546 after 13088 accepted steps
[mcmc]  - Updated covariance matrix of proposal pdf.
[mcmc] Learn + convergence test @ 16400 samples accepted.
[likelihoodcollection] Average computation time:
   flamingo.inference.masked_ps.MaskedBandPowerLikelihood : 5.38216e-05 s (35295 evaluations, 1.89963 s total)
[theorycollection] Average computation time:
   flamingo.inference.masked_ps.MaskedTSZTheory : 0.0165668 s (35295 evaluations, 584.724 s total)
[mcmc]  - Acceptance rate: 0.453
[mcmc]  - Convergence of means: R-1 = 0.014589 after 13120 accepted steps
[mcmc]  - Updated covariance matrix of proposal pdf.
[mcmc] Learn + convergence test @ 16440 samples accepted.
[likelihoodcollection] Average computation time:
   flamingo.inference.masked_ps.MaskedBandPowerLikelihood : 5.38156e-05 s (35404 evaluations, 1.90529 s total)
[theorycollection] Average computation time:
   flamingo.inference.masked_ps.MaskedTSZTheory : 0.0165662 s (35404 evaluations, 586.508 s total)
[mcmc]  - Acceptance rate: 0.453
[mcmc]  - Convergence of means: R-1 = 0.013016 after 13152 accepted steps
[mcmc]  - Updated covariance matrix of proposal pdf.
[mcmc] Progress @ 2026-08-03 01:19:43 : 35493 steps taken, and 16461 accepted.
[mcmc] Learn + convergence test @ 16480 samples accepted.
[likelihoodcollection] Average computation time:
   flamingo.inference.masked_ps.MaskedBandPowerLikelihood : 5.38076e-05 s (35479 evaluations, 1.90904 s total)
[theorycollection] Average computation time:
   flamingo.inference.masked_ps.MaskedTSZTheory : 0.0165656 s (35479 evaluations, 587.731 s total)
[mcmc]  - Acceptance rate: 0.453
[mcmc]  - Convergence of means: R-1 = 0.012948 after 13184 accepted steps
[mcmc]  - Updated covariance matrix of proposal pdf.
[mcmc] Learn + convergence test @ 16520 samples accepted.
[likelihoodcollection] Average computation time:
   flamingo.inference.masked_ps.MaskedBandPowerLikelihood : 5.38005e-05 s (35570 evaluations, 1.91368 s total)
[theorycollection] Average computation time:
   flamingo.inference.masked_ps.MaskedTSZTheory : 0.0165655 s (35570 evaluations, 589.234 s total)
[mcmc]  - Acceptance rate: 0.453
[mcmc]  - Convergence of means: R-1 = 0.012794 after 13216 accepted steps
[mcmc]  - Updated covariance matrix of proposal pdf.
[mcmc] Learn + convergence test @ 16560 samples accepted.
[likelihoodcollection] Average computation time:
   flamingo.inference.masked_ps.MaskedBandPowerLikelihood : 5.38044e-05 s (35672 evaluations, 1.91931 s total)
[theorycollection] Average computation time:
   flamingo.inference.masked_ps.MaskedTSZTheory : 0.0165656 s (35672 evaluations, 590.929 s total)
[mcmc]  - Acceptance rate: 0.452
[mcmc]  - Convergence of means: R-1 = 0.012447 after 13248 accepted steps
[mcmc]  - Updated covariance matrix of proposal pdf.
[mcmc] Learn + convergence test @ 16600 samples accepted.
[likelihoodcollection] Average computation time:
   flamingo.inference.masked_ps.MaskedBandPowerLikelihood : 5.38127e-05 s (35780 evaluations, 1.92542 s total)
[theorycollection] Average computation time:
   flamingo.inference.masked_ps.MaskedTSZTheory : 0.0165664 s (35780 evaluations, 592.745 s total)
[mcmc]  - Acceptance rate: 0.452
[mcmc]  - Convergence of means: R-1 = 0.012253 after 13280 accepted steps
[mcmc]  - Updated covariance matrix of proposal pdf.
[mcmc] Learn + convergence test @ 16640 samples accepted.
[likelihoodcollection] Average computation time:
   flamingo.inference.masked_ps.MaskedBandPowerLikelihood : 5.38153e-05 s (35880 evaluations, 1.93089 s total)
[theorycollection] Average computation time:
   flamingo.inference.masked_ps.MaskedTSZTheory : 0.0165664 s (35880 evaluations, 594.401 s total)
[mcmc]  - Acceptance rate: 0.452
[mcmc]  - Convergence of means: R-1 = 0.014648 after 13312 accepted steps
[mcmc]  - Updated covariance matrix of proposal pdf.
[mcmc] Learn + convergence test @ 16680 samples accepted.
[likelihoodcollection] Average computation time:
   flamingo.inference.masked_ps.MaskedBandPowerLikelihood : 5.38187e-05 s (35980 evaluations, 1.9364 s total)
[theorycollection] Average computation time:
   flamingo.inference.masked_ps.MaskedTSZTheory : 0.0165665 s (35980 evaluations, 596.064 s total)
[mcmc]  - Acceptance rate: 0.451
[mcmc]  - Convergence of means: R-1 = 0.015025 after 13344 accepted steps
[mcmc]  - Updated covariance matrix of proposal pdf.
[mcmc] Learn + convergence test @ 16720 samples accepted.
[likelihoodcollection] Average computation time:
   flamingo.inference.masked_ps.MaskedBandPowerLikelihood : 5.3817e-05 s (36093 evaluations, 1.94242 s total)
[theorycollection] Average computation time:
   flamingo.inference.masked_ps.MaskedTSZTheory : 0.0165658 s (36093 evaluations, 597.91 s total)
[mcmc]  - Acceptance rate: 0.451
[mcmc]  - Convergence of means: R-1 = 0.014851 after 13376 accepted steps
[mcmc]  - Updated covariance matrix of proposal pdf.
[mcmc] Learn + convergence test @ 16760 samples accepted.
[likelihoodcollection] Average computation time:
   flamingo.inference.masked_ps.MaskedBandPowerLikelihood : 5.38116e-05 s (36220 evaluations, 1.94905 s total)
[theorycollection] Average computation time:
   flamingo.inference.masked_ps.MaskedTSZTheory : 0.0165664 s (36220 evaluations, 600.035 s total)
[mcmc]  - Acceptance rate: 0.450
[mcmc]  - Convergence of means: R-1 = 0.014463 after 13408 accepted steps
[mcmc]  - Updated covariance matrix of proposal pdf.
[mcmc] Learn + convergence test @ 16800 samples accepted.
[likelihoodcollection] Average computation time:
   flamingo.inference.masked_ps.MaskedBandPowerLikelihood : 5.38043e-05 s (36306 evaluations, 1.95342 s total)
[theorycollection] Average computation time:
   flamingo.inference.masked_ps.MaskedTSZTheory : 0.0165664 s (36306 evaluations, 601.46 s total)
[mcmc]  - Acceptance rate: 0.450
[mcmc]  - Convergence of means: R-1 = 0.014093 after 13440 accepted steps
[mcmc]  - Updated covariance matrix of proposal pdf.
[mcmc] Learn + convergence test @ 16840 samples accepted.
[likelihoodcollection] Average computation time:
   flamingo.inference.masked_ps.MaskedBandPowerLikelihood : 5.38069e-05 s (36377 evaluations, 1.95733 s total)
[theorycollection] Average computation time:
   flamingo.inference.masked_ps.MaskedTSZTheory : 0.0165671 s (36377 evaluations, 602.662 s total)
[mcmc]  - Acceptance rate: 0.451
[mcmc]  - Convergence of means: R-1 = 0.013019 after 13472 accepted steps
[mcmc]  - Updated covariance matrix of proposal pdf.
[mcmc] Learn + convergence test @ 16880 samples accepted.
[likelihoodcollection] Average computation time:
   flamingo.inference.masked_ps.MaskedBandPowerLikelihood : 5.38035e-05 s (36481 evaluations, 1.9628 s total)
[theorycollection] Average computation time:
   flamingo.inference.masked_ps.MaskedTSZTheory : 0.0165677 s (36481 evaluations, 604.407 s total)
[mcmc]  - Acceptance rate: 0.450
[mcmc]  - Convergence of means: R-1 = 0.013854 after 13504 accepted steps
[mcmc]  - Updated covariance matrix of proposal pdf.
[mcmc] Learn + convergence test @ 16920 samples accepted.
[likelihoodcollection] Average computation time:
   flamingo.inference.masked_ps.MaskedBandPowerLikelihood : 5.37986e-05 s (36589 evaluations, 1.96844 s total)
[theorycollection] Average computation time:
   flamingo.inference.masked_ps.MaskedTSZTheory : 0.0165682 s (36589 evaluations, 606.215 s total)
[mcmc]  - Acceptance rate: 0.450
[mcmc]  - Convergence of means: R-1 = 0.012413 after 13536 accepted steps
[mcmc]  - Updated covariance matrix of proposal pdf.
[mcmc] Learn + convergence test @ 16960 samples accepted.
[likelihoodcollection] Average computation time:
   flamingo.inference.masked_ps.MaskedBandPowerLikelihood : 5.38045e-05 s (36668 evaluations, 1.9729 s total)
[theorycollection] Average computation time:
   flamingo.inference.masked_ps.MaskedTSZTheory : 0.0165683 s (36668 evaluations, 607.525 s total)
[mcmc]  - Acceptance rate: 0.450
[mcmc]  - Convergence of means: R-1 = 0.011882 after 13568 accepted steps
[mcmc]  - Updated covariance matrix of proposal pdf.
[mcmc] Learn + convergence test @ 17000 samples accepted.
[likelihoodcollection] Average computation time:
   flamingo.inference.masked_ps.MaskedBandPowerLikelihood : 5.38098e-05 s (36758 evaluations, 1.97794 s total)
[theorycollection] Average computation time:
   flamingo.inference.masked_ps.MaskedTSZTheory : 0.0165679 s (36758 evaluations, 609.003 s total)
[mcmc]  - Acceptance rate: 0.450
[mcmc]  - Convergence of means: R-1 = 0.012000 after 13600 accepted steps
[mcmc]  - Updated covariance matrix of proposal pdf.
[mcmc] Learn + convergence test @ 17040 samples accepted.
[likelihoodcollection] Average computation time:
   flamingo.inference.masked_ps.MaskedBandPowerLikelihood : 5.38029e-05 s (36865 evaluations, 1.98344 s total)
[theorycollection] Average computation time:
   flamingo.inference.masked_ps.MaskedTSZTheory : 0.0165672 s (36865 evaluations, 610.75 s total)
[mcmc]  - Acceptance rate: 0.450
[mcmc]  - Convergence of means: R-1 = 0.012424 after 13632 accepted steps
[mcmc]  - Updated covariance matrix of proposal pdf.
[mcmc] Learn + convergence test @ 17080 samples accepted.
[likelihoodcollection] Average computation time:
   flamingo.inference.masked_ps.MaskedBandPowerLikelihood : 5.37942e-05 s (36970 evaluations, 1.98877 s total)
[theorycollection] Average computation time:
   flamingo.inference.masked_ps.MaskedTSZTheory : 0.0165668 s (36970 evaluations, 612.475 s total)
[mcmc]  - Acceptance rate: 0.450
[mcmc]  - Convergence of means: R-1 = 0.012442 after 13664 accepted steps
[mcmc]  - Updated covariance matrix of proposal pdf.
[mcmc] Learn + convergence test @ 17120 samples accepted.
[likelihoodcollection] Average computation time:
   flamingo.inference.masked_ps.MaskedBandPowerLikelihood : 5.37975e-05 s (37046 evaluations, 1.99298 s total)
[theorycollection] Average computation time:
   flamingo.inference.masked_ps.MaskedTSZTheory : 0.0165669 s (37046 evaluations, 613.739 s total)
[mcmc]  - Acceptance rate: 0.450
[mcmc]  - Convergence of means: R-1 = 0.013483 after 13696 accepted steps
[mcmc]  - Updated covariance matrix of proposal pdf.
[mcmc] Learn + convergence test @ 17160 samples accepted.
[likelihoodcollection] Average computation time:
   flamingo.inference.masked_ps.MaskedBandPowerLikelihood : 5.37985e-05 s (37159 evaluations, 1.9991 s total)
[theorycollection] Average computation time:
   flamingo.inference.masked_ps.MaskedTSZTheory : 0.016567 s (37159 evaluations, 615.612 s total)
[mcmc]  - Acceptance rate: 0.449
[mcmc]  - Convergence of means: R-1 = 0.013944 after 13728 accepted steps
[mcmc]  - Updated covariance matrix of proposal pdf.
[mcmc] Learn + convergence test @ 17200 samples accepted.
[likelihoodcollection] Average computation time:
   flamingo.inference.masked_ps.MaskedBandPowerLikelihood : 5.37954e-05 s (37256 evaluations, 2.0042 s total)
[theorycollection] Average computation time:
   flamingo.inference.masked_ps.MaskedTSZTheory : 0.0165667 s (37256 evaluations, 617.208 s total)
[mcmc]  - Acceptance rate: 0.449
[mcmc]  - Convergence of means: R-1 = 0.014537 after 13760 accepted steps
[mcmc]  - Updated covariance matrix of proposal pdf.
[mcmc] Learn + convergence test @ 17240 samples accepted.
[likelihoodcollection] Average computation time:
   flamingo.inference.masked_ps.MaskedBandPowerLikelihood : 5.37879e-05 s (37333 evaluations, 2.00806 s total)
[theorycollection] Average computation time:
   flamingo.inference.masked_ps.MaskedTSZTheory : 0.0165672 s (37333 evaluations, 618.504 s total)
[mcmc]  - Acceptance rate: 0.449
[mcmc]  - Convergence of means: R-1 = 0.014320 after 13792 accepted steps
[mcmc]  - Updated covariance matrix of proposal pdf.
[mcmc] Learn + convergence test @ 17280 samples accepted.
[likelihoodcollection] Average computation time:
   flamingo.inference.masked_ps.MaskedBandPowerLikelihood : 5.37825e-05 s (37413 evaluations, 2.01216 s total)
[theorycollection] Average computation time:
   flamingo.inference.masked_ps.MaskedTSZTheory : 0.0165678 s (37413 evaluations, 619.85 s total)
[mcmc]  - Acceptance rate: 0.450
[mcmc]  - Convergence of means: R-1 = 0.014803 after 13824 accepted steps
[mcmc]  - Updated covariance matrix of proposal pdf.
[mcmc] Learn + convergence test @ 17320 samples accepted.
[likelihoodcollection] Average computation time:
   flamingo.inference.masked_ps.MaskedBandPowerLikelihood : 5.37799e-05 s (37485 evaluations, 2.01594 s total)
[theorycollection] Average computation time:
   flamingo.inference.masked_ps.MaskedTSZTheory : 0.0165675 s (37485 evaluations, 621.031 s total)
[mcmc]  - Acceptance rate: 0.450
[mcmc]  - Convergence of means: R-1 = 0.016101 after 13856 accepted steps
[mcmc]  - Updated covariance matrix of proposal pdf.
[mcmc] Learn + convergence test @ 17360 samples accepted.
[likelihoodcollection] Average computation time:
   flamingo.inference.masked_ps.MaskedBandPowerLikelihood : 5.37692e-05 s (37581 evaluations, 2.0207 s total)
[theorycollection] Average computation time:
   flamingo.inference.masked_ps.MaskedTSZTheory : 0.0165672 s (37581 evaluations, 622.614 s total)
[mcmc]  - Acceptance rate: 0.450
[mcmc]  - Convergence of means: R-1 = 0.015331 after 13888 accepted steps
[mcmc]  - Updated covariance matrix of proposal pdf.
[mcmc] Learn + convergence test @ 17400 samples accepted.
[likelihoodcollection] Average computation time:
   flamingo.inference.masked_ps.MaskedBandPowerLikelihood : 5.3764e-05 s (37664 evaluations, 2.02497 s total)
[theorycollection] Average computation time:
   flamingo.inference.masked_ps.MaskedTSZTheory : 0.0165669 s (37664 evaluations, 623.977 s total)
[mcmc]  - Acceptance rate: 0.450
[mcmc]  - Convergence of means: R-1 = 0.014528 after 13920 accepted steps
[mcmc]  - Updated covariance matrix of proposal pdf.
[mcmc] Learn + convergence test @ 17440 samples accepted.
[likelihoodcollection] Average computation time:
   flamingo.inference.masked_ps.MaskedBandPowerLikelihood : 5.37636e-05 s (37742 evaluations, 2.02914 s total)
[theorycollection] Average computation time:
   flamingo.inference.masked_ps.MaskedTSZTheory : 0.0165674 s (37742 evaluations, 625.286 s total)
[mcmc]  - Acceptance rate: 0.450
[mcmc]  - Convergence of means: R-1 = 0.014983 after 13952 accepted steps
[mcmc]  - Updated covariance matrix of proposal pdf.
[mcmc] Learn + convergence test @ 17480 samples accepted.
[likelihoodcollection] Average computation time:
   flamingo.inference.masked_ps.MaskedBandPowerLikelihood : 5.37591e-05 s (37801 evaluations, 2.03215 s total)
[theorycollection] Average computation time:
   flamingo.inference.masked_ps.MaskedTSZTheory : 0.0165671 s (37801 evaluations, 626.251 s total)
[mcmc]  - Acceptance rate: 0.450
[mcmc]  - Convergence of means: R-1 = 0.016342 after 13984 accepted steps
[mcmc]  - Updated covariance matrix of proposal pdf.
[mcmc] Learn + convergence test @ 17520 samples accepted.
[likelihoodcollection] Average computation time:
   flamingo.inference.masked_ps.MaskedBandPowerLikelihood : 5.3755e-05 s (37886 evaluations, 2.03656 s total)
[theorycollection] Average computation time:
   flamingo.inference.masked_ps.MaskedTSZTheory : 0.0165669 s (37886 evaluations, 627.655 s total)
[mcmc]  - Acceptance rate: 0.450
[mcmc]  - Convergence of means: R-1 = 0.015549 after 14016 accepted steps
[mcmc]  - Updated covariance matrix of proposal pdf.
[mcmc] Learn + convergence test @ 17560 samples accepted.
[likelihoodcollection] Average computation time:
   flamingo.inference.masked_ps.MaskedBandPowerLikelihood : 5.37467e-05 s (37984 evaluations, 2.04151 s total)
[theorycollection] Average computation time:
   flamingo.inference.masked_ps.MaskedTSZTheory : 0.0165656 s (37984 evaluations, 629.229 s total)
[mcmc]  - Acceptance rate: 0.450
[mcmc]  - Convergence of means: R-1 = 0.016113 after 14048 accepted steps
[mcmc]  - Updated covariance matrix of proposal pdf.
[mcmc] Learn + convergence test @ 17600 samples accepted.
[likelihoodcollection] Average computation time:
   flamingo.inference.masked_ps.MaskedBandPowerLikelihood : 5.37384e-05 s (38062 evaluations, 2.04539 s total)
[theorycollection] Average computation time:
   flamingo.inference.masked_ps.MaskedTSZTheory : 0.0165652 s (38062 evaluations, 630.504 s total)
[mcmc]  - Acceptance rate: 0.450
[mcmc]  - Convergence of means: R-1 = 0.017853 after 14080 accepted steps
[mcmc]  - Updated covariance matrix of proposal pdf.
[mcmc] Learn + convergence test @ 17640 samples accepted.
[likelihoodcollection] Average computation time:
   flamingo.inference.masked_ps.MaskedBandPowerLikelihood : 5.37372e-05 s (38154 evaluations, 2.05029 s total)
[theorycollection] Average computation time:
   flamingo.inference.masked_ps.MaskedTSZTheory : 0.0165643 s (38154 evaluations, 631.995 s total)
[mcmc]  - Acceptance rate: 0.450
[mcmc]  - Convergence of means: R-1 = 0.019961 after 14112 accepted steps
[mcmc]  - Updated covariance matrix of proposal pdf.
[mcmc] Learn + convergence test @ 17680 samples accepted.
[likelihoodcollection] Average computation time:
   flamingo.inference.masked_ps.MaskedBandPowerLikelihood : 5.3729e-05 s (38237 evaluations, 2.05443 s total)
[theorycollection] Average computation time:
   flamingo.inference.masked_ps.MaskedTSZTheory : 0.0165645 s (38237 evaluations, 633.377 s total)
[mcmc]  - Acceptance rate: 0.450
[mcmc]  - Convergence of means: R-1 = 0.018781 after 14144 accepted steps
[mcmc]  - Updated covariance matrix of proposal pdf.
[mcmc] Learn + convergence test @ 17720 samples accepted.
[likelihoodcollection] Average computation time:
   flamingo.inference.masked_ps.MaskedBandPowerLikelihood : 5.37263e-05 s (38351 evaluations, 2.06046 s total)
[theorycollection] Average computation time:
   flamingo.inference.masked_ps.MaskedTSZTheory : 0.0165641 s (38351 evaluations, 635.251 s total)
[mcmc]  - Acceptance rate: 0.450
[mcmc]  - Convergence of means: R-1 = 0.018384 after 14176 accepted steps
[mcmc]  - Updated covariance matrix of proposal pdf.
[mcmc] Learn + convergence test @ 17760 samples accepted.
[likelihoodcollection] Average computation time:
   flamingo.inference.masked_ps.MaskedBandPowerLikelihood : 5.37266e-05 s (38417 evaluations, 2.06401 s total)
[theorycollection] Average computation time:
   flamingo.inference.masked_ps.MaskedTSZTheory : 0.0165642 s (38417 evaluations, 636.348 s total)
[mcmc]  - Acceptance rate: 0.450
[mcmc]  - Convergence of means: R-1 = 0.019477 after 14208 accepted steps
[mcmc]  - Updated covariance matrix of proposal pdf.
[mcmc] Learn + convergence test @ 17800 samples accepted.
[likelihoodcollection] Average computation time:
   flamingo.inference.masked_ps.MaskedBandPowerLikelihood : 5.3727e-05 s (38513 evaluations, 2.06919 s total)
[theorycollection] Average computation time:
   flamingo.inference.masked_ps.MaskedTSZTheory : 0.0165643 s (38513 evaluations, 637.942 s total)
[mcmc]  - Acceptance rate: 0.450
[mcmc]  - Convergence of means: R-1 = 0.019259 after 14240 accepted steps
[mcmc]  - Updated covariance matrix of proposal pdf.
[mcmc] Learn + convergence test @ 17840 samples accepted.
[likelihoodcollection] Average computation time:
   flamingo.inference.masked_ps.MaskedBandPowerLikelihood : 5.37222e-05 s (38596 evaluations, 2.07346 s total)
[theorycollection] Average computation time:
   flamingo.inference.masked_ps.MaskedTSZTheory : 0.0165643 s (38596 evaluations, 639.317 s total)
[mcmc]  - Acceptance rate: 0.450
[mcmc]  - Convergence of means: R-1 = 0.018108 after 14272 accepted steps
[mcmc]  - Updated covariance matrix of proposal pdf.
[mcmc] Learn + convergence test @ 17880 samples accepted.
[likelihoodcollection] Average computation time:
   flamingo.inference.masked_ps.MaskedBandPowerLikelihood : 5.37139e-05 s (38671 evaluations, 2.07717 s total)
[theorycollection] Average computation time:
   flamingo.inference.masked_ps.MaskedTSZTheory : 0.016564 s (38671 evaluations, 640.545 s total)
[mcmc]  - Acceptance rate: 0.450
[mcmc]  - Convergence of means: R-1 = 0.020444 after 14304 accepted steps
[mcmc]  - Updated covariance matrix of proposal pdf.
[mcmc] Learn + convergence test @ 17920 samples accepted.
[likelihoodcollection] Average computation time:
   flamingo.inference.masked_ps.MaskedBandPowerLikelihood : 5.37096e-05 s (38771 evaluations, 2.08238 s total)
[theorycollection] Average computation time:
   flamingo.inference.masked_ps.MaskedTSZTheory : 0.0165638 s (38771 evaluations, 642.194 s total)
[mcmc]  - Acceptance rate: 0.450
[mcmc]  - Convergence of means: R-1 = 0.020609 after 14336 accepted steps
[mcmc]  - Updated covariance matrix of proposal pdf.
[mcmc] Learn + convergence test @ 17960 samples accepted.
[likelihoodcollection] Average computation time:
   flamingo.inference.masked_ps.MaskedBandPowerLikelihood : 5.37069e-05 s (38852 evaluations, 2.08662 s total)
[theorycollection] Average computation time:
   flamingo.inference.masked_ps.MaskedTSZTheory : 0.0165637 s (38852 evaluations, 643.533 s total)
[mcmc]  - Acceptance rate: 0.450
[mcmc]  - Convergence of means: R-1 = 0.020086 after 14368 accepted steps
[mcmc]  - Updated covariance matrix of proposal pdf.
[mcmc] Learn + convergence test @ 18000 samples accepted.
[likelihoodcollection] Average computation time:
   flamingo.inference.masked_ps.MaskedBandPowerLikelihood : 5.36971e-05 s (38938 evaluations, 2.09086 s total)
[theorycollection] Average computation time:
   flamingo.inference.masked_ps.MaskedTSZTheory : 0.0165643 s (38938 evaluations, 644.981 s total)
[mcmc]  - Acceptance rate: 0.450
[mcmc]  - Convergence of means: R-1 = 0.021833 after 14400 accepted steps
[mcmc]  - Updated covariance matrix of proposal pdf.
[mcmc] Progress @ 2026-08-03 01:20:43 : 39045 steps taken, and 18018 accepted.
[mcmc] Learn + convergence test @ 18040 samples accepted.
[likelihoodcollection] Average computation time:
   flamingo.inference.masked_ps.MaskedBandPowerLikelihood : 5.36975e-05 s (39045 evaluations, 2.09662 s total)
[theorycollection] Average computation time:
   flamingo.inference.masked_ps.MaskedTSZTheory : 0.0165649 s (39045 evaluations, 646.776 s total)
[mcmc]  - Acceptance rate: 0.450
[mcmc]  - Convergence of means: R-1 = 0.022010 after 14432 accepted steps
[mcmc]  - Updated covariance matrix of proposal pdf.
[mcmc] Learn + convergence test @ 18080 samples accepted.
[likelihoodcollection] Average computation time:
   flamingo.inference.masked_ps.MaskedBandPowerLikelihood : 5.37043e-05 s (39139 evaluations, 2.10193 s total)
[theorycollection] Average computation time:
   flamingo.inference.masked_ps.MaskedTSZTheory : 0.0165651 s (39139 evaluations, 648.341 s total)
[mcmc]  - Acceptance rate: 0.450
[mcmc]  - Convergence of means: R-1 = 0.023224 after 14464 accepted steps
[mcmc]  - Updated covariance matrix of proposal pdf.
[mcmc] Learn + convergence test @ 18120 samples accepted.
[likelihoodcollection] Average computation time:
   flamingo.inference.masked_ps.MaskedBandPowerLikelihood : 5.37009e-05 s (39248 evaluations, 2.10765 s total)
[theorycollection] Average computation time:
   flamingo.inference.masked_ps.MaskedTSZTheory : 0.016566 s (39248 evaluations, 650.183 s total)
[mcmc]  - Acceptance rate: 0.449
[mcmc]  - Convergence of means: R-1 = 0.027400 after 14496 accepted steps
[mcmc]  - Updated covariance matrix of proposal pdf.
[mcmc] Learn + convergence test @ 18160 samples accepted.
[likelihoodcollection] Average computation time:
   flamingo.inference.masked_ps.MaskedBandPowerLikelihood : 5.36993e-05 s (39341 evaluations, 2.11259 s total)
[theorycollection] Average computation time:
   flamingo.inference.masked_ps.MaskedTSZTheory : 0.0165667 s (39341 evaluations, 651.75 s total)
[mcmc]  - Acceptance rate: 0.449
[mcmc]  - Convergence of means: R-1 = 0.026963 after 14528 accepted steps
[mcmc]  - Updated covariance matrix of proposal pdf.
[mcmc] Learn + convergence test @ 18200 samples accepted.
[likelihoodcollection] Average computation time:
   flamingo.inference.masked_ps.MaskedBandPowerLikelihood : 5.37028e-05 s (39433 evaluations, 2.11766 s total)
[theorycollection] Average computation time:
   flamingo.inference.masked_ps.MaskedTSZTheory : 0.0165665 s (39433 evaluations, 653.266 s total)
[mcmc]  - Acceptance rate: 0.450
[mcmc]  - Convergence of means: R-1 = 0.027391 after 14560 accepted steps
[mcmc]  - Updated covariance matrix of proposal pdf.
[mcmc] Learn + convergence test @ 18240 samples accepted.
[likelihoodcollection] Average computation time:
   flamingo.inference.masked_ps.MaskedBandPowerLikelihood : 5.36964e-05 s (39507 evaluations, 2.12138 s total)
[theorycollection] Average computation time:
   flamingo.inference.masked_ps.MaskedTSZTheory : 0.0165669 s (39507 evaluations, 654.509 s total)
[mcmc]  - Acceptance rate: 0.450
[mcmc]  - Convergence of means: R-1 = 0.028741 after 14592 accepted steps
[mcmc]  - Updated covariance matrix of proposal pdf.
[mcmc] Learn + convergence test @ 18280 samples accepted.
[likelihoodcollection] Average computation time:
   flamingo.inference.masked_ps.MaskedBandPowerLikelihood : 5.37054e-05 s (39591 evaluations, 2.12625 s total)
[theorycollection] Average computation time:
   flamingo.inference.masked_ps.MaskedTSZTheory : 0.0165672 s (39591 evaluations, 655.913 s total)
[mcmc]  - Acceptance rate: 0.450
[mcmc]  - Convergence of means: R-1 = 0.031238 after 14624 accepted steps
[mcmc]  - Updated covariance matrix of proposal pdf.
[mcmc] Learn + convergence test @ 18320 samples accepted.
[likelihoodcollection] Average computation time:
   flamingo.inference.masked_ps.MaskedBandPowerLikelihood : 5.37206e-05 s (39686 evaluations, 2.13196 s total)
[theorycollection] Average computation time:
   flamingo.inference.masked_ps.MaskedTSZTheory : 0.0165669 s (39686 evaluations, 657.476 s total)
[mcmc]  - Acceptance rate: 0.450
[mcmc]  - Convergence of means: R-1 = 0.031311 after 14656 accepted steps
[mcmc]  - Updated covariance matrix of proposal pdf.
[mcmc] Learn + convergence test @ 18360 samples accepted.
[likelihoodcollection] Average computation time:
   flamingo.inference.masked_ps.MaskedBandPowerLikelihood : 5.37305e-05 s (39760 evaluations, 2.13632 s total)
[theorycollection] Average computation time:
   flamingo.inference.masked_ps.MaskedTSZTheory : 0.0165675 s (39760 evaluations, 658.725 s total)
[mcmc]  - Acceptance rate: 0.450
[mcmc]  - Convergence of means: R-1 = 0.030999 after 14688 accepted steps
[mcmc]  - Updated covariance matrix of proposal pdf.
[mcmc] Learn + convergence test @ 18400 samples accepted.
[likelihoodcollection] Average computation time:
   flamingo.inference.masked_ps.MaskedBandPowerLikelihood : 5.37287e-05 s (39836 evaluations, 2.14034 s total)
[theorycollection] Average computation time:
   flamingo.inference.masked_ps.MaskedTSZTheory : 0.016568 s (39836 evaluations, 660.001 s total)
[mcmc]  - Acceptance rate: 0.450
[mcmc]  - Convergence of means: R-1 = 0.031189 after 14720 accepted steps
[mcmc]  - Updated covariance matrix of proposal pdf.
[mcmc] Learn + convergence test @ 18440 samples accepted.
[likelihoodcollection] Average computation time:
   flamingo.inference.masked_ps.MaskedBandPowerLikelihood : 5.37287e-05 s (39928 evaluations, 2.14528 s total)
[theorycollection] Average computation time:
   flamingo.inference.masked_ps.MaskedTSZTheory : 0.0165681 s (39928 evaluations, 661.53 s total)
[mcmc]  - Acceptance rate: 0.450
[mcmc]  - Convergence of means: R-1 = 0.030942 after 14752 accepted steps
[mcmc]  - Updated covariance matrix of proposal pdf.
[mcmc] Learn + convergence test @ 18480 samples accepted.
[likelihoodcollection] Average computation time:
   flamingo.inference.masked_ps.MaskedBandPowerLikelihood : 5.37228e-05 s (40000 evaluations, 2.14891 s total)
[theorycollection] Average computation time:
   flamingo.inference.masked_ps.MaskedTSZTheory : 0.0165681 s (40000 evaluations, 662.723 s total)
[mcmc]  - Acceptance rate: 0.450
[mcmc]  - Convergence of means: R-1 = 0.033168 after 14784 accepted steps
[mcmc]  - Updated covariance matrix of proposal pdf.
[mcmc] Learn + convergence test @ 18520 samples accepted.
[likelihoodcollection] Average computation time:
   flamingo.inference.masked_ps.MaskedBandPowerLikelihood : 5.373e-05 s (40081 evaluations, 2.15355 s total)
[theorycollection] Average computation time:
   flamingo.inference.masked_ps.MaskedTSZTheory : 0.0165686 s (40081 evaluations, 664.086 s total)
[mcmc]  - Acceptance rate: 0.451
[mcmc]  - Convergence of means: R-1 = 0.031333 after 14816 accepted steps
[mcmc]  - Updated covariance matrix of proposal pdf.
[mcmc] Learn + convergence test @ 18560 samples accepted.
[likelihoodcollection] Average computation time:
   flamingo.inference.masked_ps.MaskedBandPowerLikelihood : 5.37326e-05 s (40160 evaluations, 2.1579 s total)
[theorycollection] Average computation time:
   flamingo.inference.masked_ps.MaskedTSZTheory : 0.0165693 s (40160 evaluations, 665.423 s total)
[mcmc]  - Acceptance rate: 0.451
[mcmc]  - Convergence of means: R-1 = 0.025433 after 14848 accepted steps
[mcmc]  - Updated covariance matrix of proposal pdf.
[mcmc] Learn + convergence test @ 18600 samples accepted.
[likelihoodcollection] Average computation time:
   flamingo.inference.masked_ps.MaskedBandPowerLikelihood : 5.37365e-05 s (40242 evaluations, 2.16247 s total)
[theorycollection] Average computation time:
   flamingo.inference.masked_ps.MaskedTSZTheory : 0.0165693 s (40242 evaluations, 666.783 s total)
[mcmc]  - Acceptance rate: 0.451
[mcmc]  - Convergence of means: R-1 = 0.024814 after 14880 accepted steps
[mcmc]  - Updated covariance matrix of proposal pdf.
[mcmc] Learn + convergence test @ 18640 samples accepted.
[likelihoodcollection] Average computation time:
   flamingo.inference.masked_ps.MaskedBandPowerLikelihood : 5.3731e-05 s (40333 evaluations, 2.16713 s total)
[theorycollection] Average computation time:
   flamingo.inference.masked_ps.MaskedTSZTheory : 0.0165692 s (40333 evaluations, 668.284 s total)
[mcmc]  - Acceptance rate: 0.451
[mcmc]  - Convergence of means: R-1 = 0.023305 after 14912 accepted steps
[mcmc]  - Updated covariance matrix of proposal pdf.
[mcmc] Learn + convergence test @ 18680 samples accepted.
[likelihoodcollection] Average computation time:
   flamingo.inference.masked_ps.MaskedBandPowerLikelihood : 5.37285e-05 s (40415 evaluations, 2.17144 s total)
[theorycollection] Average computation time:
   flamingo.inference.masked_ps.MaskedTSZTheory : 0.0165685 s (40415 evaluations, 669.617 s total)
[mcmc]  - Acceptance rate: 0.451
[mcmc]  - Convergence of means: R-1 = 0.020664 after 14944 accepted steps
[mcmc]  - Updated covariance matrix of proposal pdf.
[mcmc] Learn + convergence test @ 18720 samples accepted.
[likelihoodcollection] Average computation time:
   flamingo.inference.masked_ps.MaskedBandPowerLikelihood : 5.37251e-05 s (40497 evaluations, 2.1757 s total)
[theorycollection] Average computation time:
   flamingo.inference.masked_ps.MaskedTSZTheory : 0.0165677 s (40497 evaluations, 670.942 s total)
[mcmc]  - Acceptance rate: 0.451
[mcmc]  - Convergence of means: R-1 = 0.019691 after 14976 accepted steps
[mcmc]  - Updated covariance matrix of proposal pdf.
[mcmc] Learn + convergence test @ 18760 samples accepted.
[likelihoodcollection] Average computation time:
   flamingo.inference.masked_ps.MaskedBandPowerLikelihood : 5.37243e-05 s (40575 evaluations, 2.17986 s total)
[theorycollection] Average computation time:
   flamingo.inference.masked_ps.MaskedTSZTheory : 0.0165675 s (40575 evaluations, 672.225 s total)
[mcmc]  - Acceptance rate: 0.451
[mcmc]  - Convergence of means: R-1 = 0.018967 after 15008 accepted steps
[mcmc]  - Updated covariance matrix of proposal pdf.
[mcmc] Learn + convergence test @ 18800 samples accepted.
[likelihoodcollection] Average computation time:
   flamingo.inference.masked_ps.MaskedBandPowerLikelihood : 5.37237e-05 s (40655 evaluations, 2.18414 s total)
[theorycollection] Average computation time:
   flamingo.inference.masked_ps.MaskedTSZTheory : 0.0165676 s (40655 evaluations, 673.556 s total)
[mcmc]  - Acceptance rate: 0.451
[mcmc]  - Convergence of means: R-1 = 0.018366 after 15040 accepted steps
[mcmc]  - Updated covariance matrix of proposal pdf.
[mcmc] Learn + convergence test @ 18840 samples accepted.
[likelihoodcollection] Average computation time:
   flamingo.inference.masked_ps.MaskedBandPowerLikelihood : 5.37191e-05 s (40730 evaluations, 2.18798 s total)
[theorycollection] Average computation time:
   flamingo.inference.masked_ps.MaskedTSZTheory : 0.0165678 s (40730 evaluations, 674.805 s total)
[mcmc]  - Acceptance rate: 0.451
[mcmc]  - Convergence of means: R-1 = 0.016957 after 15072 accepted steps
[mcmc]  - Updated covariance matrix of proposal pdf.
[mcmc] Learn + convergence test @ 18880 samples accepted.
[likelihoodcollection] Average computation time:
   flamingo.inference.masked_ps.MaskedBandPowerLikelihood : 5.37137e-05 s (40810 evaluations, 2.19206 s total)
[theorycollection] Average computation time:
   flamingo.inference.masked_ps.MaskedTSZTheory : 0.0165677 s (40810 evaluations, 676.13 s total)
[mcmc]  - Acceptance rate: 0.451
[mcmc]  - Convergence of means: R-1 = 0.017270 after 15104 accepted steps
[mcmc]  - Updated covariance matrix of proposal pdf.
[mcmc] Learn + convergence test @ 18920 samples accepted.
[likelihoodcollection] Average computation time:
   flamingo.inference.masked_ps.MaskedBandPowerLikelihood : 5.37157e-05 s (40904 evaluations, 2.19719 s total)
[theorycollection] Average computation time:
   flamingo.inference.masked_ps.MaskedTSZTheory : 0.0165673 s (40904 evaluations, 677.667 s total)
[mcmc]  - Acceptance rate: 0.451
[mcmc]  - Convergence of means: R-1 = 0.016304 after 15136 accepted steps
[mcmc]  - Updated covariance matrix of proposal pdf.
[mcmc] Learn + convergence test @ 18960 samples accepted.
[likelihoodcollection] Average computation time:
   flamingo.inference.masked_ps.MaskedBandPowerLikelihood : 5.37176e-05 s (40989 evaluations, 2.20183 s total)
[theorycollection] Average computation time:
   flamingo.inference.masked_ps.MaskedTSZTheory : 0.0165679 s (40989 evaluations, 679.102 s total)
[mcmc]  - Acceptance rate: 0.451
[mcmc]  - Convergence of means: R-1 = 0.017558 after 15168 accepted steps
[mcmc]  - Updated covariance matrix of proposal pdf.
[mcmc] Learn + convergence test @ 19000 samples accepted.
[likelihoodcollection] Average computation time:
   flamingo.inference.masked_ps.MaskedBandPowerLikelihood : 5.37199e-05 s (41066 evaluations, 2.20606 s total)
[theorycollection] Average computation time:
   flamingo.inference.masked_ps.MaskedTSZTheory : 0.016568 s (41066 evaluations, 680.382 s total)
[mcmc]  - Acceptance rate: 0.451
[mcmc]  - Convergence of means: R-1 = 0.019392 after 15200 accepted steps
[mcmc]  - Updated covariance matrix of proposal pdf.
[mcmc] Learn + convergence test @ 19040 samples accepted.
[likelihoodcollection] Average computation time:
   flamingo.inference.masked_ps.MaskedBandPowerLikelihood : 5.37195e-05 s (41191 evaluations, 2.21276 s total)
[theorycollection] Average computation time:
   flamingo.inference.masked_ps.MaskedTSZTheory : 0.0165677 s (41191 evaluations, 682.44 s total)
[mcmc]  - Acceptance rate: 0.451
[mcmc]  - Convergence of means: R-1 = 0.018980 after 15232 accepted steps
[mcmc]  - Updated covariance matrix of proposal pdf.
[mcmc] Learn + convergence test @ 19080 samples accepted.
[likelihoodcollection] Average computation time:
   flamingo.inference.masked_ps.MaskedBandPowerLikelihood : 5.372e-05 s (41327 evaluations, 2.22008 s total)
[theorycollection] Average computation time:
   flamingo.inference.masked_ps.MaskedTSZTheory : 0.0165686 s (41327 evaluations, 684.73 s total)
[mcmc]  - Acceptance rate: 0.450
[mcmc]  - Convergence of means: R-1 = 0.017025 after 15264 accepted steps
[mcmc]  - Updated covariance matrix of proposal pdf.
[mcmc] Learn + convergence test @ 19120 samples accepted.
[likelihoodcollection] Average computation time:
   flamingo.inference.masked_ps.MaskedBandPowerLikelihood : 5.37119e-05 s (41437 evaluations, 2.22566 s total)
[theorycollection] Average computation time:
   flamingo.inference.masked_ps.MaskedTSZTheory : 0.0165688 s (41437 evaluations, 686.563 s total)
[mcmc]  - Acceptance rate: 0.450
[mcmc]  - Convergence of means: R-1 = 0.017786 after 15296 accepted steps
[mcmc]  - Updated covariance matrix of proposal pdf.
[mcmc] Learn + convergence test @ 19160 samples accepted.
[likelihoodcollection] Average computation time:
   flamingo.inference.masked_ps.MaskedBandPowerLikelihood : 5.37112e-05 s (41513 evaluations, 2.22971 s total)
[theorycollection] Average computation time:
   flamingo.inference.masked_ps.MaskedTSZTheory : 0.016569 s (41513 evaluations, 687.829 s total)
[mcmc]  - Acceptance rate: 0.450
[mcmc]  - Convergence of means: R-1 = 0.018836 after 15328 accepted steps
[mcmc]  - Updated covariance matrix of proposal pdf.
[mcmc] Learn + convergence test @ 19200 samples accepted.
[likelihoodcollection] Average computation time:
   flamingo.inference.masked_ps.MaskedBandPowerLikelihood : 5.37152e-05 s (41603 evaluations, 2.23471 s total)
[theorycollection] Average computation time:
   flamingo.inference.masked_ps.MaskedTSZTheory : 0.0165696 s (41603 evaluations, 689.345 s total)
[mcmc]  - Acceptance rate: 0.450
[mcmc]  - Convergence of means: R-1 = 0.019880 after 15360 accepted steps
[mcmc]  - Updated covariance matrix of proposal pdf.
[mcmc] Learn + convergence test @ 19240 samples accepted.
[likelihoodcollection] Average computation time:
   flamingo.inference.masked_ps.MaskedBandPowerLikelihood : 5.37197e-05 s (41693 evaluations, 2.23974 s total)
[theorycollection] Average computation time:
   flamingo.inference.masked_ps.MaskedTSZTheory : 0.0165698 s (41693 evaluations, 690.846 s total)
[mcmc]  - Acceptance rate: 0.450
[mcmc]  - Convergence of means: R-1 = 0.020499 after 15392 accepted steps
[mcmc]  - Updated covariance matrix of proposal pdf.
[mcmc] Learn + convergence test @ 19280 samples accepted.
[likelihoodcollection] Average computation time:
   flamingo.inference.masked_ps.MaskedBandPowerLikelihood : 5.37176e-05 s (41765 evaluations, 2.24352 s total)
[theorycollection] Average computation time:
   flamingo.inference.masked_ps.MaskedTSZTheory : 0.0165699 s (41765 evaluations, 692.041 s total)
[mcmc]  - Acceptance rate: 0.450
[mcmc]  - Convergence of means: R-1 = 0.021949 after 15424 accepted steps
[mcmc]  - Updated covariance matrix of proposal pdf.
[mcmc] Learn + convergence test @ 19320 samples accepted.
[likelihoodcollection] Average computation time:
   flamingo.inference.masked_ps.MaskedBandPowerLikelihood : 5.37198e-05 s (41859 evaluations, 2.24866 s total)
[theorycollection] Average computation time:
   flamingo.inference.masked_ps.MaskedTSZTheory : 0.0165698 s (41859 evaluations, 693.595 s total)
[mcmc]  - Acceptance rate: 0.450
[mcmc]  - Convergence of means: R-1 = 0.021168 after 15456 accepted steps
[mcmc]  - Updated covariance matrix of proposal pdf.
[mcmc] Learn + convergence test @ 19360 samples accepted.
[likelihoodcollection] Average computation time:
   flamingo.inference.masked_ps.MaskedBandPowerLikelihood : 5.3713e-05 s (41947 evaluations, 2.2531 s total)
[theorycollection] Average computation time:
   flamingo.inference.masked_ps.MaskedTSZTheory : 0.0165701 s (41947 evaluations, 695.067 s total)
[mcmc]  - Acceptance rate: 0.450
[mcmc]  - Convergence of means: R-1 = 0.022488 after 15488 accepted steps
[mcmc]  - Updated covariance matrix of proposal pdf.
[mcmc] Learn + convergence test @ 19400 samples accepted.
[likelihoodcollection] Average computation time:
   flamingo.inference.masked_ps.MaskedBandPowerLikelihood : 5.37124e-05 s (42021 evaluations, 2.25705 s total)
[theorycollection] Average computation time:
   flamingo.inference.masked_ps.MaskedTSZTheory : 0.0165698 s (42021 evaluations, 696.278 s total)
[mcmc]  - Acceptance rate: 0.450
[mcmc]  - Convergence of means: R-1 = 0.023498 after 15520 accepted steps
[mcmc]  - Updated covariance matrix of proposal pdf.
[mcmc] Learn + convergence test @ 19440 samples accepted.
[likelihoodcollection] Average computation time:
   flamingo.inference.masked_ps.MaskedBandPowerLikelihood : 5.37099e-05 s (42088 evaluations, 2.26054 s total)
[theorycollection] Average computation time:
   flamingo.inference.masked_ps.MaskedTSZTheory : 0.0165694 s (42088 evaluations, 697.374 s total)
[mcmc]  - Acceptance rate: 0.451
[mcmc]  - Convergence of means: R-1 = 0.022245 after 15552 accepted steps
[mcmc]  - Updated covariance matrix of proposal pdf.
[mcmc] Learn + convergence test @ 19480 samples accepted.
[likelihoodcollection] Average computation time:
   flamingo.inference.masked_ps.MaskedBandPowerLikelihood : 5.37085e-05 s (42159 evaluations, 2.2643 s total)
[theorycollection] Average computation time:
   flamingo.inference.masked_ps.MaskedTSZTheory : 0.0165692 s (42159 evaluations, 698.54 s total)
[mcmc]  - Acceptance rate: 0.451
[mcmc]  - Convergence of means: R-1 = 0.021157 after 15584 accepted steps
[mcmc]  - Updated covariance matrix of proposal pdf.
[mcmc] Learn + convergence test @ 19520 samples accepted.
[likelihoodcollection] Average computation time:
   flamingo.inference.masked_ps.MaskedBandPowerLikelihood : 5.37061e-05 s (42259 evaluations, 2.26957 s total)
[theorycollection] Average computation time:
   flamingo.inference.masked_ps.MaskedTSZTheory : 0.0165692 s (42259 evaluations, 700.196 s total)
[mcmc]  - Acceptance rate: 0.451
[mcmc]  - Convergence of means: R-1 = 0.020588 after 15616 accepted steps
[mcmc]  - Updated covariance matrix of proposal pdf.
[mcmc] Learn + convergence test @ 19560 samples accepted.
[likelihoodcollection] Average computation time:
   flamingo.inference.masked_ps.MaskedBandPowerLikelihood : 5.37054e-05 s (42336 evaluations, 2.27367 s total)
[theorycollection] Average computation time:
   flamingo.inference.masked_ps.MaskedTSZTheory : 0.0165691 s (42336 evaluations, 701.468 s total)
[mcmc]  - Acceptance rate: 0.451
[mcmc]  - Convergence of means: R-1 = 0.019751 after 15648 accepted steps
[mcmc]  - Updated covariance matrix of proposal pdf.
[mcmc] Learn + convergence test @ 19600 samples accepted.
[likelihoodcollection] Average computation time:
   flamingo.inference.masked_ps.MaskedBandPowerLikelihood : 5.3706e-05 s (42429 evaluations, 2.27869 s total)
[theorycollection] Average computation time:
   flamingo.inference.masked_ps.MaskedTSZTheory : 0.0165697 s (42429 evaluations, 703.037 s total)
[mcmc]  - Acceptance rate: 0.451
[mcmc]  - Convergence of means: R-1 = 0.021881 after 15680 accepted steps
[mcmc]  - Updated covariance matrix of proposal pdf.
[mcmc] Learn + convergence test @ 19640 samples accepted.
[likelihoodcollection] Average computation time:
   flamingo.inference.masked_ps.MaskedBandPowerLikelihood : 5.37068e-05 s (42509 evaluations, 2.28302 s total)
[theorycollection] Average computation time:
   flamingo.inference.masked_ps.MaskedTSZTheory : 0.0165699 s (42509 evaluations, 704.372 s total)
[mcmc]  - Acceptance rate: 0.451
[mcmc]  - Convergence of means: R-1 = 0.022471 after 15712 accepted steps
[mcmc]  - Updated covariance matrix of proposal pdf.
[mcmc] Progress @ 2026-08-03 01:21:43 : 42577 steps taken, and 19641 accepted.
[mcmc] Learn + convergence test @ 19680 samples accepted.
[likelihoodcollection] Average computation time:
   flamingo.inference.masked_ps.MaskedBandPowerLikelihood : 5.37073e-05 s (42619 evaluations, 2.28895 s total)
[theorycollection] Average computation time:
   flamingo.inference.masked_ps.MaskedTSZTheory : 0.0165699 s (42619 evaluations, 706.191 s total)
[mcmc]  - Acceptance rate: 0.451
[mcmc]  - Convergence of means: R-1 = 0.021290 after 15744 accepted steps
[mcmc]  - Updated covariance matrix of proposal pdf.
[mcmc] Learn + convergence test @ 19720 samples accepted.
[likelihoodcollection] Average computation time:
   flamingo.inference.masked_ps.MaskedBandPowerLikelihood : 5.37048e-05 s (42702 evaluations, 2.2933 s total)
[theorycollection] Average computation time:
   flamingo.inference.masked_ps.MaskedTSZTheory : 0.0165708 s (42702 evaluations, 707.607 s total)
[mcmc]  - Acceptance rate: 0.451
[mcmc]  - Convergence of means: R-1 = 0.021331 after 15776 accepted steps
[mcmc]  - Updated covariance matrix of proposal pdf.
[mcmc] Learn + convergence test @ 19760 samples accepted.
[likelihoodcollection] Average computation time:
   flamingo.inference.masked_ps.MaskedBandPowerLikelihood : 5.37002e-05 s (42797 evaluations, 2.29821 s total)
[theorycollection] Average computation time:
   flamingo.inference.masked_ps.MaskedTSZTheory : 0.0165709 s (42797 evaluations, 709.184 s total)
[mcmc]  - Acceptance rate: 0.451
[mcmc]  - Convergence of means: R-1 = 0.022869 after 15808 accepted steps
[mcmc]  - Updated covariance matrix of proposal pdf.
[mcmc] Learn + convergence test @ 19800 samples accepted.
[likelihoodcollection] Average computation time:
   flamingo.inference.masked_ps.MaskedBandPowerLikelihood : 5.36936e-05 s (42888 evaluations, 2.30281 s total)
[theorycollection] Average computation time:
   flamingo.inference.masked_ps.MaskedTSZTheory : 0.016571 s (42888 evaluations, 710.695 s total)
[mcmc]  - Acceptance rate: 0.451
[mcmc]  - Convergence of means: R-1 = 0.022339 after 15840 accepted steps
[mcmc]  - Updated covariance matrix of proposal pdf.
[mcmc] Learn + convergence test @ 19840 samples accepted.
[likelihoodcollection] Average computation time:
   flamingo.inference.masked_ps.MaskedBandPowerLikelihood : 5.3696e-05 s (42974 evaluations, 2.30753 s total)
[theorycollection] Average computation time:
   flamingo.inference.masked_ps.MaskedTSZTheory : 0.0165706 s (42974 evaluations, 712.107 s total)
[mcmc]  - Acceptance rate: 0.451
[mcmc]  - Convergence of means: R-1 = 0.022126 after 15872 accepted steps
[mcmc]  - Updated covariance matrix of proposal pdf.
[mcmc] Learn + convergence test @ 19880 samples accepted.
[likelihoodcollection] Average computation time:
   flamingo.inference.masked_ps.MaskedBandPowerLikelihood : 5.36936e-05 s (43062 evaluations, 2.31216 s total)
[theorycollection] Average computation time:
   flamingo.inference.masked_ps.MaskedTSZTheory : 0.0165704 s (43062 evaluations, 713.556 s total)
[mcmc]  - Acceptance rate: 0.451
[mcmc]  - Convergence of means: R-1 = 0.020986 after 15904 accepted steps
[mcmc]  - Updated covariance matrix of proposal pdf.
[mcmc] Learn + convergence test @ 19920 samples accepted.
[likelihoodcollection] Average computation time:
   flamingo.inference.masked_ps.MaskedBandPowerLikelihood : 5.36909e-05 s (43140 evaluations, 2.31623 s total)
[theorycollection] Average computation time:
   flamingo.inference.masked_ps.MaskedTSZTheory : 0.0165699 s (43140 evaluations, 714.827 s total)
[mcmc]  - Acceptance rate: 0.451
[mcmc]  - Convergence of means: R-1 = 0.019751 after 15936 accepted steps
[mcmc]  - Updated covariance matrix of proposal pdf.
[mcmc] Learn + convergence test @ 19960 samples accepted.
[likelihoodcollection] Average computation time:
   flamingo.inference.masked_ps.MaskedBandPowerLikelihood : 5.36958e-05 s (43231 evaluations, 2.32132 s total)
[theorycollection] Average computation time:
   flamingo.inference.masked_ps.MaskedTSZTheory : 0.0165703 s (43231 evaluations, 716.352 s total)
[mcmc]  - Acceptance rate: 0.451
[mcmc]  - Convergence of means: R-1 = 0.017976 after 15968 accepted steps
[mcmc]  - Updated covariance matrix of proposal pdf.
[mcmc] Learn + convergence test @ 20000 samples accepted.
[likelihoodcollection] Average computation time:
   flamingo.inference.masked_ps.MaskedBandPowerLikelihood : 5.36983e-05 s (43315 evaluations, 2.32594 s total)
[theorycollection] Average computation time:
   flamingo.inference.masked_ps.MaskedTSZTheory : 0.0165706 s (43315 evaluations, 717.754 s total)
[mcmc]  - Acceptance rate: 0.451
[mcmc]  - Convergence of means: R-1 = 0.016622 after 16000 accepted steps
[mcmc]  - Updated covariance matrix of proposal pdf.
[mcmc] Learn + convergence test @ 20040 samples accepted.
[likelihoodcollection] Average computation time:
   flamingo.inference.masked_ps.MaskedBandPowerLikelihood : 5.37053e-05 s (43393 evaluations, 2.33043 s total)
[theorycollection] Average computation time:
   flamingo.inference.masked_ps.MaskedTSZTheory : 0.0165706 s (43393 evaluations, 719.049 s total)
[mcmc]  - Acceptance rate: 0.451
[mcmc]  - Convergence of means: R-1 = 0.015316 after 16032 accepted steps
[mcmc]  - Updated covariance matrix of proposal pdf.
[mcmc] Learn + convergence test @ 20080 samples accepted.
[likelihoodcollection] Average computation time:
   flamingo.inference.masked_ps.MaskedBandPowerLikelihood : 5.37102e-05 s (43475 evaluations, 2.33505 s total)
[theorycollection] Average computation time:
   flamingo.inference.masked_ps.MaskedTSZTheory : 0.0165706 s (43475 evaluations, 720.405 s total)
[mcmc]  - Acceptance rate: 0.451
[mcmc]  - Convergence of means: R-1 = 0.015072 after 16064 accepted steps
[mcmc]  - Updated covariance matrix of proposal pdf.
[mcmc] Learn + convergence test @ 20120 samples accepted.
[likelihoodcollection] Average computation time:
   flamingo.inference.masked_ps.MaskedBandPowerLikelihood : 5.37076e-05 s (43556 evaluations, 2.33929 s total)
[theorycollection] Average computation time:
   flamingo.inference.masked_ps.MaskedTSZTheory : 0.0165702 s (43556 evaluations, 721.732 s total)
[mcmc]  - Acceptance rate: 0.451
[mcmc]  - Convergence of means: R-1 = 0.014577 after 16096 accepted steps
[mcmc]  - Updated covariance matrix of proposal pdf.
[mcmc] Learn + convergence test @ 20160 samples accepted.
[likelihoodcollection] Average computation time:
   flamingo.inference.masked_ps.MaskedBandPowerLikelihood : 5.37119e-05 s (43633 evaluations, 2.34361 s total)
[theorycollection] Average computation time:
   flamingo.inference.masked_ps.MaskedTSZTheory : 0.0165701 s (43633 evaluations, 723.003 s total)
[mcmc]  - Acceptance rate: 0.451
[mcmc]  - Convergence of means: R-1 = 0.013699 after 16128 accepted steps
[mcmc]  - Updated covariance matrix of proposal pdf.
[mcmc] Learn + convergence test @ 20200 samples accepted.
[likelihoodcollection] Average computation time:
   flamingo.inference.masked_ps.MaskedBandPowerLikelihood : 5.37131e-05 s (43740 evaluations, 2.34941 s total)
[theorycollection] Average computation time:
   flamingo.inference.masked_ps.MaskedTSZTheory : 0.0165703 s (43740 evaluations, 724.783 s total)
[mcmc]  - Acceptance rate: 0.451
[mcmc]  - Convergence of means: R-1 = 0.013882 after 16160 accepted steps
[mcmc]  - Updated covariance matrix of proposal pdf.
[mcmc] Learn + convergence test @ 20240 samples accepted.
[likelihoodcollection] Average computation time:
   flamingo.inference.masked_ps.MaskedBandPowerLikelihood : 5.37122e-05 s (43811 evaluations, 2.35318 s total)
[theorycollection] Average computation time:
   flamingo.inference.masked_ps.MaskedTSZTheory : 0.0165693 s (43811 evaluations, 725.919 s total)
[mcmc]  - Acceptance rate: 0.451
[mcmc]  - Convergence of means: R-1 = 0.015663 after 16192 accepted steps
[mcmc]  - Updated covariance matrix of proposal pdf.
[mcmc] Learn + convergence test @ 20280 samples accepted.
[likelihoodcollection] Average computation time:
   flamingo.inference.masked_ps.MaskedBandPowerLikelihood : 5.37117e-05 s (43891 evaluations, 2.35746 s total)
[theorycollection] Average computation time:
   flamingo.inference.masked_ps.MaskedTSZTheory : 0.016569 s (43891 evaluations, 727.229 s total)
[mcmc]  - Acceptance rate: 0.451
[mcmc]  - Convergence of means: R-1 = 0.015490 after 16224 accepted steps
[mcmc]  - Updated covariance matrix of proposal pdf.
[mcmc] Learn + convergence test @ 20320 samples accepted.
[likelihoodcollection] Average computation time:
   flamingo.inference.masked_ps.MaskedBandPowerLikelihood : 5.37127e-05 s (43997 evaluations, 2.3632 s total)
[theorycollection] Average computation time:
   flamingo.inference.masked_ps.MaskedTSZTheory : 0.016569 s (43997 evaluations, 728.986 s total)
[mcmc]  - Acceptance rate: 0.451
[mcmc]  - Convergence of means: R-1 = 0.014816 after 16256 accepted steps
[mcmc]  - Updated covariance matrix of proposal pdf.
[mcmc] Learn + convergence test @ 20360 samples accepted.
[likelihoodcollection] Average computation time:
   flamingo.inference.masked_ps.MaskedBandPowerLikelihood : 5.37088e-05 s (44110 evaluations, 2.3691 s total)
[theorycollection] Average computation time:
   flamingo.inference.masked_ps.MaskedTSZTheory : 0.016569 s (44110 evaluations, 730.857 s total)
[mcmc]  - Acceptance rate: 0.451
[mcmc]  - Convergence of means: R-1 = 0.013722 after 16288 accepted steps
[mcmc]  - Updated covariance matrix of proposal pdf.
[mcmc] Learn + convergence test @ 20400 samples accepted.
[likelihoodcollection] Average computation time:
   flamingo.inference.masked_ps.MaskedBandPowerLikelihood : 5.37103e-05 s (44196 evaluations, 2.37378 s total)
[theorycollection] Average computation time:
   flamingo.inference.masked_ps.MaskedTSZTheory : 0.0165696 s (44196 evaluations, 732.308 s total)
[mcmc]  - Acceptance rate: 0.451
[mcmc]  - Convergence of means: R-1 = 0.012667 after 16320 accepted steps
[mcmc]  - Updated covariance matrix of proposal pdf.
[mcmc] Learn + convergence test @ 20440 samples accepted.
[likelihoodcollection] Average computation time:
   flamingo.inference.masked_ps.MaskedBandPowerLikelihood : 5.3712e-05 s (44270 evaluations, 2.37783 s total)
[theorycollection] Average computation time:
   flamingo.inference.masked_ps.MaskedTSZTheory : 0.01657 s (44270 evaluations, 733.553 s total)
[mcmc]  - Acceptance rate: 0.451
[mcmc]  - Convergence of means: R-1 = 0.013279 after 16352 accepted steps
[mcmc]  - Updated covariance matrix of proposal pdf.
[mcmc] Learn + convergence test @ 20480 samples accepted.
[likelihoodcollection] Average computation time:
   flamingo.inference.masked_ps.MaskedBandPowerLikelihood : 5.37163e-05 s (44352 evaluations, 2.38242 s total)
[theorycollection] Average computation time:
   flamingo.inference.masked_ps.MaskedTSZTheory : 0.0165701 s (44352 evaluations, 734.916 s total)
[mcmc]  - Acceptance rate: 0.451
[mcmc]  - Convergence of means: R-1 = 0.012900 after 16384 accepted steps
[mcmc]  - Updated covariance matrix of proposal pdf.
[mcmc] Learn + convergence test @ 20520 samples accepted.
[likelihoodcollection] Average computation time:
   flamingo.inference.masked_ps.MaskedBandPowerLikelihood : 5.37142e-05 s (44440 evaluations, 2.38706 s total)
[theorycollection] Average computation time:
   flamingo.inference.masked_ps.MaskedTSZTheory : 0.01657 s (44440 evaluations, 736.372 s total)
[mcmc]  - Acceptance rate: 0.451
[mcmc]  - Convergence of means: R-1 = 0.012374 after 16416 accepted steps
[mcmc]  - Updated covariance matrix of proposal pdf.
[mcmc] Learn + convergence test @ 20560 samples accepted.
[likelihoodcollection] Average computation time:
   flamingo.inference.masked_ps.MaskedBandPowerLikelihood : 5.37163e-05 s (44538 evaluations, 2.39241 s total)
[theorycollection] Average computation time:
   flamingo.inference.masked_ps.MaskedTSZTheory : 0.0165697 s (44538 evaluations, 737.981 s total)
[mcmc]  - Acceptance rate: 0.451
[mcmc]  - Convergence of means: R-1 = 0.011000 after 16448 accepted steps
[mcmc]  - Updated covariance matrix of proposal pdf.
[mcmc] Learn + convergence test @ 20600 samples accepted.
[likelihoodcollection] Average computation time:
   flamingo.inference.masked_ps.MaskedBandPowerLikelihood : 5.37125e-05 s (44619 evaluations, 2.3966 s total)
[theorycollection] Average computation time:
   flamingo.inference.masked_ps.MaskedTSZTheory : 0.0165695 s (44619 evaluations, 739.316 s total)
[mcmc]  - Acceptance rate: 0.451
[mcmc]  - Convergence of means: R-1 = 0.011415 after 16480 accepted steps
[mcmc]  - Updated covariance matrix of proposal pdf.
[mcmc] Learn + convergence test @ 20640 samples accepted.
[likelihoodcollection] Average computation time:
   flamingo.inference.masked_ps.MaskedBandPowerLikelihood : 5.37144e-05 s (44722 evaluations, 2.40222 s total)
[theorycollection] Average computation time:
   flamingo.inference.masked_ps.MaskedTSZTheory : 0.0165695 s (44722 evaluations, 741.022 s total)
[mcmc]  - Acceptance rate: 0.451
[mcmc]  - Convergence of means: R-1 = 0.011862 after 16512 accepted steps
[mcmc]  - Updated covariance matrix of proposal pdf.
[mcmc] Learn + convergence test @ 20680 samples accepted.
[likelihoodcollection] Average computation time:
   flamingo.inference.masked_ps.MaskedBandPowerLikelihood : 5.37053e-05 s (44804 evaluations, 2.40621 s total)
[theorycollection] Average computation time:
   flamingo.inference.masked_ps.MaskedTSZTheory : 0.0165692 s (44804 evaluations, 742.365 s total)
[mcmc]  - Acceptance rate: 0.451
[mcmc]  - Convergence of means: R-1 = 0.011035 after 16544 accepted steps
[mcmc]  - Updated covariance matrix of proposal pdf.
[mcmc] Learn + convergence test @ 20720 samples accepted.
[likelihoodcollection] Average computation time:
   flamingo.inference.masked_ps.MaskedBandPowerLikelihood : 5.36724e-05 s (44907 evaluations, 2.41026 s total)
[theorycollection] Average computation time:
   flamingo.inference.masked_ps.MaskedTSZTheory : 0.0165659 s (44907 evaluations, 743.924 s total)
[mcmc]  - Acceptance rate: 0.451
[mcmc]  - Convergence of means: R-1 = 0.012143 after 16576 accepted steps
[mcmc]  - Updated covariance matrix of proposal pdf.
[mcmc] Learn + convergence test @ 20760 samples accepted.
[likelihoodcollection] Average computation time:
   flamingo.inference.masked_ps.MaskedBandPowerLikelihood : 5.36317e-05 s (44982 evaluations, 2.41246 s total)
[theorycollection] Average computation time:
   flamingo.inference.masked_ps.MaskedTSZTheory : 0.0165614 s (44982 evaluations, 744.964 s total)
[mcmc]  - Acceptance rate: 0.451
[mcmc]  - Convergence of means: R-1 = 0.012278 after 16608 accepted steps
[mcmc]  - Updated covariance matrix of proposal pdf.
[mcmc] Learn + convergence test @ 20800 samples accepted.
[likelihoodcollection] Average computation time:
   flamingo.inference.masked_ps.MaskedBandPowerLikelihood : 5.36057e-05 s (45050 evaluations, 2.41494 s total)
[theorycollection] Average computation time:
   flamingo.inference.masked_ps.MaskedTSZTheory : 0.0165578 s (45050 evaluations, 745.93 s total)
[mcmc]  - Acceptance rate: 0.451
[mcmc]  - Convergence of means: R-1 = 0.012241 after 16640 accepted steps
[mcmc]  - Updated covariance matrix of proposal pdf.
[mcmc] Learn + convergence test @ 20840 samples accepted.
[likelihoodcollection] Average computation time:
   flamingo.inference.masked_ps.MaskedBandPowerLikelihood : 5.35903e-05 s (45132 evaluations, 2.41864 s total)
[theorycollection] Average computation time:
   flamingo.inference.masked_ps.MaskedTSZTheory : 0.0165548 s (45132 evaluations, 747.151 s total)
[mcmc]  - Acceptance rate: 0.451
[mcmc]  - Convergence of means: R-1 = 0.011766 after 16672 accepted steps
[mcmc]  - Updated covariance matrix of proposal pdf.
[mcmc] Learn + convergence test @ 20880 samples accepted.
[likelihoodcollection] Average computation time:
   flamingo.inference.masked_ps.MaskedBandPowerLikelihood : 5.35777e-05 s (45217 evaluations, 2.42262 s total)
[theorycollection] Average computation time:
   flamingo.inference.masked_ps.MaskedTSZTheory : 0.0165527 s (45217 evaluations, 748.465 s total)
[mcmc]  - Acceptance rate: 0.451
[mcmc]  - Convergence of means: R-1 = 0.012003 after 16704 accepted steps
[mcmc]  - Updated covariance matrix of proposal pdf.
[mcmc] Learn + convergence test @ 20920 samples accepted.
[likelihoodcollection] Average computation time:
   flamingo.inference.masked_ps.MaskedBandPowerLikelihood : 5.35638e-05 s (45299 evaluations, 2.42639 s total)
[theorycollection] Average computation time:
   flamingo.inference.masked_ps.MaskedTSZTheory : 0.0165514 s (45299 evaluations, 749.76 s total)
[mcmc]  - Acceptance rate: 0.451
[mcmc]  - Convergence of means: R-1 = 0.011914 after 16736 accepted steps
[mcmc]  - Updated covariance matrix of proposal pdf.
[mcmc] Learn + convergence test @ 20960 samples accepted.
[likelihoodcollection] Average computation time:
   flamingo.inference.masked_ps.MaskedBandPowerLikelihood : 5.35644e-05 s (45386 evaluations, 2.43107 s total)
[theorycollection] Average computation time:
   flamingo.inference.masked_ps.MaskedTSZTheory : 0.016552 s (45386 evaluations, 751.227 s total)
[mcmc]  - Acceptance rate: 0.451
[mcmc]  - Convergence of means: R-1 = 0.012637 after 16768 accepted steps
[mcmc]  - Updated covariance matrix of proposal pdf.
[mcmc] Learn + convergence test @ 21000 samples accepted.
[likelihoodcollection] Average computation time:
   flamingo.inference.masked_ps.MaskedBandPowerLikelihood : 5.3567e-05 s (45465 evaluations, 2.43543 s total)
[theorycollection] Average computation time:
   flamingo.inference.masked_ps.MaskedTSZTheory : 0.0165526 s (45465 evaluations, 752.566 s total)
[mcmc]  - Acceptance rate: 0.451
[mcmc]  - Convergence of means: R-1 = 0.013008 after 16800 accepted steps
[mcmc]  - Updated covariance matrix of proposal pdf.
[mcmc] Learn + convergence test @ 21040 samples accepted.
[likelihoodcollection] Average computation time:
   flamingo.inference.masked_ps.MaskedBandPowerLikelihood : 5.35764e-05 s (45535 evaluations, 2.4396 s total)
[theorycollection] Average computation time:
   flamingo.inference.masked_ps.MaskedTSZTheory : 0.0165526 s (45535 evaluations, 753.723 s total)
[mcmc]  - Acceptance rate: 0.452
[mcmc]  - Convergence of means: R-1 = 0.011350 after 16832 accepted steps
[mcmc]  - Updated covariance matrix of proposal pdf.
[mcmc] Learn + convergence test @ 21080 samples accepted.
[likelihoodcollection] Average computation time:
   flamingo.inference.masked_ps.MaskedBandPowerLikelihood : 5.35742e-05 s (45626 evaluations, 2.44437 s total)
[theorycollection] Average computation time:
   flamingo.inference.masked_ps.MaskedTSZTheory : 0.0165519 s (45626 evaluations, 755.198 s total)
[mcmc]  - Acceptance rate: 0.452
[mcmc]  - Convergence of means: R-1 = 0.011331 after 16864 accepted steps
[mcmc]  - Updated covariance matrix of proposal pdf.
[mcmc] Learn + convergence test @ 21120 samples accepted.
[likelihoodcollection] Average computation time:
   flamingo.inference.masked_ps.MaskedBandPowerLikelihood : 5.3569e-05 s (45710 evaluations, 2.44864 s total)
[theorycollection] Average computation time:
   flamingo.inference.masked_ps.MaskedTSZTheory : 0.0165513 s (45710 evaluations, 756.562 s total)
[mcmc]  - Acceptance rate: 0.452
[mcmc]  - Convergence of means: R-1 = 0.011857 after 16896 accepted steps
[mcmc]  - Updated covariance matrix of proposal pdf.
[mcmc] Learn + convergence test @ 21160 samples accepted.
[likelihoodcollection] Average computation time:
   flamingo.inference.masked_ps.MaskedBandPowerLikelihood : 5.35709e-05 s (45788 evaluations, 2.4529 s total)
[theorycollection] Average computation time:
   flamingo.inference.masked_ps.MaskedTSZTheory : 0.0165516 s (45788 evaluations, 757.866 s total)
[mcmc]  - Acceptance rate: 0.452
[mcmc]  - Convergence of means: R-1 = 0.011773 after 16928 accepted steps
[mcmc]  - Updated covariance matrix of proposal pdf.
[mcmc] Learn + convergence test @ 21200 samples accepted.
[likelihoodcollection] Average computation time:
   flamingo.inference.masked_ps.MaskedBandPowerLikelihood : 5.35723e-05 s (45857 evaluations, 2.45666 s total)
[theorycollection] Average computation time:
   flamingo.inference.masked_ps.MaskedTSZTheory : 0.0165514 s (45857 evaluations, 758.996 s total)
[mcmc]  - Acceptance rate: 0.452
[mcmc]  - Convergence of means: R-1 = 0.012509 after 16960 accepted steps
[mcmc]  - Updated covariance matrix of proposal pdf.
[mcmc] Learn + convergence test @ 21240 samples accepted.
[likelihoodcollection] Average computation time:
   flamingo.inference.masked_ps.MaskedBandPowerLikelihood : 5.35747e-05 s (45929 evaluations, 2.46063 s total)
[theorycollection] Average computation time:
   flamingo.inference.masked_ps.MaskedTSZTheory : 0.0165505 s (45929 evaluations, 760.146 s total)
[mcmc]  - Acceptance rate: 0.452
[mcmc]  - Convergence of means: R-1 = 0.013223 after 16992 accepted steps
[mcmc]  - Updated covariance matrix of proposal pdf.
[mcmc] Learn + convergence test @ 21280 samples accepted.
[likelihoodcollection] Average computation time:
   flamingo.inference.masked_ps.MaskedBandPowerLikelihood : 5.35724e-05 s (46013 evaluations, 2.46503 s total)
[theorycollection] Average computation time:
   flamingo.inference.masked_ps.MaskedTSZTheory : 0.0165499 s (46013 evaluations, 761.511 s total)
[mcmc]  - Acceptance rate: 0.452
[mcmc]  - Convergence of means: R-1 = 0.013767 after 17024 accepted steps
[mcmc]  - Updated covariance matrix of proposal pdf.
[mcmc] Progress @ 2026-08-03 01:22:43 : 46181 steps taken, and 21320 accepted.
[mcmc] Learn + convergence test @ 21320 samples accepted.
[likelihoodcollection] Average computation time:
   flamingo.inference.masked_ps.MaskedBandPowerLikelihood : 5.35704e-05 s (46109 evaluations, 2.47008 s total)
[theorycollection] Average computation time:
   flamingo.inference.masked_ps.MaskedTSZTheory : 0.0165501 s (46109 evaluations, 763.109 s total)
[mcmc]  - Acceptance rate: 0.452
[mcmc]  - Convergence of means: R-1 = 0.013412 after 17056 accepted steps
[mcmc]  - Updated covariance matrix of proposal pdf.
[mcmc] Learn + convergence test @ 21360 samples accepted.
[likelihoodcollection] Average computation time:
   flamingo.inference.masked_ps.MaskedBandPowerLikelihood : 5.35747e-05 s (46202 evaluations, 2.47526 s total)
[theorycollection] Average computation time:
   flamingo.inference.masked_ps.MaskedTSZTheory : 0.0165505 s (46202 evaluations, 764.667 s total)
[mcmc]  - Acceptance rate: 0.452
[mcmc]  - Convergence of means: R-1 = 0.013240 after 17088 accepted steps
[mcmc]  - Updated covariance matrix of proposal pdf.
[mcmc] Learn + convergence test @ 21400 samples accepted.
[likelihoodcollection] Average computation time:
   flamingo.inference.masked_ps.MaskedBandPowerLikelihood : 5.35705e-05 s (46279 evaluations, 2.47919 s total)
[theorycollection] Average computation time:
   flamingo.inference.masked_ps.MaskedTSZTheory : 0.0165512 s (46279 evaluations, 765.971 s total)
[mcmc]  - Acceptance rate: 0.452
[mcmc]  - Convergence of means: R-1 = 0.013461 after 17120 accepted steps
[mcmc]  - Updated covariance matrix of proposal pdf.
[mcmc] Learn + convergence test @ 21440 samples accepted.
[likelihoodcollection] Average computation time:
   flamingo.inference.masked_ps.MaskedBandPowerLikelihood : 5.35684e-05 s (46381 evaluations, 2.48455 s total)
[theorycollection] Average computation time:
   flamingo.inference.masked_ps.MaskedTSZTheory : 0.016551 s (46381 evaluations, 767.651 s total)
[mcmc]  - Acceptance rate: 0.452
[mcmc]  - Convergence of means: R-1 = 0.013941 after 17152 accepted steps
[mcmc]  - Updated covariance matrix of proposal pdf.
[mcmc] Learn + convergence test @ 21480 samples accepted.
[likelihoodcollection] Average computation time:
   flamingo.inference.masked_ps.MaskedBandPowerLikelihood : 5.35655e-05 s (46497 evaluations, 2.49064 s total)
[theorycollection] Average computation time:
   flamingo.inference.masked_ps.MaskedTSZTheory : 0.01655 s (46497 evaluations, 769.525 s total)
[mcmc]  - Acceptance rate: 0.452
[mcmc]  - Convergence of means: R-1 = 0.013870 after 17184 accepted steps
[mcmc]  - Updated covariance matrix of proposal pdf.
[mcmc] Learn + convergence test @ 21520 samples accepted.
[likelihoodcollection] Average computation time:
   flamingo.inference.masked_ps.MaskedBandPowerLikelihood : 5.35678e-05 s (46586 evaluations, 2.49551 s total)
[theorycollection] Average computation time:
   flamingo.inference.masked_ps.MaskedTSZTheory : 0.0165503 s (46586 evaluations, 771.011 s total)
[mcmc]  - Acceptance rate: 0.452
[mcmc]  - Convergence of means: R-1 = 0.013403 after 17216 accepted steps
[mcmc]  - Updated covariance matrix of proposal pdf.
[mcmc] Learn + convergence test @ 21560 samples accepted.
[likelihoodcollection] Average computation time:
   flamingo.inference.masked_ps.MaskedBandPowerLikelihood : 5.35699e-05 s (46656 evaluations, 2.49936 s total)
[theorycollection] Average computation time:
   flamingo.inference.masked_ps.MaskedTSZTheory : 0.0165503 s (46656 evaluations, 772.173 s total)
[mcmc]  - Acceptance rate: 0.452
[mcmc]  - Convergence of means: R-1 = 0.013148 after 17248 accepted steps
[mcmc]  - Updated covariance matrix of proposal pdf.
[mcmc] Learn + convergence test @ 21600 samples accepted.
[likelihoodcollection] Average computation time:
   flamingo.inference.masked_ps.MaskedBandPowerLikelihood : 5.35671e-05 s (46747 evaluations, 2.5041 s total)
[theorycollection] Average computation time:
   flamingo.inference.masked_ps.MaskedTSZTheory : 0.0165501 s (46747 evaluations, 773.667 s total)
[mcmc]  - Acceptance rate: 0.452
[mcmc]  - Convergence of means: R-1 = 0.013091 after 17280 accepted steps
[mcmc]  - Updated covariance matrix of proposal pdf.
[mcmc] Learn + convergence test @ 21640 samples accepted.
[likelihoodcollection] Average computation time:
   flamingo.inference.masked_ps.MaskedBandPowerLikelihood : 5.35678e-05 s (46831 evaluations, 2.50863 s total)
[theorycollection] Average computation time:
   flamingo.inference.masked_ps.MaskedTSZTheory : 0.0165503 s (46831 evaluations, 775.069 s total)
[mcmc]  - Acceptance rate: 0.452
[mcmc]  - Convergence of means: R-1 = 0.013452 after 17312 accepted steps
[mcmc]  - Updated covariance matrix of proposal pdf.
[mcmc] Learn + convergence test @ 21680 samples accepted.
[likelihoodcollection] Average computation time:
   flamingo.inference.masked_ps.MaskedBandPowerLikelihood : 5.35607e-05 s (46913 evaluations, 2.51269 s total)
[theorycollection] Average computation time:
   flamingo.inference.masked_ps.MaskedTSZTheory : 0.0165499 s (46913 evaluations, 776.404 s total)
[mcmc]  - Acceptance rate: 0.452
[mcmc]  - Convergence of means: R-1 = 0.013045 after 17344 accepted steps
[mcmc]  - Updated covariance matrix of proposal pdf.
[mcmc] Learn + convergence test @ 21720 samples accepted.
[likelihoodcollection] Average computation time:
   flamingo.inference.masked_ps.MaskedBandPowerLikelihood : 5.35558e-05 s (47007 evaluations, 2.5175 s total)
[theorycollection] Average computation time:
   flamingo.inference.masked_ps.MaskedTSZTheory : 0.0165502 s (47007 evaluations, 777.974 s total)
[mcmc]  - Acceptance rate: 0.452
[mcmc]  - Convergence of means: R-1 = 0.013018 after 17376 accepted steps
[mcmc]  - Updated covariance matrix of proposal pdf.
[mcmc] Learn + convergence test @ 21760 samples accepted.
[likelihoodcollection] Average computation time:
   flamingo.inference.masked_ps.MaskedBandPowerLikelihood : 5.35523e-05 s (47102 evaluations, 2.52242 s total)
[theorycollection] Average computation time:
   flamingo.inference.masked_ps.MaskedTSZTheory : 0.0165501 s (47102 evaluations, 779.542 s total)
[mcmc]  - Acceptance rate: 0.452
[mcmc]  - Convergence of means: R-1 = 0.013012 after 17408 accepted steps
[mcmc]  - Updated covariance matrix of proposal pdf.
[mcmc] Learn + convergence test @ 21800 samples accepted.
[likelihoodcollection] Average computation time:
   flamingo.inference.masked_ps.MaskedBandPowerLikelihood : 5.35531e-05 s (47191 evaluations, 2.52723 s total)
[theorycollection] Average computation time:
   flamingo.inference.masked_ps.MaskedTSZTheory : 0.0165507 s (47191 evaluations, 781.044 s total)
[mcmc]  - Acceptance rate: 0.452
[mcmc]  - Convergence of means: R-1 = 0.013346 after 17440 accepted steps
[mcmc]  - Updated covariance matrix of proposal pdf.
[mcmc] Learn + convergence test @ 21840 samples accepted.
[likelihoodcollection] Average computation time:
   flamingo.inference.masked_ps.MaskedBandPowerLikelihood : 5.3568e-05 s (47313 evaluations, 2.53446 s total)
[theorycollection] Average computation time:
   flamingo.inference.masked_ps.MaskedTSZTheory : 0.016551 s (47313 evaluations, 783.08 s total)
[mcmc]  - Acceptance rate: 0.451
[mcmc]  - Convergence of means: R-1 = 0.013255 after 17472 accepted steps
[mcmc]  - Updated covariance matrix of proposal pdf.
[mcmc] Learn + convergence test @ 21880 samples accepted.
[likelihoodcollection] Average computation time:
   flamingo.inference.masked_ps.MaskedBandPowerLikelihood : 5.35659e-05 s (47417 evaluations, 2.53993 s total)
[theorycollection] Average computation time:
   flamingo.inference.masked_ps.MaskedTSZTheory : 0.0165518 s (47417 evaluations, 784.835 s total)
[mcmc]  - Acceptance rate: 0.451
[mcmc]  - Convergence of means: R-1 = 0.013632 after 17504 accepted steps
[mcmc]  - Updated covariance matrix of proposal pdf.
[mcmc] Learn + convergence test @ 21920 samples accepted.
[likelihoodcollection] Average computation time:
   flamingo.inference.masked_ps.MaskedBandPowerLikelihood : 5.35663e-05 s (47508 evaluations, 2.54483 s total)
[theorycollection] Average computation time:
   flamingo.inference.masked_ps.MaskedTSZTheory : 0.0165521 s (47508 evaluations, 786.356 s total)
[mcmc]  - Acceptance rate: 0.451
[mcmc]  - Convergence of means: R-1 = 0.012932 after 17536 accepted steps
[mcmc]  - Updated covariance matrix of proposal pdf.
[mcmc] Learn + convergence test @ 21960 samples accepted.
[likelihoodcollection] Average computation time:
   flamingo.inference.masked_ps.MaskedBandPowerLikelihood : 5.35584e-05 s (47622 evaluations, 2.55056 s total)
[theorycollection] Average computation time:
   flamingo.inference.masked_ps.MaskedTSZTheory : 0.0165517 s (47622 evaluations, 788.224 s total)
[mcmc]  - Acceptance rate: 0.451
[mcmc]  - Convergence of means: R-1 = 0.013051 after 17568 accepted steps
[mcmc]  - Updated covariance matrix of proposal pdf.
[mcmc] Learn + convergence test @ 22000 samples accepted.
[likelihoodcollection] Average computation time:
   flamingo.inference.masked_ps.MaskedBandPowerLikelihood : 5.35625e-05 s (47714 evaluations, 2.55568 s total)
[theorycollection] Average computation time:
   flamingo.inference.masked_ps.MaskedTSZTheory : 0.0165518 s (47714 evaluations, 789.754 s total)
[mcmc]  - Acceptance rate: 0.451
[mcmc]  - Convergence of means: R-1 = 0.014461 after 17600 accepted steps
[mcmc]  - Updated covariance matrix of proposal pdf.
[mcmc] Learn + convergence test @ 22040 samples accepted.
[likelihoodcollection] Average computation time:
   flamingo.inference.masked_ps.MaskedBandPowerLikelihood : 5.35662e-05 s (47818 evaluations, 2.56143 s total)
[theorycollection] Average computation time:
   flamingo.inference.masked_ps.MaskedTSZTheory : 0.0165523 s (47818 evaluations, 791.496 s total)
[mcmc]  - Acceptance rate: 0.450
[mcmc]  - Convergence of means: R-1 = 0.015223 after 17632 accepted steps
[mcmc]  - Updated covariance matrix of proposal pdf.
[mcmc] Learn + convergence test @ 22080 samples accepted.
[likelihoodcollection] Average computation time:
   flamingo.inference.masked_ps.MaskedBandPowerLikelihood : 5.35661e-05 s (47904 evaluations, 2.56603 s total)
[theorycollection] Average computation time:
   flamingo.inference.masked_ps.MaskedTSZTheory : 0.0165527 s (47904 evaluations, 792.939 s total)
[mcmc]  - Acceptance rate: 0.451
[mcmc]  - Convergence of means: R-1 = 0.015081 after 17664 accepted steps
[mcmc]  - Updated covariance matrix of proposal pdf.
[mcmc] Learn + convergence test @ 22120 samples accepted.
[likelihoodcollection] Average computation time:
   flamingo.inference.masked_ps.MaskedBandPowerLikelihood : 5.35664e-05 s (47996 evaluations, 2.57097 s total)
[theorycollection] Average computation time:
   flamingo.inference.masked_ps.MaskedTSZTheory : 0.0165528 s (47996 evaluations, 794.47 s total)
[mcmc]  - Acceptance rate: 0.450
[mcmc]  - Convergence of means: R-1 = 0.015165 after 17696 accepted steps
[mcmc]  - Updated covariance matrix of proposal pdf.
[mcmc] Learn + convergence test @ 22160 samples accepted.
[likelihoodcollection] Average computation time:
   flamingo.inference.masked_ps.MaskedBandPowerLikelihood : 5.35654e-05 s (48085 evaluations, 2.57569 s total)
[theorycollection] Average computation time:
   flamingo.inference.masked_ps.MaskedTSZTheory : 0.016553 s (48085 evaluations, 795.951 s total)
[mcmc]  - Acceptance rate: 0.450
[mcmc]  - Convergence of means: R-1 = 0.017611 after 17728 accepted steps
[mcmc]  - Updated covariance matrix of proposal pdf.
[mcmc] Learn + convergence test @ 22200 samples accepted.
[likelihoodcollection] Average computation time:
   flamingo.inference.masked_ps.MaskedBandPowerLikelihood : 5.35696e-05 s (48181 evaluations, 2.58104 s total)
[theorycollection] Average computation time:
   flamingo.inference.masked_ps.MaskedTSZTheory : 0.0165534 s (48181 evaluations, 797.559 s total)
[mcmc]  - Acceptance rate: 0.450
[mcmc]  - Convergence of means: R-1 = 0.018309 after 17760 accepted steps
[mcmc]  - Updated covariance matrix of proposal pdf.
[mcmc] Learn + convergence test @ 22240 samples accepted.
[likelihoodcollection] Average computation time:
   flamingo.inference.masked_ps.MaskedBandPowerLikelihood : 5.35638e-05 s (48274 evaluations, 2.58574 s total)
[theorycollection] Average computation time:
   flamingo.inference.masked_ps.MaskedTSZTheory : 0.0165536 s (48274 evaluations, 799.109 s total)
[mcmc]  - Acceptance rate: 0.450
[mcmc]  - Convergence of means: R-1 = 0.016509 after 17792 accepted steps
[mcmc]  - Updated covariance matrix of proposal pdf.
[mcmc] Learn + convergence test @ 22280 samples accepted.
[likelihoodcollection] Average computation time:
   flamingo.inference.masked_ps.MaskedBandPowerLikelihood : 5.35668e-05 s (48382 evaluations, 2.59167 s total)
[theorycollection] Average computation time:
   flamingo.inference.masked_ps.MaskedTSZTheory : 0.0165538 s (48382 evaluations, 800.905 s total)
[mcmc]  - Acceptance rate: 0.450
[mcmc]  - Convergence of means: R-1 = 0.015736 after 17824 accepted steps
[mcmc]  - Updated covariance matrix of proposal pdf.
[mcmc] Learn + convergence test @ 22320 samples accepted.
[likelihoodcollection] Average computation time:
   flamingo.inference.masked_ps.MaskedBandPowerLikelihood : 5.35695e-05 s (48469 evaluations, 2.59646 s total)
[theorycollection] Average computation time:
   flamingo.inference.masked_ps.MaskedTSZTheory : 0.0165542 s (48469 evaluations, 802.364 s total)
[mcmc]  - Acceptance rate: 0.450
[mcmc]  - Convergence of means: R-1 = 0.014640 after 17856 accepted steps
[mcmc]  - Updated covariance matrix of proposal pdf.
[mcmc] Learn + convergence test @ 22360 samples accepted.
[likelihoodcollection] Average computation time:
   flamingo.inference.masked_ps.MaskedBandPowerLikelihood : 5.35689e-05 s (48535 evaluations, 2.59997 s total)
[theorycollection] Average computation time:
   flamingo.inference.masked_ps.MaskedTSZTheory : 0.0165542 s (48535 evaluations, 803.456 s total)
[mcmc]  - Acceptance rate: 0.450
[mcmc]  - Convergence of means: R-1 = 0.014493 after 17888 accepted steps
[mcmc]  - Updated covariance matrix of proposal pdf.
[mcmc] Learn + convergence test @ 22400 samples accepted.
[likelihoodcollection] Average computation time:
   flamingo.inference.masked_ps.MaskedBandPowerLikelihood : 5.35333e-05 s (48623 evaluations, 2.60295 s total)
[theorycollection] Average computation time:
   flamingo.inference.masked_ps.MaskedTSZTheory : 0.0165497 s (48623 evaluations, 804.697 s total)
[mcmc]  - Acceptance rate: 0.450
[mcmc]  - Convergence of means: R-1 = 0.014395 after 17920 accepted steps
[mcmc]  - Updated covariance matrix of proposal pdf.
[mcmc] Learn + convergence test @ 22440 samples accepted.
[likelihoodcollection] Average computation time:
   flamingo.inference.masked_ps.MaskedBandPowerLikelihood : 5.34978e-05 s (48711 evaluations, 2.60593 s total)
[theorycollection] Average computation time:
   flamingo.inference.masked_ps.MaskedTSZTheory : 0.0165451 s (48711 evaluations, 805.927 s total)
[mcmc]  - Acceptance rate: 0.450
[mcmc]  - Convergence of means: R-1 = 0.014094 after 17952 accepted steps
[mcmc]  - Updated covariance matrix of proposal pdf.
[mcmc] Learn + convergence test @ 22480 samples accepted.
[likelihoodcollection] Average computation time:
   flamingo.inference.masked_ps.MaskedBandPowerLikelihood : 5.34677e-05 s (48782 evaluations, 2.60826 s total)
[theorycollection] Average computation time:
   flamingo.inference.masked_ps.MaskedTSZTheory : 0.0165411 s (48782 evaluations, 806.906 s total)
[mcmc]  - Acceptance rate: 0.450
[mcmc]  - Convergence of means: R-1 = 0.015101 after 17984 accepted steps
[mcmc]  - Updated covariance matrix of proposal pdf.
[mcmc] Learn + convergence test @ 22520 samples accepted.
[likelihoodcollection] Average computation time:
   flamingo.inference.masked_ps.MaskedBandPowerLikelihood : 5.34351e-05 s (48855 evaluations, 2.61057 s total)
[theorycollection] Average computation time:
   flamingo.inference.masked_ps.MaskedTSZTheory : 0.0165369 s (48855 evaluations, 807.909 s total)
[mcmc]  - Acceptance rate: 0.451
[mcmc]  - Convergence of means: R-1 = 0.015356 after 18016 accepted steps
[mcmc]  - Updated covariance matrix of proposal pdf.
[mcmc] Learn + convergence test @ 22560 samples accepted.
[likelihoodcollection] Average computation time:
   flamingo.inference.masked_ps.MaskedBandPowerLikelihood : 5.3403e-05 s (48925 evaluations, 2.61274 s total)
[theorycollection] Average computation time:
   flamingo.inference.masked_ps.MaskedTSZTheory : 0.0165329 s (48925 evaluations, 808.874 s total)
[mcmc]  - Acceptance rate: 0.451
[mcmc]  - Convergence of means: R-1 = 0.015013 after 18048 accepted steps
[mcmc]  - Updated covariance matrix of proposal pdf.
[mcmc] Learn + convergence test @ 22600 samples accepted.
[likelihoodcollection] Average computation time:
   flamingo.inference.masked_ps.MaskedBandPowerLikelihood : 5.33604e-05 s (49021 evaluations, 2.61578 s total)
[theorycollection] Average computation time:
   flamingo.inference.masked_ps.MaskedTSZTheory : 0.0165276 s (49021 evaluations, 810.2 s total)
[mcmc]  - Acceptance rate: 0.451
[mcmc]  - Convergence of means: R-1 = 0.017284 after 18080 accepted steps
[mcmc]  - Updated covariance matrix of proposal pdf.
[mcmc] Learn + convergence test @ 22640 samples accepted.
[likelihoodcollection] Average computation time:
   flamingo.inference.masked_ps.MaskedBandPowerLikelihood : 5.33209e-05 s (49111 evaluations, 2.61864 s total)
[theorycollection] Average computation time:
   flamingo.inference.masked_ps.MaskedTSZTheory : 0.0165223 s (49111 evaluations, 811.428 s total)
[mcmc]  - Acceptance rate: 0.451
[mcmc]  - Convergence of means: R-1 = 0.017301 after 18112 accepted steps
[mcmc]  - Updated covariance matrix of proposal pdf.
[mcmc] Learn + convergence test @ 22680 samples accepted.
[likelihoodcollection] Average computation time:
   flamingo.inference.masked_ps.MaskedBandPowerLikelihood : 5.32787e-05 s (49211 evaluations, 2.6219 s total)
[theorycollection] Average computation time:
   flamingo.inference.masked_ps.MaskedTSZTheory : 0.0165165 s (49211 evaluations, 812.794 s total)
[mcmc]  - Acceptance rate: 0.451
[mcmc]  - Convergence of means: R-1 = 0.016138 after 18144 accepted steps
[mcmc]  - Updated covariance matrix of proposal pdf.
[mcmc] Learn + convergence test @ 22720 samples accepted.
[likelihoodcollection] Average computation time:
   flamingo.inference.masked_ps.MaskedBandPowerLikelihood : 5.32471e-05 s (49291 evaluations, 2.6246 s total)
[theorycollection] Average computation time:
   flamingo.inference.masked_ps.MaskedTSZTheory : 0.0165118 s (49291 evaluations, 813.886 s total)
[mcmc]  - Acceptance rate: 0.451
[mcmc]  - Convergence of means: R-1 = 0.016607 after 18176 accepted steps
[mcmc]  - Updated covariance matrix of proposal pdf.
[mcmc] Learn + convergence test @ 22760 samples accepted.
[likelihoodcollection] Average computation time:
   flamingo.inference.masked_ps.MaskedBandPowerLikelihood : 5.32165e-05 s (49366 evaluations, 2.62709 s total)
[theorycollection] Average computation time:
   flamingo.inference.masked_ps.MaskedTSZTheory : 0.0165073 s (49366 evaluations, 814.901 s total)
[mcmc]  - Acceptance rate: 0.451
[mcmc]  - Convergence of means: R-1 = 0.017315 after 18208 accepted steps
[mcmc]  - Updated covariance matrix of proposal pdf.
[mcmc] Learn + convergence test @ 22800 samples accepted.
[likelihoodcollection] Average computation time:
   flamingo.inference.masked_ps.MaskedBandPowerLikelihood : 5.31757e-05 s (49466 evaluations, 2.63039 s total)
[theorycollection] Average computation time:
   flamingo.inference.masked_ps.MaskedTSZTheory : 0.0165013 s (49466 evaluations, 816.252 s total)
[mcmc]  - Acceptance rate: 0.451
[mcmc]  - Convergence of means: R-1 = 0.015933 after 18240 accepted steps
[mcmc]  - Updated covariance matrix of proposal pdf.
[mcmc] Learn + convergence test @ 22840 samples accepted.
[likelihoodcollection] Average computation time:
   flamingo.inference.masked_ps.MaskedBandPowerLikelihood : 5.31379e-05 s (49555 evaluations, 2.63325 s total)
[theorycollection] Average computation time:
   flamingo.inference.masked_ps.MaskedTSZTheory : 0.0164959 s (49555 evaluations, 817.453 s total)
[mcmc]  - Acceptance rate: 0.451
[mcmc]  - Convergence of means: R-1 = 0.015253 after 18272 accepted steps
[mcmc]  - Updated covariance matrix of proposal pdf.
[mcmc] Learn + convergence test @ 22880 samples accepted.
[likelihoodcollection] Average computation time:
   flamingo.inference.masked_ps.MaskedBandPowerLikelihood : 5.30991e-05 s (49650 evaluations, 2.63637 s total)
[theorycollection] Average computation time:
   flamingo.inference.masked_ps.MaskedTSZTheory : 0.0164902 s (49650 evaluations, 818.736 s total)
[mcmc]  - Acceptance rate: 0.451
[mcmc]  - Convergence of means: R-1 = 0.015425 after 18304 accepted steps
[mcmc]  - Updated covariance matrix of proposal pdf.
[mcmc] Learn + convergence test @ 22920 samples accepted.
[likelihoodcollection] Average computation time:
   flamingo.inference.masked_ps.MaskedBandPowerLikelihood : 5.30668e-05 s (49725 evaluations, 2.63875 s total)
[theorycollection] Average computation time:
   flamingo.inference.masked_ps.MaskedTSZTheory : 0.0164858 s (49725 evaluations, 819.754 s total)
[mcmc]  - Acceptance rate: 0.451
[mcmc]  - Convergence of means: R-1 = 0.015886 after 18336 accepted steps
[mcmc]  - Updated covariance matrix of proposal pdf.
[mcmc] Learn + convergence test @ 22960 samples accepted.
[likelihoodcollection] Average computation time:
   flamingo.inference.masked_ps.MaskedBandPowerLikelihood : 5.30351e-05 s (49799 evaluations, 2.6411 s total)
[theorycollection] Average computation time:
   flamingo.inference.masked_ps.MaskedTSZTheory : 0.0164817 s (49799 evaluations, 820.77 s total)
[mcmc]  - Acceptance rate: 0.451
[mcmc]  - Convergence of means: R-1 = 0.015529 after 18368 accepted steps
[mcmc]  - Updated covariance matrix of proposal pdf.
[mcmc] Progress @ 2026-08-03 01:23:43 : 49955 steps taken, and 22998 accepted.
[mcmc] Learn + convergence test @ 23000 samples accepted.
[likelihoodcollection] Average computation time:
   flamingo.inference.masked_ps.MaskedBandPowerLikelihood : 5.29996e-05 s (49883 evaluations, 2.64378 s total)
[theorycollection] Average computation time:
   flamingo.inference.masked_ps.MaskedTSZTheory : 0.0164772 s (49883 evaluations, 821.934 s total)
[mcmc]  - Acceptance rate: 0.451
[mcmc]  - Convergence of means: R-1 = 0.015453 after 18400 accepted steps
[mcmc]  - Updated covariance matrix of proposal pdf.
[mcmc] Learn + convergence test @ 23040 samples accepted.
[likelihoodcollection] Average computation time:
   flamingo.inference.masked_ps.MaskedBandPowerLikelihood : 5.29543e-05 s (49972 evaluations, 2.64623 s total)
[theorycollection] Average computation time:
   flamingo.inference.masked_ps.MaskedTSZTheory : 0.0164732 s (49972 evaluations, 823.197 s total)
[mcmc]  - Acceptance rate: 0.451
[mcmc]  - Convergence of means: R-1 = 0.016189 after 18432 accepted steps
[mcmc]  - Updated covariance matrix of proposal pdf.
[mcmc] Learn + convergence test @ 23080 samples accepted.
[likelihoodcollection] Average computation time:
   flamingo.inference.masked_ps.MaskedBandPowerLikelihood : 5.29194e-05 s (50057 evaluations, 2.64899 s total)
[theorycollection] Average computation time:
   flamingo.inference.masked_ps.MaskedTSZTheory : 0.0164685 s (50057 evaluations, 824.362 s total)
[mcmc]  - Acceptance rate: 0.451
[mcmc]  - Convergence of means: R-1 = 0.016964 after 18464 accepted steps
[mcmc]  - Updated covariance matrix of proposal pdf.
[mcmc] Learn + convergence test @ 23120 samples accepted.
[likelihoodcollection] Average computation time:
   flamingo.inference.masked_ps.MaskedBandPowerLikelihood : 5.28799e-05 s (50145 evaluations, 2.65166 s total)
[theorycollection] Average computation time:
   flamingo.inference.masked_ps.MaskedTSZTheory : 0.0164636 s (50145 evaluations, 825.569 s total)
[mcmc]  - Acceptance rate: 0.451
[mcmc]  - Convergence of means: R-1 = 0.017913 after 18496 accepted steps
[mcmc]  - Updated covariance matrix of proposal pdf.
[mcmc] Learn + convergence test @ 23160 samples accepted.
[likelihoodcollection] Average computation time:
   flamingo.inference.masked_ps.MaskedBandPowerLikelihood : 5.28458e-05 s (50231 evaluations, 2.6545 s total)
[theorycollection] Average computation time:
   flamingo.inference.masked_ps.MaskedTSZTheory : 0.016459 s (50231 evaluations, 826.75 s total)
[mcmc]  - Acceptance rate: 0.451
[mcmc]  - Convergence of means: R-1 = 0.017811 after 18528 accepted steps
[mcmc]  - Updated covariance matrix of proposal pdf.
[mcmc] Learn + convergence test @ 23200 samples accepted.
[likelihoodcollection] Average computation time:
   flamingo.inference.masked_ps.MaskedBandPowerLikelihood : 5.28084e-05 s (50326 evaluations, 2.65764 s total)
[theorycollection] Average computation time:
   flamingo.inference.masked_ps.MaskedTSZTheory : 0.0164537 s (50326 evaluations, 828.05 s total)
[mcmc]  - Acceptance rate: 0.451
[mcmc]  - Convergence of means: R-1 = 0.019136 after 18560 accepted steps
[mcmc]  - Updated covariance matrix of proposal pdf.
[mcmc] Learn + convergence test @ 23240 samples accepted.
[likelihoodcollection] Average computation time:
   flamingo.inference.masked_ps.MaskedBandPowerLikelihood : 5.27565e-05 s (50452 evaluations, 2.66167 s total)
[theorycollection] Average computation time:
   flamingo.inference.masked_ps.MaskedTSZTheory : 0.0164467 s (50452 evaluations, 829.769 s total)
[mcmc]  - Acceptance rate: 0.451
[mcmc]  - Convergence of means: R-1 = 0.019848 after 18592 accepted steps
[mcmc]  - Updated covariance matrix of proposal pdf.
[mcmc] Learn + convergence test @ 23280 samples accepted.
[likelihoodcollection] Average computation time:
   flamingo.inference.masked_ps.MaskedBandPowerLikelihood : 5.2719e-05 s (50542 evaluations, 2.66452 s total)
[theorycollection] Average computation time:
   flamingo.inference.masked_ps.MaskedTSZTheory : 0.0164417 s (50542 evaluations, 830.996 s total)
[mcmc]  - Acceptance rate: 0.451
[mcmc]  - Convergence of means: R-1 = 0.019592 after 18624 accepted steps
[mcmc]  - Updated covariance matrix of proposal pdf.
[mcmc] Learn + convergence test @ 23320 samples accepted.
[likelihoodcollection] Average computation time:
   flamingo.inference.masked_ps.MaskedBandPowerLikelihood : 5.26839e-05 s (50623 evaluations, 2.66702 s total)
[theorycollection] Average computation time:
   flamingo.inference.masked_ps.MaskedTSZTheory : 0.0164373 s (50623 evaluations, 832.104 s total)
[mcmc]  - Acceptance rate: 0.451
[mcmc]  - Convergence of means: R-1 = 0.019286 after 18656 accepted steps
[mcmc]  - Updated covariance matrix of proposal pdf.
[mcmc] Learn + convergence test @ 23360 samples accepted.
[likelihoodcollection] Average computation time:
   flamingo.inference.masked_ps.MaskedBandPowerLikelihood : 5.26558e-05 s (50696 evaluations, 2.66944 s total)
[theorycollection] Average computation time:
   flamingo.inference.masked_ps.MaskedTSZTheory : 0.0164336 s (50696 evaluations, 833.115 s total)
[mcmc]  - Acceptance rate: 0.451
[mcmc]  - Convergence of means: R-1 = 0.019129 after 18688 accepted steps
[mcmc]  - Updated covariance matrix of proposal pdf.
[mcmc] Learn + convergence test @ 23400 samples accepted.
[likelihoodcollection] Average computation time:
   flamingo.inference.masked_ps.MaskedBandPowerLikelihood : 5.26205e-05 s (50783 evaluations, 2.67223 s total)
[theorycollection] Average computation time:
   flamingo.inference.masked_ps.MaskedTSZTheory : 0.0164289 s (50783 evaluations, 834.309 s total)
[mcmc]  - Acceptance rate: 0.451
[mcmc]  - Convergence of means: R-1 = 0.018583 after 18720 accepted steps
[mcmc]  - Updated covariance matrix of proposal pdf.
[mcmc] Learn + convergence test @ 23440 samples accepted.
[likelihoodcollection] Average computation time:
   flamingo.inference.masked_ps.MaskedBandPowerLikelihood : 5.25911e-05 s (50862 evaluations, 2.67489 s total)
[theorycollection] Average computation time:
   flamingo.inference.masked_ps.MaskedTSZTheory : 0.0164246 s (50862 evaluations, 835.39 s total)
[mcmc]  - Acceptance rate: 0.451
[mcmc]  - Convergence of means: R-1 = 0.018119 after 18752 accepted steps
[mcmc]  - Updated covariance matrix of proposal pdf.
[mcmc] Learn + convergence test @ 23480 samples accepted.
[likelihoodcollection] Average computation time:
   flamingo.inference.masked_ps.MaskedBandPowerLikelihood : 5.25568e-05 s (50950 evaluations, 2.67777 s total)
[theorycollection] Average computation time:
   flamingo.inference.masked_ps.MaskedTSZTheory : 0.01642 s (50950 evaluations, 836.597 s total)
[mcmc]  - Acceptance rate: 0.451
[mcmc]  - Convergence of means: R-1 = 0.017707 after 18784 accepted steps
[mcmc]  - Updated covariance matrix of proposal pdf.
[mcmc] Learn + convergence test @ 23520 samples accepted.
[likelihoodcollection] Average computation time:
   flamingo.inference.masked_ps.MaskedBandPowerLikelihood : 5.25294e-05 s (51028 evaluations, 2.68047 s total)
[theorycollection] Average computation time:
   flamingo.inference.masked_ps.MaskedTSZTheory : 0.016416 s (51028 evaluations, 837.674 s total)
[mcmc]  - Acceptance rate: 0.451
[mcmc]  - Convergence of means: R-1 = 0.018713 after 18816 accepted steps
[mcmc]  - Updated covariance matrix of proposal pdf.
[mcmc] Learn + convergence test @ 23560 samples accepted.
[likelihoodcollection] Average computation time:
   flamingo.inference.masked_ps.MaskedBandPowerLikelihood : 5.25044e-05 s (51102 evaluations, 2.68308 s total)
[theorycollection] Average computation time:
   flamingo.inference.masked_ps.MaskedTSZTheory : 0.0164122 s (51102 evaluations, 838.695 s total)
[mcmc]  - Acceptance rate: 0.451
[mcmc]  - Convergence of means: R-1 = 0.019096 after 18848 accepted steps
[mcmc]  - Updated covariance matrix of proposal pdf.
[mcmc] Learn + convergence test @ 23600 samples accepted.
[likelihoodcollection] Average computation time:
   flamingo.inference.masked_ps.MaskedBandPowerLikelihood : 5.24731e-05 s (51182 evaluations, 2.68568 s total)
[theorycollection] Average computation time:
   flamingo.inference.masked_ps.MaskedTSZTheory : 0.0164079 s (51182 evaluations, 839.787 s total)
[mcmc]  - Acceptance rate: 0.451
[mcmc]  - Convergence of means: R-1 = 0.019132 after 18880 accepted steps
[mcmc]  - Updated covariance matrix of proposal pdf.
[mcmc] Learn + convergence test @ 23640 samples accepted.
[likelihoodcollection] Average computation time:
   flamingo.inference.masked_ps.MaskedBandPowerLikelihood : 5.24351e-05 s (51272 evaluations, 2.68845 s total)
[theorycollection] Average computation time:
   flamingo.inference.masked_ps.MaskedTSZTheory : 0.0164029 s (51272 evaluations, 841.007 s total)
[mcmc]  - Acceptance rate: 0.451
[mcmc]  - Convergence of means: R-1 = 0.018219 after 18912 accepted steps
[mcmc]  - Updated covariance matrix of proposal pdf.
[mcmc] Learn + convergence test @ 23680 samples accepted.
[likelihoodcollection] Average computation time:
   flamingo.inference.masked_ps.MaskedBandPowerLikelihood : 5.24017e-05 s (51354 evaluations, 2.69104 s total)
[theorycollection] Average computation time:
   flamingo.inference.masked_ps.MaskedTSZTheory : 0.0163982 s (51354 evaluations, 842.113 s total)
[mcmc]  - Acceptance rate: 0.451
[mcmc]  - Convergence of means: R-1 = 0.016765 after 18944 accepted steps
[mcmc]  - Updated covariance matrix of proposal pdf.
[mcmc] Learn + convergence test @ 23720 samples accepted.
[likelihoodcollection] Average computation time:
   flamingo.inference.masked_ps.MaskedBandPowerLikelihood : 5.23719e-05 s (51429 evaluations, 2.69344 s total)
[theorycollection] Average computation time:
   flamingo.inference.masked_ps.MaskedTSZTheory : 0.016394 s (51429 evaluations, 843.128 s total)
[mcmc]  - Acceptance rate: 0.452
[mcmc]  - Convergence of means: R-1 = 0.015575 after 18976 accepted steps
[mcmc]  - Updated covariance matrix of proposal pdf.
[mcmc] Learn + convergence test @ 23760 samples accepted.
[likelihoodcollection] Average computation time:
   flamingo.inference.masked_ps.MaskedBandPowerLikelihood : 5.23292e-05 s (51537 evaluations, 2.69689 s total)
[theorycollection] Average computation time:
   flamingo.inference.masked_ps.MaskedTSZTheory : 0.0163882 s (51537 evaluations, 844.6 s total)
[mcmc]  - Acceptance rate: 0.451
[mcmc]  - Convergence of means: R-1 = 0.014488 after 19008 accepted steps
[mcmc]  - Updated covariance matrix of proposal pdf.
[mcmc] Learn + convergence test @ 23800 samples accepted.
[likelihoodcollection] Average computation time:
   flamingo.inference.masked_ps.MaskedBandPowerLikelihood : 5.22951e-05 s (51618 evaluations, 2.69937 s total)
[theorycollection] Average computation time:
   flamingo.inference.masked_ps.MaskedTSZTheory : 0.0163838 s (51618 evaluations, 845.698 s total)
[mcmc]  - Acceptance rate: 0.451
[mcmc]  - Convergence of means: R-1 = 0.015214 after 19040 accepted steps
[mcmc]  - Updated covariance matrix of proposal pdf.
[mcmc] Learn + convergence test @ 23840 samples accepted.
[likelihoodcollection] Average computation time:
   flamingo.inference.masked_ps.MaskedBandPowerLikelihood : 5.22728e-05 s (51679 evaluations, 2.70141 s total)
[theorycollection] Average computation time:
   flamingo.inference.masked_ps.MaskedTSZTheory : 0.0163805 s (51679 evaluations, 846.529 s total)
[mcmc]  - Acceptance rate: 0.452
[mcmc]  - Convergence of means: R-1 = 0.016268 after 19072 accepted steps
[mcmc]  - Updated covariance matrix of proposal pdf.
[mcmc] Learn + convergence test @ 23880 samples accepted.
[likelihoodcollection] Average computation time:
   flamingo.inference.masked_ps.MaskedBandPowerLikelihood : 5.22474e-05 s (51752 evaluations, 2.70391 s total)
[theorycollection] Average computation time:
   flamingo.inference.masked_ps.MaskedTSZTheory : 0.0163765 s (51752 evaluations, 847.518 s total)
[mcmc]  - Acceptance rate: 0.452
[mcmc]  - Convergence of means: R-1 = 0.017556 after 19104 accepted steps
[mcmc]  - Updated covariance matrix of proposal pdf.
[mcmc] Learn + convergence test @ 23920 samples accepted.
[likelihoodcollection] Average computation time:
   flamingo.inference.masked_ps.MaskedBandPowerLikelihood : 5.22164e-05 s (51836 evaluations, 2.70669 s total)
[theorycollection] Average computation time:
   flamingo.inference.masked_ps.MaskedTSZTheory : 0.016372 s (51836 evaluations, 848.657 s total)
[mcmc]  - Acceptance rate: 0.452
[mcmc]  - Convergence of means: R-1 = 0.018180 after 19136 accepted steps
[mcmc]  - Updated covariance matrix of proposal pdf.
[mcmc] Learn + convergence test @ 23960 samples accepted.
[likelihoodcollection] Average computation time:
   flamingo.inference.masked_ps.MaskedBandPowerLikelihood : 5.21847e-05 s (51926 evaluations, 2.70974 s total)
[theorycollection] Average computation time:
   flamingo.inference.masked_ps.MaskedTSZTheory : 0.016367 s (51926 evaluations, 849.875 s total)
[mcmc]  - Acceptance rate: 0.452
[mcmc]  - Convergence of means: R-1 = 0.018011 after 19168 accepted steps
[mcmc]  - Updated covariance matrix of proposal pdf.
[mcmc] Learn + convergence test @ 24000 samples accepted.
[likelihoodcollection] Average computation time:
   flamingo.inference.masked_ps.MaskedBandPowerLikelihood : 5.21573e-05 s (52003 evaluations, 2.71234 s total)
[theorycollection] Average computation time:
   flamingo.inference.masked_ps.MaskedTSZTheory : 0.0163631 s (52003 evaluations, 850.932 s total)
[mcmc]  - Acceptance rate: 0.452
[mcmc]  - Convergence of means: R-1 = 0.017862 after 19200 accepted steps
[mcmc]  - Updated covariance matrix of proposal pdf.
[mcmc] Learn + convergence test @ 24040 samples accepted.
[likelihoodcollection] Average computation time:
   flamingo.inference.masked_ps.MaskedBandPowerLikelihood : 5.20965e-05 s (52139 evaluations, 2.71626 s total)
[theorycollection] Average computation time:
   flamingo.inference.masked_ps.MaskedTSZTheory : 0.016356 s (52139 evaluations, 852.784 s total)
[mcmc]  - Acceptance rate: 0.452
[mcmc]  - Convergence of means: R-1 = 0.017442 after 19232 accepted steps
[mcmc]  - Updated covariance matrix of proposal pdf.
[mcmc] Learn + convergence test @ 24080 samples accepted.
[likelihoodcollection] Average computation time:
   flamingo.inference.masked_ps.MaskedBandPowerLikelihood : 5.20636e-05 s (52222 evaluations, 2.71887 s total)
[theorycollection] Average computation time:
   flamingo.inference.masked_ps.MaskedTSZTheory : 0.0163515 s (52222 evaluations, 853.908 s total)
[mcmc]  - Acceptance rate: 0.452
[mcmc]  - Convergence of means: R-1 = 0.017496 after 19264 accepted steps
[mcmc]  - Updated covariance matrix of proposal pdf.
[mcmc] Learn + convergence test @ 24120 samples accepted.
[likelihoodcollection] Average computation time:
   flamingo.inference.masked_ps.MaskedBandPowerLikelihood : 5.20302e-05 s (52318 evaluations, 2.72212 s total)
[theorycollection] Average computation time:
   flamingo.inference.masked_ps.MaskedTSZTheory : 0.0163469 s (52318 evaluations, 855.237 s total)
[mcmc]  - Acceptance rate: 0.452
[mcmc]  - Convergence of means: R-1 = 0.016798 after 19296 accepted steps
[mcmc]  - Updated covariance matrix of proposal pdf.
[mcmc] Learn + convergence test @ 24160 samples accepted.
[likelihoodcollection] Average computation time:
   flamingo.inference.masked_ps.MaskedBandPowerLikelihood : 5.19975e-05 s (52406 evaluations, 2.72498 s total)
[theorycollection] Average computation time:
   flamingo.inference.masked_ps.MaskedTSZTheory : 0.0163425 s (52406 evaluations, 856.447 s total)
[mcmc]  - Acceptance rate: 0.452
[mcmc]  - Convergence of means: R-1 = 0.016997 after 19328 accepted steps
[mcmc]  - Updated covariance matrix of proposal pdf.
[mcmc] Learn + convergence test @ 24200 samples accepted.
[likelihoodcollection] Average computation time:
   flamingo.inference.masked_ps.MaskedBandPowerLikelihood : 5.19689e-05 s (52487 evaluations, 2.72769 s total)
[theorycollection] Average computation time:
   flamingo.inference.masked_ps.MaskedTSZTheory : 0.0163384 s (52487 evaluations, 857.553 s total)
[mcmc]  - Acceptance rate: 0.452
[mcmc]  - Convergence of means: R-1 = 0.017332 after 19360 accepted steps
[mcmc]  - Updated covariance matrix of proposal pdf.
[mcmc] Learn + convergence test @ 24240 samples accepted.
[likelihoodcollection] Average computation time:
   flamingo.inference.masked_ps.MaskedBandPowerLikelihood : 5.19384e-05 s (52569 evaluations, 2.73035 s total)
[theorycollection] Average computation time:
   flamingo.inference.masked_ps.MaskedTSZTheory : 0.0163341 s (52569 evaluations, 858.667 s total)
[mcmc]  - Acceptance rate: 0.452
[mcmc]  - Convergence of means: R-1 = 0.017741 after 19392 accepted steps
[mcmc]  - Updated covariance matrix of proposal pdf.
[mcmc] Learn + convergence test @ 24280 samples accepted.
[likelihoodcollection] Average computation time:
   flamingo.inference.masked_ps.MaskedBandPowerLikelihood : 5.19087e-05 s (52651 evaluations, 2.73305 s total)
[theorycollection] Average computation time:
   flamingo.inference.masked_ps.MaskedTSZTheory : 0.01633 s (52651 evaluations, 859.791 s total)
[mcmc]  - Acceptance rate: 0.452
[mcmc]  - Convergence of means: R-1 = 0.017227 after 19424 accepted steps
[mcmc]  - Updated covariance matrix of proposal pdf.
[mcmc] Learn + convergence test @ 24320 samples accepted.
[likelihoodcollection] Average computation time:
   flamingo.inference.masked_ps.MaskedBandPowerLikelihood : 5.18724e-05 s (52750 evaluations, 2.73627 s total)
[theorycollection] Average computation time:
   flamingo.inference.masked_ps.MaskedTSZTheory : 0.0163253 s (52750 evaluations, 861.161 s total)
[mcmc]  - Acceptance rate: 0.452
[mcmc]  - Convergence of means: R-1 = 0.017324 after 19456 accepted steps
[mcmc]  - Updated covariance matrix of proposal pdf.
[mcmc] Learn + convergence test @ 24360 samples accepted.
[likelihoodcollection] Average computation time:
   flamingo.inference.masked_ps.MaskedBandPowerLikelihood : 5.18301e-05 s (52863 evaluations, 2.73989 s total)
[theorycollection] Average computation time:
   flamingo.inference.masked_ps.MaskedTSZTheory : 0.0163201 s (52863 evaluations, 862.731 s total)
[mcmc]  - Acceptance rate: 0.451
[mcmc]  - Convergence of means: R-1 = 0.017261 after 19488 accepted steps
[mcmc]  - Updated covariance matrix of proposal pdf.
[mcmc] Learn + convergence test @ 24400 samples accepted.
[likelihoodcollection] Average computation time:
   flamingo.inference.masked_ps.MaskedBandPowerLikelihood : 5.17954e-05 s (52963 evaluations, 2.74324 s total)
[theorycollection] Average computation time:
   flamingo.inference.masked_ps.MaskedTSZTheory : 0.016316 s (52963 evaluations, 864.142 s total)
[mcmc]  - Acceptance rate: 0.451
[mcmc]  - Convergence of means: R-1 = 0.017083 after 19520 accepted steps
[mcmc]  - Updated covariance matrix of proposal pdf.
[mcmc] Learn + convergence test @ 24440 samples accepted.
[likelihoodcollection] Average computation time:
   flamingo.inference.masked_ps.MaskedBandPowerLikelihood : 5.17617e-05 s (53049 evaluations, 2.7459 s total)
[theorycollection] Average computation time:
   flamingo.inference.masked_ps.MaskedTSZTheory : 0.016312 s (53049 evaluations, 865.336 s total)
[mcmc]  - Acceptance rate: 0.451
[mcmc]  - Convergence of means: R-1 = 0.016483 after 19552 accepted steps
[mcmc]  - Updated covariance matrix of proposal pdf.
[mcmc] Learn + convergence test @ 24480 samples accepted.
[likelihoodcollection] Average computation time:
   flamingo.inference.masked_ps.MaskedBandPowerLikelihood : 5.17129e-05 s (53161 evaluations, 2.74911 s total)
[theorycollection] Average computation time:
   flamingo.inference.masked_ps.MaskedTSZTheory : 0.016307 s (53161 evaluations, 866.897 s total)
[mcmc]  - Acceptance rate: 0.451
[mcmc]  - Convergence of means: R-1 = 0.016775 after 19584 accepted steps
[mcmc]  - Updated covariance matrix of proposal pdf.
[mcmc] Learn + convergence test @ 24520 samples accepted.
[likelihoodcollection] Average computation time:
   flamingo.inference.masked_ps.MaskedBandPowerLikelihood : 5.1678e-05 s (53248 evaluations, 2.75175 s total)
[theorycollection] Average computation time:
   flamingo.inference.masked_ps.MaskedTSZTheory : 0.0163026 s (53248 evaluations, 868.082 s total)
[mcmc]  - Acceptance rate: 0.451
[mcmc]  - Convergence of means: R-1 = 0.016024 after 19616 accepted steps
[mcmc]  - Updated covariance matrix of proposal pdf.
[mcmc] Learn + convergence test @ 24560 samples accepted.
[likelihoodcollection] Average computation time:
   flamingo.inference.masked_ps.MaskedBandPowerLikelihood : 5.16469e-05 s (53330 evaluations, 2.75433 s total)
[theorycollection] Average computation time:
   flamingo.inference.masked_ps.MaskedTSZTheory : 0.0162984 s (53330 evaluations, 869.196 s total)
[mcmc]  - Acceptance rate: 0.451
[mcmc]  - Convergence of means: R-1 = 0.015467 after 19648 accepted steps
[mcmc]  - Updated covariance matrix of proposal pdf.
[mcmc] Learn + convergence test @ 24600 samples accepted.
[likelihoodcollection] Average computation time:
   flamingo.inference.masked_ps.MaskedBandPowerLikelihood : 5.16116e-05 s (53429 evaluations, 2.75755 s total)
[theorycollection] Average computation time:
   flamingo.inference.masked_ps.MaskedTSZTheory : 0.0162934 s (53429 evaluations, 870.538 s total)
[mcmc]  - Acceptance rate: 0.451
[mcmc]  - Convergence of means: R-1 = 0.015212 after 19680 accepted steps
[mcmc]  - Updated covariance matrix of proposal pdf.
[mcmc] Learn + convergence test @ 24640 samples accepted.
[likelihoodcollection] Average computation time:
   flamingo.inference.masked_ps.MaskedBandPowerLikelihood : 5.15818e-05 s (53511 evaluations, 2.76019 s total)
[theorycollection] Average computation time:
   flamingo.inference.masked_ps.MaskedTSZTheory : 0.0162892 s (53511 evaluations, 871.651 s total)
[mcmc]  - Acceptance rate: 0.451
[mcmc]  - Convergence of means: R-1 = 0.014446 after 19712 accepted steps
[mcmc]  - Updated covariance matrix of proposal pdf.
[mcmc] Learn + convergence test @ 24680 samples accepted.
[likelihoodcollection] Average computation time:
   flamingo.inference.masked_ps.MaskedBandPowerLikelihood : 5.15446e-05 s (53617 evaluations, 2.76367 s total)
[theorycollection] Average computation time:
   flamingo.inference.masked_ps.MaskedTSZTheory : 0.0162838 s (53617 evaluations, 873.09 s total)
[mcmc]  - Acceptance rate: 0.451
[mcmc]  - Convergence of means: R-1 = 0.014223 after 19744 accepted steps
[mcmc]  - Updated covariance matrix of proposal pdf.
[mcmc] Learn + convergence test @ 24720 samples accepted.
[likelihoodcollection] Average computation time:
   flamingo.inference.masked_ps.MaskedBandPowerLikelihood : 5.15075e-05 s (53709 evaluations, 2.76642 s total)
[theorycollection] Average computation time:
   flamingo.inference.masked_ps.MaskedTSZTheory : 0.0162792 s (53709 evaluations, 874.339 s total)
[mcmc]  - Acceptance rate: 0.451
[mcmc]  - Convergence of means: R-1 = 0.013789 after 19776 accepted steps
[mcmc]  - Updated covariance matrix of proposal pdf.
[mcmc] Learn + convergence test @ 24760 samples accepted.
[likelihoodcollection] Average computation time:
   flamingo.inference.masked_ps.MaskedBandPowerLikelihood : 5.1465e-05 s (53835 evaluations, 2.77062 s total)
[theorycollection] Average computation time:
   flamingo.inference.masked_ps.MaskedTSZTheory : 0.016273 s (53835 evaluations, 876.056 s total)
[mcmc]  - Acceptance rate: 0.451
[mcmc]  - Convergence of means: R-1 = 0.013477 after 19808 accepted steps
[mcmc]  - Updated covariance matrix of proposal pdf.
[mcmc] Learn + convergence test @ 24800 samples accepted.
[likelihoodcollection] Average computation time:
   flamingo.inference.masked_ps.MaskedBandPowerLikelihood : 5.14413e-05 s (53904 evaluations, 2.77289 s total)
[theorycollection] Average computation time:
   flamingo.inference.masked_ps.MaskedTSZTheory : 0.0162696 s (53904 evaluations, 876.996 s total)
[mcmc]  - Acceptance rate: 0.451
[mcmc]  - Convergence of means: R-1 = 0.013034 after 19840 accepted steps
[mcmc]  - Updated covariance matrix of proposal pdf.
[mcmc] Learn + convergence test @ 24840 samples accepted.
[likelihoodcollection] Average computation time:
   flamingo.inference.masked_ps.MaskedBandPowerLikelihood : 5.14163e-05 s (53964 evaluations, 2.77463 s total)
[theorycollection] Average computation time:
   flamingo.inference.masked_ps.MaskedTSZTheory : 0.0162664 s (53964 evaluations, 877.799 s total)
[mcmc]  - Acceptance rate: 0.451
[mcmc]  - Convergence of means: R-1 = 0.013388 after 19872 accepted steps
[mcmc]  - Updated covariance matrix of proposal pdf.
[mcmc] Learn + convergence test @ 24880 samples accepted.
[likelihoodcollection] Average computation time:
   flamingo.inference.masked_ps.MaskedBandPowerLikelihood : 5.13889e-05 s (54041 evaluations, 2.77711 s total)
[theorycollection] Average computation time:
   flamingo.inference.masked_ps.MaskedTSZTheory : 0.0162624 s (54041 evaluations, 878.835 s total)
[mcmc]  - Acceptance rate: 0.451
[mcmc]  - Convergence of means: R-1 = 0.012593 after 19904 accepted steps
[mcmc]  - Updated covariance matrix of proposal pdf.
[mcmc] Learn + convergence test @ 24920 samples accepted.
[likelihoodcollection] Average computation time:
   flamingo.inference.masked_ps.MaskedBandPowerLikelihood : 5.13561e-05 s (54122 evaluations, 2.77949 s total)
[theorycollection] Average computation time:
   flamingo.inference.masked_ps.MaskedTSZTheory : 0.0162583 s (54122 evaluations, 879.932 s total)
[mcmc]  - Acceptance rate: 0.451
[mcmc]  - Convergence of means: R-1 = 0.013889 after 19936 accepted steps
[mcmc]  - Updated covariance matrix of proposal pdf.
[mcmc] Progress @ 2026-08-03 01:24:43 : 54271 steps taken, and 24954 accepted.
[mcmc] Learn + convergence test @ 24960 samples accepted.
[likelihoodcollection] Average computation time:
   flamingo.inference.masked_ps.MaskedBandPowerLikelihood : 5.1324e-05 s (54198 evaluations, 2.78166 s total)
[theorycollection] Average computation time:
   flamingo.inference.masked_ps.MaskedTSZTheory : 0.0162545 s (54198 evaluations, 880.964 s total)
[mcmc]  - Acceptance rate: 0.451
[mcmc]  - Convergence of means: R-1 = 0.014848 after 19968 accepted steps
[mcmc]  - Updated covariance matrix of proposal pdf.
[mcmc] Learn + convergence test @ 25000 samples accepted.
[likelihoodcollection] Average computation time:
   flamingo.inference.masked_ps.MaskedBandPowerLikelihood : 5.12781e-05 s (54316 evaluations, 2.78522 s total)
[theorycollection] Average computation time:
   flamingo.inference.masked_ps.MaskedTSZTheory : 0.0162489 s (54316 evaluations, 882.574 s total)
[mcmc]  - Acceptance rate: 0.451
[mcmc]  - Convergence of means: R-1 = 0.013978 after 20000 accepted steps
[mcmc]  - Updated covariance matrix of proposal pdf.
[mcmc] Learn + convergence test @ 25040 samples accepted.
[likelihoodcollection] Average computation time:
   flamingo.inference.masked_ps.MaskedBandPowerLikelihood : 5.12514e-05 s (54398 evaluations, 2.78798 s total)
[theorycollection] Average computation time:
   flamingo.inference.masked_ps.MaskedTSZTheory : 0.0162452 s (54398 evaluations, 883.705 s total)
[mcmc]  - Acceptance rate: 0.451
[mcmc]  - Convergence of means: R-1 = 0.013772 after 20032 accepted steps
[mcmc]  - Updated covariance matrix of proposal pdf.
[mcmc] Learn + convergence test @ 25080 samples accepted.
[likelihoodcollection] Average computation time:
   flamingo.inference.masked_ps.MaskedBandPowerLikelihood : 5.12235e-05 s (54477 evaluations, 2.7905 s total)
[theorycollection] Average computation time:
   flamingo.inference.masked_ps.MaskedTSZTheory : 0.0162421 s (54477 evaluations, 884.821 s total)
[mcmc]  - Acceptance rate: 0.451
[mcmc]  - Convergence of means: R-1 = 0.013323 after 20064 accepted steps
[mcmc]  - Updated covariance matrix of proposal pdf.
[mcmc] Learn + convergence test @ 25120 samples accepted.
[likelihoodcollection] Average computation time:
   flamingo.inference.masked_ps.MaskedBandPowerLikelihood : 5.119e-05 s (54577 evaluations, 2.7938 s total)
[theorycollection] Average computation time:
   flamingo.inference.masked_ps.MaskedTSZTheory : 0.016238 s (54577 evaluations, 886.219 s total)
[mcmc]  - Acceptance rate: 0.451
[mcmc]  - Convergence of means: R-1 = 0.013099 after 20096 accepted steps
[mcmc]  - Updated covariance matrix of proposal pdf.
[mcmc] Learn + convergence test @ 25160 samples accepted.
[likelihoodcollection] Average computation time:
   flamingo.inference.masked_ps.MaskedBandPowerLikelihood : 5.11642e-05 s (54653 evaluations, 2.79628 s total)
[theorycollection] Average computation time:
   flamingo.inference.masked_ps.MaskedTSZTheory : 0.0162348 s (54653 evaluations, 887.278 s total)
[mcmc]  - Acceptance rate: 0.451
[mcmc]  - Convergence of means: R-1 = 0.013238 after 20128 accepted steps
[mcmc]  - Updated covariance matrix of proposal pdf.
[mcmc] Learn + convergence test @ 25200 samples accepted.
[likelihoodcollection] Average computation time:
   flamingo.inference.masked_ps.MaskedBandPowerLikelihood : 5.11373e-05 s (54731 evaluations, 2.79879 s total)
[theorycollection] Average computation time:
   flamingo.inference.masked_ps.MaskedTSZTheory : 0.0162314 s (54731 evaluations, 888.36 s total)
[mcmc]  - Acceptance rate: 0.452
[mcmc]  - Convergence of means: R-1 = 0.013849 after 20160 accepted steps
[mcmc]  - Updated covariance matrix of proposal pdf.
[mcmc] Learn + convergence test @ 25240 samples accepted.
[likelihoodcollection] Average computation time:
   flamingo.inference.masked_ps.MaskedBandPowerLikelihood : 5.11036e-05 s (54840 evaluations, 2.80252 s total)
[theorycollection] Average computation time:
   flamingo.inference.masked_ps.MaskedTSZTheory : 0.016226 s (54840 evaluations, 889.834 s total)
[mcmc]  - Acceptance rate: 0.451
[mcmc]  - Convergence of means: R-1 = 0.013735 after 20192 accepted steps
[mcmc]  - Updated covariance matrix of proposal pdf.
[mcmc] Learn + convergence test @ 25280 samples accepted.
[likelihoodcollection] Average computation time:
   flamingo.inference.masked_ps.MaskedBandPowerLikelihood : 5.10715e-05 s (54935 evaluations, 2.80561 s total)
[theorycollection] Average computation time:
   flamingo.inference.masked_ps.MaskedTSZTheory : 0.0162215 s (54935 evaluations, 891.127 s total)
[mcmc]  - Acceptance rate: 0.451
[mcmc]  - Convergence of means: R-1 = 0.014089 after 20224 accepted steps
[mcmc]  - Updated covariance matrix of proposal pdf.
[mcmc] Learn + convergence test @ 25320 samples accepted.
[likelihoodcollection] Average computation time:
   flamingo.inference.masked_ps.MaskedBandPowerLikelihood : 5.10354e-05 s (55038 evaluations, 2.80889 s total)
[theorycollection] Average computation time:
   flamingo.inference.masked_ps.MaskedTSZTheory : 0.0162165 s (55038 evaluations, 892.522 s total)
[mcmc]  - Acceptance rate: 0.451
[mcmc]  - Convergence of means: R-1 = 0.014869 after 20256 accepted steps
[mcmc]  - Updated covariance matrix of proposal pdf.
[mcmc] Learn + convergence test @ 25360 samples accepted.
[likelihoodcollection] Average computation time:
   flamingo.inference.masked_ps.MaskedBandPowerLikelihood : 5.09988e-05 s (55150 evaluations, 2.81258 s total)
[theorycollection] Average computation time:
   flamingo.inference.masked_ps.MaskedTSZTheory : 0.0162119 s (55150 evaluations, 894.088 s total)
[mcmc]  - Acceptance rate: 0.451
[mcmc]  - Convergence of means: R-1 = 0.014059 after 20288 accepted steps
[mcmc]  - Updated covariance matrix of proposal pdf.
[mcmc] Learn + convergence test @ 25400 samples accepted.
[likelihoodcollection] Average computation time:
   flamingo.inference.masked_ps.MaskedBandPowerLikelihood : 5.09666e-05 s (55232 evaluations, 2.81499 s total)
[theorycollection] Average computation time:
   flamingo.inference.masked_ps.MaskedTSZTheory : 0.0162088 s (55232 evaluations, 895.247 s total)
[mcmc]  - Acceptance rate: 0.451
[mcmc]  - Convergence of means: R-1 = 0.014314 after 20320 accepted steps
[mcmc]  - Updated covariance matrix of proposal pdf.
[mcmc] Learn + convergence test @ 25440 samples accepted.
[likelihoodcollection] Average computation time:
   flamingo.inference.masked_ps.MaskedBandPowerLikelihood : 5.09314e-05 s (55334 evaluations, 2.81824 s total)
[theorycollection] Average computation time:
   flamingo.inference.masked_ps.MaskedTSZTheory : 0.0162043 s (55334 evaluations, 896.647 s total)
[mcmc]  - Acceptance rate: 0.451
[mcmc]  - Convergence of means: R-1 = 0.012891 after 20352 accepted steps
[mcmc]  - Updated covariance matrix of proposal pdf.
[mcmc] Learn + convergence test @ 25480 samples accepted.
[likelihoodcollection] Average computation time:
   flamingo.inference.masked_ps.MaskedBandPowerLikelihood : 5.09026e-05 s (55426 evaluations, 2.82133 s total)
[theorycollection] Average computation time:
   flamingo.inference.masked_ps.MaskedTSZTheory : 0.0161999 s (55426 evaluations, 897.897 s total)
[mcmc]  - Acceptance rate: 0.451
[mcmc]  - Convergence of means: R-1 = 0.011817 after 20384 accepted steps
[mcmc]  - Updated covariance matrix of proposal pdf.
[mcmc] Learn + convergence test @ 25520 samples accepted.
[likelihoodcollection] Average computation time:
   flamingo.inference.masked_ps.MaskedBandPowerLikelihood : 5.0874e-05 s (55508 evaluations, 2.82391 s total)
[theorycollection] Average computation time:
   flamingo.inference.masked_ps.MaskedTSZTheory : 0.0161959 s (55508 evaluations, 899.003 s total)
[mcmc]  - Acceptance rate: 0.451
[mcmc]  - Convergence of means: R-1 = 0.011255 after 20416 accepted steps
[mcmc]  - Updated covariance matrix of proposal pdf.
[mcmc] Learn + convergence test @ 25560 samples accepted.
[likelihoodcollection] Average computation time:
   flamingo.inference.masked_ps.MaskedBandPowerLikelihood : 5.08415e-05 s (55600 evaluations, 2.82678 s total)
[theorycollection] Average computation time:
   flamingo.inference.masked_ps.MaskedTSZTheory : 0.0161915 s (55600 evaluations, 900.249 s total)
[mcmc]  - Acceptance rate: 0.451
[mcmc]  - Convergence of means: R-1 = 0.009766 after 20448 accepted steps
[mcmc]  - Updated covariance matrix of proposal pdf.
[mcmc] Learn + convergence test @ 25600 samples accepted.
[likelihoodcollection] Average computation time:
   flamingo.inference.masked_ps.MaskedBandPowerLikelihood : 5.08067e-05 s (55702 evaluations, 2.83003 s total)
[theorycollection] Average computation time:
   flamingo.inference.masked_ps.MaskedTSZTheory : 0.0161866 s (55702 evaluations, 901.628 s total)
[mcmc]  - Acceptance rate: 0.451
[mcmc]  - Convergence of means: R-1 = 0.009701 after 20480 accepted steps
[mcmc]  - Convergence of bounds: R-1 = 0.118967 after 25600 accepted steps
[mcmc] The run has converged!
[mcmc] Sampling complete after 25600 accepted steps.
[flamingo.inference.masked_ps.maskedbandpowerlikelihood] Average evaluation time for flamingo.inference.masked_ps.MaskedBandPowerLikelihood: 5.08067e-05 s  (55702 evaluations)
[flamingo.inference.masked_ps.maskedtsztheory] Average evaluation time for flamingo.inference.masked_ps.MaskedTSZTheory: 0.0161866 s  (55702 evaluations)
