
=== qgt50 (q_cat=50.0) ===
Authorization required, but no authorization protocol specified

Authorization required, but no authorization protocol specified

Authorization required, but no authorization protocol specified

Authorization required, but no authorization protocol specified

[output] Output to be read-from/written-into folder '/scratch/scratch-lxu/flamingo_repo/chains/l1_m9_qfrommap_signal_only/qgt50', with prefix 'chain'
[mcmc] Getting initial point... (this may take a few seconds)
[mcmc] Initial point: H0:67.55411, sigma_8:0.8138493, n_s:0.9404228, omega_b:0.01839282, Omega_m:0.2950806, A_SZ:-4.122074, alpha_SZ:1.140677, sigma_lnY:0.1861592
[model] Measuring speeds... (this may take a few seconds)
[model] Setting measured speeds (per sec): {flamingo.inference.masked_ps.MaskedBandPowerLikelihood: 19700.0, flamingo.inference.masked_ps.MaskedTSZTheory: 61.1}
[mcmc] Covariance matrix loaded for params ['H0', 'sigma_8', 'n_s', 'omega_b', 'Omega_m', 'A_SZ', 'alpha_SZ', 'sigma_lnY']
[mcmc] All parameters' covariance loaded from given covmat.
[mcmc] Sampling! (NB: no accepted step will be saved until 50 burn-in samples have been obtained)
[mcmc] Progress @ 2026-08-03 00:51:53 : 1 steps taken -- still burning in, 51 accepted steps left.
[mcmc] Finished burn-in phase: discarded 50 accepted steps.
[mcmc] Learn + convergence test @ 40 samples accepted.
[likelihoodcollection] Average computation time:
   flamingo.inference.masked_ps.MaskedBandPowerLikelihood : 5.79057e-05 s (272 evaluations, 0.0157503 s total)
[theorycollection] Average computation time:
   flamingo.inference.masked_ps.MaskedTSZTheory : 0.0163279 s (272 evaluations, 4.44119 s total)
[mcmc]  - Acceptance rate: 0.299
[mcmc]  - Convergence of means: R-1 = 14.606345 after 32 accepted steps
[mcmc]  - Updated covariance matrix of proposal pdf.
[mcmc] Learn + convergence test @ 80 samples accepted.
[likelihoodcollection] Average computation time:
   flamingo.inference.masked_ps.MaskedBandPowerLikelihood : 5.8243e-05 s (325 evaluations, 0.018929 s total)
[theorycollection] Average computation time:
   flamingo.inference.masked_ps.MaskedTSZTheory : 0.0162948 s (325 evaluations, 5.29582 s total)
[mcmc]  - Acceptance rate: 0.489
[mcmc]  - Convergence of means: R-1 = 14.689829 after 64 accepted steps
[mcmc]  - Updated covariance matrix of proposal pdf.
[mcmc] Learn + convergence test @ 120 samples accepted.
[likelihoodcollection] Average computation time:
   flamingo.inference.masked_ps.MaskedBandPowerLikelihood : 5.8436e-05 s (373 evaluations, 0.0217966 s total)
[theorycollection] Average computation time:
   flamingo.inference.masked_ps.MaskedTSZTheory : 0.016351 s (373 evaluations, 6.09891 s total)
[mcmc]  - Acceptance rate: 0.671
[mcmc]  - Convergence of means: R-1 = 10.677534 after 96 accepted steps
[mcmc]  - Updated covariance matrix of proposal pdf.
[mcmc] Learn + convergence test @ 160 samples accepted.
[likelihoodcollection] Average computation time:
   flamingo.inference.masked_ps.MaskedBandPowerLikelihood : 5.77711e-05 s (424 evaluations, 0.0244949 s total)
[theorycollection] Average computation time:
   flamingo.inference.masked_ps.MaskedTSZTheory : 0.0163488 s (424 evaluations, 6.93189 s total)
[mcmc]  - Acceptance rate: 0.740
[mcmc]  - Convergence of means: R-1 = 22.564888 after 128 accepted steps
[mcmc]  - Updated covariance matrix of proposal pdf.
[mcmc] Learn + convergence test @ 200 samples accepted.
[likelihoodcollection] Average computation time:
   flamingo.inference.masked_ps.MaskedBandPowerLikelihood : 5.72763e-05 s (470 evaluations, 0.0269199 s total)
[theorycollection] Average computation time:
   flamingo.inference.masked_ps.MaskedTSZTheory : 0.0163674 s (470 evaluations, 7.69266 s total)
[mcmc]  - Acceptance rate: 0.808
[mcmc]  - Convergence of means: R-1 = 35.803042 after 160 accepted steps
[mcmc]  - Updated covariance matrix of proposal pdf.
[mcmc] Learn + convergence test @ 240 samples accepted.
[likelihoodcollection] Average computation time:
   flamingo.inference.masked_ps.MaskedBandPowerLikelihood : 5.65343e-05 s (519 evaluations, 0.0293413 s total)
[theorycollection] Average computation time:
   flamingo.inference.masked_ps.MaskedTSZTheory : 0.0163548 s (519 evaluations, 8.48817 s total)
[mcmc]  - Acceptance rate: 0.810
[mcmc]  - Convergence of means: R-1 = 13.218671 after 192 accepted steps
[mcmc]  - Updated covariance matrix of proposal pdf.
[mcmc] Learn + convergence test @ 280 samples accepted.
[likelihoodcollection] Average computation time:
   flamingo.inference.masked_ps.MaskedBandPowerLikelihood : 5.66387e-05 s (569 evaluations, 0.0322274 s total)
[theorycollection] Average computation time:
   flamingo.inference.masked_ps.MaskedTSZTheory : 0.0163427 s (569 evaluations, 9.29902 s total)
[mcmc]  - Acceptance rate: 0.809
[mcmc]  - Convergence of means: R-1 = 9.994834 after 224 accepted steps
[mcmc]  - Updated covariance matrix of proposal pdf.
[mcmc] Learn + convergence test @ 320 samples accepted.
[likelihoodcollection] Average computation time:
   flamingo.inference.masked_ps.MaskedBandPowerLikelihood : 5.62922e-05 s (621 evaluations, 0.0349575 s total)
[theorycollection] Average computation time:
   flamingo.inference.masked_ps.MaskedTSZTheory : 0.0163491 s (621 evaluations, 10.1528 s total)
[mcmc]  - Acceptance rate: 0.803
[mcmc]  - Convergence of means: R-1 = 7.812335 after 256 accepted steps
[mcmc]  - Updated covariance matrix of proposal pdf.
[mcmc] Learn + convergence test @ 360 samples accepted.
[likelihoodcollection] Average computation time:
   flamingo.inference.masked_ps.MaskedBandPowerLikelihood : 5.63797e-05 s (675 evaluations, 0.0380563 s total)
[theorycollection] Average computation time:
   flamingo.inference.masked_ps.MaskedTSZTheory : 0.0163875 s (675 evaluations, 11.0616 s total)
[mcmc]  - Acceptance rate: 0.793
[mcmc]  - Convergence of means: R-1 = 6.929917 after 288 accepted steps
[mcmc]  - Updated covariance matrix of proposal pdf.
[mcmc] Learn + convergence test @ 400 samples accepted.
[likelihoodcollection] Average computation time:
   flamingo.inference.masked_ps.MaskedBandPowerLikelihood : 5.65307e-05 s (737 evaluations, 0.0416631 s total)
[theorycollection] Average computation time:
   flamingo.inference.masked_ps.MaskedTSZTheory : 0.0164073 s (737 evaluations, 12.0922 s total)
[mcmc]  - Acceptance rate: 0.777
[mcmc]  - Convergence of means: R-1 = 6.676245 after 320 accepted steps
[mcmc]  - Updated covariance matrix of proposal pdf.
[mcmc] Learn + convergence test @ 440 samples accepted.
[likelihoodcollection] Average computation time:
   flamingo.inference.masked_ps.MaskedBandPowerLikelihood : 5.60071e-05 s (793 evaluations, 0.0444136 s total)
[theorycollection] Average computation time:
   flamingo.inference.masked_ps.MaskedTSZTheory : 0.0164093 s (793 evaluations, 13.0126 s total)
[mcmc]  - Acceptance rate: 0.770
[mcmc]  - Convergence of means: R-1 = 5.378816 after 352 accepted steps
[mcmc]  - Updated covariance matrix of proposal pdf.
[mcmc] Learn + convergence test @ 480 samples accepted.
[likelihoodcollection] Average computation time:
   flamingo.inference.masked_ps.MaskedBandPowerLikelihood : 5.63526e-05 s (850 evaluations, 0.0478997 s total)
[theorycollection] Average computation time:
   flamingo.inference.masked_ps.MaskedTSZTheory : 0.0164105 s (850 evaluations, 13.9489 s total)
[mcmc]  - Acceptance rate: 0.762
[mcmc]  - Convergence of means: R-1 = 6.687188 after 384 accepted steps
[mcmc]  - Updated covariance matrix of proposal pdf.
[mcmc] Learn + convergence test @ 520 samples accepted.
[likelihoodcollection] Average computation time:
   flamingo.inference.masked_ps.MaskedBandPowerLikelihood : 5.60487e-05 s (910 evaluations, 0.0510043 s total)
[theorycollection] Average computation time:
   flamingo.inference.masked_ps.MaskedTSZTheory : 0.0164065 s (910 evaluations, 14.9299 s total)
[mcmc]  - Acceptance rate: 0.750
[mcmc]  - Convergence of means: R-1 = 6.937158 after 416 accepted steps
[mcmc]  - Updated covariance matrix of proposal pdf.
[mcmc] Learn + convergence test @ 560 samples accepted.
[likelihoodcollection] Average computation time:
   flamingo.inference.masked_ps.MaskedBandPowerLikelihood : 5.57339e-05 s (970 evaluations, 0.0540619 s total)
[theorycollection] Average computation time:
   flamingo.inference.masked_ps.MaskedTSZTheory : 0.0164301 s (970 evaluations, 15.9372 s total)
[mcmc]  - Acceptance rate: 0.740
[mcmc]  - Convergence of means: R-1 = 5.438862 after 448 accepted steps
[mcmc]  - Updated covariance matrix of proposal pdf.
[mcmc] Learn + convergence test @ 600 samples accepted.
[likelihoodcollection] Average computation time:
   flamingo.inference.masked_ps.MaskedBandPowerLikelihood : 5.54475e-05 s (1033 evaluations, 0.0572773 s total)
[theorycollection] Average computation time:
   flamingo.inference.masked_ps.MaskedTSZTheory : 0.0164424 s (1033 evaluations, 16.985 s total)
[mcmc]  - Acceptance rate: 0.727
[mcmc]  - Convergence of means: R-1 = 4.698583 after 480 accepted steps
[mcmc]  - Updated covariance matrix of proposal pdf.
[mcmc] Learn + convergence test @ 640 samples accepted.
[likelihoodcollection] Average computation time:
   flamingo.inference.masked_ps.MaskedBandPowerLikelihood : 5.52678e-05 s (1100 evaluations, 0.0607946 s total)
[theorycollection] Average computation time:
   flamingo.inference.masked_ps.MaskedTSZTheory : 0.0164295 s (1100 evaluations, 18.0725 s total)
[mcmc]  - Acceptance rate: 0.713
[mcmc]  - Convergence of means: R-1 = 3.550040 after 512 accepted steps
[mcmc]  - Updated covariance matrix of proposal pdf.
[mcmc] Learn + convergence test @ 680 samples accepted.
[likelihoodcollection] Average computation time:
   flamingo.inference.masked_ps.MaskedBandPowerLikelihood : 5.53365e-05 s (1155 evaluations, 0.0639137 s total)
[theorycollection] Average computation time:
   flamingo.inference.masked_ps.MaskedTSZTheory : 0.0164522 s (1155 evaluations, 19.0023 s total)
[mcmc]  - Acceptance rate: 0.712
[mcmc]  - Convergence of means: R-1 = 4.511238 after 544 accepted steps
[mcmc]  - Updated covariance matrix of proposal pdf.
[mcmc] Learn + convergence test @ 720 samples accepted.
[likelihoodcollection] Average computation time:
   flamingo.inference.masked_ps.MaskedBandPowerLikelihood : 5.56554e-05 s (1215 evaluations, 0.0676214 s total)
[theorycollection] Average computation time:
   flamingo.inference.masked_ps.MaskedTSZTheory : 0.016446 s (1215 evaluations, 19.9819 s total)
[mcmc]  - Acceptance rate: 0.708
[mcmc]  - Convergence of means: R-1 = 5.670820 after 576 accepted steps
[mcmc]  - Updated covariance matrix of proposal pdf.
[mcmc] Learn + convergence test @ 760 samples accepted.
[likelihoodcollection] Average computation time:
   flamingo.inference.masked_ps.MaskedBandPowerLikelihood : 5.57585e-05 s (1277 evaluations, 0.0712036 s total)
[theorycollection] Average computation time:
   flamingo.inference.masked_ps.MaskedTSZTheory : 0.0164518 s (1277 evaluations, 21.009 s total)
[mcmc]  - Acceptance rate: 0.704
[mcmc]  - Convergence of means: R-1 = 6.640528 after 608 accepted steps
[mcmc]  - Updated covariance matrix of proposal pdf.
[mcmc] Learn + convergence test @ 800 samples accepted.
[likelihoodcollection] Average computation time:
   flamingo.inference.masked_ps.MaskedBandPowerLikelihood : 5.58411e-05 s (1342 evaluations, 0.0749388 s total)
[theorycollection] Average computation time:
   flamingo.inference.masked_ps.MaskedTSZTheory : 0.0164771 s (1342 evaluations, 22.1123 s total)
[mcmc]  - Acceptance rate: 0.697
[mcmc]  - Convergence of means: R-1 = 4.224823 after 640 accepted steps
[mcmc]  - Updated covariance matrix of proposal pdf.
[mcmc] Learn + convergence test @ 840 samples accepted.
[likelihoodcollection] Average computation time:
   flamingo.inference.masked_ps.MaskedBandPowerLikelihood : 5.60515e-05 s (1401 evaluations, 0.0785281 s total)
[theorycollection] Average computation time:
   flamingo.inference.masked_ps.MaskedTSZTheory : 0.0164857 s (1401 evaluations, 23.0964 s total)
[mcmc]  - Acceptance rate: 0.693
[mcmc]  - Convergence of means: R-1 = 2.752769 after 672 accepted steps
[mcmc]  - Updated covariance matrix of proposal pdf.
[mcmc] Learn + convergence test @ 880 samples accepted.
[likelihoodcollection] Average computation time:
   flamingo.inference.masked_ps.MaskedBandPowerLikelihood : 5.59631e-05 s (1470 evaluations, 0.0822658 s total)
[theorycollection] Average computation time:
   flamingo.inference.masked_ps.MaskedTSZTheory : 0.0164797 s (1470 evaluations, 24.2252 s total)
[mcmc]  - Acceptance rate: 0.685
[mcmc]  - Convergence of means: R-1 = 2.226847 after 704 accepted steps
[mcmc]  - Updated covariance matrix of proposal pdf.
[mcmc] Learn + convergence test @ 920 samples accepted.
[likelihoodcollection] Average computation time:
   flamingo.inference.masked_ps.MaskedBandPowerLikelihood : 5.61848e-05 s (1531 evaluations, 0.086019 s total)
[theorycollection] Average computation time:
   flamingo.inference.masked_ps.MaskedTSZTheory : 0.0165028 s (1531 evaluations, 25.2658 s total)
[mcmc]  - Acceptance rate: 0.681
[mcmc]  - Convergence of means: R-1 = 3.107025 after 736 accepted steps
[mcmc]  - Updated covariance matrix of proposal pdf.
[mcmc] Learn + convergence test @ 960 samples accepted.
[likelihoodcollection] Average computation time:
   flamingo.inference.masked_ps.MaskedBandPowerLikelihood : 5.62181e-05 s (1603 evaluations, 0.0901177 s total)
[theorycollection] Average computation time:
   flamingo.inference.masked_ps.MaskedTSZTheory : 0.0165101 s (1603 evaluations, 26.4657 s total)
[mcmc]  - Acceptance rate: 0.673
[mcmc]  - Convergence of means: R-1 = 2.601155 after 768 accepted steps
[mcmc]  - Updated covariance matrix of proposal pdf.
[mcmc] Learn + convergence test @ 1000 samples accepted.
[likelihoodcollection] Average computation time:
   flamingo.inference.masked_ps.MaskedBandPowerLikelihood : 5.60656e-05 s (1675 evaluations, 0.0939098 s total)
[theorycollection] Average computation time:
   flamingo.inference.masked_ps.MaskedTSZTheory : 0.0165071 s (1675 evaluations, 27.6493 s total)
[mcmc]  - Acceptance rate: 0.664
[mcmc]  - Convergence of means: R-1 = 3.667548 after 800 accepted steps
[mcmc]  - Updated covariance matrix of proposal pdf.
[mcmc] Learn + convergence test @ 1040 samples accepted.
[likelihoodcollection] Average computation time:
   flamingo.inference.masked_ps.MaskedBandPowerLikelihood : 5.59556e-05 s (1769 evaluations, 0.0989854 s total)
[theorycollection] Average computation time:
   flamingo.inference.masked_ps.MaskedTSZTheory : 0.0164858 s (1769 evaluations, 29.1635 s total)
[mcmc]  - Acceptance rate: 0.644
[mcmc]  - Convergence of means: R-1 = 5.108801 after 832 accepted steps
[mcmc]  - Updated covariance matrix of proposal pdf.
[mcmc] Learn + convergence test @ 1080 samples accepted.
[likelihoodcollection] Average computation time:
   flamingo.inference.masked_ps.MaskedBandPowerLikelihood : 5.57258e-05 s (1852 evaluations, 0.103204 s total)
[theorycollection] Average computation time:
   flamingo.inference.masked_ps.MaskedTSZTheory : 0.0164748 s (1852 evaluations, 30.5114 s total)
[mcmc]  - Acceptance rate: 0.633
[mcmc]  - Convergence of means: R-1 = 4.941312 after 864 accepted steps
[mcmc]  - Updated covariance matrix of proposal pdf.
[mcmc] Learn + convergence test @ 1120 samples accepted.
[likelihoodcollection] Average computation time:
   flamingo.inference.masked_ps.MaskedBandPowerLikelihood : 5.58819e-05 s (1931 evaluations, 0.107908 s total)
[theorycollection] Average computation time:
   flamingo.inference.masked_ps.MaskedTSZTheory : 0.0164762 s (1931 evaluations, 31.8155 s total)
[mcmc]  - Acceptance rate: 0.624
[mcmc]  - Convergence of means: R-1 = 5.607321 after 896 accepted steps
[mcmc]  - Updated covariance matrix of proposal pdf.
[mcmc] Learn + convergence test @ 1160 samples accepted.
[likelihoodcollection] Average computation time:
   flamingo.inference.masked_ps.MaskedBandPowerLikelihood : 5.59253e-05 s (1997 evaluations, 0.111683 s total)
[theorycollection] Average computation time:
   flamingo.inference.masked_ps.MaskedTSZTheory : 0.0164851 s (1997 evaluations, 32.9207 s total)
[mcmc]  - Acceptance rate: 0.622
[mcmc]  - Convergence of means: R-1 = 4.205092 after 928 accepted steps
[mcmc]  - Updated covariance matrix of proposal pdf.
[mcmc] Learn + convergence test @ 1200 samples accepted.
[likelihoodcollection] Average computation time:
   flamingo.inference.masked_ps.MaskedBandPowerLikelihood : 5.58399e-05 s (2066 evaluations, 0.115365 s total)
[theorycollection] Average computation time:
   flamingo.inference.masked_ps.MaskedTSZTheory : 0.0164861 s (2066 evaluations, 34.0602 s total)
[mcmc]  - Acceptance rate: 0.619
[mcmc]  - Convergence of means: R-1 = 3.859166 after 960 accepted steps
[mcmc]  - Updated covariance matrix of proposal pdf.
[mcmc] Learn + convergence test @ 1240 samples accepted.
[likelihoodcollection] Average computation time:
   flamingo.inference.masked_ps.MaskedBandPowerLikelihood : 5.60005e-05 s (2148 evaluations, 0.120289 s total)
[theorycollection] Average computation time:
   flamingo.inference.masked_ps.MaskedTSZTheory : 0.016498 s (2148 evaluations, 35.4377 s total)
[mcmc]  - Acceptance rate: 0.612
[mcmc]  - Convergence of means: R-1 = 4.222975 after 992 accepted steps
[mcmc]  - Updated covariance matrix of proposal pdf.
[mcmc] Learn + convergence test @ 1280 samples accepted.
[likelihoodcollection] Average computation time:
   flamingo.inference.masked_ps.MaskedBandPowerLikelihood : 5.59569e-05 s (2232 evaluations, 0.124896 s total)
[theorycollection] Average computation time:
   flamingo.inference.masked_ps.MaskedTSZTheory : 0.0164915 s (2232 evaluations, 36.8091 s total)
[mcmc]  - Acceptance rate: 0.604
[mcmc]  - Convergence of means: R-1 = 4.287986 after 1024 accepted steps
[mcmc]  - Updated covariance matrix of proposal pdf.
[mcmc] Learn + convergence test @ 1320 samples accepted.
[likelihoodcollection] Average computation time:
   flamingo.inference.masked_ps.MaskedBandPowerLikelihood : 5.58909e-05 s (2292 evaluations, 0.128102 s total)
[theorycollection] Average computation time:
   flamingo.inference.masked_ps.MaskedTSZTheory : 0.0164906 s (2292 evaluations, 37.7965 s total)
[mcmc]  - Acceptance rate: 0.606
[mcmc]  - Convergence of means: R-1 = 2.771109 after 1056 accepted steps
[mcmc]  - Updated covariance matrix of proposal pdf.
[mcmc] Learn + convergence test @ 1360 samples accepted.
[likelihoodcollection] Average computation time:
   flamingo.inference.masked_ps.MaskedBandPowerLikelihood : 5.58608e-05 s (2365 evaluations, 0.132111 s total)
[theorycollection] Average computation time:
   flamingo.inference.masked_ps.MaskedTSZTheory : 0.0164892 s (2365 evaluations, 38.997 s total)
[mcmc]  - Acceptance rate: 0.601
[mcmc]  - Convergence of means: R-1 = 2.685486 after 1088 accepted steps
[mcmc]  - Updated covariance matrix of proposal pdf.
[mcmc] Learn + convergence test @ 1400 samples accepted.
[likelihoodcollection] Average computation time:
   flamingo.inference.masked_ps.MaskedBandPowerLikelihood : 5.595e-05 s (2438 evaluations, 0.136406 s total)
[theorycollection] Average computation time:
   flamingo.inference.masked_ps.MaskedTSZTheory : 0.0164947 s (2438 evaluations, 40.214 s total)
[mcmc]  - Acceptance rate: 0.598
[mcmc]  - Convergence of means: R-1 = 2.710343 after 1120 accepted steps
[mcmc]  - Updated covariance matrix of proposal pdf.
[mcmc] Learn + convergence test @ 1440 samples accepted.
[likelihoodcollection] Average computation time:
   flamingo.inference.masked_ps.MaskedBandPowerLikelihood : 5.58598e-05 s (2514 evaluations, 0.140432 s total)
[theorycollection] Average computation time:
   flamingo.inference.masked_ps.MaskedTSZTheory : 0.0164901 s (2514 evaluations, 41.4562 s total)
[mcmc]  - Acceptance rate: 0.595
[mcmc]  - Convergence of means: R-1 = 2.718784 after 1152 accepted steps
[mcmc]  - Updated covariance matrix of proposal pdf.
[mcmc] Learn + convergence test @ 1480 samples accepted.
[likelihoodcollection] Average computation time:
   flamingo.inference.masked_ps.MaskedBandPowerLikelihood : 5.58094e-05 s (2587 evaluations, 0.144379 s total)
[theorycollection] Average computation time:
   flamingo.inference.masked_ps.MaskedTSZTheory : 0.0164952 s (2587 evaluations, 42.6731 s total)
[mcmc]  - Acceptance rate: 0.592
[mcmc]  - Convergence of means: R-1 = 3.004385 after 1184 accepted steps
[mcmc]  - Updated covariance matrix of proposal pdf.
[mcmc] Learn + convergence test @ 1520 samples accepted.
[likelihoodcollection] Average computation time:
   flamingo.inference.masked_ps.MaskedBandPowerLikelihood : 5.57539e-05 s (2647 evaluations, 0.147581 s total)
[theorycollection] Average computation time:
   flamingo.inference.masked_ps.MaskedTSZTheory : 0.0165031 s (2647 evaluations, 43.6838 s total)
[mcmc]  - Acceptance rate: 0.593
[mcmc]  - Convergence of means: R-1 = 3.055998 after 1216 accepted steps
[mcmc]  - Updated covariance matrix of proposal pdf.
[mcmc] Learn + convergence test @ 1560 samples accepted.
[likelihoodcollection] Average computation time:
   flamingo.inference.masked_ps.MaskedBandPowerLikelihood : 5.5733e-05 s (2716 evaluations, 0.151371 s total)
[theorycollection] Average computation time:
   flamingo.inference.masked_ps.MaskedTSZTheory : 0.0164991 s (2716 evaluations, 44.8115 s total)
[mcmc]  - Acceptance rate: 0.592
[mcmc]  - Convergence of means: R-1 = 3.024862 after 1248 accepted steps
[mcmc]  - Updated covariance matrix of proposal pdf.
[mcmc] Learn + convergence test @ 1600 samples accepted.
[likelihoodcollection] Average computation time:
   flamingo.inference.masked_ps.MaskedBandPowerLikelihood : 5.5831e-05 s (2788 evaluations, 0.155657 s total)
[theorycollection] Average computation time:
   flamingo.inference.masked_ps.MaskedTSZTheory : 0.0164973 s (2788 evaluations, 45.9946 s total)
[mcmc]  - Acceptance rate: 0.589
[mcmc]  - Convergence of means: R-1 = 2.222082 after 1280 accepted steps
[mcmc]  - Updated covariance matrix of proposal pdf.
[mcmc] Learn + convergence test @ 1640 samples accepted.
[likelihoodcollection] Average computation time:
   flamingo.inference.masked_ps.MaskedBandPowerLikelihood : 5.58036e-05 s (2860 evaluations, 0.159598 s total)
[theorycollection] Average computation time:
   flamingo.inference.masked_ps.MaskedTSZTheory : 0.0165074 s (2860 evaluations, 47.2111 s total)
[mcmc]  - Acceptance rate: 0.587
[mcmc]  - Convergence of means: R-1 = 2.013533 after 1312 accepted steps
[mcmc]  - Updated covariance matrix of proposal pdf.
[mcmc] Learn + convergence test @ 1680 samples accepted.
[likelihoodcollection] Average computation time:
   flamingo.inference.masked_ps.MaskedBandPowerLikelihood : 5.58263e-05 s (2934 evaluations, 0.163794 s total)
[theorycollection] Average computation time:
   flamingo.inference.masked_ps.MaskedTSZTheory : 0.0165207 s (2934 evaluations, 48.4717 s total)
[mcmc]  - Acceptance rate: 0.585
[mcmc]  - Convergence of means: R-1 = 1.566690 after 1344 accepted steps
[mcmc]  - Updated covariance matrix of proposal pdf.
[mcmc] Learn + convergence test @ 1720 samples accepted.
[likelihoodcollection] Average computation time:
   flamingo.inference.masked_ps.MaskedBandPowerLikelihood : 5.58021e-05 s (3011 evaluations, 0.16802 s total)
[theorycollection] Average computation time:
   flamingo.inference.masked_ps.MaskedTSZTheory : 0.0165288 s (3011 evaluations, 49.7681 s total)
[mcmc]  - Acceptance rate: 0.582
[mcmc]  - Convergence of means: R-1 = 1.335185 after 1376 accepted steps
[mcmc]  - Updated covariance matrix of proposal pdf.
[mcmc] Learn + convergence test @ 1760 samples accepted.
[likelihoodcollection] Average computation time:
   flamingo.inference.masked_ps.MaskedBandPowerLikelihood : 5.58408e-05 s (3096 evaluations, 0.172883 s total)
[theorycollection] Average computation time:
   flamingo.inference.masked_ps.MaskedTSZTheory : 0.0165338 s (3096 evaluations, 51.1887 s total)
[mcmc]  - Acceptance rate: 0.578
[mcmc]  - Convergence of means: R-1 = 1.270429 after 1408 accepted steps
[mcmc]  - Updated covariance matrix of proposal pdf.
[mcmc] Learn + convergence test @ 1800 samples accepted.
[likelihoodcollection] Average computation time:
   flamingo.inference.masked_ps.MaskedBandPowerLikelihood : 5.58246e-05 s (3173 evaluations, 0.177131 s total)
[theorycollection] Average computation time:
   flamingo.inference.masked_ps.MaskedTSZTheory : 0.01654 s (3173 evaluations, 52.4814 s total)
[mcmc]  - Acceptance rate: 0.575
[mcmc]  - Convergence of means: R-1 = 1.314426 after 1440 accepted steps
[mcmc]  - Updated covariance matrix of proposal pdf.
[mcmc] Learn + convergence test @ 1840 samples accepted.
[likelihoodcollection] Average computation time:
   flamingo.inference.masked_ps.MaskedBandPowerLikelihood : 5.56994e-05 s (3248 evaluations, 0.180912 s total)
[theorycollection] Average computation time:
   flamingo.inference.masked_ps.MaskedTSZTheory : 0.016534 s (3248 evaluations, 53.7024 s total)
[mcmc]  - Acceptance rate: 0.573
[mcmc]  - Convergence of means: R-1 = 1.308202 after 1472 accepted steps
[mcmc]  - Updated covariance matrix of proposal pdf.
[mcmc] Learn + convergence test @ 1880 samples accepted.
[likelihoodcollection] Average computation time:
   flamingo.inference.masked_ps.MaskedBandPowerLikelihood : 5.56122e-05 s (3335 evaluations, 0.185467 s total)
[theorycollection] Average computation time:
   flamingo.inference.masked_ps.MaskedTSZTheory : 0.0165308 s (3335 evaluations, 55.1303 s total)
[mcmc]  - Acceptance rate: 0.569
[mcmc]  - Convergence of means: R-1 = 1.580110 after 1504 accepted steps
[mcmc]  - Updated covariance matrix of proposal pdf.
[mcmc] Learn + convergence test @ 1920 samples accepted.
[likelihoodcollection] Average computation time:
   flamingo.inference.masked_ps.MaskedBandPowerLikelihood : 5.57042e-05 s (3399 evaluations, 0.189339 s total)
[theorycollection] Average computation time:
   flamingo.inference.masked_ps.MaskedTSZTheory : 0.0165401 s (3399 evaluations, 56.2197 s total)
[mcmc]  - Acceptance rate: 0.571
[mcmc]  - Convergence of means: R-1 = 1.617065 after 1536 accepted steps
[mcmc]  - Updated covariance matrix of proposal pdf.
[mcmc] Learn + convergence test @ 1960 samples accepted.
[likelihoodcollection] Average computation time:
   flamingo.inference.masked_ps.MaskedBandPowerLikelihood : 5.55931e-05 s (3472 evaluations, 0.193019 s total)
[theorycollection] Average computation time:
   flamingo.inference.masked_ps.MaskedTSZTheory : 0.0165437 s (3472 evaluations, 57.4396 s total)
[mcmc]  - Acceptance rate: 0.570
[mcmc]  - Convergence of means: R-1 = 1.441276 after 1568 accepted steps
[mcmc]  - Updated covariance matrix of proposal pdf.
[mcmc] Learn + convergence test @ 2000 samples accepted.
[likelihoodcollection] Average computation time:
   flamingo.inference.masked_ps.MaskedBandPowerLikelihood : 5.56344e-05 s (3546 evaluations, 0.19728 s total)
[theorycollection] Average computation time:
   flamingo.inference.masked_ps.MaskedTSZTheory : 0.0165431 s (3546 evaluations, 58.6619 s total)
[mcmc]  - Acceptance rate: 0.568
[mcmc]  - Convergence of means: R-1 = 0.934992 after 1600 accepted steps
[mcmc]  - Updated covariance matrix of proposal pdf.
[mcmc] Progress @ 2026-08-03 00:52:53 : 3557 steps taken, and 2003 accepted.
[mcmc] Learn + convergence test @ 2040 samples accepted.
[likelihoodcollection] Average computation time:
   flamingo.inference.masked_ps.MaskedBandPowerLikelihood : 5.55512e-05 s (3621 evaluations, 0.201151 s total)
[theorycollection] Average computation time:
   flamingo.inference.masked_ps.MaskedTSZTheory : 0.0165423 s (3621 evaluations, 59.8998 s total)
[mcmc]  - Acceptance rate: 0.566
[mcmc]  - Convergence of means: R-1 = 0.766275 after 1632 accepted steps
[mcmc]  - Updated covariance matrix of proposal pdf.
[mcmc] Learn + convergence test @ 2080 samples accepted.
[likelihoodcollection] Average computation time:
   flamingo.inference.masked_ps.MaskedBandPowerLikelihood : 5.55285e-05 s (3700 evaluations, 0.205455 s total)
[theorycollection] Average computation time:
   flamingo.inference.masked_ps.MaskedTSZTheory : 0.0165408 s (3700 evaluations, 61.2011 s total)
[mcmc]  - Acceptance rate: 0.564
[mcmc]  - Convergence of means: R-1 = 0.678027 after 1664 accepted steps
[mcmc]  - Updated covariance matrix of proposal pdf.
[mcmc] Learn + convergence test @ 2120 samples accepted.
[likelihoodcollection] Average computation time:
   flamingo.inference.masked_ps.MaskedBandPowerLikelihood : 5.55627e-05 s (3781 evaluations, 0.210083 s total)
[theorycollection] Average computation time:
   flamingo.inference.masked_ps.MaskedTSZTheory : 0.0165429 s (3781 evaluations, 62.5486 s total)
[mcmc]  - Acceptance rate: 0.562
[mcmc]  - Convergence of means: R-1 = 0.680060 after 1696 accepted steps
[mcmc]  - Updated covariance matrix of proposal pdf.
[mcmc] Learn + convergence test @ 2160 samples accepted.
[likelihoodcollection] Average computation time:
   flamingo.inference.masked_ps.MaskedBandPowerLikelihood : 5.5549e-05 s (3855 evaluations, 0.214141 s total)
[theorycollection] Average computation time:
   flamingo.inference.masked_ps.MaskedTSZTheory : 0.0165471 s (3855 evaluations, 63.789 s total)
[mcmc]  - Acceptance rate: 0.561
[mcmc]  - Convergence of means: R-1 = 0.624551 after 1728 accepted steps
[mcmc]  - Updated covariance matrix of proposal pdf.
[mcmc] Learn + convergence test @ 2200 samples accepted.
[likelihoodcollection] Average computation time:
   flamingo.inference.masked_ps.MaskedBandPowerLikelihood : 5.54331e-05 s (3931 evaluations, 0.217907 s total)
[theorycollection] Average computation time:
   flamingo.inference.masked_ps.MaskedTSZTheory : 0.016544 s (3931 evaluations, 65.0343 s total)
[mcmc]  - Acceptance rate: 0.559
[mcmc]  - Convergence of means: R-1 = 0.590275 after 1760 accepted steps
[mcmc]  - Updated covariance matrix of proposal pdf.
[mcmc] Learn + convergence test @ 2240 samples accepted.
[likelihoodcollection] Average computation time:
   flamingo.inference.masked_ps.MaskedBandPowerLikelihood : 5.54449e-05 s (4014 evaluations, 0.222556 s total)
[theorycollection] Average computation time:
   flamingo.inference.masked_ps.MaskedTSZTheory : 0.0165455 s (4014 evaluations, 66.4137 s total)
[mcmc]  - Acceptance rate: 0.556
[mcmc]  - Convergence of means: R-1 = 0.603067 after 1792 accepted steps
[mcmc]  - Updated covariance matrix of proposal pdf.
[mcmc] Learn + convergence test @ 2280 samples accepted.
[likelihoodcollection] Average computation time:
   flamingo.inference.masked_ps.MaskedBandPowerLikelihood : 5.54967e-05 s (4084 evaluations, 0.226649 s total)
[theorycollection] Average computation time:
   flamingo.inference.masked_ps.MaskedTSZTheory : 0.0165416 s (4084 evaluations, 67.5559 s total)
[mcmc]  - Acceptance rate: 0.556
[mcmc]  - Convergence of means: R-1 = 0.607056 after 1824 accepted steps
[mcmc]  - Updated covariance matrix of proposal pdf.
[mcmc] Learn + convergence test @ 2320 samples accepted.
[likelihoodcollection] Average computation time:
   flamingo.inference.masked_ps.MaskedBandPowerLikelihood : 5.55463e-05 s (4155 evaluations, 0.230795 s total)
[theorycollection] Average computation time:
   flamingo.inference.masked_ps.MaskedTSZTheory : 0.0165365 s (4155 evaluations, 68.709 s total)
[mcmc]  - Acceptance rate: 0.556
[mcmc]  - Convergence of means: R-1 = 0.617530 after 1856 accepted steps
[mcmc]  - Updated covariance matrix of proposal pdf.
[mcmc] Learn + convergence test @ 2360 samples accepted.
[likelihoodcollection] Average computation time:
   flamingo.inference.masked_ps.MaskedBandPowerLikelihood : 5.56656e-05 s (4248 evaluations, 0.236468 s total)
[theorycollection] Average computation time:
   flamingo.inference.masked_ps.MaskedTSZTheory : 0.0165391 s (4248 evaluations, 70.2579 s total)
[mcmc]  - Acceptance rate: 0.552
[mcmc]  - Convergence of means: R-1 = 0.594054 after 1888 accepted steps
[mcmc]  - Updated covariance matrix of proposal pdf.
[mcmc] Learn + convergence test @ 2400 samples accepted.
[likelihoodcollection] Average computation time:
   flamingo.inference.masked_ps.MaskedBandPowerLikelihood : 5.56672e-05 s (4322 evaluations, 0.240594 s total)
[theorycollection] Average computation time:
   flamingo.inference.masked_ps.MaskedTSZTheory : 0.0165362 s (4322 evaluations, 71.4696 s total)
[mcmc]  - Acceptance rate: 0.551
[mcmc]  - Convergence of means: R-1 = 0.560231 after 1920 accepted steps
[mcmc]  - Updated covariance matrix of proposal pdf.
[mcmc] Learn + convergence test @ 2440 samples accepted.
[likelihoodcollection] Average computation time:
   flamingo.inference.masked_ps.MaskedBandPowerLikelihood : 5.55814e-05 s (4384 evaluations, 0.243669 s total)
[theorycollection] Average computation time:
   flamingo.inference.masked_ps.MaskedTSZTheory : 0.0165327 s (4384 evaluations, 72.4794 s total)
[mcmc]  - Acceptance rate: 0.552
[mcmc]  - Convergence of means: R-1 = 0.541124 after 1952 accepted steps
[mcmc]  - Updated covariance matrix of proposal pdf.
[mcmc] Learn + convergence test @ 2480 samples accepted.
[likelihoodcollection] Average computation time:
   flamingo.inference.masked_ps.MaskedBandPowerLikelihood : 5.55431e-05 s (4461 evaluations, 0.247778 s total)
[theorycollection] Average computation time:
   flamingo.inference.masked_ps.MaskedTSZTheory : 0.0165374 s (4461 evaluations, 73.7734 s total)
[mcmc]  - Acceptance rate: 0.551
[mcmc]  - Convergence of means: R-1 = 0.502387 after 1984 accepted steps
[mcmc]  - Updated covariance matrix of proposal pdf.
[mcmc] Learn + convergence test @ 2520 samples accepted.
[likelihoodcollection] Average computation time:
   flamingo.inference.masked_ps.MaskedBandPowerLikelihood : 5.55743e-05 s (4533 evaluations, 0.251918 s total)
[theorycollection] Average computation time:
   flamingo.inference.masked_ps.MaskedTSZTheory : 0.0165434 s (4533 evaluations, 74.9911 s total)
[mcmc]  - Acceptance rate: 0.551
[mcmc]  - Convergence of means: R-1 = 0.491674 after 2016 accepted steps
[mcmc]  - Updated covariance matrix of proposal pdf.
[mcmc] Learn + convergence test @ 2560 samples accepted.
[likelihoodcollection] Average computation time:
   flamingo.inference.masked_ps.MaskedBandPowerLikelihood : 5.55412e-05 s (4601 evaluations, 0.255545 s total)
[theorycollection] Average computation time:
   flamingo.inference.masked_ps.MaskedTSZTheory : 0.0165443 s (4601 evaluations, 76.1201 s total)
[mcmc]  - Acceptance rate: 0.551
[mcmc]  - Convergence of means: R-1 = 0.537962 after 2048 accepted steps
[mcmc]  - Updated covariance matrix of proposal pdf.
[mcmc] Learn + convergence test @ 2600 samples accepted.
[likelihoodcollection] Average computation time:
   flamingo.inference.masked_ps.MaskedBandPowerLikelihood : 5.55233e-05 s (4677 evaluations, 0.259682 s total)
[theorycollection] Average computation time:
   flamingo.inference.masked_ps.MaskedTSZTheory : 0.0165397 s (4677 evaluations, 77.3562 s total)
[mcmc]  - Acceptance rate: 0.550
[mcmc]  - Convergence of means: R-1 = 0.568922 after 2080 accepted steps
[mcmc]  - Updated covariance matrix of proposal pdf.
[mcmc] Learn + convergence test @ 2640 samples accepted.
[likelihoodcollection] Average computation time:
   flamingo.inference.masked_ps.MaskedBandPowerLikelihood : 5.54663e-05 s (4761 evaluations, 0.264075 s total)
[theorycollection] Average computation time:
   flamingo.inference.masked_ps.MaskedTSZTheory : 0.0165319 s (4761 evaluations, 78.7086 s total)
[mcmc]  - Acceptance rate: 0.548
[mcmc]  - Convergence of means: R-1 = 0.569023 after 2112 accepted steps
[mcmc]  - Updated covariance matrix of proposal pdf.
[mcmc] Learn + convergence test @ 2680 samples accepted.
[likelihoodcollection] Average computation time:
   flamingo.inference.masked_ps.MaskedBandPowerLikelihood : 5.54945e-05 s (4841 evaluations, 0.268649 s total)
[theorycollection] Average computation time:
   flamingo.inference.masked_ps.MaskedTSZTheory : 0.0165368 s (4841 evaluations, 80.0544 s total)
[mcmc]  - Acceptance rate: 0.547
[mcmc]  - Convergence of means: R-1 = 0.542846 after 2144 accepted steps
[mcmc]  - Updated covariance matrix of proposal pdf.
[mcmc] Learn + convergence test @ 2720 samples accepted.
[likelihoodcollection] Average computation time:
   flamingo.inference.masked_ps.MaskedBandPowerLikelihood : 5.54737e-05 s (4916 evaluations, 0.272708 s total)
[theorycollection] Average computation time:
   flamingo.inference.masked_ps.MaskedTSZTheory : 0.0165397 s (4916 evaluations, 81.3093 s total)
[mcmc]  - Acceptance rate: 0.546
[mcmc]  - Convergence of means: R-1 = 0.624369 after 2176 accepted steps
[mcmc]  - Updated covariance matrix of proposal pdf.
[mcmc] Learn + convergence test @ 2760 samples accepted.
[likelihoodcollection] Average computation time:
   flamingo.inference.masked_ps.MaskedBandPowerLikelihood : 5.54847e-05 s (4995 evaluations, 0.277146 s total)
[theorycollection] Average computation time:
   flamingo.inference.masked_ps.MaskedTSZTheory : 0.0165415 s (4995 evaluations, 82.6248 s total)
[mcmc]  - Acceptance rate: 0.545
[mcmc]  - Convergence of means: R-1 = 0.564075 after 2208 accepted steps
[mcmc]  - Updated covariance matrix of proposal pdf.
[mcmc] Learn + convergence test @ 2800 samples accepted.
[likelihoodcollection] Average computation time:
   flamingo.inference.masked_ps.MaskedBandPowerLikelihood : 5.55088e-05 s (5064 evaluations, 0.281096 s total)
[theorycollection] Average computation time:
   flamingo.inference.masked_ps.MaskedTSZTheory : 0.0165438 s (5064 evaluations, 83.7779 s total)
[mcmc]  - Acceptance rate: 0.545
[mcmc]  - Convergence of means: R-1 = 0.505651 after 2240 accepted steps
[mcmc]  - Updated covariance matrix of proposal pdf.
[mcmc] Learn + convergence test @ 2840 samples accepted.
[likelihoodcollection] Average computation time:
   flamingo.inference.masked_ps.MaskedBandPowerLikelihood : 5.55069e-05 s (5139 evaluations, 0.28525 s total)
[theorycollection] Average computation time:
   flamingo.inference.masked_ps.MaskedTSZTheory : 0.0165416 s (5139 evaluations, 85.0071 s total)
[mcmc]  - Acceptance rate: 0.544
[mcmc]  - Convergence of means: R-1 = 0.453396 after 2272 accepted steps
[mcmc]  - Updated covariance matrix of proposal pdf.
[mcmc] Learn + convergence test @ 2880 samples accepted.
[likelihoodcollection] Average computation time:
   flamingo.inference.masked_ps.MaskedBandPowerLikelihood : 5.55405e-05 s (5217 evaluations, 0.289755 s total)
[theorycollection] Average computation time:
   flamingo.inference.masked_ps.MaskedTSZTheory : 0.016544 s (5217 evaluations, 86.3102 s total)
[mcmc]  - Acceptance rate: 0.543
[mcmc]  - Convergence of means: R-1 = 0.405975 after 2304 accepted steps
[mcmc]  - Updated covariance matrix of proposal pdf.
[mcmc] Learn + convergence test @ 2920 samples accepted.
[likelihoodcollection] Average computation time:
   flamingo.inference.masked_ps.MaskedBandPowerLikelihood : 5.56354e-05 s (5298 evaluations, 0.294756 s total)
[theorycollection] Average computation time:
   flamingo.inference.masked_ps.MaskedTSZTheory : 0.0165512 s (5298 evaluations, 87.6883 s total)
[mcmc]  - Acceptance rate: 0.542
[mcmc]  - Convergence of means: R-1 = 0.391190 after 2336 accepted steps
[mcmc]  - Updated covariance matrix of proposal pdf.
[mcmc] Learn + convergence test @ 2960 samples accepted.
[likelihoodcollection] Average computation time:
   flamingo.inference.masked_ps.MaskedBandPowerLikelihood : 5.56294e-05 s (5369 evaluations, 0.298674 s total)
[theorycollection] Average computation time:
   flamingo.inference.masked_ps.MaskedTSZTheory : 0.0165532 s (5369 evaluations, 88.8743 s total)
[mcmc]  - Acceptance rate: 0.542
[mcmc]  - Convergence of means: R-1 = 0.369930 after 2368 accepted steps
[mcmc]  - Updated covariance matrix of proposal pdf.
[mcmc] Learn + convergence test @ 3000 samples accepted.
[likelihoodcollection] Average computation time:
   flamingo.inference.masked_ps.MaskedBandPowerLikelihood : 5.56757e-05 s (5428 evaluations, 0.302208 s total)
[theorycollection] Average computation time:
   flamingo.inference.masked_ps.MaskedTSZTheory : 0.0165544 s (5428 evaluations, 89.8575 s total)
[mcmc]  - Acceptance rate: 0.544
[mcmc]  - Convergence of means: R-1 = 0.339946 after 2400 accepted steps
[mcmc]  - Updated covariance matrix of proposal pdf.
[mcmc] Learn + convergence test @ 3040 samples accepted.
[likelihoodcollection] Average computation time:
   flamingo.inference.masked_ps.MaskedBandPowerLikelihood : 5.56224e-05 s (5497 evaluations, 0.305756 s total)
[theorycollection] Average computation time:
   flamingo.inference.masked_ps.MaskedTSZTheory : 0.0165521 s (5497 evaluations, 90.9866 s total)
[mcmc]  - Acceptance rate: 0.544
[mcmc]  - Convergence of means: R-1 = 0.265927 after 2432 accepted steps
[mcmc]  - Updated covariance matrix of proposal pdf.
[mcmc] Learn + convergence test @ 3080 samples accepted.
[likelihoodcollection] Average computation time:
   flamingo.inference.masked_ps.MaskedBandPowerLikelihood : 5.56002e-05 s (5577 evaluations, 0.310082 s total)
[theorycollection] Average computation time:
   flamingo.inference.masked_ps.MaskedTSZTheory : 0.0165568 s (5577 evaluations, 92.3371 s total)
[mcmc]  - Acceptance rate: 0.543
[mcmc]  - Convergence of means: R-1 = 0.259259 after 2464 accepted steps
[mcmc]  - Updated covariance matrix of proposal pdf.
[mcmc] Learn + convergence test @ 3120 samples accepted.
[likelihoodcollection] Average computation time:
   flamingo.inference.masked_ps.MaskedBandPowerLikelihood : 5.56875e-05 s (5642 evaluations, 0.314189 s total)
[theorycollection] Average computation time:
   flamingo.inference.masked_ps.MaskedTSZTheory : 0.0165594 s (5642 evaluations, 93.4281 s total)
[mcmc]  - Acceptance rate: 0.543
[mcmc]  - Convergence of means: R-1 = 0.304407 after 2496 accepted steps
[mcmc]  - Updated covariance matrix of proposal pdf.
[mcmc] Learn + convergence test @ 3160 samples accepted.
[likelihoodcollection] Average computation time:
   flamingo.inference.masked_ps.MaskedBandPowerLikelihood : 5.57009e-05 s (5720 evaluations, 0.318609 s total)
[theorycollection] Average computation time:
   flamingo.inference.masked_ps.MaskedTSZTheory : 0.0165612 s (5720 evaluations, 94.7299 s total)
[mcmc]  - Acceptance rate: 0.542
[mcmc]  - Convergence of means: R-1 = 0.230254 after 2528 accepted steps
[mcmc]  - Updated covariance matrix of proposal pdf.
[mcmc] Learn + convergence test @ 3200 samples accepted.
[likelihoodcollection] Average computation time:
   flamingo.inference.masked_ps.MaskedBandPowerLikelihood : 5.56646e-05 s (5804 evaluations, 0.323077 s total)
[theorycollection] Average computation time:
   flamingo.inference.masked_ps.MaskedTSZTheory : 0.0165653 s (5804 evaluations, 96.1448 s total)
[mcmc]  - Acceptance rate: 0.542
[mcmc]  - Convergence of means: R-1 = 0.196823 after 2560 accepted steps
[mcmc]  - Updated covariance matrix of proposal pdf.
[mcmc] Learn + convergence test @ 3240 samples accepted.
[likelihoodcollection] Average computation time:
   flamingo.inference.masked_ps.MaskedBandPowerLikelihood : 5.56103e-05 s (5881 evaluations, 0.327044 s total)
[theorycollection] Average computation time:
   flamingo.inference.masked_ps.MaskedTSZTheory : 0.0165604 s (5881 evaluations, 97.3917 s total)
[mcmc]  - Acceptance rate: 0.541
[mcmc]  - Convergence of means: R-1 = 0.190879 after 2592 accepted steps
[mcmc]  - Updated covariance matrix of proposal pdf.
[mcmc] Learn + convergence test @ 3280 samples accepted.
[likelihoodcollection] Average computation time:
   flamingo.inference.masked_ps.MaskedBandPowerLikelihood : 5.56732e-05 s (5950 evaluations, 0.331255 s total)
[theorycollection] Average computation time:
   flamingo.inference.masked_ps.MaskedTSZTheory : 0.0165634 s (5950 evaluations, 98.5525 s total)
[mcmc]  - Acceptance rate: 0.541
[mcmc]  - Convergence of means: R-1 = 0.189895 after 2624 accepted steps
[mcmc]  - Updated covariance matrix of proposal pdf.
[mcmc] Learn + convergence test @ 3320 samples accepted.
[likelihoodcollection] Average computation time:
   flamingo.inference.masked_ps.MaskedBandPowerLikelihood : 5.57261e-05 s (6010 evaluations, 0.334914 s total)
[theorycollection] Average computation time:
   flamingo.inference.masked_ps.MaskedTSZTheory : 0.0165683 s (6010 evaluations, 99.5753 s total)
[mcmc]  - Acceptance rate: 0.542
[mcmc]  - Convergence of means: R-1 = 0.187027 after 2656 accepted steps
[mcmc]  - Updated covariance matrix of proposal pdf.
[mcmc] Learn + convergence test @ 3360 samples accepted.
[likelihoodcollection] Average computation time:
   flamingo.inference.masked_ps.MaskedBandPowerLikelihood : 5.57418e-05 s (6089 evaluations, 0.339412 s total)
[theorycollection] Average computation time:
   flamingo.inference.masked_ps.MaskedTSZTheory : 0.0165688 s (6089 evaluations, 100.888 s total)
[mcmc]  - Acceptance rate: 0.541
[mcmc]  - Convergence of means: R-1 = 0.234217 after 2688 accepted steps
[mcmc]  - Updated covariance matrix of proposal pdf.
[mcmc] Learn + convergence test @ 3400 samples accepted.
[likelihoodcollection] Average computation time:
   flamingo.inference.masked_ps.MaskedBandPowerLikelihood : 5.56864e-05 s (6171 evaluations, 0.343641 s total)
[theorycollection] Average computation time:
   flamingo.inference.masked_ps.MaskedTSZTheory : 0.0165664 s (6171 evaluations, 102.231 s total)
[mcmc]  - Acceptance rate: 0.540
[mcmc]  - Convergence of means: R-1 = 0.246334 after 2720 accepted steps
[mcmc]  - Updated covariance matrix of proposal pdf.
[mcmc] Learn + convergence test @ 3440 samples accepted.
[likelihoodcollection] Average computation time:
   flamingo.inference.masked_ps.MaskedBandPowerLikelihood : 5.56672e-05 s (6247 evaluations, 0.347753 s total)
[theorycollection] Average computation time:
   flamingo.inference.masked_ps.MaskedTSZTheory : 0.0165637 s (6247 evaluations, 103.473 s total)
[mcmc]  - Acceptance rate: 0.539
[mcmc]  - Convergence of means: R-1 = 0.213407 after 2752 accepted steps
[mcmc]  - Updated covariance matrix of proposal pdf.
[mcmc] Learn + convergence test @ 3480 samples accepted.
[likelihoodcollection] Average computation time:
   flamingo.inference.masked_ps.MaskedBandPowerLikelihood : 5.57255e-05 s (6333 evaluations, 0.35291 s total)
[theorycollection] Average computation time:
   flamingo.inference.masked_ps.MaskedTSZTheory : 0.0165642 s (6333 evaluations, 104.901 s total)
[mcmc]  - Acceptance rate: 0.537
[mcmc]  - Convergence of means: R-1 = 0.189575 after 2784 accepted steps
[mcmc]  - Updated covariance matrix of proposal pdf.
[mcmc] Learn + convergence test @ 3520 samples accepted.
[likelihoodcollection] Average computation time:
   flamingo.inference.masked_ps.MaskedBandPowerLikelihood : 5.5693e-05 s (6416 evaluations, 0.357326 s total)
[theorycollection] Average computation time:
   flamingo.inference.masked_ps.MaskedTSZTheory : 0.0165621 s (6416 evaluations, 106.262 s total)
[mcmc]  - Acceptance rate: 0.536
[mcmc]  - Convergence of means: R-1 = 0.187374 after 2816 accepted steps
[mcmc]  - Updated covariance matrix of proposal pdf.
[mcmc] Learn + convergence test @ 3560 samples accepted.
[likelihoodcollection] Average computation time:
   flamingo.inference.masked_ps.MaskedBandPowerLikelihood : 5.56543e-05 s (6502 evaluations, 0.361864 s total)
[theorycollection] Average computation time:
   flamingo.inference.masked_ps.MaskedTSZTheory : 0.0165645 s (6502 evaluations, 107.702 s total)
[mcmc]  - Acceptance rate: 0.534
[mcmc]  - Convergence of means: R-1 = 0.192848 after 2848 accepted steps
[mcmc]  - Updated covariance matrix of proposal pdf.
[mcmc] Learn + convergence test @ 3600 samples accepted.
[likelihoodcollection] Average computation time:
   flamingo.inference.masked_ps.MaskedBandPowerLikelihood : 5.56029e-05 s (6591 evaluations, 0.366479 s total)
[theorycollection] Average computation time:
   flamingo.inference.masked_ps.MaskedTSZTheory : 0.0165651 s (6591 evaluations, 109.181 s total)
[mcmc]  - Acceptance rate: 0.533
[mcmc]  - Convergence of means: R-1 = 0.229022 after 2880 accepted steps
[mcmc]  - Updated covariance matrix of proposal pdf.
[mcmc] Learn + convergence test @ 3640 samples accepted.
[likelihoodcollection] Average computation time:
   flamingo.inference.masked_ps.MaskedBandPowerLikelihood : 5.55815e-05 s (6710 evaluations, 0.372952 s total)
[theorycollection] Average computation time:
   flamingo.inference.masked_ps.MaskedTSZTheory : 0.0165627 s (6710 evaluations, 111.136 s total)
[mcmc]  - Acceptance rate: 0.528
[mcmc]  - Convergence of means: R-1 = 0.245374 after 2912 accepted steps
[mcmc]  - Updated covariance matrix of proposal pdf.
[mcmc] Learn + convergence test @ 3680 samples accepted.
[likelihoodcollection] Average computation time:
   flamingo.inference.masked_ps.MaskedBandPowerLikelihood : 5.55836e-05 s (6789 evaluations, 0.377357 s total)
[theorycollection] Average computation time:
   flamingo.inference.masked_ps.MaskedTSZTheory : 0.016563 s (6789 evaluations, 112.446 s total)
[mcmc]  - Acceptance rate: 0.528
[mcmc]  - Convergence of means: R-1 = 0.232540 after 2944 accepted steps
[mcmc]  - Updated covariance matrix of proposal pdf.
[mcmc] Learn + convergence test @ 3720 samples accepted.
[likelihoodcollection] Average computation time:
   flamingo.inference.masked_ps.MaskedBandPowerLikelihood : 5.56446e-05 s (6867 evaluations, 0.382112 s total)
[theorycollection] Average computation time:
   flamingo.inference.masked_ps.MaskedTSZTheory : 0.0165663 s (6867 evaluations, 113.761 s total)
[mcmc]  - Acceptance rate: 0.527
[mcmc]  - Convergence of means: R-1 = 0.244126 after 2976 accepted steps
[mcmc]  - Updated covariance matrix of proposal pdf.
[mcmc] Learn + convergence test @ 3760 samples accepted.
[likelihoodcollection] Average computation time:
   flamingo.inference.masked_ps.MaskedBandPowerLikelihood : 5.56468e-05 s (6949 evaluations, 0.386689 s total)
[theorycollection] Average computation time:
   flamingo.inference.masked_ps.MaskedTSZTheory : 0.0165698 s (6949 evaluations, 115.144 s total)
[mcmc]  - Acceptance rate: 0.527
[mcmc]  - Convergence of means: R-1 = 0.229775 after 3008 accepted steps
[mcmc]  - Updated covariance matrix of proposal pdf.
[mcmc] Learn + convergence test @ 3800 samples accepted.
[likelihoodcollection] Average computation time:
   flamingo.inference.masked_ps.MaskedBandPowerLikelihood : 5.56272e-05 s (7044 evaluations, 0.391838 s total)
[theorycollection] Average computation time:
   flamingo.inference.masked_ps.MaskedTSZTheory : 0.0165692 s (7044 evaluations, 116.713 s total)
[mcmc]  - Acceptance rate: 0.524
[mcmc]  - Convergence of means: R-1 = 0.244149 after 3040 accepted steps
[mcmc]  - Updated covariance matrix of proposal pdf.
[mcmc] Progress @ 2026-08-03 00:53:53 : 7116 steps taken, and 3820 accepted.
[mcmc] Learn + convergence test @ 3840 samples accepted.
[likelihoodcollection] Average computation time:
   flamingo.inference.masked_ps.MaskedBandPowerLikelihood : 5.55648e-05 s (7126 evaluations, 0.395955 s total)
[theorycollection] Average computation time:
   flamingo.inference.masked_ps.MaskedTSZTheory : 0.0165648 s (7126 evaluations, 118.041 s total)
[mcmc]  - Acceptance rate: 0.524
[mcmc]  - Convergence of means: R-1 = 0.255092 after 3072 accepted steps
[mcmc]  - Updated covariance matrix of proposal pdf.
[mcmc] Learn + convergence test @ 3880 samples accepted.
[likelihoodcollection] Average computation time:
   flamingo.inference.masked_ps.MaskedBandPowerLikelihood : 5.55544e-05 s (7211 evaluations, 0.400602 s total)
[theorycollection] Average computation time:
   flamingo.inference.masked_ps.MaskedTSZTheory : 0.016566 s (7211 evaluations, 119.458 s total)
[mcmc]  - Acceptance rate: 0.523
[mcmc]  - Convergence of means: R-1 = 0.235747 after 3104 accepted steps
[mcmc]  - Updated covariance matrix of proposal pdf.
[mcmc] Learn + convergence test @ 3920 samples accepted.
[likelihoodcollection] Average computation time:
   flamingo.inference.masked_ps.MaskedBandPowerLikelihood : 5.55298e-05 s (7284 evaluations, 0.404479 s total)
[theorycollection] Average computation time:
   flamingo.inference.masked_ps.MaskedTSZTheory : 0.0165619 s (7284 evaluations, 120.637 s total)
[mcmc]  - Acceptance rate: 0.523
[mcmc]  - Convergence of means: R-1 = 0.241223 after 3136 accepted steps
[mcmc]  - Updated covariance matrix of proposal pdf.
[mcmc] Learn + convergence test @ 3960 samples accepted.
[likelihoodcollection] Average computation time:
   flamingo.inference.masked_ps.MaskedBandPowerLikelihood : 5.55251e-05 s (7357 evaluations, 0.408498 s total)
[theorycollection] Average computation time:
   flamingo.inference.masked_ps.MaskedTSZTheory : 0.0165636 s (7357 evaluations, 121.858 s total)
[mcmc]  - Acceptance rate: 0.523
[mcmc]  - Convergence of means: R-1 = 0.231837 after 3168 accepted steps
[mcmc]  - Updated covariance matrix of proposal pdf.
[mcmc] Learn + convergence test @ 4000 samples accepted.
[likelihoodcollection] Average computation time:
   flamingo.inference.masked_ps.MaskedBandPowerLikelihood : 5.5511e-05 s (7441 evaluations, 0.413058 s total)
[theorycollection] Average computation time:
   flamingo.inference.masked_ps.MaskedTSZTheory : 0.0165627 s (7441 evaluations, 123.243 s total)
[mcmc]  - Acceptance rate: 0.522
[mcmc]  - Convergence of means: R-1 = 0.211919 after 3200 accepted steps
[mcmc]  - Updated covariance matrix of proposal pdf.
[mcmc] Learn + convergence test @ 4040 samples accepted.
[likelihoodcollection] Average computation time:
   flamingo.inference.masked_ps.MaskedBandPowerLikelihood : 5.55522e-05 s (7515 evaluations, 0.417475 s total)
[theorycollection] Average computation time:
   flamingo.inference.masked_ps.MaskedTSZTheory : 0.0165632 s (7515 evaluations, 124.472 s total)
[mcmc]  - Acceptance rate: 0.522
[mcmc]  - Convergence of means: R-1 = 0.218588 after 3232 accepted steps
[mcmc]  - Updated covariance matrix of proposal pdf.
[mcmc] Learn + convergence test @ 4080 samples accepted.
[likelihoodcollection] Average computation time:
   flamingo.inference.masked_ps.MaskedBandPowerLikelihood : 5.55813e-05 s (7601 evaluations, 0.422474 s total)
[theorycollection] Average computation time:
   flamingo.inference.masked_ps.MaskedTSZTheory : 0.0165681 s (7601 evaluations, 125.934 s total)
[mcmc]  - Acceptance rate: 0.521
[mcmc]  - Convergence of means: R-1 = 0.199494 after 3264 accepted steps
[mcmc]  - Updated covariance matrix of proposal pdf.
[mcmc] Learn + convergence test @ 4120 samples accepted.
[likelihoodcollection] Average computation time:
   flamingo.inference.masked_ps.MaskedBandPowerLikelihood : 5.55742e-05 s (7661 evaluations, 0.425754 s total)
[theorycollection] Average computation time:
   flamingo.inference.masked_ps.MaskedTSZTheory : 0.0165649 s (7661 evaluations, 126.904 s total)
[mcmc]  - Acceptance rate: 0.522
[mcmc]  - Convergence of means: R-1 = 0.195612 after 3296 accepted steps
[mcmc]  - Updated covariance matrix of proposal pdf.
[mcmc] Learn + convergence test @ 4160 samples accepted.
[likelihoodcollection] Average computation time:
   flamingo.inference.masked_ps.MaskedBandPowerLikelihood : 5.5594e-05 s (7737 evaluations, 0.43013 s total)
[theorycollection] Average computation time:
   flamingo.inference.masked_ps.MaskedTSZTheory : 0.0165647 s (7737 evaluations, 128.161 s total)
[mcmc]  - Acceptance rate: 0.521
[mcmc]  - Convergence of means: R-1 = 0.190099 after 3328 accepted steps
[mcmc]  - Updated covariance matrix of proposal pdf.
[mcmc] Learn + convergence test @ 4200 samples accepted.
[likelihoodcollection] Average computation time:
   flamingo.inference.masked_ps.MaskedBandPowerLikelihood : 5.5627e-05 s (7814 evaluations, 0.434669 s total)
[theorycollection] Average computation time:
   flamingo.inference.masked_ps.MaskedTSZTheory : 0.0165679 s (7814 evaluations, 129.462 s total)
[mcmc]  - Acceptance rate: 0.521
[mcmc]  - Convergence of means: R-1 = 0.164978 after 3360 accepted steps
[mcmc]  - Updated covariance matrix of proposal pdf.
[mcmc] Learn + convergence test @ 4240 samples accepted.
[likelihoodcollection] Average computation time:
   flamingo.inference.masked_ps.MaskedBandPowerLikelihood : 5.56192e-05 s (7890 evaluations, 0.438835 s total)
[theorycollection] Average computation time:
   flamingo.inference.masked_ps.MaskedTSZTheory : 0.0165669 s (7890 evaluations, 130.713 s total)
[mcmc]  - Acceptance rate: 0.521
[mcmc]  - Convergence of means: R-1 = 0.161810 after 3392 accepted steps
[mcmc]  - Updated covariance matrix of proposal pdf.
[mcmc] Learn + convergence test @ 4280 samples accepted.
[likelihoodcollection] Average computation time:
   flamingo.inference.masked_ps.MaskedBandPowerLikelihood : 5.55815e-05 s (7957 evaluations, 0.442262 s total)
[theorycollection] Average computation time:
   flamingo.inference.masked_ps.MaskedTSZTheory : 0.0165669 s (7957 evaluations, 131.823 s total)
[mcmc]  - Acceptance rate: 0.522
[mcmc]  - Convergence of means: R-1 = 0.149538 after 3424 accepted steps
[mcmc]  - Updated covariance matrix of proposal pdf.
[mcmc] Learn + convergence test @ 4320 samples accepted.
[likelihoodcollection] Average computation time:
   flamingo.inference.masked_ps.MaskedBandPowerLikelihood : 5.55322e-05 s (8024 evaluations, 0.44559 s total)
[theorycollection] Average computation time:
   flamingo.inference.masked_ps.MaskedTSZTheory : 0.0165652 s (8024 evaluations, 132.919 s total)
[mcmc]  - Acceptance rate: 0.522
[mcmc]  - Convergence of means: R-1 = 0.174391 after 3456 accepted steps
[mcmc]  - Updated covariance matrix of proposal pdf.
[mcmc] Learn + convergence test @ 4360 samples accepted.
[likelihoodcollection] Average computation time:
   flamingo.inference.masked_ps.MaskedBandPowerLikelihood : 5.55594e-05 s (8092 evaluations, 0.449587 s total)
[theorycollection] Average computation time:
   flamingo.inference.masked_ps.MaskedTSZTheory : 0.0165636 s (8092 evaluations, 134.032 s total)
[mcmc]  - Acceptance rate: 0.522
[mcmc]  - Convergence of means: R-1 = 0.168015 after 3488 accepted steps
[mcmc]  - Updated covariance matrix of proposal pdf.
[mcmc] Learn + convergence test @ 4400 samples accepted.
[likelihoodcollection] Average computation time:
   flamingo.inference.masked_ps.MaskedBandPowerLikelihood : 5.55718e-05 s (8177 evaluations, 0.454411 s total)
[theorycollection] Average computation time:
   flamingo.inference.masked_ps.MaskedTSZTheory : 0.0165676 s (8177 evaluations, 135.473 s total)
[mcmc]  - Acceptance rate: 0.522
[mcmc]  - Convergence of means: R-1 = 0.149444 after 3520 accepted steps
[mcmc]  - Updated covariance matrix of proposal pdf.
[mcmc] Learn + convergence test @ 4440 samples accepted.
[likelihoodcollection] Average computation time:
   flamingo.inference.masked_ps.MaskedBandPowerLikelihood : 5.55753e-05 s (8259 evaluations, 0.458996 s total)
[theorycollection] Average computation time:
   flamingo.inference.masked_ps.MaskedTSZTheory : 0.0165703 s (8259 evaluations, 136.854 s total)
[mcmc]  - Acceptance rate: 0.521
[mcmc]  - Convergence of means: R-1 = 0.142868 after 3552 accepted steps
[mcmc]  - Updated covariance matrix of proposal pdf.
[mcmc] Learn + convergence test @ 4480 samples accepted.
[likelihoodcollection] Average computation time:
   flamingo.inference.masked_ps.MaskedBandPowerLikelihood : 5.55636e-05 s (8332 evaluations, 0.462956 s total)
[theorycollection] Average computation time:
   flamingo.inference.masked_ps.MaskedTSZTheory : 0.0165692 s (8332 evaluations, 138.055 s total)
[mcmc]  - Acceptance rate: 0.521
[mcmc]  - Convergence of means: R-1 = 0.144257 after 3584 accepted steps
[mcmc]  - Updated covariance matrix of proposal pdf.
[mcmc] Learn + convergence test @ 4520 samples accepted.
[likelihoodcollection] Average computation time:
   flamingo.inference.masked_ps.MaskedBandPowerLikelihood : 5.55285e-05 s (8403 evaluations, 0.466606 s total)
[theorycollection] Average computation time:
   flamingo.inference.masked_ps.MaskedTSZTheory : 0.0165652 s (8403 evaluations, 139.197 s total)
[mcmc]  - Acceptance rate: 0.521
[mcmc]  - Convergence of means: R-1 = 0.138694 after 3616 accepted steps
[mcmc]  - Updated covariance matrix of proposal pdf.
[mcmc] Learn + convergence test @ 4560 samples accepted.
[likelihoodcollection] Average computation time:
   flamingo.inference.masked_ps.MaskedBandPowerLikelihood : 5.55709e-05 s (8482 evaluations, 0.471352 s total)
[theorycollection] Average computation time:
   flamingo.inference.masked_ps.MaskedTSZTheory : 0.0165675 s (8482 evaluations, 140.525 s total)
[mcmc]  - Acceptance rate: 0.521
[mcmc]  - Convergence of means: R-1 = 0.121445 after 3648 accepted steps
[mcmc]  - Updated covariance matrix of proposal pdf.
[mcmc] Learn + convergence test @ 4600 samples accepted.
[likelihoodcollection] Average computation time:
   flamingo.inference.masked_ps.MaskedBandPowerLikelihood : 5.5562e-05 s (8566 evaluations, 0.475944 s total)
[theorycollection] Average computation time:
   flamingo.inference.masked_ps.MaskedTSZTheory : 0.0165675 s (8566 evaluations, 141.917 s total)
[mcmc]  - Acceptance rate: 0.520
[mcmc]  - Convergence of means: R-1 = 0.118569 after 3680 accepted steps
[mcmc]  - Updated covariance matrix of proposal pdf.
[mcmc] Learn + convergence test @ 4640 samples accepted.
[likelihoodcollection] Average computation time:
   flamingo.inference.masked_ps.MaskedBandPowerLikelihood : 5.56063e-05 s (8638 evaluations, 0.480327 s total)
[theorycollection] Average computation time:
   flamingo.inference.masked_ps.MaskedTSZTheory : 0.0165645 s (8638 evaluations, 143.084 s total)
[mcmc]  - Acceptance rate: 0.520
[mcmc]  - Convergence of means: R-1 = 0.139800 after 3712 accepted steps
[mcmc]  - Updated covariance matrix of proposal pdf.
[mcmc] Learn + convergence test @ 4680 samples accepted.
[likelihoodcollection] Average computation time:
   flamingo.inference.masked_ps.MaskedBandPowerLikelihood : 5.56053e-05 s (8716 evaluations, 0.484656 s total)
[theorycollection] Average computation time:
   flamingo.inference.masked_ps.MaskedTSZTheory : 0.0165649 s (8716 evaluations, 144.38 s total)
[mcmc]  - Acceptance rate: 0.520
[mcmc]  - Convergence of means: R-1 = 0.156041 after 3744 accepted steps
[mcmc]  - Updated covariance matrix of proposal pdf.
[mcmc] Learn + convergence test @ 4720 samples accepted.
[likelihoodcollection] Average computation time:
   flamingo.inference.masked_ps.MaskedBandPowerLikelihood : 5.55867e-05 s (8779 evaluations, 0.487995 s total)
[theorycollection] Average computation time:
   flamingo.inference.masked_ps.MaskedTSZTheory : 0.0165631 s (8779 evaluations, 145.408 s total)
[mcmc]  - Acceptance rate: 0.520
[mcmc]  - Convergence of means: R-1 = 0.138744 after 3776 accepted steps
[mcmc]  - Updated covariance matrix of proposal pdf.
[mcmc] Learn + convergence test @ 4760 samples accepted.
[likelihoodcollection] Average computation time:
   flamingo.inference.masked_ps.MaskedBandPowerLikelihood : 5.55974e-05 s (8869 evaluations, 0.493093 s total)
[theorycollection] Average computation time:
   flamingo.inference.masked_ps.MaskedTSZTheory : 0.0165642 s (8869 evaluations, 146.908 s total)
[mcmc]  - Acceptance rate: 0.520
[mcmc]  - Convergence of means: R-1 = 0.125766 after 3808 accepted steps
[mcmc]  - Updated covariance matrix of proposal pdf.
[mcmc] Learn + convergence test @ 4800 samples accepted.
[likelihoodcollection] Average computation time:
   flamingo.inference.masked_ps.MaskedBandPowerLikelihood : 5.55936e-05 s (8936 evaluations, 0.496785 s total)
[theorycollection] Average computation time:
   flamingo.inference.masked_ps.MaskedTSZTheory : 0.0165648 s (8936 evaluations, 148.023 s total)
[mcmc]  - Acceptance rate: 0.520
[mcmc]  - Convergence of means: R-1 = 0.132905 after 3840 accepted steps
[mcmc]  - Updated covariance matrix of proposal pdf.
[mcmc] Learn + convergence test @ 4840 samples accepted.
[likelihoodcollection] Average computation time:
   flamingo.inference.masked_ps.MaskedBandPowerLikelihood : 5.55927e-05 s (9018 evaluations, 0.501335 s total)
[theorycollection] Average computation time:
   flamingo.inference.masked_ps.MaskedTSZTheory : 0.0165638 s (9018 evaluations, 149.372 s total)
[mcmc]  - Acceptance rate: 0.520
[mcmc]  - Convergence of means: R-1 = 0.146322 after 3872 accepted steps
[mcmc]  - Updated covariance matrix of proposal pdf.
[mcmc] Learn + convergence test @ 4880 samples accepted.
[likelihoodcollection] Average computation time:
   flamingo.inference.masked_ps.MaskedBandPowerLikelihood : 5.56133e-05 s (9096 evaluations, 0.505859 s total)
[theorycollection] Average computation time:
   flamingo.inference.masked_ps.MaskedTSZTheory : 0.0165639 s (9096 evaluations, 150.665 s total)
[mcmc]  - Acceptance rate: 0.520
[mcmc]  - Convergence of means: R-1 = 0.143413 after 3904 accepted steps
[mcmc]  - Updated covariance matrix of proposal pdf.
[mcmc] Learn + convergence test @ 4920 samples accepted.
[likelihoodcollection] Average computation time:
   flamingo.inference.masked_ps.MaskedBandPowerLikelihood : 5.56333e-05 s (9177 evaluations, 0.510547 s total)
[theorycollection] Average computation time:
   flamingo.inference.masked_ps.MaskedTSZTheory : 0.0165634 s (9177 evaluations, 152.002 s total)
[mcmc]  - Acceptance rate: 0.519
[mcmc]  - Convergence of means: R-1 = 0.143298 after 3936 accepted steps
[mcmc]  - Updated covariance matrix of proposal pdf.
[mcmc] Learn + convergence test @ 4960 samples accepted.
[likelihoodcollection] Average computation time:
   flamingo.inference.masked_ps.MaskedBandPowerLikelihood : 5.56248e-05 s (9265 evaluations, 0.515364 s total)
[theorycollection] Average computation time:
   flamingo.inference.masked_ps.MaskedTSZTheory : 0.0165639 s (9265 evaluations, 153.464 s total)
[mcmc]  - Acceptance rate: 0.518
[mcmc]  - Convergence of means: R-1 = 0.122957 after 3968 accepted steps
[mcmc]  - Updated covariance matrix of proposal pdf.
[mcmc] Learn + convergence test @ 5000 samples accepted.
[likelihoodcollection] Average computation time:
   flamingo.inference.masked_ps.MaskedBandPowerLikelihood : 5.56077e-05 s (9336 evaluations, 0.519153 s total)
[theorycollection] Average computation time:
   flamingo.inference.masked_ps.MaskedTSZTheory : 0.0165631 s (9336 evaluations, 154.633 s total)
[mcmc]  - Acceptance rate: 0.519
[mcmc]  - Convergence of means: R-1 = 0.134296 after 4000 accepted steps
[mcmc]  - Updated covariance matrix of proposal pdf.
[mcmc] Learn + convergence test @ 5040 samples accepted.
[likelihoodcollection] Average computation time:
   flamingo.inference.masked_ps.MaskedBandPowerLikelihood : 5.5611e-05 s (9405 evaluations, 0.523022 s total)
[theorycollection] Average computation time:
   flamingo.inference.masked_ps.MaskedTSZTheory : 0.0165645 s (9405 evaluations, 155.789 s total)
[mcmc]  - Acceptance rate: 0.520
[mcmc]  - Convergence of means: R-1 = 0.141485 after 4032 accepted steps
[mcmc]  - Updated covariance matrix of proposal pdf.
[mcmc] Learn + convergence test @ 5080 samples accepted.
[likelihoodcollection] Average computation time:
   flamingo.inference.masked_ps.MaskedBandPowerLikelihood : 5.56162e-05 s (9469 evaluations, 0.526629 s total)
[theorycollection] Average computation time:
   flamingo.inference.masked_ps.MaskedTSZTheory : 0.0165634 s (9469 evaluations, 156.839 s total)
[mcmc]  - Acceptance rate: 0.521
[mcmc]  - Convergence of means: R-1 = 0.146632 after 4064 accepted steps
[mcmc]  - Updated covariance matrix of proposal pdf.
[mcmc] Learn + convergence test @ 5120 samples accepted.
[likelihoodcollection] Average computation time:
   flamingo.inference.masked_ps.MaskedBandPowerLikelihood : 5.56121e-05 s (9543 evaluations, 0.530706 s total)
[theorycollection] Average computation time:
   flamingo.inference.masked_ps.MaskedTSZTheory : 0.0165628 s (9543 evaluations, 158.059 s total)
[mcmc]  - Acceptance rate: 0.522
[mcmc]  - Convergence of means: R-1 = 0.132967 after 4096 accepted steps
[mcmc]  - Updated covariance matrix of proposal pdf.
[mcmc] Learn + convergence test @ 5160 samples accepted.
[likelihoodcollection] Average computation time:
   flamingo.inference.masked_ps.MaskedBandPowerLikelihood : 5.5611e-05 s (9617 evaluations, 0.534811 s total)
[theorycollection] Average computation time:
   flamingo.inference.masked_ps.MaskedTSZTheory : 0.0165616 s (9617 evaluations, 159.273 s total)
[mcmc]  - Acceptance rate: 0.522
[mcmc]  - Convergence of means: R-1 = 0.128813 after 4128 accepted steps
[mcmc]  - Updated covariance matrix of proposal pdf.
[mcmc] Learn + convergence test @ 5200 samples accepted.
[likelihoodcollection] Average computation time:
   flamingo.inference.masked_ps.MaskedBandPowerLikelihood : 5.5646e-05 s (9705 evaluations, 0.540044 s total)
[theorycollection] Average computation time:
   flamingo.inference.masked_ps.MaskedTSZTheory : 0.0165623 s (9705 evaluations, 160.737 s total)
[mcmc]  - Acceptance rate: 0.521
[mcmc]  - Convergence of means: R-1 = 0.126608 after 4160 accepted steps
[mcmc]  - Updated covariance matrix of proposal pdf.
[mcmc] Learn + convergence test @ 5240 samples accepted.
[likelihoodcollection] Average computation time:
   flamingo.inference.masked_ps.MaskedBandPowerLikelihood : 5.56448e-05 s (9779 evaluations, 0.544151 s total)
[theorycollection] Average computation time:
   flamingo.inference.masked_ps.MaskedTSZTheory : 0.0165617 s (9779 evaluations, 161.956 s total)
[mcmc]  - Acceptance rate: 0.521
[mcmc]  - Convergence of means: R-1 = 0.112143 after 4192 accepted steps
[mcmc]  - Updated covariance matrix of proposal pdf.
[mcmc] Learn + convergence test @ 5280 samples accepted.
[likelihoodcollection] Average computation time:
   flamingo.inference.masked_ps.MaskedBandPowerLikelihood : 5.56281e-05 s (9866 evaluations, 0.548827 s total)
[theorycollection] Average computation time:
   flamingo.inference.masked_ps.MaskedTSZTheory : 0.0165618 s (9866 evaluations, 163.399 s total)
[mcmc]  - Acceptance rate: 0.521
[mcmc]  - Convergence of means: R-1 = 0.110948 after 4224 accepted steps
[mcmc]  - Updated covariance matrix of proposal pdf.
[mcmc] Learn + convergence test @ 5320 samples accepted.
[likelihoodcollection] Average computation time:
   flamingo.inference.masked_ps.MaskedBandPowerLikelihood : 5.56592e-05 s (9936 evaluations, 0.553029 s total)
[theorycollection] Average computation time:
   flamingo.inference.masked_ps.MaskedTSZTheory : 0.0165586 s (9936 evaluations, 164.526 s total)
[mcmc]  - Acceptance rate: 0.522
[mcmc]  - Convergence of means: R-1 = 0.106452 after 4256 accepted steps
[mcmc]  - Updated covariance matrix of proposal pdf.
[mcmc] Learn + convergence test @ 5360 samples accepted.
[likelihoodcollection] Average computation time:
   flamingo.inference.masked_ps.MaskedBandPowerLikelihood : 5.56533e-05 s (10014 evaluations, 0.557312 s total)
[theorycollection] Average computation time:
   flamingo.inference.masked_ps.MaskedTSZTheory : 0.0165603 s (10014 evaluations, 165.834 s total)
[mcmc]  - Acceptance rate: 0.521
[mcmc]  - Convergence of means: R-1 = 0.105873 after 4288 accepted steps
[mcmc]  - Updated covariance matrix of proposal pdf.
[mcmc] Learn + convergence test @ 5400 samples accepted.
[likelihoodcollection] Average computation time:
   flamingo.inference.masked_ps.MaskedBandPowerLikelihood : 5.56593e-05 s (10082 evaluations, 0.561157 s total)
[theorycollection] Average computation time:
   flamingo.inference.masked_ps.MaskedTSZTheory : 0.0165609 s (10082 evaluations, 166.967 s total)
[mcmc]  - Acceptance rate: 0.522
[mcmc]  - Convergence of means: R-1 = 0.107992 after 4320 accepted steps
[mcmc]  - Updated covariance matrix of proposal pdf.
[mcmc] Learn + convergence test @ 5440 samples accepted.
[likelihoodcollection] Average computation time:
   flamingo.inference.masked_ps.MaskedBandPowerLikelihood : 5.56028e-05 s (10164 evaluations, 0.565147 s total)
[theorycollection] Average computation time:
   flamingo.inference.masked_ps.MaskedTSZTheory : 0.016553 s (10164 evaluations, 168.245 s total)
[mcmc]  - Acceptance rate: 0.522
[mcmc]  - Convergence of means: R-1 = 0.111534 after 4352 accepted steps
[mcmc]  - Updated covariance matrix of proposal pdf.
[mcmc] Learn + convergence test @ 5480 samples accepted.
[likelihoodcollection] Average computation time:
   flamingo.inference.masked_ps.MaskedBandPowerLikelihood : 5.56115e-05 s (10254 evaluations, 0.570241 s total)
[theorycollection] Average computation time:
   flamingo.inference.masked_ps.MaskedTSZTheory : 0.016555 s (10254 evaluations, 169.755 s total)
[mcmc]  - Acceptance rate: 0.521
[mcmc]  - Convergence of means: R-1 = 0.109617 after 4384 accepted steps
[mcmc]  - Updated covariance matrix of proposal pdf.
[mcmc] Learn + convergence test @ 5520 samples accepted.
[likelihoodcollection] Average computation time:
   flamingo.inference.masked_ps.MaskedBandPowerLikelihood : 5.56336e-05 s (10331 evaluations, 0.574751 s total)
[theorycollection] Average computation time:
   flamingo.inference.masked_ps.MaskedTSZTheory : 0.0165545 s (10331 evaluations, 171.024 s total)
[mcmc]  - Acceptance rate: 0.520
[mcmc]  - Convergence of means: R-1 = 0.104195 after 4416 accepted steps
[mcmc]  - Updated covariance matrix of proposal pdf.
[mcmc] Learn + convergence test @ 5560 samples accepted.
[likelihoodcollection] Average computation time:
   flamingo.inference.masked_ps.MaskedBandPowerLikelihood : 5.56188e-05 s (10416 evaluations, 0.579326 s total)
[theorycollection] Average computation time:
   flamingo.inference.masked_ps.MaskedTSZTheory : 0.0165563 s (10416 evaluations, 172.451 s total)
[mcmc]  - Acceptance rate: 0.520
[mcmc]  - Convergence of means: R-1 = 0.099457 after 4448 accepted steps
[mcmc]  - Updated covariance matrix of proposal pdf.
[mcmc] Learn + convergence test @ 5600 samples accepted.
[likelihoodcollection] Average computation time:
   flamingo.inference.masked_ps.MaskedBandPowerLikelihood : 5.5631e-05 s (10489 evaluations, 0.583513 s total)
[theorycollection] Average computation time:
   flamingo.inference.masked_ps.MaskedTSZTheory : 0.0165578 s (10489 evaluations, 173.675 s total)
[mcmc]  - Acceptance rate: 0.520
[mcmc]  - Convergence of means: R-1 = 0.104263 after 4480 accepted steps
[mcmc]  - Updated covariance matrix of proposal pdf.
[mcmc] Learn + convergence test @ 5640 samples accepted.
[likelihoodcollection] Average computation time:
   flamingo.inference.masked_ps.MaskedBandPowerLikelihood : 5.56194e-05 s (10572 evaluations, 0.588008 s total)
[theorycollection] Average computation time:
   flamingo.inference.masked_ps.MaskedTSZTheory : 0.0165561 s (10572 evaluations, 175.031 s total)
[mcmc]  - Acceptance rate: 0.519
[mcmc]  - Convergence of means: R-1 = 0.100657 after 4512 accepted steps
[mcmc]  - Updated covariance matrix of proposal pdf.
[mcmc] Progress @ 2026-08-03 00:54:53 : 10697 steps taken, and 5672 accepted.
[mcmc] Learn + convergence test @ 5680 samples accepted.
[likelihoodcollection] Average computation time:
   flamingo.inference.masked_ps.MaskedBandPowerLikelihood : 5.56119e-05 s (10652 evaluations, 0.592378 s total)
[theorycollection] Average computation time:
   flamingo.inference.masked_ps.MaskedTSZTheory : 0.0165548 s (10652 evaluations, 176.342 s total)
[mcmc]  - Acceptance rate: 0.519
[mcmc]  - Convergence of means: R-1 = 0.117421 after 4544 accepted steps
[mcmc]  - Updated covariance matrix of proposal pdf.
[mcmc] Learn + convergence test @ 5720 samples accepted.
[likelihoodcollection] Average computation time:
   flamingo.inference.masked_ps.MaskedBandPowerLikelihood : 5.55943e-05 s (10735 evaluations, 0.596805 s total)
[theorycollection] Average computation time:
   flamingo.inference.masked_ps.MaskedTSZTheory : 0.0165521 s (10735 evaluations, 177.687 s total)
[mcmc]  - Acceptance rate: 0.519
[mcmc]  - Convergence of means: R-1 = 0.118041 after 4576 accepted steps
[mcmc]  - Updated covariance matrix of proposal pdf.
[mcmc] Learn + convergence test @ 5760 samples accepted.
[likelihoodcollection] Average computation time:
   flamingo.inference.masked_ps.MaskedBandPowerLikelihood : 5.55886e-05 s (10826 evaluations, 0.601802 s total)
[theorycollection] Average computation time:
   flamingo.inference.masked_ps.MaskedTSZTheory : 0.0165511 s (10826 evaluations, 179.182 s total)
[mcmc]  - Acceptance rate: 0.518
[mcmc]  - Convergence of means: R-1 = 0.112688 after 4608 accepted steps
[mcmc]  - Updated covariance matrix of proposal pdf.
[mcmc] Learn + convergence test @ 5800 samples accepted.
[likelihoodcollection] Average computation time:
   flamingo.inference.masked_ps.MaskedBandPowerLikelihood : 5.55991e-05 s (10901 evaluations, 0.606085 s total)
[theorycollection] Average computation time:
   flamingo.inference.masked_ps.MaskedTSZTheory : 0.0165546 s (10901 evaluations, 180.461 s total)
[mcmc]  - Acceptance rate: 0.518
[mcmc]  - Convergence of means: R-1 = 0.109037 after 4640 accepted steps
[mcmc]  - Updated covariance matrix of proposal pdf.
[mcmc] Learn + convergence test @ 5840 samples accepted.
[likelihoodcollection] Average computation time:
   flamingo.inference.masked_ps.MaskedBandPowerLikelihood : 5.56141e-05 s (10969 evaluations, 0.610031 s total)
[theorycollection] Average computation time:
   flamingo.inference.masked_ps.MaskedTSZTheory : 0.0165557 s (10969 evaluations, 181.6 s total)
[mcmc]  - Acceptance rate: 0.518
[mcmc]  - Convergence of means: R-1 = 0.108956 after 4672 accepted steps
[mcmc]  - Updated covariance matrix of proposal pdf.
[mcmc] Learn + convergence test @ 5880 samples accepted.
[likelihoodcollection] Average computation time:
   flamingo.inference.masked_ps.MaskedBandPowerLikelihood : 5.56126e-05 s (11061 evaluations, 0.615131 s total)
[theorycollection] Average computation time:
   flamingo.inference.masked_ps.MaskedTSZTheory : 0.0165557 s (11061 evaluations, 183.123 s total)
[mcmc]  - Acceptance rate: 0.517
[mcmc]  - Convergence of means: R-1 = 0.088957 after 4704 accepted steps
[mcmc]  - Updated covariance matrix of proposal pdf.
[mcmc] Learn + convergence test @ 5920 samples accepted.
[likelihoodcollection] Average computation time:
   flamingo.inference.masked_ps.MaskedBandPowerLikelihood : 5.5576e-05 s (11136 evaluations, 0.618894 s total)
[theorycollection] Average computation time:
   flamingo.inference.masked_ps.MaskedTSZTheory : 0.0165537 s (11136 evaluations, 184.342 s total)
[mcmc]  - Acceptance rate: 0.518
[mcmc]  - Convergence of means: R-1 = 0.072906 after 4736 accepted steps
[mcmc]  - Updated covariance matrix of proposal pdf.
[mcmc] Learn + convergence test @ 5960 samples accepted.
[likelihoodcollection] Average computation time:
   flamingo.inference.masked_ps.MaskedBandPowerLikelihood : 5.55845e-05 s (11205 evaluations, 0.622825 s total)
[theorycollection] Average computation time:
   flamingo.inference.masked_ps.MaskedTSZTheory : 0.0165561 s (11205 evaluations, 185.511 s total)
[mcmc]  - Acceptance rate: 0.518
[mcmc]  - Convergence of means: R-1 = 0.068991 after 4768 accepted steps
[mcmc]  - Updated covariance matrix of proposal pdf.
[mcmc] Learn + convergence test @ 6000 samples accepted.
[likelihoodcollection] Average computation time:
   flamingo.inference.masked_ps.MaskedBandPowerLikelihood : 5.55802e-05 s (11276 evaluations, 0.626722 s total)
[theorycollection] Average computation time:
   flamingo.inference.masked_ps.MaskedTSZTheory : 0.0165536 s (11276 evaluations, 186.658 s total)
[mcmc]  - Acceptance rate: 0.518
[mcmc]  - Convergence of means: R-1 = 0.078843 after 4800 accepted steps
[mcmc]  - Updated covariance matrix of proposal pdf.
[mcmc] Learn + convergence test @ 6040 samples accepted.
[likelihoodcollection] Average computation time:
   flamingo.inference.masked_ps.MaskedBandPowerLikelihood : 5.55978e-05 s (11346 evaluations, 0.630813 s total)
[theorycollection] Average computation time:
   flamingo.inference.masked_ps.MaskedTSZTheory : 0.0165546 s (11346 evaluations, 187.829 s total)
[mcmc]  - Acceptance rate: 0.518
[mcmc]  - Convergence of means: R-1 = 0.089624 after 4832 accepted steps
[mcmc]  - Updated covariance matrix of proposal pdf.
[mcmc] Learn + convergence test @ 6080 samples accepted.
[likelihoodcollection] Average computation time:
   flamingo.inference.masked_ps.MaskedBandPowerLikelihood : 5.56044e-05 s (11422 evaluations, 0.635113 s total)
[theorycollection] Average computation time:
   flamingo.inference.masked_ps.MaskedTSZTheory : 0.0165553 s (11422 evaluations, 189.095 s total)
[mcmc]  - Acceptance rate: 0.519
[mcmc]  - Convergence of means: R-1 = 0.087997 after 4864 accepted steps
[mcmc]  - Updated covariance matrix of proposal pdf.
[mcmc] Learn + convergence test @ 6120 samples accepted.
[likelihoodcollection] Average computation time:
   flamingo.inference.masked_ps.MaskedBandPowerLikelihood : 5.55821e-05 s (11497 evaluations, 0.639027 s total)
[theorycollection] Average computation time:
   flamingo.inference.masked_ps.MaskedTSZTheory : 0.0165533 s (11497 evaluations, 190.313 s total)
[mcmc]  - Acceptance rate: 0.518
[mcmc]  - Convergence of means: R-1 = 0.085622 after 4896 accepted steps
[mcmc]  - Updated covariance matrix of proposal pdf.
[mcmc] Learn + convergence test @ 6160 samples accepted.
[likelihoodcollection] Average computation time:
   flamingo.inference.masked_ps.MaskedBandPowerLikelihood : 5.55995e-05 s (11575 evaluations, 0.643564 s total)
[theorycollection] Average computation time:
   flamingo.inference.masked_ps.MaskedTSZTheory : 0.0165559 s (11575 evaluations, 191.634 s total)
[mcmc]  - Acceptance rate: 0.518
[mcmc]  - Convergence of means: R-1 = 0.095847 after 4928 accepted steps
[mcmc]  - Updated covariance matrix of proposal pdf.
[mcmc] Learn + convergence test @ 6200 samples accepted.
[likelihoodcollection] Average computation time:
   flamingo.inference.masked_ps.MaskedBandPowerLikelihood : 5.55905e-05 s (11666 evaluations, 0.648519 s total)
[theorycollection] Average computation time:
   flamingo.inference.masked_ps.MaskedTSZTheory : 0.0165572 s (11666 evaluations, 193.156 s total)
[mcmc]  - Acceptance rate: 0.518
[mcmc]  - Convergence of means: R-1 = 0.107738 after 4960 accepted steps
[mcmc]  - Updated covariance matrix of proposal pdf.
[mcmc] Learn + convergence test @ 6240 samples accepted.
[likelihoodcollection] Average computation time:
   flamingo.inference.masked_ps.MaskedBandPowerLikelihood : 5.56098e-05 s (11744 evaluations, 0.653081 s total)
[theorycollection] Average computation time:
   flamingo.inference.masked_ps.MaskedTSZTheory : 0.0165597 s (11744 evaluations, 194.477 s total)
[mcmc]  - Acceptance rate: 0.518
[mcmc]  - Convergence of means: R-1 = 0.108708 after 4992 accepted steps
[mcmc]  - Updated covariance matrix of proposal pdf.
[mcmc] Learn + convergence test @ 6280 samples accepted.
[likelihoodcollection] Average computation time:
   flamingo.inference.masked_ps.MaskedBandPowerLikelihood : 5.55959e-05 s (11811 evaluations, 0.656643 s total)
[theorycollection] Average computation time:
   flamingo.inference.masked_ps.MaskedTSZTheory : 0.0165582 s (11811 evaluations, 195.569 s total)
[mcmc]  - Acceptance rate: 0.518
[mcmc]  - Convergence of means: R-1 = 0.101325 after 5024 accepted steps
[mcmc]  - Updated covariance matrix of proposal pdf.
[mcmc] Learn + convergence test @ 6320 samples accepted.
[likelihoodcollection] Average computation time:
   flamingo.inference.masked_ps.MaskedBandPowerLikelihood : 5.55929e-05 s (11887 evaluations, 0.660832 s total)
[theorycollection] Average computation time:
   flamingo.inference.masked_ps.MaskedTSZTheory : 0.0165572 s (11887 evaluations, 196.815 s total)
[mcmc]  - Acceptance rate: 0.518
[mcmc]  - Convergence of means: R-1 = 0.102791 after 5056 accepted steps
[mcmc]  - Updated covariance matrix of proposal pdf.
[mcmc] Learn + convergence test @ 6360 samples accepted.
[likelihoodcollection] Average computation time:
   flamingo.inference.masked_ps.MaskedBandPowerLikelihood : 5.56363e-05 s (11961 evaluations, 0.665465 s total)
[theorycollection] Average computation time:
   flamingo.inference.masked_ps.MaskedTSZTheory : 0.0165556 s (11961 evaluations, 198.021 s total)
[mcmc]  - Acceptance rate: 0.519
[mcmc]  - Convergence of means: R-1 = 0.102830 after 5088 accepted steps
[mcmc]  - Updated covariance matrix of proposal pdf.
[mcmc] Learn + convergence test @ 6400 samples accepted.
[likelihoodcollection] Average computation time:
   flamingo.inference.masked_ps.MaskedBandPowerLikelihood : 5.56355e-05 s (12044 evaluations, 0.670074 s total)
[theorycollection] Average computation time:
   flamingo.inference.masked_ps.MaskedTSZTheory : 0.0165554 s (12044 evaluations, 199.393 s total)
[mcmc]  - Acceptance rate: 0.518
[mcmc]  - Convergence of means: R-1 = 0.093446 after 5120 accepted steps
[mcmc]  - Updated covariance matrix of proposal pdf.
[mcmc] Learn + convergence test @ 6440 samples accepted.
[likelihoodcollection] Average computation time:
   flamingo.inference.masked_ps.MaskedBandPowerLikelihood : 5.56661e-05 s (12123 evaluations, 0.674841 s total)
[theorycollection] Average computation time:
   flamingo.inference.masked_ps.MaskedTSZTheory : 0.0165564 s (12123 evaluations, 200.714 s total)
[mcmc]  - Acceptance rate: 0.518
[mcmc]  - Convergence of means: R-1 = 0.086648 after 5152 accepted steps
[mcmc]  - Updated covariance matrix of proposal pdf.
[mcmc] Learn + convergence test @ 6480 samples accepted.
[likelihoodcollection] Average computation time:
   flamingo.inference.masked_ps.MaskedBandPowerLikelihood : 5.56716e-05 s (12192 evaluations, 0.678748 s total)
[theorycollection] Average computation time:
   flamingo.inference.masked_ps.MaskedTSZTheory : 0.016555 s (12192 evaluations, 201.838 s total)
[mcmc]  - Acceptance rate: 0.518
[mcmc]  - Convergence of means: R-1 = 0.099491 after 5184 accepted steps
[mcmc]  - Updated covariance matrix of proposal pdf.
[mcmc] Learn + convergence test @ 6520 samples accepted.
[likelihoodcollection] Average computation time:
   flamingo.inference.masked_ps.MaskedBandPowerLikelihood : 5.56444e-05 s (12269 evaluations, 0.682701 s total)
[theorycollection] Average computation time:
   flamingo.inference.masked_ps.MaskedTSZTheory : 0.0165555 s (12269 evaluations, 203.119 s total)
[mcmc]  - Acceptance rate: 0.518
[mcmc]  - Convergence of means: R-1 = 0.106838 after 5216 accepted steps
[mcmc]  - Updated covariance matrix of proposal pdf.
[mcmc] Learn + convergence test @ 6560 samples accepted.
[likelihoodcollection] Average computation time:
   flamingo.inference.masked_ps.MaskedBandPowerLikelihood : 5.56422e-05 s (12339 evaluations, 0.686569 s total)
[theorycollection] Average computation time:
   flamingo.inference.masked_ps.MaskedTSZTheory : 0.0165565 s (12339 evaluations, 204.291 s total)
[mcmc]  - Acceptance rate: 0.518
[mcmc]  - Convergence of means: R-1 = 0.108555 after 5248 accepted steps
[mcmc]  - Updated covariance matrix of proposal pdf.
[mcmc] Learn + convergence test @ 6600 samples accepted.
[likelihoodcollection] Average computation time:
   flamingo.inference.masked_ps.MaskedBandPowerLikelihood : 5.562e-05 s (12427 evaluations, 0.691189 s total)
[theorycollection] Average computation time:
   flamingo.inference.masked_ps.MaskedTSZTheory : 0.016557 s (12427 evaluations, 205.753 s total)
[mcmc]  - Acceptance rate: 0.518
[mcmc]  - Convergence of means: R-1 = 0.092985 after 5280 accepted steps
[mcmc]  - Updated covariance matrix of proposal pdf.
[mcmc] Learn + convergence test @ 6640 samples accepted.
[likelihoodcollection] Average computation time:
   flamingo.inference.masked_ps.MaskedBandPowerLikelihood : 5.56145e-05 s (12506 evaluations, 0.695515 s total)
[theorycollection] Average computation time:
   flamingo.inference.masked_ps.MaskedTSZTheory : 0.0165545 s (12506 evaluations, 207.031 s total)
[mcmc]  - Acceptance rate: 0.517
[mcmc]  - Convergence of means: R-1 = 0.093648 after 5312 accepted steps
[mcmc]  - Updated covariance matrix of proposal pdf.
[mcmc] Learn + convergence test @ 6680 samples accepted.
[likelihoodcollection] Average computation time:
   flamingo.inference.masked_ps.MaskedBandPowerLikelihood : 5.5638e-05 s (12591 evaluations, 0.700537 s total)
[theorycollection] Average computation time:
   flamingo.inference.masked_ps.MaskedTSZTheory : 0.0165542 s (12591 evaluations, 208.434 s total)
[mcmc]  - Acceptance rate: 0.517
[mcmc]  - Convergence of means: R-1 = 0.099196 after 5344 accepted steps
[mcmc]  - Updated covariance matrix of proposal pdf.
[mcmc] Learn + convergence test @ 6720 samples accepted.
[likelihoodcollection] Average computation time:
   flamingo.inference.masked_ps.MaskedBandPowerLikelihood : 5.5659e-05 s (12670 evaluations, 0.7052 s total)
[theorycollection] Average computation time:
   flamingo.inference.masked_ps.MaskedTSZTheory : 0.0165558 s (12670 evaluations, 209.762 s total)
[mcmc]  - Acceptance rate: 0.517
[mcmc]  - Convergence of means: R-1 = 0.104157 after 5376 accepted steps
[mcmc]  - Updated covariance matrix of proposal pdf.
[mcmc] Learn + convergence test @ 6760 samples accepted.
[likelihoodcollection] Average computation time:
   flamingo.inference.masked_ps.MaskedBandPowerLikelihood : 5.5633e-05 s (12762 evaluations, 0.709989 s total)
[theorycollection] Average computation time:
   flamingo.inference.masked_ps.MaskedTSZTheory : 0.0165582 s (12762 evaluations, 211.315 s total)
[mcmc]  - Acceptance rate: 0.516
[mcmc]  - Convergence of means: R-1 = 0.099824 after 5408 accepted steps
[mcmc]  - Updated covariance matrix of proposal pdf.
[mcmc] Learn + convergence test @ 6800 samples accepted.
[likelihoodcollection] Average computation time:
   flamingo.inference.masked_ps.MaskedBandPowerLikelihood : 5.56458e-05 s (12862 evaluations, 0.715716 s total)
[theorycollection] Average computation time:
   flamingo.inference.masked_ps.MaskedTSZTheory : 0.0165576 s (12862 evaluations, 212.963 s total)
[mcmc]  - Acceptance rate: 0.514
[mcmc]  - Convergence of means: R-1 = 0.076797 after 5440 accepted steps
[mcmc]  - Updated covariance matrix of proposal pdf.
[mcmc] Learn + convergence test @ 6840 samples accepted.
[likelihoodcollection] Average computation time:
   flamingo.inference.masked_ps.MaskedBandPowerLikelihood : 5.5623e-05 s (12936 evaluations, 0.719539 s total)
[theorycollection] Average computation time:
   flamingo.inference.masked_ps.MaskedTSZTheory : 0.0165572 s (12936 evaluations, 214.184 s total)
[mcmc]  - Acceptance rate: 0.514
[mcmc]  - Convergence of means: R-1 = 0.069313 after 5472 accepted steps
[mcmc]  - Updated covariance matrix of proposal pdf.
[mcmc] Learn + convergence test @ 6880 samples accepted.
[likelihoodcollection] Average computation time:
   flamingo.inference.masked_ps.MaskedBandPowerLikelihood : 5.55994e-05 s (13006 evaluations, 0.723126 s total)
[theorycollection] Average computation time:
   flamingo.inference.masked_ps.MaskedTSZTheory : 0.0165557 s (13006 evaluations, 215.324 s total)
[mcmc]  - Acceptance rate: 0.514
[mcmc]  - Convergence of means: R-1 = 0.052818 after 5504 accepted steps
[mcmc]  - Updated covariance matrix of proposal pdf.
[mcmc] Learn + convergence test @ 6920 samples accepted.
[likelihoodcollection] Average computation time:
   flamingo.inference.masked_ps.MaskedBandPowerLikelihood : 5.5591e-05 s (13090 evaluations, 0.727686 s total)
[theorycollection] Average computation time:
   flamingo.inference.masked_ps.MaskedTSZTheory : 0.0165531 s (13090 evaluations, 216.68 s total)
[mcmc]  - Acceptance rate: 0.514
[mcmc]  - Convergence of means: R-1 = 0.045022 after 5536 accepted steps
[mcmc]  - Updated covariance matrix of proposal pdf.
[mcmc] Learn + convergence test @ 6960 samples accepted.
[likelihoodcollection] Average computation time:
   flamingo.inference.masked_ps.MaskedBandPowerLikelihood : 5.55792e-05 s (13185 evaluations, 0.732812 s total)
[theorycollection] Average computation time:
   flamingo.inference.masked_ps.MaskedTSZTheory : 0.0165558 s (13185 evaluations, 218.288 s total)
[mcmc]  - Acceptance rate: 0.513
[mcmc]  - Convergence of means: R-1 = 0.047494 after 5568 accepted steps
[mcmc]  - Updated covariance matrix of proposal pdf.
[mcmc] Learn + convergence test @ 7000 samples accepted.
[likelihoodcollection] Average computation time:
   flamingo.inference.masked_ps.MaskedBandPowerLikelihood : 5.55712e-05 s (13264 evaluations, 0.737097 s total)
[theorycollection] Average computation time:
   flamingo.inference.masked_ps.MaskedTSZTheory : 0.016556 s (13264 evaluations, 219.599 s total)
[mcmc]  - Acceptance rate: 0.513
[mcmc]  - Convergence of means: R-1 = 0.043947 after 5600 accepted steps
[mcmc]  - Updated covariance matrix of proposal pdf.
[mcmc] Learn + convergence test @ 7040 samples accepted.
[likelihoodcollection] Average computation time:
   flamingo.inference.masked_ps.MaskedBandPowerLikelihood : 5.55589e-05 s (13345 evaluations, 0.741433 s total)
[theorycollection] Average computation time:
   flamingo.inference.masked_ps.MaskedTSZTheory : 0.0165561 s (13345 evaluations, 220.941 s total)
[mcmc]  - Acceptance rate: 0.513
[mcmc]  - Convergence of means: R-1 = 0.054576 after 5632 accepted steps
[mcmc]  - Updated covariance matrix of proposal pdf.
[mcmc] Learn + convergence test @ 7080 samples accepted.
[likelihoodcollection] Average computation time:
   flamingo.inference.masked_ps.MaskedBandPowerLikelihood : 5.55762e-05 s (13422 evaluations, 0.745943 s total)
[theorycollection] Average computation time:
   flamingo.inference.masked_ps.MaskedTSZTheory : 0.0165555 s (13422 evaluations, 222.208 s total)
[mcmc]  - Acceptance rate: 0.513
[mcmc]  - Convergence of means: R-1 = 0.046409 after 5664 accepted steps
[mcmc]  - Updated covariance matrix of proposal pdf.
[mcmc] Learn + convergence test @ 7120 samples accepted.
[likelihoodcollection] Average computation time:
   flamingo.inference.masked_ps.MaskedBandPowerLikelihood : 5.55545e-05 s (13495 evaluations, 0.749708 s total)
[theorycollection] Average computation time:
   flamingo.inference.masked_ps.MaskedTSZTheory : 0.0165552 s (13495 evaluations, 223.413 s total)
[mcmc]  - Acceptance rate: 0.513
[mcmc]  - Convergence of means: R-1 = 0.044688 after 5696 accepted steps
[mcmc]  - Updated covariance matrix of proposal pdf.
[mcmc] Learn + convergence test @ 7160 samples accepted.
[likelihoodcollection] Average computation time:
   flamingo.inference.masked_ps.MaskedBandPowerLikelihood : 5.55341e-05 s (13579 evaluations, 0.754097 s total)
[theorycollection] Average computation time:
   flamingo.inference.masked_ps.MaskedTSZTheory : 0.0165541 s (13579 evaluations, 224.788 s total)
[mcmc]  - Acceptance rate: 0.513
[mcmc]  - Convergence of means: R-1 = 0.034064 after 5728 accepted steps
[mcmc]  - Updated covariance matrix of proposal pdf.
[mcmc] Learn + convergence test @ 7200 samples accepted.
[likelihoodcollection] Average computation time:
   flamingo.inference.masked_ps.MaskedBandPowerLikelihood : 5.55488e-05 s (13694 evaluations, 0.760686 s total)
[theorycollection] Average computation time:
   flamingo.inference.masked_ps.MaskedTSZTheory : 0.0165569 s (13694 evaluations, 226.73 s total)
[mcmc]  - Acceptance rate: 0.511
[mcmc]  - Convergence of means: R-1 = 0.040373 after 5760 accepted steps
[mcmc]  - Updated covariance matrix of proposal pdf.
[mcmc] Learn + convergence test @ 7240 samples accepted.
[likelihoodcollection] Average computation time:
   flamingo.inference.masked_ps.MaskedBandPowerLikelihood : 5.55342e-05 s (13767 evaluations, 0.76454 s total)
[theorycollection] Average computation time:
   flamingo.inference.masked_ps.MaskedTSZTheory : 0.0165584 s (13767 evaluations, 227.959 s total)
[mcmc]  - Acceptance rate: 0.511
[mcmc]  - Convergence of means: R-1 = 0.034763 after 5792 accepted steps
[mcmc]  - Updated covariance matrix of proposal pdf.
[mcmc] Learn + convergence test @ 7280 samples accepted.
[likelihoodcollection] Average computation time:
   flamingo.inference.masked_ps.MaskedBandPowerLikelihood : 5.55187e-05 s (13842 evaluations, 0.768489 s total)
[theorycollection] Average computation time:
   flamingo.inference.masked_ps.MaskedTSZTheory : 0.0165584 s (13842 evaluations, 229.201 s total)
[mcmc]  - Acceptance rate: 0.512
[mcmc]  - Convergence of means: R-1 = 0.045499 after 5824 accepted steps
[mcmc]  - Updated covariance matrix of proposal pdf.
[mcmc] Learn + convergence test @ 7320 samples accepted.
[likelihoodcollection] Average computation time:
   flamingo.inference.masked_ps.MaskedBandPowerLikelihood : 5.55206e-05 s (13913 evaluations, 0.772458 s total)
[theorycollection] Average computation time:
   flamingo.inference.masked_ps.MaskedTSZTheory : 0.0165581 s (13913 evaluations, 230.373 s total)
[mcmc]  - Acceptance rate: 0.512
[mcmc]  - Convergence of means: R-1 = 0.047400 after 5856 accepted steps
[mcmc]  - Updated covariance matrix of proposal pdf.
[mcmc] Learn + convergence test @ 7360 samples accepted.
[likelihoodcollection] Average computation time:
   flamingo.inference.masked_ps.MaskedBandPowerLikelihood : 5.55601e-05 s (14006 evaluations, 0.778175 s total)
[theorycollection] Average computation time:
   flamingo.inference.masked_ps.MaskedTSZTheory : 0.0165588 s (14006 evaluations, 231.923 s total)
[mcmc]  - Acceptance rate: 0.511
[mcmc]  - Convergence of means: R-1 = 0.054634 after 5888 accepted steps
[mcmc]  - Updated covariance matrix of proposal pdf.
[mcmc] Learn + convergence test @ 7400 samples accepted.
[likelihoodcollection] Average computation time:
   flamingo.inference.masked_ps.MaskedBandPowerLikelihood : 5.55735e-05 s (14080 evaluations, 0.782476 s total)
[theorycollection] Average computation time:
   flamingo.inference.masked_ps.MaskedTSZTheory : 0.016559 s (14080 evaluations, 233.15 s total)
[mcmc]  - Acceptance rate: 0.511
[mcmc]  - Convergence of means: R-1 = 0.066393 after 5920 accepted steps
[mcmc]  - Updated covariance matrix of proposal pdf.
[mcmc] Learn + convergence test @ 7440 samples accepted.
[likelihoodcollection] Average computation time:
   flamingo.inference.masked_ps.MaskedBandPowerLikelihood : 5.55522e-05 s (14155 evaluations, 0.786341 s total)
[theorycollection] Average computation time:
   flamingo.inference.masked_ps.MaskedTSZTheory : 0.0165582 s (14155 evaluations, 234.381 s total)
[mcmc]  - Acceptance rate: 0.511
[mcmc]  - Convergence of means: R-1 = 0.059942 after 5952 accepted steps
[mcmc]  - Updated covariance matrix of proposal pdf.
[mcmc] Progress @ 2026-08-03 00:55:53 : 14265 steps taken, and 7453 accepted.
[mcmc] Learn + convergence test @ 7480 samples accepted.
[likelihoodcollection] Average computation time:
   flamingo.inference.masked_ps.MaskedBandPowerLikelihood : 5.55445e-05 s (14230 evaluations, 0.790399 s total)
[theorycollection] Average computation time:
   flamingo.inference.masked_ps.MaskedTSZTheory : 0.0165571 s (14230 evaluations, 235.607 s total)
[mcmc]  - Acceptance rate: 0.511
[mcmc]  - Convergence of means: R-1 = 0.064950 after 5984 accepted steps
[mcmc]  - Updated covariance matrix of proposal pdf.
[mcmc] Learn + convergence test @ 7520 samples accepted.
[likelihoodcollection] Average computation time:
   flamingo.inference.masked_ps.MaskedBandPowerLikelihood : 5.55582e-05 s (14307 evaluations, 0.794872 s total)
[theorycollection] Average computation time:
   flamingo.inference.masked_ps.MaskedTSZTheory : 0.0165582 s (14307 evaluations, 236.899 s total)
[mcmc]  - Acceptance rate: 0.511
[mcmc]  - Convergence of means: R-1 = 0.066369 after 6016 accepted steps
[mcmc]  - Updated covariance matrix of proposal pdf.
[mcmc] Learn + convergence test @ 7560 samples accepted.
[likelihoodcollection] Average computation time:
   flamingo.inference.masked_ps.MaskedBandPowerLikelihood : 5.55626e-05 s (14396 evaluations, 0.799879 s total)
[theorycollection] Average computation time:
   flamingo.inference.masked_ps.MaskedTSZTheory : 0.0165577 s (14396 evaluations, 238.365 s total)
[mcmc]  - Acceptance rate: 0.510
[mcmc]  - Convergence of means: R-1 = 0.069420 after 6048 accepted steps
[mcmc]  - Updated covariance matrix of proposal pdf.
[mcmc] Learn + convergence test @ 7600 samples accepted.
[likelihoodcollection] Average computation time:
   flamingo.inference.masked_ps.MaskedBandPowerLikelihood : 5.55393e-05 s (14503 evaluations, 0.805487 s total)
[theorycollection] Average computation time:
   flamingo.inference.masked_ps.MaskedTSZTheory : 0.0165583 s (14503 evaluations, 240.145 s total)
[mcmc]  - Acceptance rate: 0.508
[mcmc]  - Convergence of means: R-1 = 0.076864 after 6080 accepted steps
[mcmc]  - Updated covariance matrix of proposal pdf.
[mcmc] Learn + convergence test @ 7640 samples accepted.
[likelihoodcollection] Average computation time:
   flamingo.inference.masked_ps.MaskedBandPowerLikelihood : 5.55584e-05 s (14586 evaluations, 0.810374 s total)
[theorycollection] Average computation time:
   flamingo.inference.masked_ps.MaskedTSZTheory : 0.0165594 s (14586 evaluations, 241.535 s total)
[mcmc]  - Acceptance rate: 0.508
[mcmc]  - Convergence of means: R-1 = 0.075508 after 6112 accepted steps
[mcmc]  - Updated covariance matrix of proposal pdf.
[mcmc] Learn + convergence test @ 7680 samples accepted.
[likelihoodcollection] Average computation time:
   flamingo.inference.masked_ps.MaskedBandPowerLikelihood : 5.55729e-05 s (14666 evaluations, 0.815033 s total)
[theorycollection] Average computation time:
   flamingo.inference.masked_ps.MaskedTSZTheory : 0.0165598 s (14666 evaluations, 242.866 s total)
[mcmc]  - Acceptance rate: 0.507
[mcmc]  - Convergence of means: R-1 = 0.067303 after 6144 accepted steps
[mcmc]  - Updated covariance matrix of proposal pdf.
[mcmc] Learn + convergence test @ 7720 samples accepted.
[likelihoodcollection] Average computation time:
   flamingo.inference.masked_ps.MaskedBandPowerLikelihood : 5.55898e-05 s (14755 evaluations, 0.820227 s total)
[theorycollection] Average computation time:
   flamingo.inference.masked_ps.MaskedTSZTheory : 0.0165615 s (14755 evaluations, 244.365 s total)
[mcmc]  - Acceptance rate: 0.507
[mcmc]  - Convergence of means: R-1 = 0.046317 after 6176 accepted steps
[mcmc]  - Updated covariance matrix of proposal pdf.
[mcmc] Learn + convergence test @ 7760 samples accepted.
[likelihoodcollection] Average computation time:
   flamingo.inference.masked_ps.MaskedBandPowerLikelihood : 5.55805e-05 s (14833 evaluations, 0.824426 s total)
[theorycollection] Average computation time:
   flamingo.inference.masked_ps.MaskedTSZTheory : 0.0165648 s (14833 evaluations, 245.705 s total)
[mcmc]  - Acceptance rate: 0.507
[mcmc]  - Convergence of means: R-1 = 0.038463 after 6208 accepted steps
[mcmc]  - Updated covariance matrix of proposal pdf.
[mcmc] Learn + convergence test @ 7800 samples accepted.
[likelihoodcollection] Average computation time:
   flamingo.inference.masked_ps.MaskedBandPowerLikelihood : 5.55737e-05 s (14909 evaluations, 0.828548 s total)
[theorycollection] Average computation time:
   flamingo.inference.masked_ps.MaskedTSZTheory : 0.016566 s (14909 evaluations, 246.983 s total)
[mcmc]  - Acceptance rate: 0.507
[mcmc]  - Convergence of means: R-1 = 0.045066 after 6240 accepted steps
[mcmc]  - Updated covariance matrix of proposal pdf.
[mcmc] Learn + convergence test @ 7840 samples accepted.
[likelihoodcollection] Average computation time:
   flamingo.inference.masked_ps.MaskedBandPowerLikelihood : 5.55496e-05 s (14984 evaluations, 0.832354 s total)
[theorycollection] Average computation time:
   flamingo.inference.masked_ps.MaskedTSZTheory : 0.0165655 s (14984 evaluations, 248.217 s total)
[mcmc]  - Acceptance rate: 0.507
[mcmc]  - Convergence of means: R-1 = 0.045386 after 6272 accepted steps
[mcmc]  - Updated covariance matrix of proposal pdf.
[mcmc] Learn + convergence test @ 7880 samples accepted.
[likelihoodcollection] Average computation time:
   flamingo.inference.masked_ps.MaskedBandPowerLikelihood : 5.55327e-05 s (15054 evaluations, 0.835989 s total)
[theorycollection] Average computation time:
   flamingo.inference.masked_ps.MaskedTSZTheory : 0.0165647 s (15054 evaluations, 249.365 s total)
[mcmc]  - Acceptance rate: 0.508
[mcmc]  - Convergence of means: R-1 = 0.035319 after 6304 accepted steps
[mcmc]  - Updated covariance matrix of proposal pdf.
[mcmc] Learn + convergence test @ 7920 samples accepted.
[likelihoodcollection] Average computation time:
   flamingo.inference.masked_ps.MaskedBandPowerLikelihood : 5.5536e-05 s (15133 evaluations, 0.840426 s total)
[theorycollection] Average computation time:
   flamingo.inference.masked_ps.MaskedTSZTheory : 0.0165634 s (15133 evaluations, 250.654 s total)
[mcmc]  - Acceptance rate: 0.507
[mcmc]  - Convergence of means: R-1 = 0.033569 after 6336 accepted steps
[mcmc]  - Updated covariance matrix of proposal pdf.
[mcmc] Learn + convergence test @ 7960 samples accepted.
[likelihoodcollection] Average computation time:
   flamingo.inference.masked_ps.MaskedBandPowerLikelihood : 5.55399e-05 s (15218 evaluations, 0.845206 s total)
[theorycollection] Average computation time:
   flamingo.inference.masked_ps.MaskedTSZTheory : 0.0165637 s (15218 evaluations, 252.067 s total)
[mcmc]  - Acceptance rate: 0.507
[mcmc]  - Convergence of means: R-1 = 0.036426 after 6368 accepted steps
[mcmc]  - Updated covariance matrix of proposal pdf.
[mcmc] Learn + convergence test @ 8000 samples accepted.
[likelihoodcollection] Average computation time:
   flamingo.inference.masked_ps.MaskedBandPowerLikelihood : 5.5535e-05 s (15326 evaluations, 0.851129 s total)
[theorycollection] Average computation time:
   flamingo.inference.masked_ps.MaskedTSZTheory : 0.0165654 s (15326 evaluations, 253.881 s total)
[mcmc]  - Acceptance rate: 0.506
[mcmc]  - Convergence of means: R-1 = 0.042566 after 6400 accepted steps
[mcmc]  - Updated covariance matrix of proposal pdf.
[mcmc] Learn + convergence test @ 8040 samples accepted.
[likelihoodcollection] Average computation time:
   flamingo.inference.masked_ps.MaskedBandPowerLikelihood : 5.55342e-05 s (15402 evaluations, 0.855337 s total)
[theorycollection] Average computation time:
   flamingo.inference.masked_ps.MaskedTSZTheory : 0.0165658 s (15402 evaluations, 255.146 s total)
[mcmc]  - Acceptance rate: 0.506
[mcmc]  - Convergence of means: R-1 = 0.037811 after 6432 accepted steps
[mcmc]  - Updated covariance matrix of proposal pdf.
[mcmc] Learn + convergence test @ 8080 samples accepted.
[likelihoodcollection] Average computation time:
   flamingo.inference.masked_ps.MaskedBandPowerLikelihood : 5.55248e-05 s (15480 evaluations, 0.859524 s total)
[theorycollection] Average computation time:
   flamingo.inference.masked_ps.MaskedTSZTheory : 0.0165644 s (15480 evaluations, 256.417 s total)
[mcmc]  - Acceptance rate: 0.506
[mcmc]  - Convergence of means: R-1 = 0.038824 after 6464 accepted steps
[mcmc]  - Updated covariance matrix of proposal pdf.
[mcmc] Learn + convergence test @ 8120 samples accepted.
[likelihoodcollection] Average computation time:
   flamingo.inference.masked_ps.MaskedBandPowerLikelihood : 5.55238e-05 s (15569 evaluations, 0.86445 s total)
[theorycollection] Average computation time:
   flamingo.inference.masked_ps.MaskedTSZTheory : 0.0165644 s (15569 evaluations, 257.891 s total)
[mcmc]  - Acceptance rate: 0.505
[mcmc]  - Convergence of means: R-1 = 0.036638 after 6496 accepted steps
[mcmc]  - Updated covariance matrix of proposal pdf.
[mcmc] Learn + convergence test @ 8160 samples accepted.
[likelihoodcollection] Average computation time:
   flamingo.inference.masked_ps.MaskedBandPowerLikelihood : 5.55262e-05 s (15656 evaluations, 0.869318 s total)
[theorycollection] Average computation time:
   flamingo.inference.masked_ps.MaskedTSZTheory : 0.0165638 s (15656 evaluations, 259.323 s total)
[mcmc]  - Acceptance rate: 0.505
[mcmc]  - Convergence of means: R-1 = 0.039311 after 6528 accepted steps
[mcmc]  - Updated covariance matrix of proposal pdf.
[mcmc] Learn + convergence test @ 8200 samples accepted.
[likelihoodcollection] Average computation time:
   flamingo.inference.masked_ps.MaskedBandPowerLikelihood : 5.55216e-05 s (15740 evaluations, 0.87391 s total)
[theorycollection] Average computation time:
   flamingo.inference.masked_ps.MaskedTSZTheory : 0.0165646 s (15740 evaluations, 260.728 s total)
[mcmc]  - Acceptance rate: 0.505
[mcmc]  - Convergence of means: R-1 = 0.042698 after 6560 accepted steps
[mcmc]  - Updated covariance matrix of proposal pdf.
[mcmc] Learn + convergence test @ 8240 samples accepted.
[likelihoodcollection] Average computation time:
   flamingo.inference.masked_ps.MaskedBandPowerLikelihood : 5.55228e-05 s (15814 evaluations, 0.878038 s total)
[theorycollection] Average computation time:
   flamingo.inference.masked_ps.MaskedTSZTheory : 0.0165651 s (15814 evaluations, 261.96 s total)
[mcmc]  - Acceptance rate: 0.505
[mcmc]  - Convergence of means: R-1 = 0.042143 after 6592 accepted steps
[mcmc]  - Updated covariance matrix of proposal pdf.
[mcmc] Learn + convergence test @ 8280 samples accepted.
[likelihoodcollection] Average computation time:
   flamingo.inference.masked_ps.MaskedBandPowerLikelihood : 5.5525e-05 s (15894 evaluations, 0.882514 s total)
[theorycollection] Average computation time:
   flamingo.inference.masked_ps.MaskedTSZTheory : 0.0165641 s (15894 evaluations, 263.269 s total)
[mcmc]  - Acceptance rate: 0.505
[mcmc]  - Convergence of means: R-1 = 0.046150 after 6624 accepted steps
[mcmc]  - Updated covariance matrix of proposal pdf.
[mcmc] Learn + convergence test @ 8320 samples accepted.
[likelihoodcollection] Average computation time:
   flamingo.inference.masked_ps.MaskedBandPowerLikelihood : 5.5526e-05 s (15976 evaluations, 0.887083 s total)
[theorycollection] Average computation time:
   flamingo.inference.masked_ps.MaskedTSZTheory : 0.0165637 s (15976 evaluations, 264.621 s total)
[mcmc]  - Acceptance rate: 0.505
[mcmc]  - Convergence of means: R-1 = 0.047825 after 6656 accepted steps
[mcmc]  - Updated covariance matrix of proposal pdf.
[mcmc] Learn + convergence test @ 8360 samples accepted.
[likelihoodcollection] Average computation time:
   flamingo.inference.masked_ps.MaskedBandPowerLikelihood : 5.55245e-05 s (16061 evaluations, 0.891779 s total)
[theorycollection] Average computation time:
   flamingo.inference.masked_ps.MaskedTSZTheory : 0.0165631 s (16061 evaluations, 266.02 s total)
[mcmc]  - Acceptance rate: 0.504
[mcmc]  - Convergence of means: R-1 = 0.055320 after 6688 accepted steps
[mcmc]  - Updated covariance matrix of proposal pdf.
[mcmc] Learn + convergence test @ 8400 samples accepted.
[likelihoodcollection] Average computation time:
   flamingo.inference.masked_ps.MaskedBandPowerLikelihood : 5.55375e-05 s (16125 evaluations, 0.895542 s total)
[theorycollection] Average computation time:
   flamingo.inference.masked_ps.MaskedTSZTheory : 0.0165621 s (16125 evaluations, 267.064 s total)
[mcmc]  - Acceptance rate: 0.505
[mcmc]  - Convergence of means: R-1 = 0.051875 after 6720 accepted steps
[mcmc]  - Updated covariance matrix of proposal pdf.
[mcmc] Learn + convergence test @ 8440 samples accepted.
[likelihoodcollection] Average computation time:
   flamingo.inference.masked_ps.MaskedBandPowerLikelihood : 5.55329e-05 s (16207 evaluations, 0.900022 s total)
[theorycollection] Average computation time:
   flamingo.inference.masked_ps.MaskedTSZTheory : 0.0165629 s (16207 evaluations, 268.434 s total)
[mcmc]  - Acceptance rate: 0.505
[mcmc]  - Convergence of means: R-1 = 0.042923 after 6752 accepted steps
[mcmc]  - Updated covariance matrix of proposal pdf.
[mcmc] Learn + convergence test @ 8480 samples accepted.
[likelihoodcollection] Average computation time:
   flamingo.inference.masked_ps.MaskedBandPowerLikelihood : 5.55283e-05 s (16292 evaluations, 0.904667 s total)
[theorycollection] Average computation time:
   flamingo.inference.masked_ps.MaskedTSZTheory : 0.0165641 s (16292 evaluations, 269.862 s total)
[mcmc]  - Acceptance rate: 0.504
[mcmc]  - Convergence of means: R-1 = 0.028384 after 6784 accepted steps
[mcmc]  - Updated covariance matrix of proposal pdf.
[mcmc] Learn + convergence test @ 8520 samples accepted.
[likelihoodcollection] Average computation time:
   flamingo.inference.masked_ps.MaskedBandPowerLikelihood : 5.55056e-05 s (16380 evaluations, 0.909182 s total)
[theorycollection] Average computation time:
   flamingo.inference.masked_ps.MaskedTSZTheory : 0.016563 s (16380 evaluations, 271.302 s total)
[mcmc]  - Acceptance rate: 0.504
[mcmc]  - Convergence of means: R-1 = 0.032761 after 6816 accepted steps
[mcmc]  - Updated covariance matrix of proposal pdf.
[mcmc] Learn + convergence test @ 8560 samples accepted.
[likelihoodcollection] Average computation time:
   flamingo.inference.masked_ps.MaskedBandPowerLikelihood : 5.54923e-05 s (16472 evaluations, 0.914068 s total)
[theorycollection] Average computation time:
   flamingo.inference.masked_ps.MaskedTSZTheory : 0.0165631 s (16472 evaluations, 272.827 s total)
[mcmc]  - Acceptance rate: 0.504
[mcmc]  - Convergence of means: R-1 = 0.036153 after 6848 accepted steps
[mcmc]  - Updated covariance matrix of proposal pdf.
[mcmc] Learn + convergence test @ 8600 samples accepted.
[likelihoodcollection] Average computation time:
   flamingo.inference.masked_ps.MaskedBandPowerLikelihood : 5.55097e-05 s (16556 evaluations, 0.919019 s total)
[theorycollection] Average computation time:
   flamingo.inference.masked_ps.MaskedTSZTheory : 0.016565 s (16556 evaluations, 274.25 s total)
[mcmc]  - Acceptance rate: 0.503
[mcmc]  - Convergence of means: R-1 = 0.039784 after 6880 accepted steps
[mcmc]  - Updated covariance matrix of proposal pdf.
[mcmc] Learn + convergence test @ 8640 samples accepted.
[likelihoodcollection] Average computation time:
   flamingo.inference.masked_ps.MaskedBandPowerLikelihood : 5.55104e-05 s (16629 evaluations, 0.923083 s total)
[theorycollection] Average computation time:
   flamingo.inference.masked_ps.MaskedTSZTheory : 0.0165658 s (16629 evaluations, 275.473 s total)
[mcmc]  - Acceptance rate: 0.504
[mcmc]  - Convergence of means: R-1 = 0.044033 after 6912 accepted steps
[mcmc]  - Updated covariance matrix of proposal pdf.
[mcmc] Learn + convergence test @ 8680 samples accepted.
[likelihoodcollection] Average computation time:
   flamingo.inference.masked_ps.MaskedBandPowerLikelihood : 5.55223e-05 s (16696 evaluations, 0.927 s total)
[theorycollection] Average computation time:
   flamingo.inference.masked_ps.MaskedTSZTheory : 0.0165652 s (16696 evaluations, 276.573 s total)
[mcmc]  - Acceptance rate: 0.504
[mcmc]  - Convergence of means: R-1 = 0.043452 after 6944 accepted steps
[mcmc]  - Updated covariance matrix of proposal pdf.
[mcmc] Learn + convergence test @ 8720 samples accepted.
[likelihoodcollection] Average computation time:
   flamingo.inference.masked_ps.MaskedBandPowerLikelihood : 5.55157e-05 s (16770 evaluations, 0.930998 s total)
[theorycollection] Average computation time:
   flamingo.inference.masked_ps.MaskedTSZTheory : 0.0165671 s (16770 evaluations, 277.83 s total)
[mcmc]  - Acceptance rate: 0.505
[mcmc]  - Convergence of means: R-1 = 0.040168 after 6976 accepted steps
[mcmc]  - Updated covariance matrix of proposal pdf.
[mcmc] Learn + convergence test @ 8760 samples accepted.
[likelihoodcollection] Average computation time:
   flamingo.inference.masked_ps.MaskedBandPowerLikelihood : 5.55082e-05 s (16847 evaluations, 0.935147 s total)
[theorycollection] Average computation time:
   flamingo.inference.masked_ps.MaskedTSZTheory : 0.0165656 s (16847 evaluations, 279.081 s total)
[mcmc]  - Acceptance rate: 0.505
[mcmc]  - Convergence of means: R-1 = 0.043192 after 7008 accepted steps
[mcmc]  - Updated covariance matrix of proposal pdf.
[mcmc] Learn + convergence test @ 8800 samples accepted.
[likelihoodcollection] Average computation time:
   flamingo.inference.masked_ps.MaskedBandPowerLikelihood : 5.54917e-05 s (16939 evaluations, 0.939974 s total)
[theorycollection] Average computation time:
   flamingo.inference.masked_ps.MaskedTSZTheory : 0.0165655 s (16939 evaluations, 280.603 s total)
[mcmc]  - Acceptance rate: 0.504
[mcmc]  - Convergence of means: R-1 = 0.049827 after 7040 accepted steps
[mcmc]  - Updated covariance matrix of proposal pdf.
[mcmc] Learn + convergence test @ 8840 samples accepted.
[likelihoodcollection] Average computation time:
   flamingo.inference.masked_ps.MaskedBandPowerLikelihood : 5.54969e-05 s (17017 evaluations, 0.944391 s total)
[theorycollection] Average computation time:
   flamingo.inference.masked_ps.MaskedTSZTheory : 0.0165649 s (17017 evaluations, 281.886 s total)
[mcmc]  - Acceptance rate: 0.504
[mcmc]  - Convergence of means: R-1 = 0.049341 after 7072 accepted steps
[mcmc]  - Updated covariance matrix of proposal pdf.
[mcmc] Learn + convergence test @ 8880 samples accepted.
[likelihoodcollection] Average computation time:
   flamingo.inference.masked_ps.MaskedBandPowerLikelihood : 5.55037e-05 s (17099 evaluations, 0.949058 s total)
[theorycollection] Average computation time:
   flamingo.inference.masked_ps.MaskedTSZTheory : 0.0165658 s (17099 evaluations, 283.258 s total)
[mcmc]  - Acceptance rate: 0.504
[mcmc]  - Convergence of means: R-1 = 0.045375 after 7104 accepted steps
[mcmc]  - Updated covariance matrix of proposal pdf.
[mcmc] Learn + convergence test @ 8920 samples accepted.
[likelihoodcollection] Average computation time:
   flamingo.inference.masked_ps.MaskedBandPowerLikelihood : 5.54849e-05 s (17205 evaluations, 0.954618 s total)
[theorycollection] Average computation time:
   flamingo.inference.masked_ps.MaskedTSZTheory : 0.016564 s (17205 evaluations, 284.983 s total)
[mcmc]  - Acceptance rate: 0.503
[mcmc]  - Convergence of means: R-1 = 0.037904 after 7136 accepted steps
[mcmc]  - Updated covariance matrix of proposal pdf.
[mcmc] Learn + convergence test @ 8960 samples accepted.
[likelihoodcollection] Average computation time:
   flamingo.inference.masked_ps.MaskedBandPowerLikelihood : 5.54788e-05 s (17291 evaluations, 0.959285 s total)
[theorycollection] Average computation time:
   flamingo.inference.masked_ps.MaskedTSZTheory : 0.0165635 s (17291 evaluations, 286.4 s total)
[mcmc]  - Acceptance rate: 0.503
[mcmc]  - Convergence of means: R-1 = 0.032049 after 7168 accepted steps
[mcmc]  - Updated covariance matrix of proposal pdf.
[mcmc] Learn + convergence test @ 9000 samples accepted.
[likelihoodcollection] Average computation time:
   flamingo.inference.masked_ps.MaskedBandPowerLikelihood : 5.54728e-05 s (17385 evaluations, 0.964395 s total)
[theorycollection] Average computation time:
   flamingo.inference.masked_ps.MaskedTSZTheory : 0.0165648 s (17385 evaluations, 287.978 s total)
[mcmc]  - Acceptance rate: 0.502
[mcmc]  - Convergence of means: R-1 = 0.037026 after 7200 accepted steps
[mcmc]  - Updated covariance matrix of proposal pdf.
[mcmc] Learn + convergence test @ 9040 samples accepted.
[likelihoodcollection] Average computation time:
   flamingo.inference.masked_ps.MaskedBandPowerLikelihood : 5.54666e-05 s (17461 evaluations, 0.968502 s total)
[theorycollection] Average computation time:
   flamingo.inference.masked_ps.MaskedTSZTheory : 0.0165657 s (17461 evaluations, 289.254 s total)
[mcmc]  - Acceptance rate: 0.502
[mcmc]  - Convergence of means: R-1 = 0.040149 after 7232 accepted steps
[mcmc]  - Updated covariance matrix of proposal pdf.
[mcmc] Learn + convergence test @ 9080 samples accepted.
[likelihoodcollection] Average computation time:
   flamingo.inference.masked_ps.MaskedBandPowerLikelihood : 5.54521e-05 s (17552 evaluations, 0.973296 s total)
[theorycollection] Average computation time:
   flamingo.inference.masked_ps.MaskedTSZTheory : 0.0165642 s (17552 evaluations, 290.734 s total)
[mcmc]  - Acceptance rate: 0.502
[mcmc]  - Convergence of means: R-1 = 0.047174 after 7264 accepted steps
[mcmc]  - Updated covariance matrix of proposal pdf.
[mcmc] Learn + convergence test @ 9120 samples accepted.
[likelihoodcollection] Average computation time:
   flamingo.inference.masked_ps.MaskedBandPowerLikelihood : 5.54458e-05 s (17635 evaluations, 0.977787 s total)
[theorycollection] Average computation time:
   flamingo.inference.masked_ps.MaskedTSZTheory : 0.0165651 s (17635 evaluations, 292.126 s total)
[mcmc]  - Acceptance rate: 0.502
[mcmc]  - Convergence of means: R-1 = 0.044683 after 7296 accepted steps
[mcmc]  - Updated covariance matrix of proposal pdf.
[mcmc] Learn + convergence test @ 9160 samples accepted.
[likelihoodcollection] Average computation time:
   flamingo.inference.masked_ps.MaskedBandPowerLikelihood : 5.54287e-05 s (17700 evaluations, 0.981089 s total)
[theorycollection] Average computation time:
   flamingo.inference.masked_ps.MaskedTSZTheory : 0.016564 s (17700 evaluations, 293.182 s total)
[mcmc]  - Acceptance rate: 0.502
[mcmc]  - Convergence of means: R-1 = 0.040455 after 7328 accepted steps
[mcmc]  - Updated covariance matrix of proposal pdf.
[mcmc] Progress @ 2026-08-03 00:56:53 : 17851 steps taken, and 9167 accepted.
[mcmc] Learn + convergence test @ 9200 samples accepted.
[likelihoodcollection] Average computation time:
   flamingo.inference.masked_ps.MaskedBandPowerLikelihood : 5.54401e-05 s (17782 evaluations, 0.985835 s total)
[theorycollection] Average computation time:
   flamingo.inference.masked_ps.MaskedTSZTheory : 0.016565 s (17782 evaluations, 294.558 s total)
[mcmc]  - Acceptance rate: 0.502
[mcmc]  - Convergence of means: R-1 = 0.030735 after 7360 accepted steps
[mcmc]  - Updated covariance matrix of proposal pdf.
[mcmc] Learn + convergence test @ 9240 samples accepted.
[likelihoodcollection] Average computation time:
   flamingo.inference.masked_ps.MaskedBandPowerLikelihood : 5.54481e-05 s (17862 evaluations, 0.990415 s total)
[theorycollection] Average computation time:
   flamingo.inference.masked_ps.MaskedTSZTheory : 0.0165647 s (17862 evaluations, 295.878 s total)
[mcmc]  - Acceptance rate: 0.502
[mcmc]  - Convergence of means: R-1 = 0.033350 after 7392 accepted steps
[mcmc]  - Updated covariance matrix of proposal pdf.
[mcmc] Learn + convergence test @ 9280 samples accepted.
[likelihoodcollection] Average computation time:
   flamingo.inference.masked_ps.MaskedBandPowerLikelihood : 5.54663e-05 s (17943 evaluations, 0.995232 s total)
[theorycollection] Average computation time:
   flamingo.inference.masked_ps.MaskedTSZTheory : 0.016565 s (17943 evaluations, 297.225 s total)
[mcmc]  - Acceptance rate: 0.502
[mcmc]  - Convergence of means: R-1 = 0.037655 after 7424 accepted steps
[mcmc]  - Updated covariance matrix of proposal pdf.
[mcmc] Learn + convergence test @ 9320 samples accepted.
[likelihoodcollection] Average computation time:
   flamingo.inference.masked_ps.MaskedBandPowerLikelihood : 5.54546e-05 s (18024 evaluations, 0.999514 s total)
[theorycollection] Average computation time:
   flamingo.inference.masked_ps.MaskedTSZTheory : 0.0165657 s (18024 evaluations, 298.581 s total)
[mcmc]  - Acceptance rate: 0.502
[mcmc]  - Convergence of means: R-1 = 0.037542 after 7456 accepted steps
[mcmc]  - Updated covariance matrix of proposal pdf.
[mcmc] Learn + convergence test @ 9360 samples accepted.
[likelihoodcollection] Average computation time:
   flamingo.inference.masked_ps.MaskedBandPowerLikelihood : 5.54762e-05 s (18113 evaluations, 1.00484 s total)
[theorycollection] Average computation time:
   flamingo.inference.masked_ps.MaskedTSZTheory : 0.0165669 s (18113 evaluations, 300.076 s total)
[mcmc]  - Acceptance rate: 0.501
[mcmc]  - Convergence of means: R-1 = 0.038650 after 7488 accepted steps
[mcmc]  - Updated covariance matrix of proposal pdf.
[mcmc] Learn + convergence test @ 9400 samples accepted.
[likelihoodcollection] Average computation time:
   flamingo.inference.masked_ps.MaskedBandPowerLikelihood : 5.54632e-05 s (18184 evaluations, 1.00854 s total)
[theorycollection] Average computation time:
   flamingo.inference.masked_ps.MaskedTSZTheory : 0.0165661 s (18184 evaluations, 301.238 s total)
[mcmc]  - Acceptance rate: 0.502
[mcmc]  - Convergence of means: R-1 = 0.037326 after 7520 accepted steps
[mcmc]  - Updated covariance matrix of proposal pdf.
[mcmc] Learn + convergence test @ 9440 samples accepted.
[likelihoodcollection] Average computation time:
   flamingo.inference.masked_ps.MaskedBandPowerLikelihood : 5.54433e-05 s (18268 evaluations, 1.01284 s total)
[theorycollection] Average computation time:
   flamingo.inference.masked_ps.MaskedTSZTheory : 0.0165651 s (18268 evaluations, 302.612 s total)
[mcmc]  - Acceptance rate: 0.502
[mcmc]  - Convergence of means: R-1 = 0.030186 after 7552 accepted steps
[mcmc]  - Updated covariance matrix of proposal pdf.
[mcmc] Learn + convergence test @ 9480 samples accepted.
[likelihoodcollection] Average computation time:
   flamingo.inference.masked_ps.MaskedBandPowerLikelihood : 5.54507e-05 s (18360 evaluations, 1.01807 s total)
[theorycollection] Average computation time:
   flamingo.inference.masked_ps.MaskedTSZTheory : 0.0165668 s (18360 evaluations, 304.167 s total)
[mcmc]  - Acceptance rate: 0.501
[mcmc]  - Convergence of means: R-1 = 0.026964 after 7584 accepted steps
[mcmc]  - Updated covariance matrix of proposal pdf.
[mcmc] Learn + convergence test @ 9520 samples accepted.
[likelihoodcollection] Average computation time:
   flamingo.inference.masked_ps.MaskedBandPowerLikelihood : 5.54419e-05 s (18446 evaluations, 1.02268 s total)
[theorycollection] Average computation time:
   flamingo.inference.masked_ps.MaskedTSZTheory : 0.0165665 s (18446 evaluations, 305.585 s total)
[mcmc]  - Acceptance rate: 0.501
[mcmc]  - Convergence of means: R-1 = 0.025901 after 7616 accepted steps
[mcmc]  - Updated covariance matrix of proposal pdf.
[mcmc] Learn + convergence test @ 9560 samples accepted.
[likelihoodcollection] Average computation time:
   flamingo.inference.masked_ps.MaskedBandPowerLikelihood : 5.54426e-05 s (18545 evaluations, 1.02818 s total)
[theorycollection] Average computation time:
   flamingo.inference.masked_ps.MaskedTSZTheory : 0.0165673 s (18545 evaluations, 307.241 s total)
[mcmc]  - Acceptance rate: 0.500
[mcmc]  - Convergence of means: R-1 = 0.025778 after 7648 accepted steps
[mcmc]  - Updated covariance matrix of proposal pdf.
[mcmc] Learn + convergence test @ 9600 samples accepted.
[likelihoodcollection] Average computation time:
   flamingo.inference.masked_ps.MaskedBandPowerLikelihood : 5.54383e-05 s (18625 evaluations, 1.03254 s total)
[theorycollection] Average computation time:
   flamingo.inference.masked_ps.MaskedTSZTheory : 0.0165671 s (18625 evaluations, 308.562 s total)
[mcmc]  - Acceptance rate: 0.500
[mcmc]  - Convergence of means: R-1 = 0.029363 after 7680 accepted steps
[mcmc]  - Updated covariance matrix of proposal pdf.
[mcmc] Learn + convergence test @ 9640 samples accepted.
[likelihoodcollection] Average computation time:
   flamingo.inference.masked_ps.MaskedBandPowerLikelihood : 5.54319e-05 s (18698 evaluations, 1.03647 s total)
[theorycollection] Average computation time:
   flamingo.inference.masked_ps.MaskedTSZTheory : 0.0165679 s (18698 evaluations, 309.787 s total)
[mcmc]  - Acceptance rate: 0.500
[mcmc]  - Convergence of means: R-1 = 0.028390 after 7712 accepted steps
[mcmc]  - Updated covariance matrix of proposal pdf.
[mcmc] Learn + convergence test @ 9680 samples accepted.
[likelihoodcollection] Average computation time:
   flamingo.inference.masked_ps.MaskedBandPowerLikelihood : 5.54417e-05 s (18764 evaluations, 1.04031 s total)
[theorycollection] Average computation time:
   flamingo.inference.masked_ps.MaskedTSZTheory : 0.0165687 s (18764 evaluations, 310.895 s total)
[mcmc]  - Acceptance rate: 0.501
[mcmc]  - Convergence of means: R-1 = 0.030110 after 7744 accepted steps
[mcmc]  - Updated covariance matrix of proposal pdf.
[mcmc] Learn + convergence test @ 9720 samples accepted.
[likelihoodcollection] Average computation time:
   flamingo.inference.masked_ps.MaskedBandPowerLikelihood : 5.54539e-05 s (18846 evaluations, 1.04508 s total)
[theorycollection] Average computation time:
   flamingo.inference.masked_ps.MaskedTSZTheory : 0.0165696 s (18846 evaluations, 312.27 s total)
[mcmc]  - Acceptance rate: 0.500
[mcmc]  - Convergence of means: R-1 = 0.033344 after 7776 accepted steps
[mcmc]  - Updated covariance matrix of proposal pdf.
[mcmc] Learn + convergence test @ 9760 samples accepted.
[likelihoodcollection] Average computation time:
   flamingo.inference.masked_ps.MaskedBandPowerLikelihood : 5.54622e-05 s (18948 evaluations, 1.0509 s total)
[theorycollection] Average computation time:
   flamingo.inference.masked_ps.MaskedTSZTheory : 0.0165706 s (18948 evaluations, 313.98 s total)
[mcmc]  - Acceptance rate: 0.500
[mcmc]  - Convergence of means: R-1 = 0.033499 after 7808 accepted steps
[mcmc]  - Updated covariance matrix of proposal pdf.
[mcmc] Learn + convergence test @ 9800 samples accepted.
[likelihoodcollection] Average computation time:
   flamingo.inference.masked_ps.MaskedBandPowerLikelihood : 5.54477e-05 s (19035 evaluations, 1.05545 s total)
[theorycollection] Average computation time:
   flamingo.inference.masked_ps.MaskedTSZTheory : 0.0165686 s (19035 evaluations, 315.384 s total)
[mcmc]  - Acceptance rate: 0.499
[mcmc]  - Convergence of means: R-1 = 0.033040 after 7840 accepted steps
[mcmc]  - Updated covariance matrix of proposal pdf.
[mcmc] Learn + convergence test @ 9840 samples accepted.
[likelihoodcollection] Average computation time:
   flamingo.inference.masked_ps.MaskedBandPowerLikelihood : 5.54505e-05 s (19120 evaluations, 1.06021 s total)
[theorycollection] Average computation time:
   flamingo.inference.masked_ps.MaskedTSZTheory : 0.0165668 s (19120 evaluations, 316.756 s total)
[mcmc]  - Acceptance rate: 0.499
[mcmc]  - Convergence of means: R-1 = 0.037097 after 7872 accepted steps
[mcmc]  - Updated covariance matrix of proposal pdf.
[mcmc] Learn + convergence test @ 9880 samples accepted.
[likelihoodcollection] Average computation time:
   flamingo.inference.masked_ps.MaskedBandPowerLikelihood : 5.54588e-05 s (19181 evaluations, 1.06376 s total)
[theorycollection] Average computation time:
   flamingo.inference.masked_ps.MaskedTSZTheory : 0.016567 s (19181 evaluations, 317.772 s total)
[mcmc]  - Acceptance rate: 0.500
[mcmc]  - Convergence of means: R-1 = 0.037592 after 7904 accepted steps
[mcmc]  - Updated covariance matrix of proposal pdf.
[mcmc] Learn + convergence test @ 9920 samples accepted.
[likelihoodcollection] Average computation time:
   flamingo.inference.masked_ps.MaskedBandPowerLikelihood : 5.5486e-05 s (19259 evaluations, 1.06861 s total)
[theorycollection] Average computation time:
   flamingo.inference.masked_ps.MaskedTSZTheory : 0.0165677 s (19259 evaluations, 319.078 s total)
[mcmc]  - Acceptance rate: 0.500
[mcmc]  - Convergence of means: R-1 = 0.042024 after 7936 accepted steps
[mcmc]  - Updated covariance matrix of proposal pdf.
[mcmc] Learn + convergence test @ 9960 samples accepted.
[likelihoodcollection] Average computation time:
   flamingo.inference.masked_ps.MaskedBandPowerLikelihood : 5.54898e-05 s (19334 evaluations, 1.07284 s total)
[theorycollection] Average computation time:
   flamingo.inference.masked_ps.MaskedTSZTheory : 0.0165676 s (19334 evaluations, 320.318 s total)
[mcmc]  - Acceptance rate: 0.500
[mcmc]  - Convergence of means: R-1 = 0.052839 after 7968 accepted steps
[mcmc]  - Updated covariance matrix of proposal pdf.
[mcmc] Learn + convergence test @ 10000 samples accepted.
[likelihoodcollection] Average computation time:
   flamingo.inference.masked_ps.MaskedBandPowerLikelihood : 5.54728e-05 s (19405 evaluations, 1.07645 s total)
[theorycollection] Average computation time:
   flamingo.inference.masked_ps.MaskedTSZTheory : 0.0165688 s (19405 evaluations, 321.517 s total)
[mcmc]  - Acceptance rate: 0.500
[mcmc]  - Convergence of means: R-1 = 0.064915 after 8000 accepted steps
[mcmc]  - Updated covariance matrix of proposal pdf.
[mcmc] Learn + convergence test @ 10040 samples accepted.
[likelihoodcollection] Average computation time:
   flamingo.inference.masked_ps.MaskedBandPowerLikelihood : 5.54597e-05 s (19485 evaluations, 1.08063 s total)
[theorycollection] Average computation time:
   flamingo.inference.masked_ps.MaskedTSZTheory : 0.0165675 s (19485 evaluations, 322.818 s total)
[mcmc]  - Acceptance rate: 0.500
[mcmc]  - Convergence of means: R-1 = 0.060028 after 8032 accepted steps
[mcmc]  - Updated covariance matrix of proposal pdf.
[mcmc] Learn + convergence test @ 10080 samples accepted.
[likelihoodcollection] Average computation time:
   flamingo.inference.masked_ps.MaskedBandPowerLikelihood : 5.54652e-05 s (19566 evaluations, 1.08523 s total)
[theorycollection] Average computation time:
   flamingo.inference.masked_ps.MaskedTSZTheory : 0.0165684 s (19566 evaluations, 324.177 s total)
[mcmc]  - Acceptance rate: 0.500
[mcmc]  - Convergence of means: R-1 = 0.059659 after 8064 accepted steps
[mcmc]  - Updated covariance matrix of proposal pdf.
[mcmc] Learn + convergence test @ 10120 samples accepted.
[likelihoodcollection] Average computation time:
   flamingo.inference.masked_ps.MaskedBandPowerLikelihood : 5.54536e-05 s (19666 evaluations, 1.09055 s total)
[theorycollection] Average computation time:
   flamingo.inference.masked_ps.MaskedTSZTheory : 0.0165686 s (19666 evaluations, 325.838 s total)
[mcmc]  - Acceptance rate: 0.499
[mcmc]  - Convergence of means: R-1 = 0.056948 after 8096 accepted steps
[mcmc]  - Updated covariance matrix of proposal pdf.
[mcmc] Learn + convergence test @ 10160 samples accepted.
[likelihoodcollection] Average computation time:
   flamingo.inference.masked_ps.MaskedBandPowerLikelihood : 5.54736e-05 s (19742 evaluations, 1.09516 s total)
[theorycollection] Average computation time:
   flamingo.inference.masked_ps.MaskedTSZTheory : 0.01657 s (19742 evaluations, 327.125 s total)
[mcmc]  - Acceptance rate: 0.499
[mcmc]  - Convergence of means: R-1 = 0.055640 after 8128 accepted steps
[mcmc]  - Updated covariance matrix of proposal pdf.
[mcmc] Learn + convergence test @ 10200 samples accepted.
[likelihoodcollection] Average computation time:
   flamingo.inference.masked_ps.MaskedBandPowerLikelihood : 5.54515e-05 s (19834 evaluations, 1.09983 s total)
[theorycollection] Average computation time:
   flamingo.inference.masked_ps.MaskedTSZTheory : 0.0165683 s (19834 evaluations, 328.616 s total)
[mcmc]  - Acceptance rate: 0.499
[mcmc]  - Convergence of means: R-1 = 0.056524 after 8160 accepted steps
[mcmc]  - Updated covariance matrix of proposal pdf.
[mcmc] Learn + convergence test @ 10240 samples accepted.
[likelihoodcollection] Average computation time:
   flamingo.inference.masked_ps.MaskedBandPowerLikelihood : 5.54416e-05 s (19917 evaluations, 1.10423 s total)
[theorycollection] Average computation time:
   flamingo.inference.masked_ps.MaskedTSZTheory : 0.0165686 s (19917 evaluations, 329.997 s total)
[mcmc]  - Acceptance rate: 0.499
[mcmc]  - Convergence of means: R-1 = 0.058130 after 8192 accepted steps
[mcmc]  - Updated covariance matrix of proposal pdf.
[mcmc] Learn + convergence test @ 10280 samples accepted.
[likelihoodcollection] Average computation time:
   flamingo.inference.masked_ps.MaskedBandPowerLikelihood : 5.54368e-05 s (20015 evaluations, 1.10957 s total)
[theorycollection] Average computation time:
   flamingo.inference.masked_ps.MaskedTSZTheory : 0.0165698 s (20015 evaluations, 331.645 s total)
[mcmc]  - Acceptance rate: 0.498
[mcmc]  - Convergence of means: R-1 = 0.042682 after 8224 accepted steps
[mcmc]  - Updated covariance matrix of proposal pdf.
[mcmc] Learn + convergence test @ 10320 samples accepted.
[likelihoodcollection] Average computation time:
   flamingo.inference.masked_ps.MaskedBandPowerLikelihood : 5.54452e-05 s (20113 evaluations, 1.11517 s total)
[theorycollection] Average computation time:
   flamingo.inference.masked_ps.MaskedTSZTheory : 0.0165706 s (20113 evaluations, 333.285 s total)
[mcmc]  - Acceptance rate: 0.498
[mcmc]  - Convergence of means: R-1 = 0.042860 after 8256 accepted steps
[mcmc]  - Updated covariance matrix of proposal pdf.
[mcmc] Learn + convergence test @ 10360 samples accepted.
[likelihoodcollection] Average computation time:
   flamingo.inference.masked_ps.MaskedBandPowerLikelihood : 5.54301e-05 s (20202 evaluations, 1.1198 s total)
[theorycollection] Average computation time:
   flamingo.inference.masked_ps.MaskedTSZTheory : 0.0165701 s (20202 evaluations, 334.748 s total)
[mcmc]  - Acceptance rate: 0.498
[mcmc]  - Convergence of means: R-1 = 0.043240 after 8288 accepted steps
[mcmc]  - Updated covariance matrix of proposal pdf.
[mcmc] Learn + convergence test @ 10400 samples accepted.
[likelihoodcollection] Average computation time:
   flamingo.inference.masked_ps.MaskedBandPowerLikelihood : 5.54288e-05 s (20275 evaluations, 1.12382 s total)
[theorycollection] Average computation time:
   flamingo.inference.masked_ps.MaskedTSZTheory : 0.0165721 s (20275 evaluations, 335.999 s total)
[mcmc]  - Acceptance rate: 0.498
[mcmc]  - Convergence of means: R-1 = 0.051903 after 8320 accepted steps
[mcmc]  - Updated covariance matrix of proposal pdf.
[mcmc] Learn + convergence test @ 10440 samples accepted.
[likelihoodcollection] Average computation time:
   flamingo.inference.masked_ps.MaskedBandPowerLikelihood : 5.54245e-05 s (20356 evaluations, 1.12822 s total)
[theorycollection] Average computation time:
   flamingo.inference.masked_ps.MaskedTSZTheory : 0.0165732 s (20356 evaluations, 337.364 s total)
[mcmc]  - Acceptance rate: 0.498
[mcmc]  - Convergence of means: R-1 = 0.052003 after 8352 accepted steps
[mcmc]  - Updated covariance matrix of proposal pdf.
[mcmc] Learn + convergence test @ 10480 samples accepted.
[likelihoodcollection] Average computation time:
   flamingo.inference.masked_ps.MaskedBandPowerLikelihood : 5.54154e-05 s (20438 evaluations, 1.13258 s total)
[theorycollection] Average computation time:
   flamingo.inference.masked_ps.MaskedTSZTheory : 0.0165721 s (20438 evaluations, 338.701 s total)
[mcmc]  - Acceptance rate: 0.497
[mcmc]  - Convergence of means: R-1 = 0.055894 after 8384 accepted steps
[mcmc]  - Updated covariance matrix of proposal pdf.
[mcmc] Learn + convergence test @ 10520 samples accepted.
[likelihoodcollection] Average computation time:
   flamingo.inference.masked_ps.MaskedBandPowerLikelihood : 5.54128e-05 s (20512 evaluations, 1.13663 s total)
[theorycollection] Average computation time:
   flamingo.inference.masked_ps.MaskedTSZTheory : 0.0165715 s (20512 evaluations, 339.914 s total)
[mcmc]  - Acceptance rate: 0.498
[mcmc]  - Convergence of means: R-1 = 0.055102 after 8416 accepted steps
[mcmc]  - Updated covariance matrix of proposal pdf.
[mcmc] Learn + convergence test @ 10560 samples accepted.
[likelihoodcollection] Average computation time:
   flamingo.inference.masked_ps.MaskedBandPowerLikelihood : 5.54306e-05 s (20600 evaluations, 1.14187 s total)
[theorycollection] Average computation time:
   flamingo.inference.masked_ps.MaskedTSZTheory : 0.0165712 s (20600 evaluations, 341.366 s total)
[mcmc]  - Acceptance rate: 0.497
[mcmc]  - Convergence of means: R-1 = 0.051196 after 8448 accepted steps
[mcmc]  - Updated covariance matrix of proposal pdf.
[mcmc] Learn + convergence test @ 10600 samples accepted.
[likelihoodcollection] Average computation time:
   flamingo.inference.masked_ps.MaskedBandPowerLikelihood : 5.54278e-05 s (20687 evaluations, 1.14663 s total)
[theorycollection] Average computation time:
   flamingo.inference.masked_ps.MaskedTSZTheory : 0.0165713 s (20687 evaluations, 342.811 s total)
[mcmc]  - Acceptance rate: 0.497
[mcmc]  - Convergence of means: R-1 = 0.042577 after 8480 accepted steps
[mcmc]  - Updated covariance matrix of proposal pdf.
[mcmc] Learn + convergence test @ 10640 samples accepted.
[likelihoodcollection] Average computation time:
   flamingo.inference.masked_ps.MaskedBandPowerLikelihood : 5.54139e-05 s (20758 evaluations, 1.15028 s total)
[theorycollection] Average computation time:
   flamingo.inference.masked_ps.MaskedTSZTheory : 0.0165703 s (20758 evaluations, 343.965 s total)
[mcmc]  - Acceptance rate: 0.498
[mcmc]  - Convergence of means: R-1 = 0.043653 after 8512 accepted steps
[mcmc]  - Updated covariance matrix of proposal pdf.
[mcmc] Learn + convergence test @ 10680 samples accepted.
[likelihoodcollection] Average computation time:
   flamingo.inference.masked_ps.MaskedBandPowerLikelihood : 5.54389e-05 s (20842 evaluations, 1.15546 s total)
[theorycollection] Average computation time:
   flamingo.inference.masked_ps.MaskedTSZTheory : 0.0165714 s (20842 evaluations, 345.382 s total)
[mcmc]  - Acceptance rate: 0.497
[mcmc]  - Convergence of means: R-1 = 0.037751 after 8544 accepted steps
[mcmc]  - Updated covariance matrix of proposal pdf.
[mcmc] Learn + convergence test @ 10720 samples accepted.
[likelihoodcollection] Average computation time:
   flamingo.inference.masked_ps.MaskedBandPowerLikelihood : 5.54476e-05 s (20920 evaluations, 1.15996 s total)
[theorycollection] Average computation time:
   flamingo.inference.masked_ps.MaskedTSZTheory : 0.0165717 s (20920 evaluations, 346.68 s total)
[mcmc]  - Acceptance rate: 0.497
[mcmc]  - Convergence of means: R-1 = 0.029760 after 8576 accepted steps
[mcmc]  - Updated covariance matrix of proposal pdf.
[mcmc] Learn + convergence test @ 10760 samples accepted.
[likelihoodcollection] Average computation time:
   flamingo.inference.masked_ps.MaskedBandPowerLikelihood : 5.54375e-05 s (20997 evaluations, 1.16402 s total)
[theorycollection] Average computation time:
   flamingo.inference.masked_ps.MaskedTSZTheory : 0.0165712 s (20997 evaluations, 347.946 s total)
[mcmc]  - Acceptance rate: 0.497
[mcmc]  - Convergence of means: R-1 = 0.030518 after 8608 accepted steps
[mcmc]  - Updated covariance matrix of proposal pdf.
[mcmc] Learn + convergence test @ 10800 samples accepted.
[likelihoodcollection] Average computation time:
   flamingo.inference.masked_ps.MaskedBandPowerLikelihood : 5.54358e-05 s (21064 evaluations, 1.1677 s total)
[theorycollection] Average computation time:
   flamingo.inference.masked_ps.MaskedTSZTheory : 0.0165696 s (21064 evaluations, 349.021 s total)
[mcmc]  - Acceptance rate: 0.498
[mcmc]  - Convergence of means: R-1 = 0.030633 after 8640 accepted steps
[mcmc]  - Updated covariance matrix of proposal pdf.
[mcmc] Learn + convergence test @ 10840 samples accepted.
[likelihoodcollection] Average computation time:
   flamingo.inference.masked_ps.MaskedBandPowerLikelihood : 5.54495e-05 s (21142 evaluations, 1.17231 s total)
[theorycollection] Average computation time:
   flamingo.inference.masked_ps.MaskedTSZTheory : 0.0165706 s (21142 evaluations, 350.336 s total)
[mcmc]  - Acceptance rate: 0.498
[mcmc]  - Convergence of means: R-1 = 0.030558 after 8672 accepted steps
[mcmc]  - Updated covariance matrix of proposal pdf.
[mcmc] Learn + convergence test @ 10880 samples accepted.
[likelihoodcollection] Average computation time:
   flamingo.inference.masked_ps.MaskedBandPowerLikelihood : 5.54471e-05 s (21214 evaluations, 1.17626 s total)
[theorycollection] Average computation time:
   flamingo.inference.masked_ps.MaskedTSZTheory : 0.0165717 s (21214 evaluations, 351.553 s total)
[mcmc]  - Acceptance rate: 0.498
[mcmc]  - Convergence of means: R-1 = 0.033431 after 8704 accepted steps
[mcmc]  - Updated covariance matrix of proposal pdf.
[mcmc] Progress @ 2026-08-03 00:57:53 : 21408 steps taken, and 10895 accepted.
[mcmc] Learn + convergence test @ 10920 samples accepted.
[likelihoodcollection] Average computation time:
   flamingo.inference.masked_ps.MaskedBandPowerLikelihood : 5.54585e-05 s (21289 evaluations, 1.18066 s total)
[theorycollection] Average computation time:
   flamingo.inference.masked_ps.MaskedTSZTheory : 0.016572 s (21289 evaluations, 352.801 s total)
[mcmc]  - Acceptance rate: 0.498
[mcmc]  - Convergence of means: R-1 = 0.035089 after 8736 accepted steps
[mcmc]  - Updated covariance matrix of proposal pdf.
[mcmc] Learn + convergence test @ 10960 samples accepted.
[likelihoodcollection] Average computation time:
   flamingo.inference.masked_ps.MaskedBandPowerLikelihood : 5.54672e-05 s (21372 evaluations, 1.18545 s total)
[theorycollection] Average computation time:
   flamingo.inference.masked_ps.MaskedTSZTheory : 0.0165714 s (21372 evaluations, 354.165 s total)
[mcmc]  - Acceptance rate: 0.498
[mcmc]  - Convergence of means: R-1 = 0.033012 after 8768 accepted steps
[mcmc]  - Updated covariance matrix of proposal pdf.
[mcmc] Learn + convergence test @ 11000 samples accepted.
[likelihoodcollection] Average computation time:
   flamingo.inference.masked_ps.MaskedBandPowerLikelihood : 5.54454e-05 s (21455 evaluations, 1.18958 s total)
[theorycollection] Average computation time:
   flamingo.inference.masked_ps.MaskedTSZTheory : 0.0165708 s (21455 evaluations, 355.527 s total)
[mcmc]  - Acceptance rate: 0.498
[mcmc]  - Convergence of means: R-1 = 0.033101 after 8800 accepted steps
[mcmc]  - Updated covariance matrix of proposal pdf.
[mcmc] Learn + convergence test @ 11040 samples accepted.
[likelihoodcollection] Average computation time:
   flamingo.inference.masked_ps.MaskedBandPowerLikelihood : 5.54678e-05 s (21531 evaluations, 1.19428 s total)
[theorycollection] Average computation time:
   flamingo.inference.masked_ps.MaskedTSZTheory : 0.0165706 s (21531 evaluations, 356.782 s total)
[mcmc]  - Acceptance rate: 0.498
[mcmc]  - Convergence of means: R-1 = 0.032836 after 8832 accepted steps
[mcmc]  - Updated covariance matrix of proposal pdf.
[mcmc] Learn + convergence test @ 11080 samples accepted.
[likelihoodcollection] Average computation time:
   flamingo.inference.masked_ps.MaskedBandPowerLikelihood : 5.54557e-05 s (21609 evaluations, 1.19834 s total)
[theorycollection] Average computation time:
   flamingo.inference.masked_ps.MaskedTSZTheory : 0.0165703 s (21609 evaluations, 358.068 s total)
[mcmc]  - Acceptance rate: 0.498
[mcmc]  - Convergence of means: R-1 = 0.031295 after 8864 accepted steps
[mcmc]  - Updated covariance matrix of proposal pdf.
[mcmc] Learn + convergence test @ 11120 samples accepted.
[likelihoodcollection] Average computation time:
   flamingo.inference.masked_ps.MaskedBandPowerLikelihood : 5.54727e-05 s (21715 evaluations, 1.20459 s total)
[theorycollection] Average computation time:
   flamingo.inference.masked_ps.MaskedTSZTheory : 0.0165708 s (21715 evaluations, 359.835 s total)
[mcmc]  - Acceptance rate: 0.497
[mcmc]  - Convergence of means: R-1 = 0.033697 after 8896 accepted steps
[mcmc]  - Updated covariance matrix of proposal pdf.
[mcmc] Learn + convergence test @ 11160 samples accepted.
[likelihoodcollection] Average computation time:
   flamingo.inference.masked_ps.MaskedBandPowerLikelihood : 5.54655e-05 s (21814 evaluations, 1.20992 s total)
[theorycollection] Average computation time:
   flamingo.inference.masked_ps.MaskedTSZTheory : 0.0165713 s (21814 evaluations, 361.487 s total)
[mcmc]  - Acceptance rate: 0.497
[mcmc]  - Convergence of means: R-1 = 0.035614 after 8928 accepted steps
[mcmc]  - Updated covariance matrix of proposal pdf.
[mcmc] Learn + convergence test @ 11200 samples accepted.
[likelihoodcollection] Average computation time:
   flamingo.inference.masked_ps.MaskedBandPowerLikelihood : 5.54725e-05 s (21892 evaluations, 1.2144 s total)
[theorycollection] Average computation time:
   flamingo.inference.masked_ps.MaskedTSZTheory : 0.0165722 s (21892 evaluations, 362.798 s total)
[mcmc]  - Acceptance rate: 0.497
[mcmc]  - Convergence of means: R-1 = 0.036987 after 8960 accepted steps
[mcmc]  - Updated covariance matrix of proposal pdf.
[mcmc] Learn + convergence test @ 11240 samples accepted.
[likelihoodcollection] Average computation time:
   flamingo.inference.masked_ps.MaskedBandPowerLikelihood : 5.54722e-05 s (21966 evaluations, 1.2185 s total)
[theorycollection] Average computation time:
   flamingo.inference.masked_ps.MaskedTSZTheory : 0.0165716 s (21966 evaluations, 364.012 s total)
[mcmc]  - Acceptance rate: 0.497
[mcmc]  - Convergence of means: R-1 = 0.039805 after 8992 accepted steps
[mcmc]  - Updated covariance matrix of proposal pdf.
[mcmc] Learn + convergence test @ 11280 samples accepted.
[likelihoodcollection] Average computation time:
   flamingo.inference.masked_ps.MaskedBandPowerLikelihood : 5.54647e-05 s (22051 evaluations, 1.22305 s total)
[theorycollection] Average computation time:
   flamingo.inference.masked_ps.MaskedTSZTheory : 0.0165714 s (22051 evaluations, 365.417 s total)
[mcmc]  - Acceptance rate: 0.497
[mcmc]  - Convergence of means: R-1 = 0.030897 after 9024 accepted steps
[mcmc]  - Updated covariance matrix of proposal pdf.
[mcmc] Learn + convergence test @ 11320 samples accepted.
[likelihoodcollection] Average computation time:
   flamingo.inference.masked_ps.MaskedBandPowerLikelihood : 5.54417e-05 s (22133 evaluations, 1.22709 s total)
[theorycollection] Average computation time:
   flamingo.inference.masked_ps.MaskedTSZTheory : 0.0165708 s (22133 evaluations, 366.762 s total)
[mcmc]  - Acceptance rate: 0.497
[mcmc]  - Convergence of means: R-1 = 0.030448 after 9056 accepted steps
[mcmc]  - Updated covariance matrix of proposal pdf.
[mcmc] Learn + convergence test @ 11360 samples accepted.
[likelihoodcollection] Average computation time:
   flamingo.inference.masked_ps.MaskedBandPowerLikelihood : 5.5449e-05 s (22198 evaluations, 1.23086 s total)
[theorycollection] Average computation time:
   flamingo.inference.masked_ps.MaskedTSZTheory : 0.0165706 s (22198 evaluations, 367.834 s total)
[mcmc]  - Acceptance rate: 0.497
[mcmc]  - Convergence of means: R-1 = 0.044226 after 9088 accepted steps
[mcmc]  - Updated covariance matrix of proposal pdf.
[mcmc] Learn + convergence test @ 11400 samples accepted.
[likelihoodcollection] Average computation time:
   flamingo.inference.masked_ps.MaskedBandPowerLikelihood : 5.54508e-05 s (22290 evaluations, 1.236 s total)
[theorycollection] Average computation time:
   flamingo.inference.masked_ps.MaskedTSZTheory : 0.0165698 s (22290 evaluations, 369.342 s total)
[mcmc]  - Acceptance rate: 0.497
[mcmc]  - Convergence of means: R-1 = 0.044335 after 9120 accepted steps
[mcmc]  - Updated covariance matrix of proposal pdf.
[mcmc] Learn + convergence test @ 11440 samples accepted.
[likelihoodcollection] Average computation time:
   flamingo.inference.masked_ps.MaskedBandPowerLikelihood : 5.54491e-05 s (22366 evaluations, 1.24017 s total)
[theorycollection] Average computation time:
   flamingo.inference.masked_ps.MaskedTSZTheory : 0.01657 s (22366 evaluations, 370.605 s total)
[mcmc]  - Acceptance rate: 0.497
[mcmc]  - Convergence of means: R-1 = 0.043287 after 9152 accepted steps
[mcmc]  - Updated covariance matrix of proposal pdf.
[mcmc] Learn + convergence test @ 11480 samples accepted.
[likelihoodcollection] Average computation time:
   flamingo.inference.masked_ps.MaskedBandPowerLikelihood : 5.54566e-05 s (22444 evaluations, 1.24467 s total)
[theorycollection] Average computation time:
   flamingo.inference.masked_ps.MaskedTSZTheory : 0.0165704 s (22444 evaluations, 371.906 s total)
[mcmc]  - Acceptance rate: 0.497
[mcmc]  - Convergence of means: R-1 = 0.043735 after 9184 accepted steps
[mcmc]  - Updated covariance matrix of proposal pdf.
[mcmc] Learn + convergence test @ 11520 samples accepted.
[likelihoodcollection] Average computation time:
   flamingo.inference.masked_ps.MaskedBandPowerLikelihood : 5.54447e-05 s (22528 evaluations, 1.24906 s total)
[theorycollection] Average computation time:
   flamingo.inference.masked_ps.MaskedTSZTheory : 0.0165694 s (22528 evaluations, 373.276 s total)
[mcmc]  - Acceptance rate: 0.497
[mcmc]  - Convergence of means: R-1 = 0.042613 after 9216 accepted steps
[mcmc]  - Updated covariance matrix of proposal pdf.
[mcmc] Learn + convergence test @ 11560 samples accepted.
[likelihoodcollection] Average computation time:
   flamingo.inference.masked_ps.MaskedBandPowerLikelihood : 5.54329e-05 s (22622 evaluations, 1.254 s total)
[theorycollection] Average computation time:
   flamingo.inference.masked_ps.MaskedTSZTheory : 0.0165675 s (22622 evaluations, 374.789 s total)
[mcmc]  - Acceptance rate: 0.496
[mcmc]  - Convergence of means: R-1 = 0.049504 after 9248 accepted steps
[mcmc]  - Updated covariance matrix of proposal pdf.
[mcmc] Learn + convergence test @ 11600 samples accepted.
[likelihoodcollection] Average computation time:
   flamingo.inference.masked_ps.MaskedBandPowerLikelihood : 5.54365e-05 s (22714 evaluations, 1.25918 s total)
[theorycollection] Average computation time:
   flamingo.inference.masked_ps.MaskedTSZTheory : 0.0165679 s (22714 evaluations, 376.322 s total)
[mcmc]  - Acceptance rate: 0.496
[mcmc]  - Convergence of means: R-1 = 0.051485 after 9280 accepted steps
[mcmc]  - Updated covariance matrix of proposal pdf.
[mcmc] Learn + convergence test @ 11640 samples accepted.
[likelihoodcollection] Average computation time:
   flamingo.inference.masked_ps.MaskedBandPowerLikelihood : 5.54261e-05 s (22784 evaluations, 1.26283 s total)
[theorycollection] Average computation time:
   flamingo.inference.masked_ps.MaskedTSZTheory : 0.0165671 s (22784 evaluations, 377.465 s total)
[mcmc]  - Acceptance rate: 0.496
[mcmc]  - Convergence of means: R-1 = 0.054402 after 9312 accepted steps
[mcmc]  - Updated covariance matrix of proposal pdf.
[mcmc] Learn + convergence test @ 11680 samples accepted.
[likelihoodcollection] Average computation time:
   flamingo.inference.masked_ps.MaskedBandPowerLikelihood : 5.5437e-05 s (22868 evaluations, 1.26773 s total)
[theorycollection] Average computation time:
   flamingo.inference.masked_ps.MaskedTSZTheory : 0.0165672 s (22868 evaluations, 378.859 s total)
[mcmc]  - Acceptance rate: 0.496
[mcmc]  - Convergence of means: R-1 = 0.055199 after 9344 accepted steps
[mcmc]  - Updated covariance matrix of proposal pdf.
[mcmc] Learn + convergence test @ 11720 samples accepted.
[likelihoodcollection] Average computation time:
   flamingo.inference.masked_ps.MaskedBandPowerLikelihood : 5.54307e-05 s (22946 evaluations, 1.27191 s total)
[theorycollection] Average computation time:
   flamingo.inference.masked_ps.MaskedTSZTheory : 0.0165682 s (22946 evaluations, 380.174 s total)
[mcmc]  - Acceptance rate: 0.496
[mcmc]  - Convergence of means: R-1 = 0.049918 after 9376 accepted steps
[mcmc]  - Updated covariance matrix of proposal pdf.
[mcmc] Learn + convergence test @ 11760 samples accepted.
[likelihoodcollection] Average computation time:
   flamingo.inference.masked_ps.MaskedBandPowerLikelihood : 5.54528e-05 s (23020 evaluations, 1.27652 s total)
[theorycollection] Average computation time:
   flamingo.inference.masked_ps.MaskedTSZTheory : 0.0165689 s (23020 evaluations, 381.416 s total)
[mcmc]  - Acceptance rate: 0.496
[mcmc]  - Convergence of means: R-1 = 0.051697 after 9408 accepted steps
[mcmc]  - Updated covariance matrix of proposal pdf.
[mcmc] Learn + convergence test @ 11800 samples accepted.
[likelihoodcollection] Average computation time:
   flamingo.inference.masked_ps.MaskedBandPowerLikelihood : 5.54544e-05 s (23111 evaluations, 1.28161 s total)
[theorycollection] Average computation time:
   flamingo.inference.masked_ps.MaskedTSZTheory : 0.0165693 s (23111 evaluations, 382.933 s total)
[mcmc]  - Acceptance rate: 0.496
[mcmc]  - Convergence of means: R-1 = 0.050808 after 9440 accepted steps
[mcmc]  - Updated covariance matrix of proposal pdf.
[mcmc] Learn + convergence test @ 11840 samples accepted.
[likelihoodcollection] Average computation time:
   flamingo.inference.masked_ps.MaskedBandPowerLikelihood : 5.54475e-05 s (23175 evaluations, 1.28499 s total)
[theorycollection] Average computation time:
   flamingo.inference.masked_ps.MaskedTSZTheory : 0.016568 s (23175 evaluations, 383.964 s total)
[mcmc]  - Acceptance rate: 0.496
[mcmc]  - Convergence of means: R-1 = 0.044194 after 9472 accepted steps
[mcmc]  - Updated covariance matrix of proposal pdf.
[mcmc] Learn + convergence test @ 11880 samples accepted.
[likelihoodcollection] Average computation time:
   flamingo.inference.masked_ps.MaskedBandPowerLikelihood : 5.54562e-05 s (23255 evaluations, 1.28963 s total)
[theorycollection] Average computation time:
   flamingo.inference.masked_ps.MaskedTSZTheory : 0.0165698 s (23255 evaluations, 385.331 s total)
[mcmc]  - Acceptance rate: 0.496
[mcmc]  - Convergence of means: R-1 = 0.034966 after 9504 accepted steps
[mcmc]  - Updated covariance matrix of proposal pdf.
[mcmc] Learn + convergence test @ 11920 samples accepted.
[likelihoodcollection] Average computation time:
   flamingo.inference.masked_ps.MaskedBandPowerLikelihood : 5.54647e-05 s (23341 evaluations, 1.2946 s total)
[theorycollection] Average computation time:
   flamingo.inference.masked_ps.MaskedTSZTheory : 0.0165693 s (23341 evaluations, 386.745 s total)
[mcmc]  - Acceptance rate: 0.496
[mcmc]  - Convergence of means: R-1 = 0.031372 after 9536 accepted steps
[mcmc]  - Updated covariance matrix of proposal pdf.
[mcmc] Learn + convergence test @ 11960 samples accepted.
[likelihoodcollection] Average computation time:
   flamingo.inference.masked_ps.MaskedBandPowerLikelihood : 5.54649e-05 s (23418 evaluations, 1.29888 s total)
[theorycollection] Average computation time:
   flamingo.inference.masked_ps.MaskedTSZTheory : 0.0165698 s (23418 evaluations, 388.032 s total)
[mcmc]  - Acceptance rate: 0.496
[mcmc]  - Convergence of means: R-1 = 0.026558 after 9568 accepted steps
[mcmc]  - Updated covariance matrix of proposal pdf.
[mcmc] Learn + convergence test @ 12000 samples accepted.
[likelihoodcollection] Average computation time:
   flamingo.inference.masked_ps.MaskedBandPowerLikelihood : 5.54628e-05 s (23511 evaluations, 1.30399 s total)
[theorycollection] Average computation time:
   flamingo.inference.masked_ps.MaskedTSZTheory : 0.0165702 s (23511 evaluations, 389.581 s total)
[mcmc]  - Acceptance rate: 0.496
[mcmc]  - Convergence of means: R-1 = 0.025184 after 9600 accepted steps
[mcmc]  - Updated covariance matrix of proposal pdf.
[mcmc] Learn + convergence test @ 12040 samples accepted.
[likelihoodcollection] Average computation time:
   flamingo.inference.masked_ps.MaskedBandPowerLikelihood : 5.54594e-05 s (23611 evaluations, 1.30945 s total)
[theorycollection] Average computation time:
   flamingo.inference.masked_ps.MaskedTSZTheory : 0.0165695 s (23611 evaluations, 391.223 s total)
[mcmc]  - Acceptance rate: 0.495
[mcmc]  - Convergence of means: R-1 = 0.020624 after 9632 accepted steps
[mcmc]  - Updated covariance matrix of proposal pdf.
[mcmc] Learn + convergence test @ 12080 samples accepted.
[likelihoodcollection] Average computation time:
   flamingo.inference.masked_ps.MaskedBandPowerLikelihood : 5.5467e-05 s (23705 evaluations, 1.31485 s total)
[theorycollection] Average computation time:
   flamingo.inference.masked_ps.MaskedTSZTheory : 0.0165716 s (23705 evaluations, 392.829 s total)
[mcmc]  - Acceptance rate: 0.495
[mcmc]  - Convergence of means: R-1 = 0.021556 after 9664 accepted steps
[mcmc]  - Updated covariance matrix of proposal pdf.
[mcmc] Learn + convergence test @ 12120 samples accepted.
[likelihoodcollection] Average computation time:
   flamingo.inference.masked_ps.MaskedBandPowerLikelihood : 5.54616e-05 s (23801 evaluations, 1.32004 s total)
[theorycollection] Average computation time:
   flamingo.inference.masked_ps.MaskedTSZTheory : 0.0165721 s (23801 evaluations, 394.434 s total)
[mcmc]  - Acceptance rate: 0.494
[mcmc]  - Convergence of means: R-1 = 0.020197 after 9696 accepted steps
[mcmc]  - Updated covariance matrix of proposal pdf.
[mcmc] Learn + convergence test @ 12160 samples accepted.
[likelihoodcollection] Average computation time:
   flamingo.inference.masked_ps.MaskedBandPowerLikelihood : 5.5466e-05 s (23879 evaluations, 1.32447 s total)
[theorycollection] Average computation time:
   flamingo.inference.masked_ps.MaskedTSZTheory : 0.0165722 s (23879 evaluations, 395.729 s total)
[mcmc]  - Acceptance rate: 0.494
[mcmc]  - Convergence of means: R-1 = 0.017547 after 9728 accepted steps
[mcmc]  - Updated covariance matrix of proposal pdf.
[mcmc] Learn + convergence test @ 12200 samples accepted.
[likelihoodcollection] Average computation time:
   flamingo.inference.masked_ps.MaskedBandPowerLikelihood : 5.54771e-05 s (23947 evaluations, 1.32851 s total)
[theorycollection] Average computation time:
   flamingo.inference.masked_ps.MaskedTSZTheory : 0.0165716 s (23947 evaluations, 396.84 s total)
[mcmc]  - Acceptance rate: 0.494
[mcmc]  - Convergence of means: R-1 = 0.017661 after 9760 accepted steps
[mcmc]  - Updated covariance matrix of proposal pdf.
[mcmc] Learn + convergence test @ 12240 samples accepted.
[likelihoodcollection] Average computation time:
   flamingo.inference.masked_ps.MaskedBandPowerLikelihood : 5.54713e-05 s (24035 evaluations, 1.33325 s total)
[theorycollection] Average computation time:
   flamingo.inference.masked_ps.MaskedTSZTheory : 0.0165723 s (24035 evaluations, 398.316 s total)
[mcmc]  - Acceptance rate: 0.494
[mcmc]  - Convergence of means: R-1 = 0.017933 after 9792 accepted steps
[mcmc]  - Updated covariance matrix of proposal pdf.
[mcmc] Learn + convergence test @ 12280 samples accepted.
[likelihoodcollection] Average computation time:
   flamingo.inference.masked_ps.MaskedBandPowerLikelihood : 5.54682e-05 s (24131 evaluations, 1.3385 s total)
[theorycollection] Average computation time:
   flamingo.inference.masked_ps.MaskedTSZTheory : 0.0165718 s (24131 evaluations, 399.894 s total)
[mcmc]  - Acceptance rate: 0.494
[mcmc]  - Convergence of means: R-1 = 0.020856 after 9824 accepted steps
[mcmc]  - Updated covariance matrix of proposal pdf.
[mcmc] Learn + convergence test @ 12320 samples accepted.
[likelihoodcollection] Average computation time:
   flamingo.inference.masked_ps.MaskedBandPowerLikelihood : 5.54728e-05 s (24211 evaluations, 1.34305 s total)
[theorycollection] Average computation time:
   flamingo.inference.masked_ps.MaskedTSZTheory : 0.0165715 s (24211 evaluations, 401.213 s total)
[mcmc]  - Acceptance rate: 0.494
[mcmc]  - Convergence of means: R-1 = 0.025866 after 9856 accepted steps
[mcmc]  - Updated covariance matrix of proposal pdf.
[mcmc] Learn + convergence test @ 12360 samples accepted.
[likelihoodcollection] Average computation time:
   flamingo.inference.masked_ps.MaskedBandPowerLikelihood : 5.54751e-05 s (24303 evaluations, 1.34821 s total)
[theorycollection] Average computation time:
   flamingo.inference.masked_ps.MaskedTSZTheory : 0.0165708 s (24303 evaluations, 402.72 s total)
[mcmc]  - Acceptance rate: 0.494
[mcmc]  - Convergence of means: R-1 = 0.026614 after 9888 accepted steps
[mcmc]  - Updated covariance matrix of proposal pdf.
[mcmc] Learn + convergence test @ 12400 samples accepted.
[likelihoodcollection] Average computation time:
   flamingo.inference.masked_ps.MaskedBandPowerLikelihood : 5.54773e-05 s (24384 evaluations, 1.35276 s total)
[theorycollection] Average computation time:
   flamingo.inference.masked_ps.MaskedTSZTheory : 0.0165719 s (24384 evaluations, 404.09 s total)
[mcmc]  - Acceptance rate: 0.494
[mcmc]  - Convergence of means: R-1 = 0.026378 after 9920 accepted steps
[mcmc]  - Updated covariance matrix of proposal pdf.
[mcmc] Learn + convergence test @ 12440 samples accepted.
[likelihoodcollection] Average computation time:
   flamingo.inference.masked_ps.MaskedBandPowerLikelihood : 5.54678e-05 s (24465 evaluations, 1.35702 s total)
[theorycollection] Average computation time:
   flamingo.inference.masked_ps.MaskedTSZTheory : 0.0165709 s (24465 evaluations, 405.408 s total)
[mcmc]  - Acceptance rate: 0.493
[mcmc]  - Convergence of means: R-1 = 0.025041 after 9952 accepted steps
[mcmc]  - Updated covariance matrix of proposal pdf.
[mcmc] Learn + convergence test @ 12480 samples accepted.
[likelihoodcollection] Average computation time:
   flamingo.inference.masked_ps.MaskedBandPowerLikelihood : 5.54697e-05 s (24562 evaluations, 1.36245 s total)
[theorycollection] Average computation time:
   flamingo.inference.masked_ps.MaskedTSZTheory : 0.0165711 s (24562 evaluations, 407.021 s total)
[mcmc]  - Acceptance rate: 0.493
[mcmc]  - Convergence of means: R-1 = 0.026441 after 9984 accepted steps
[mcmc]  - Updated covariance matrix of proposal pdf.
[mcmc] Learn + convergence test @ 12520 samples accepted.
[likelihoodcollection] Average computation time:
   flamingo.inference.masked_ps.MaskedBandPowerLikelihood : 5.54578e-05 s (24640 evaluations, 1.36648 s total)
[theorycollection] Average computation time:
   flamingo.inference.masked_ps.MaskedTSZTheory : 0.0165708 s (24640 evaluations, 408.305 s total)
[mcmc]  - Acceptance rate: 0.493
[mcmc]  - Convergence of means: R-1 = 0.030088 after 10016 accepted steps
[mcmc]  - Updated covariance matrix of proposal pdf.
[mcmc] Learn + convergence test @ 12560 samples accepted.
[likelihoodcollection] Average computation time:
   flamingo.inference.masked_ps.MaskedBandPowerLikelihood : 5.54589e-05 s (24729 evaluations, 1.37144 s total)
[theorycollection] Average computation time:
   flamingo.inference.masked_ps.MaskedTSZTheory : 0.0165723 s (24729 evaluations, 409.818 s total)
[mcmc]  - Acceptance rate: 0.493
[mcmc]  - Convergence of means: R-1 = 0.030482 after 10048 accepted steps
[mcmc]  - Updated covariance matrix of proposal pdf.
[mcmc] Progress @ 2026-08-03 00:58:53 : 24970 steps taken, and 12583 accepted.
[mcmc] Learn + convergence test @ 12600 samples accepted.
[likelihoodcollection] Average computation time:
   flamingo.inference.masked_ps.MaskedBandPowerLikelihood : 5.54621e-05 s (24811 evaluations, 1.37607 s total)
[theorycollection] Average computation time:
   flamingo.inference.masked_ps.MaskedTSZTheory : 0.016572 s (24811 evaluations, 411.169 s total)
[mcmc]  - Acceptance rate: 0.493
[mcmc]  - Convergence of means: R-1 = 0.026857 after 10080 accepted steps
[mcmc]  - Updated covariance matrix of proposal pdf.
[mcmc] Learn + convergence test @ 12640 samples accepted.
[likelihoodcollection] Average computation time:
   flamingo.inference.masked_ps.MaskedBandPowerLikelihood : 5.54565e-05 s (24883 evaluations, 1.37992 s total)
[theorycollection] Average computation time:
   flamingo.inference.masked_ps.MaskedTSZTheory : 0.0165716 s (24883 evaluations, 412.35 s total)
[mcmc]  - Acceptance rate: 0.493
[mcmc]  - Convergence of means: R-1 = 0.024835 after 10112 accepted steps
[mcmc]  - Updated covariance matrix of proposal pdf.
[mcmc] Learn + convergence test @ 12680 samples accepted.
[likelihoodcollection] Average computation time:
   flamingo.inference.masked_ps.MaskedBandPowerLikelihood : 5.54477e-05 s (24964 evaluations, 1.3842 s total)
[theorycollection] Average computation time:
   flamingo.inference.masked_ps.MaskedTSZTheory : 0.0165701 s (24964 evaluations, 413.656 s total)
[mcmc]  - Acceptance rate: 0.493
[mcmc]  - Convergence of means: R-1 = 0.023714 after 10144 accepted steps
[mcmc]  - Updated covariance matrix of proposal pdf.
[mcmc] Learn + convergence test @ 12720 samples accepted.
[likelihoodcollection] Average computation time:
   flamingo.inference.masked_ps.MaskedBandPowerLikelihood : 5.54366e-05 s (25028 evaluations, 1.38747 s total)
[theorycollection] Average computation time:
   flamingo.inference.masked_ps.MaskedTSZTheory : 0.016569 s (25028 evaluations, 414.69 s total)
[mcmc]  - Acceptance rate: 0.493
[mcmc]  - Convergence of means: R-1 = 0.023503 after 10176 accepted steps
[mcmc]  - Updated covariance matrix of proposal pdf.
[mcmc] Learn + convergence test @ 12760 samples accepted.
[likelihoodcollection] Average computation time:
   flamingo.inference.masked_ps.MaskedBandPowerLikelihood : 5.54435e-05 s (25110 evaluations, 1.39219 s total)
[theorycollection] Average computation time:
   flamingo.inference.masked_ps.MaskedTSZTheory : 0.0165703 s (25110 evaluations, 416.08 s total)
[mcmc]  - Acceptance rate: 0.493
[mcmc]  - Convergence of means: R-1 = 0.023987 after 10208 accepted steps
[mcmc]  - Updated covariance matrix of proposal pdf.
[mcmc] Learn + convergence test @ 12800 samples accepted.
[likelihoodcollection] Average computation time:
   flamingo.inference.masked_ps.MaskedBandPowerLikelihood : 5.54515e-05 s (25173 evaluations, 1.39588 s total)
[theorycollection] Average computation time:
   flamingo.inference.masked_ps.MaskedTSZTheory : 0.0165699 s (25173 evaluations, 417.113 s total)
[mcmc]  - Acceptance rate: 0.493
[mcmc]  - Convergence of means: R-1 = 0.022770 after 10240 accepted steps
[mcmc]  - Updated covariance matrix of proposal pdf.
[mcmc] Learn + convergence test @ 12840 samples accepted.
[likelihoodcollection] Average computation time:
   flamingo.inference.masked_ps.MaskedBandPowerLikelihood : 5.54421e-05 s (25260 evaluations, 1.40047 s total)
[theorycollection] Average computation time:
   flamingo.inference.masked_ps.MaskedTSZTheory : 0.0165691 s (25260 evaluations, 418.536 s total)
[mcmc]  - Acceptance rate: 0.493
[mcmc]  - Convergence of means: R-1 = 0.021380 after 10272 accepted steps
[mcmc]  - Updated covariance matrix of proposal pdf.
[mcmc] Learn + convergence test @ 12880 samples accepted.
[likelihoodcollection] Average computation time:
   flamingo.inference.masked_ps.MaskedBandPowerLikelihood : 5.54384e-05 s (25344 evaluations, 1.40503 s total)
[theorycollection] Average computation time:
   flamingo.inference.masked_ps.MaskedTSZTheory : 0.0165694 s (25344 evaluations, 419.935 s total)
[mcmc]  - Acceptance rate: 0.493
[mcmc]  - Convergence of means: R-1 = 0.023089 after 10304 accepted steps
[mcmc]  - Updated covariance matrix of proposal pdf.
[mcmc] Learn + convergence test @ 12920 samples accepted.
[likelihoodcollection] Average computation time:
   flamingo.inference.masked_ps.MaskedBandPowerLikelihood : 5.54392e-05 s (25426 evaluations, 1.4096 s total)
[theorycollection] Average computation time:
   flamingo.inference.masked_ps.MaskedTSZTheory : 0.016568 s (25426 evaluations, 421.258 s total)
[mcmc]  - Acceptance rate: 0.493
[mcmc]  - Convergence of means: R-1 = 0.023372 after 10336 accepted steps
[mcmc]  - Updated covariance matrix of proposal pdf.
[mcmc] Learn + convergence test @ 12960 samples accepted.
[likelihoodcollection] Average computation time:
   flamingo.inference.masked_ps.MaskedBandPowerLikelihood : 5.54231e-05 s (25502 evaluations, 1.4134 s total)
[theorycollection] Average computation time:
   flamingo.inference.masked_ps.MaskedTSZTheory : 0.016567 s (25502 evaluations, 422.492 s total)
[mcmc]  - Acceptance rate: 0.493
[mcmc]  - Convergence of means: R-1 = 0.021113 after 10368 accepted steps
[mcmc]  - Updated covariance matrix of proposal pdf.
[mcmc] Learn + convergence test @ 13000 samples accepted.
[likelihoodcollection] Average computation time:
   flamingo.inference.masked_ps.MaskedBandPowerLikelihood : 5.54165e-05 s (25577 evaluations, 1.41739 s total)
[theorycollection] Average computation time:
   flamingo.inference.masked_ps.MaskedTSZTheory : 0.0165669 s (25577 evaluations, 423.733 s total)
[mcmc]  - Acceptance rate: 0.493
[mcmc]  - Convergence of means: R-1 = 0.020357 after 10400 accepted steps
[mcmc]  - Updated covariance matrix of proposal pdf.
[mcmc] Learn + convergence test @ 13040 samples accepted.
[likelihoodcollection] Average computation time:
   flamingo.inference.masked_ps.MaskedBandPowerLikelihood : 5.54182e-05 s (25660 evaluations, 1.42203 s total)
[theorycollection] Average computation time:
   flamingo.inference.masked_ps.MaskedTSZTheory : 0.0165667 s (25660 evaluations, 425.102 s total)
[mcmc]  - Acceptance rate: 0.493
[mcmc]  - Convergence of means: R-1 = 0.018579 after 10432 accepted steps
[mcmc]  - Updated covariance matrix of proposal pdf.
[mcmc] Learn + convergence test @ 13080 samples accepted.
[likelihoodcollection] Average computation time:
   flamingo.inference.masked_ps.MaskedBandPowerLikelihood : 5.54161e-05 s (25748 evaluations, 1.42685 s total)
[theorycollection] Average computation time:
   flamingo.inference.masked_ps.MaskedTSZTheory : 0.0165675 s (25748 evaluations, 426.581 s total)
[mcmc]  - Acceptance rate: 0.493
[mcmc]  - Convergence of means: R-1 = 0.018341 after 10464 accepted steps
[mcmc]  - Updated covariance matrix of proposal pdf.
[mcmc] Learn + convergence test @ 13120 samples accepted.
[likelihoodcollection] Average computation time:
   flamingo.inference.masked_ps.MaskedBandPowerLikelihood : 5.5411e-05 s (25837 evaluations, 1.43165 s total)
[theorycollection] Average computation time:
   flamingo.inference.masked_ps.MaskedTSZTheory : 0.0165673 s (25837 evaluations, 428.048 s total)
[mcmc]  - Acceptance rate: 0.493
[mcmc]  - Convergence of means: R-1 = 0.018591 after 10496 accepted steps
[mcmc]  - Updated covariance matrix of proposal pdf.
[mcmc] Learn + convergence test @ 13160 samples accepted.
[likelihoodcollection] Average computation time:
   flamingo.inference.masked_ps.MaskedBandPowerLikelihood : 5.54109e-05 s (25924 evaluations, 1.43647 s total)
[theorycollection] Average computation time:
   flamingo.inference.masked_ps.MaskedTSZTheory : 0.0165668 s (25924 evaluations, 429.479 s total)
[mcmc]  - Acceptance rate: 0.493
[mcmc]  - Convergence of means: R-1 = 0.018167 after 10528 accepted steps
[mcmc]  - Updated covariance matrix of proposal pdf.
[mcmc] Learn + convergence test @ 13200 samples accepted.
[likelihoodcollection] Average computation time:
   flamingo.inference.masked_ps.MaskedBandPowerLikelihood : 5.54088e-05 s (26005 evaluations, 1.44091 s total)
[theorycollection] Average computation time:
   flamingo.inference.masked_ps.MaskedTSZTheory : 0.0165673 s (26005 evaluations, 430.833 s total)
[mcmc]  - Acceptance rate: 0.493
[mcmc]  - Convergence of means: R-1 = 0.020412 after 10560 accepted steps
[mcmc]  - Updated covariance matrix of proposal pdf.
[mcmc] Learn + convergence test @ 13240 samples accepted.
[likelihoodcollection] Average computation time:
   flamingo.inference.masked_ps.MaskedBandPowerLikelihood : 5.54053e-05 s (26093 evaluations, 1.44569 s total)
[theorycollection] Average computation time:
   flamingo.inference.masked_ps.MaskedTSZTheory : 0.0165661 s (26093 evaluations, 432.26 s total)
[mcmc]  - Acceptance rate: 0.493
[mcmc]  - Convergence of means: R-1 = 0.022832 after 10592 accepted steps
[mcmc]  - Updated covariance matrix of proposal pdf.
[mcmc] Learn + convergence test @ 13280 samples accepted.
[likelihoodcollection] Average computation time:
   flamingo.inference.masked_ps.MaskedBandPowerLikelihood : 5.5397e-05 s (26177 evaluations, 1.45013 s total)
[theorycollection] Average computation time:
   flamingo.inference.masked_ps.MaskedTSZTheory : 0.0165664 s (26177 evaluations, 433.659 s total)
[mcmc]  - Acceptance rate: 0.493
[mcmc]  - Convergence of means: R-1 = 0.025671 after 10624 accepted steps
[mcmc]  - Updated covariance matrix of proposal pdf.
[mcmc] Learn + convergence test @ 13320 samples accepted.
[likelihoodcollection] Average computation time:
   flamingo.inference.masked_ps.MaskedBandPowerLikelihood : 5.53951e-05 s (26264 evaluations, 1.4549 s total)
[theorycollection] Average computation time:
   flamingo.inference.masked_ps.MaskedTSZTheory : 0.0165667 s (26264 evaluations, 435.108 s total)
[mcmc]  - Acceptance rate: 0.492
[mcmc]  - Convergence of means: R-1 = 0.029392 after 10656 accepted steps
[mcmc]  - Updated covariance matrix of proposal pdf.
[mcmc] Learn + convergence test @ 13360 samples accepted.
[likelihoodcollection] Average computation time:
   flamingo.inference.masked_ps.MaskedBandPowerLikelihood : 5.53945e-05 s (26366 evaluations, 1.46053 s total)
[theorycollection] Average computation time:
   flamingo.inference.masked_ps.MaskedTSZTheory : 0.0165662 s (26366 evaluations, 436.785 s total)
[mcmc]  - Acceptance rate: 0.492
[mcmc]  - Convergence of means: R-1 = 0.033117 after 10688 accepted steps
[mcmc]  - Updated covariance matrix of proposal pdf.
[mcmc] Learn + convergence test @ 13400 samples accepted.
[likelihoodcollection] Average computation time:
   flamingo.inference.masked_ps.MaskedBandPowerLikelihood : 5.53864e-05 s (26448 evaluations, 1.46486 s total)
[theorycollection] Average computation time:
   flamingo.inference.masked_ps.MaskedTSZTheory : 0.0165648 s (26448 evaluations, 438.106 s total)
[mcmc]  - Acceptance rate: 0.492
[mcmc]  - Convergence of means: R-1 = 0.033725 after 10720 accepted steps
[mcmc]  - Updated covariance matrix of proposal pdf.
[mcmc] Learn + convergence test @ 13440 samples accepted.
[likelihoodcollection] Average computation time:
   flamingo.inference.masked_ps.MaskedBandPowerLikelihood : 5.53785e-05 s (26520 evaluations, 1.46864 s total)
[theorycollection] Average computation time:
   flamingo.inference.masked_ps.MaskedTSZTheory : 0.0165652 s (26520 evaluations, 439.308 s total)
[mcmc]  - Acceptance rate: 0.492
[mcmc]  - Convergence of means: R-1 = 0.034328 after 10752 accepted steps
[mcmc]  - Updated covariance matrix of proposal pdf.
[mcmc] Learn + convergence test @ 13480 samples accepted.
[likelihoodcollection] Average computation time:
   flamingo.inference.masked_ps.MaskedBandPowerLikelihood : 5.53963e-05 s (26596 evaluations, 1.47332 s total)
[theorycollection] Average computation time:
   flamingo.inference.masked_ps.MaskedTSZTheory : 0.0165656 s (26596 evaluations, 440.58 s total)
[mcmc]  - Acceptance rate: 0.492
[mcmc]  - Convergence of means: R-1 = 0.031304 after 10784 accepted steps
[mcmc]  - Updated covariance matrix of proposal pdf.
[mcmc] Learn + convergence test @ 13520 samples accepted.
[likelihoodcollection] Average computation time:
   flamingo.inference.masked_ps.MaskedBandPowerLikelihood : 5.5389e-05 s (26675 evaluations, 1.4775 s total)
[theorycollection] Average computation time:
   flamingo.inference.masked_ps.MaskedTSZTheory : 0.0165664 s (26675 evaluations, 441.908 s total)
[mcmc]  - Acceptance rate: 0.492
[mcmc]  - Convergence of means: R-1 = 0.031162 after 10816 accepted steps
[mcmc]  - Updated covariance matrix of proposal pdf.
[mcmc] Learn + convergence test @ 13560 samples accepted.
[likelihoodcollection] Average computation time:
   flamingo.inference.masked_ps.MaskedBandPowerLikelihood : 5.53816e-05 s (26754 evaluations, 1.48168 s total)
[theorycollection] Average computation time:
   flamingo.inference.masked_ps.MaskedTSZTheory : 0.0165654 s (26754 evaluations, 443.19 s total)
[mcmc]  - Acceptance rate: 0.492
[mcmc]  - Convergence of means: R-1 = 0.028468 after 10848 accepted steps
[mcmc]  - Updated covariance matrix of proposal pdf.
[mcmc] Learn + convergence test @ 13600 samples accepted.
[likelihoodcollection] Average computation time:
   flamingo.inference.masked_ps.MaskedBandPowerLikelihood : 5.53866e-05 s (26834 evaluations, 1.48624 s total)
[theorycollection] Average computation time:
   flamingo.inference.masked_ps.MaskedTSZTheory : 0.0165653 s (26834 evaluations, 444.513 s total)
[mcmc]  - Acceptance rate: 0.492
[mcmc]  - Convergence of means: R-1 = 0.027948 after 10880 accepted steps
[mcmc]  - Updated covariance matrix of proposal pdf.
[mcmc] Learn + convergence test @ 13640 samples accepted.
[likelihoodcollection] Average computation time:
   flamingo.inference.masked_ps.MaskedBandPowerLikelihood : 5.53803e-05 s (26911 evaluations, 1.49034 s total)
[theorycollection] Average computation time:
   flamingo.inference.masked_ps.MaskedTSZTheory : 0.0165657 s (26911 evaluations, 445.799 s total)
[mcmc]  - Acceptance rate: 0.492
[mcmc]  - Convergence of means: R-1 = 0.029708 after 10912 accepted steps
[mcmc]  - Updated covariance matrix of proposal pdf.
[mcmc] Learn + convergence test @ 13680 samples accepted.
[likelihoodcollection] Average computation time:
   flamingo.inference.masked_ps.MaskedBandPowerLikelihood : 5.53772e-05 s (26987 evaluations, 1.49446 s total)
[theorycollection] Average computation time:
   flamingo.inference.masked_ps.MaskedTSZTheory : 0.0165657 s (26987 evaluations, 447.057 s total)
[mcmc]  - Acceptance rate: 0.492
[mcmc]  - Convergence of means: R-1 = 0.030289 after 10944 accepted steps
[mcmc]  - Updated covariance matrix of proposal pdf.
[mcmc] Learn + convergence test @ 13720 samples accepted.
[likelihoodcollection] Average computation time:
   flamingo.inference.masked_ps.MaskedBandPowerLikelihood : 5.53849e-05 s (27077 evaluations, 1.49966 s total)
[theorycollection] Average computation time:
   flamingo.inference.masked_ps.MaskedTSZTheory : 0.0165662 s (27077 evaluations, 448.564 s total)
[mcmc]  - Acceptance rate: 0.492
[mcmc]  - Convergence of means: R-1 = 0.030034 after 10976 accepted steps
[mcmc]  - Updated covariance matrix of proposal pdf.
[mcmc] Learn + convergence test @ 13760 samples accepted.
[likelihoodcollection] Average computation time:
   flamingo.inference.masked_ps.MaskedBandPowerLikelihood : 5.53739e-05 s (27154 evaluations, 1.50362 s total)
[theorycollection] Average computation time:
   flamingo.inference.masked_ps.MaskedTSZTheory : 0.0165662 s (27154 evaluations, 449.839 s total)
[mcmc]  - Acceptance rate: 0.493
[mcmc]  - Convergence of means: R-1 = 0.031465 after 11008 accepted steps
[mcmc]  - Updated covariance matrix of proposal pdf.
[mcmc] Learn + convergence test @ 13800 samples accepted.
[likelihoodcollection] Average computation time:
   flamingo.inference.masked_ps.MaskedBandPowerLikelihood : 5.53788e-05 s (27237 evaluations, 1.50835 s total)
[theorycollection] Average computation time:
   flamingo.inference.masked_ps.MaskedTSZTheory : 0.0165664 s (27237 evaluations, 451.219 s total)
[mcmc]  - Acceptance rate: 0.492
[mcmc]  - Convergence of means: R-1 = 0.030327 after 11040 accepted steps
[mcmc]  - Updated covariance matrix of proposal pdf.
[mcmc] Learn + convergence test @ 13840 samples accepted.
[likelihoodcollection] Average computation time:
   flamingo.inference.masked_ps.MaskedBandPowerLikelihood : 5.53674e-05 s (27319 evaluations, 1.51258 s total)
[theorycollection] Average computation time:
   flamingo.inference.masked_ps.MaskedTSZTheory : 0.0165668 s (27319 evaluations, 452.589 s total)
[mcmc]  - Acceptance rate: 0.492
[mcmc]  - Convergence of means: R-1 = 0.033307 after 11072 accepted steps
[mcmc]  - Updated covariance matrix of proposal pdf.
[mcmc] Learn + convergence test @ 13880 samples accepted.
[likelihoodcollection] Average computation time:
   flamingo.inference.masked_ps.MaskedBandPowerLikelihood : 5.53595e-05 s (27396 evaluations, 1.51663 s total)
[theorycollection] Average computation time:
   flamingo.inference.masked_ps.MaskedTSZTheory : 0.016567 s (27396 evaluations, 453.87 s total)
[mcmc]  - Acceptance rate: 0.492
[mcmc]  - Convergence of means: R-1 = 0.035616 after 11104 accepted steps
[mcmc]  - Updated covariance matrix of proposal pdf.
[mcmc] Learn + convergence test @ 13920 samples accepted.
[likelihoodcollection] Average computation time:
   flamingo.inference.masked_ps.MaskedBandPowerLikelihood : 5.5354e-05 s (27481 evaluations, 1.52118 s total)
[theorycollection] Average computation time:
   flamingo.inference.masked_ps.MaskedTSZTheory : 0.0165669 s (27481 evaluations, 455.275 s total)
[mcmc]  - Acceptance rate: 0.492
[mcmc]  - Convergence of means: R-1 = 0.034979 after 11136 accepted steps
[mcmc]  - Updated covariance matrix of proposal pdf.
[mcmc] Learn + convergence test @ 13960 samples accepted.
[likelihoodcollection] Average computation time:
   flamingo.inference.masked_ps.MaskedBandPowerLikelihood : 5.53451e-05 s (27551 evaluations, 1.52481 s total)
[theorycollection] Average computation time:
   flamingo.inference.masked_ps.MaskedTSZTheory : 0.016567 s (27551 evaluations, 456.437 s total)
[mcmc]  - Acceptance rate: 0.492
[mcmc]  - Convergence of means: R-1 = 0.036645 after 11168 accepted steps
[mcmc]  - Updated covariance matrix of proposal pdf.
[mcmc] Learn + convergence test @ 14000 samples accepted.
[likelihoodcollection] Average computation time:
   flamingo.inference.masked_ps.MaskedBandPowerLikelihood : 5.53443e-05 s (27639 evaluations, 1.52966 s total)
[theorycollection] Average computation time:
   flamingo.inference.masked_ps.MaskedTSZTheory : 0.0165677 s (27639 evaluations, 457.916 s total)
[mcmc]  - Acceptance rate: 0.492
[mcmc]  - Convergence of means: R-1 = 0.036161 after 11200 accepted steps
[mcmc]  - Updated covariance matrix of proposal pdf.
[mcmc] Learn + convergence test @ 14040 samples accepted.
[likelihoodcollection] Average computation time:
   flamingo.inference.masked_ps.MaskedBandPowerLikelihood : 5.53432e-05 s (27730 evaluations, 1.53467 s total)
[theorycollection] Average computation time:
   flamingo.inference.masked_ps.MaskedTSZTheory : 0.0165683 s (27730 evaluations, 459.44 s total)
[mcmc]  - Acceptance rate: 0.492
[mcmc]  - Convergence of means: R-1 = 0.034794 after 11232 accepted steps
[mcmc]  - Updated covariance matrix of proposal pdf.
[mcmc] Learn + convergence test @ 14080 samples accepted.
[likelihoodcollection] Average computation time:
   flamingo.inference.masked_ps.MaskedBandPowerLikelihood : 5.53339e-05 s (27808 evaluations, 1.53873 s total)
[theorycollection] Average computation time:
   flamingo.inference.masked_ps.MaskedTSZTheory : 0.0165691 s (27808 evaluations, 460.755 s total)
[mcmc]  - Acceptance rate: 0.492
[mcmc]  - Convergence of means: R-1 = 0.034075 after 11264 accepted steps
[mcmc]  - Updated covariance matrix of proposal pdf.
[mcmc] Learn + convergence test @ 14120 samples accepted.
[likelihoodcollection] Average computation time:
   flamingo.inference.masked_ps.MaskedBandPowerLikelihood : 5.53256e-05 s (27892 evaluations, 1.54314 s total)
[theorycollection] Average computation time:
   flamingo.inference.masked_ps.MaskedTSZTheory : 0.0165678 s (27892 evaluations, 462.11 s total)
[mcmc]  - Acceptance rate: 0.492
[mcmc]  - Convergence of means: R-1 = 0.030931 after 11296 accepted steps
[mcmc]  - Updated covariance matrix of proposal pdf.
[mcmc] Learn + convergence test @ 14160 samples accepted.
[likelihoodcollection] Average computation time:
   flamingo.inference.masked_ps.MaskedBandPowerLikelihood : 5.53294e-05 s (27975 evaluations, 1.54784 s total)
[theorycollection] Average computation time:
   flamingo.inference.masked_ps.MaskedTSZTheory : 0.0165691 s (27975 evaluations, 463.52 s total)
[mcmc]  - Acceptance rate: 0.492
[mcmc]  - Convergence of means: R-1 = 0.031539 after 11328 accepted steps
[mcmc]  - Updated covariance matrix of proposal pdf.
[mcmc] Learn + convergence test @ 14200 samples accepted.
[likelihoodcollection] Average computation time:
   flamingo.inference.masked_ps.MaskedBandPowerLikelihood : 5.53322e-05 s (28049 evaluations, 1.55201 s total)
[theorycollection] Average computation time:
   flamingo.inference.masked_ps.MaskedTSZTheory : 0.016568 s (28049 evaluations, 464.717 s total)
[mcmc]  - Acceptance rate: 0.492
[mcmc]  - Convergence of means: R-1 = 0.030216 after 11360 accepted steps
[mcmc]  - Updated covariance matrix of proposal pdf.
[mcmc] Learn + convergence test @ 14240 samples accepted.
[likelihoodcollection] Average computation time:
   flamingo.inference.masked_ps.MaskedBandPowerLikelihood : 5.53316e-05 s (28131 evaluations, 1.55653 s total)
[theorycollection] Average computation time:
   flamingo.inference.masked_ps.MaskedTSZTheory : 0.0165676 s (28131 evaluations, 466.062 s total)
[mcmc]  - Acceptance rate: 0.492
[mcmc]  - Convergence of means: R-1 = 0.029496 after 11392 accepted steps
[mcmc]  - Updated covariance matrix of proposal pdf.
[mcmc] Learn + convergence test @ 14280 samples accepted.
[likelihoodcollection] Average computation time:
   flamingo.inference.masked_ps.MaskedBandPowerLikelihood : 5.53213e-05 s (28207 evaluations, 1.56045 s total)
[theorycollection] Average computation time:
   flamingo.inference.masked_ps.MaskedTSZTheory : 0.0165668 s (28207 evaluations, 467.299 s total)
[mcmc]  - Acceptance rate: 0.492
[mcmc]  - Convergence of means: R-1 = 0.028094 after 11424 accepted steps
[mcmc]  - Updated covariance matrix of proposal pdf.
[mcmc] Learn + convergence test @ 14320 samples accepted.
[likelihoodcollection] Average computation time:
   flamingo.inference.masked_ps.MaskedBandPowerLikelihood : 5.53183e-05 s (28295 evaluations, 1.56523 s total)
[theorycollection] Average computation time:
   flamingo.inference.masked_ps.MaskedTSZTheory : 0.0165668 s (28295 evaluations, 468.758 s total)
[mcmc]  - Acceptance rate: 0.492
[mcmc]  - Convergence of means: R-1 = 0.026808 after 11456 accepted steps
[mcmc]  - Updated covariance matrix of proposal pdf.
[mcmc] Progress @ 2026-08-03 00:59:53 : 28539 steps taken, and 14338 accepted.
[mcmc] Learn + convergence test @ 14360 samples accepted.
[likelihoodcollection] Average computation time:
   flamingo.inference.masked_ps.MaskedBandPowerLikelihood : 5.53145e-05 s (28380 evaluations, 1.56983 s total)
[theorycollection] Average computation time:
   flamingo.inference.masked_ps.MaskedTSZTheory : 0.016567 s (28380 evaluations, 470.172 s total)
[mcmc]  - Acceptance rate: 0.492
[mcmc]  - Convergence of means: R-1 = 0.027991 after 11488 accepted steps
[mcmc]  - Updated covariance matrix of proposal pdf.
[mcmc] Learn + convergence test @ 14400 samples accepted.
[likelihoodcollection] Average computation time:
   flamingo.inference.masked_ps.MaskedBandPowerLikelihood : 5.53146e-05 s (28470 evaluations, 1.57481 s total)
[theorycollection] Average computation time:
   flamingo.inference.masked_ps.MaskedTSZTheory : 0.0165673 s (28470 evaluations, 471.672 s total)
[mcmc]  - Acceptance rate: 0.491
[mcmc]  - Convergence of means: R-1 = 0.026941 after 11520 accepted steps
[mcmc]  - Updated covariance matrix of proposal pdf.
[mcmc] Learn + convergence test @ 14440 samples accepted.
[likelihoodcollection] Average computation time:
   flamingo.inference.masked_ps.MaskedBandPowerLikelihood : 5.53129e-05 s (28548 evaluations, 1.57907 s total)
[theorycollection] Average computation time:
   flamingo.inference.masked_ps.MaskedTSZTheory : 0.0165673 s (28548 evaluations, 472.963 s total)
[mcmc]  - Acceptance rate: 0.491
[mcmc]  - Convergence of means: R-1 = 0.027617 after 11552 accepted steps
[mcmc]  - Updated covariance matrix of proposal pdf.
[mcmc] Learn + convergence test @ 14480 samples accepted.
[likelihoodcollection] Average computation time:
   flamingo.inference.masked_ps.MaskedBandPowerLikelihood : 5.53042e-05 s (28644 evaluations, 1.58413 s total)
[theorycollection] Average computation time:
   flamingo.inference.masked_ps.MaskedTSZTheory : 0.0165672 s (28644 evaluations, 474.551 s total)
[mcmc]  - Acceptance rate: 0.491
[mcmc]  - Convergence of means: R-1 = 0.026568 after 11584 accepted steps
[mcmc]  - Updated covariance matrix of proposal pdf.
[mcmc] Learn + convergence test @ 14520 samples accepted.
[likelihoodcollection] Average computation time:
   flamingo.inference.masked_ps.MaskedBandPowerLikelihood : 5.53003e-05 s (28720 evaluations, 1.58822 s total)
[theorycollection] Average computation time:
   flamingo.inference.masked_ps.MaskedTSZTheory : 0.0165674 s (28720 evaluations, 475.815 s total)
[mcmc]  - Acceptance rate: 0.491
[mcmc]  - Convergence of means: R-1 = 0.025998 after 11616 accepted steps
[mcmc]  - Updated covariance matrix of proposal pdf.
[mcmc] Learn + convergence test @ 14560 samples accepted.
[likelihoodcollection] Average computation time:
   flamingo.inference.masked_ps.MaskedBandPowerLikelihood : 5.52907e-05 s (28795 evaluations, 1.59209 s total)
[theorycollection] Average computation time:
   flamingo.inference.masked_ps.MaskedTSZTheory : 0.0165668 s (28795 evaluations, 477.04 s total)
[mcmc]  - Acceptance rate: 0.491
[mcmc]  - Convergence of means: R-1 = 0.026210 after 11648 accepted steps
[mcmc]  - Updated covariance matrix of proposal pdf.
[mcmc] Learn + convergence test @ 14600 samples accepted.
[likelihoodcollection] Average computation time:
   flamingo.inference.masked_ps.MaskedBandPowerLikelihood : 5.52947e-05 s (28876 evaluations, 1.59669 s total)
[theorycollection] Average computation time:
   flamingo.inference.masked_ps.MaskedTSZTheory : 0.0165675 s (28876 evaluations, 478.403 s total)
[mcmc]  - Acceptance rate: 0.491
[mcmc]  - Convergence of means: R-1 = 0.024932 after 11680 accepted steps
[mcmc]  - Updated covariance matrix of proposal pdf.
[mcmc] Learn + convergence test @ 14640 samples accepted.
[likelihoodcollection] Average computation time:
   flamingo.inference.masked_ps.MaskedBandPowerLikelihood : 5.52863e-05 s (28953 evaluations, 1.6007 s total)
[theorycollection] Average computation time:
   flamingo.inference.masked_ps.MaskedTSZTheory : 0.0165675 s (28953 evaluations, 479.68 s total)
[mcmc]  - Acceptance rate: 0.491
[mcmc]  - Convergence of means: R-1 = 0.026302 after 11712 accepted steps
[mcmc]  - Updated covariance matrix of proposal pdf.
[mcmc] Learn + convergence test @ 14680 samples accepted.
[likelihoodcollection] Average computation time:
   flamingo.inference.masked_ps.MaskedBandPowerLikelihood : 5.52859e-05 s (29039 evaluations, 1.60545 s total)
[theorycollection] Average computation time:
   flamingo.inference.masked_ps.MaskedTSZTheory : 0.0165686 s (29039 evaluations, 481.135 s total)
[mcmc]  - Acceptance rate: 0.491
[mcmc]  - Convergence of means: R-1 = 0.024911 after 11744 accepted steps
[mcmc]  - Updated covariance matrix of proposal pdf.
[mcmc] Learn + convergence test @ 14720 samples accepted.
[likelihoodcollection] Average computation time:
   flamingo.inference.masked_ps.MaskedBandPowerLikelihood : 5.52975e-05 s (29118 evaluations, 1.61015 s total)
[theorycollection] Average computation time:
   flamingo.inference.masked_ps.MaskedTSZTheory : 0.0165699 s (29118 evaluations, 482.483 s total)
[mcmc]  - Acceptance rate: 0.491
[mcmc]  - Convergence of means: R-1 = 0.026224 after 11776 accepted steps
[mcmc]  - Updated covariance matrix of proposal pdf.
[mcmc] Learn + convergence test @ 14760 samples accepted.
[likelihoodcollection] Average computation time:
   flamingo.inference.masked_ps.MaskedBandPowerLikelihood : 5.5289e-05 s (29204 evaluations, 1.61466 s total)
[theorycollection] Average computation time:
   flamingo.inference.masked_ps.MaskedTSZTheory : 0.0165701 s (29204 evaluations, 483.913 s total)
[mcmc]  - Acceptance rate: 0.491
[mcmc]  - Convergence of means: R-1 = 0.027611 after 11808 accepted steps
[mcmc]  - Updated covariance matrix of proposal pdf.
[mcmc] Learn + convergence test @ 14800 samples accepted.
[likelihoodcollection] Average computation time:
   flamingo.inference.masked_ps.MaskedBandPowerLikelihood : 5.52884e-05 s (29279 evaluations, 1.61879 s total)
[theorycollection] Average computation time:
   flamingo.inference.masked_ps.MaskedTSZTheory : 0.0165706 s (29279 evaluations, 485.171 s total)
[mcmc]  - Acceptance rate: 0.491
[mcmc]  - Convergence of means: R-1 = 0.028476 after 11840 accepted steps
[mcmc]  - Updated covariance matrix of proposal pdf.
[mcmc] Learn + convergence test @ 14840 samples accepted.
[likelihoodcollection] Average computation time:
   flamingo.inference.masked_ps.MaskedBandPowerLikelihood : 5.52892e-05 s (29361 evaluations, 1.62335 s total)
[theorycollection] Average computation time:
   flamingo.inference.masked_ps.MaskedTSZTheory : 0.0165713 s (29361 evaluations, 486.549 s total)
[mcmc]  - Acceptance rate: 0.491
[mcmc]  - Convergence of means: R-1 = 0.028386 after 11872 accepted steps
[mcmc]  - Updated covariance matrix of proposal pdf.
[mcmc] Learn + convergence test @ 14880 samples accepted.
[likelihoodcollection] Average computation time:
   flamingo.inference.masked_ps.MaskedBandPowerLikelihood : 5.52868e-05 s (29433 evaluations, 1.62726 s total)
[theorycollection] Average computation time:
   flamingo.inference.masked_ps.MaskedTSZTheory : 0.0165707 s (29433 evaluations, 487.725 s total)
[mcmc]  - Acceptance rate: 0.491
[mcmc]  - Convergence of means: R-1 = 0.029137 after 11904 accepted steps
[mcmc]  - Updated covariance matrix of proposal pdf.
[mcmc] Learn + convergence test @ 14920 samples accepted.
[likelihoodcollection] Average computation time:
   flamingo.inference.masked_ps.MaskedBandPowerLikelihood : 5.52798e-05 s (29513 evaluations, 1.63147 s total)
[theorycollection] Average computation time:
   flamingo.inference.masked_ps.MaskedTSZTheory : 0.016571 s (29513 evaluations, 489.059 s total)
[mcmc]  - Acceptance rate: 0.491
[mcmc]  - Convergence of means: R-1 = 0.029518 after 11936 accepted steps
[mcmc]  - Updated covariance matrix of proposal pdf.
[mcmc] Learn + convergence test @ 14960 samples accepted.
[likelihoodcollection] Average computation time:
   flamingo.inference.masked_ps.MaskedBandPowerLikelihood : 5.52821e-05 s (29585 evaluations, 1.63552 s total)
[theorycollection] Average computation time:
   flamingo.inference.masked_ps.MaskedTSZTheory : 0.0165713 s (29585 evaluations, 490.263 s total)
[mcmc]  - Acceptance rate: 0.491
[mcmc]  - Convergence of means: R-1 = 0.031085 after 11968 accepted steps
[mcmc]  - Updated covariance matrix of proposal pdf.
[mcmc] Learn + convergence test @ 15000 samples accepted.
[likelihoodcollection] Average computation time:
   flamingo.inference.masked_ps.MaskedBandPowerLikelihood : 5.53021e-05 s (29645 evaluations, 1.63943 s total)
[theorycollection] Average computation time:
   flamingo.inference.masked_ps.MaskedTSZTheory : 0.0165711 s (29645 evaluations, 491.252 s total)
[mcmc]  - Acceptance rate: 0.491
[mcmc]  - Convergence of means: R-1 = 0.031072 after 12000 accepted steps
[mcmc]  - Updated covariance matrix of proposal pdf.
[mcmc] Learn + convergence test @ 15040 samples accepted.
[likelihoodcollection] Average computation time:
   flamingo.inference.masked_ps.MaskedBandPowerLikelihood : 5.53066e-05 s (29732 evaluations, 1.64438 s total)
[theorycollection] Average computation time:
   flamingo.inference.masked_ps.MaskedTSZTheory : 0.016571 s (29732 evaluations, 492.688 s total)
[mcmc]  - Acceptance rate: 0.491
[mcmc]  - Convergence of means: R-1 = 0.031496 after 12032 accepted steps
[mcmc]  - Updated covariance matrix of proposal pdf.
[mcmc] Learn + convergence test @ 15080 samples accepted.
[likelihoodcollection] Average computation time:
   flamingo.inference.masked_ps.MaskedBandPowerLikelihood : 5.53053e-05 s (29808 evaluations, 1.64854 s total)
[theorycollection] Average computation time:
   flamingo.inference.masked_ps.MaskedTSZTheory : 0.0165703 s (29808 evaluations, 493.928 s total)
[mcmc]  - Acceptance rate: 0.491
[mcmc]  - Convergence of means: R-1 = 0.034131 after 12064 accepted steps
[mcmc]  - Updated covariance matrix of proposal pdf.
[mcmc] Learn + convergence test @ 15120 samples accepted.
[likelihoodcollection] Average computation time:
   flamingo.inference.masked_ps.MaskedBandPowerLikelihood : 5.52975e-05 s (29901 evaluations, 1.65345 s total)
[theorycollection] Average computation time:
   flamingo.inference.masked_ps.MaskedTSZTheory : 0.0165713 s (29901 evaluations, 495.5 s total)
[mcmc]  - Acceptance rate: 0.491
[mcmc]  - Convergence of means: R-1 = 0.042818 after 12096 accepted steps
[mcmc]  - Updated covariance matrix of proposal pdf.
[mcmc] Learn + convergence test @ 15160 samples accepted.
[likelihoodcollection] Average computation time:
   flamingo.inference.masked_ps.MaskedBandPowerLikelihood : 5.5296e-05 s (29982 evaluations, 1.65788 s total)
[theorycollection] Average computation time:
   flamingo.inference.masked_ps.MaskedTSZTheory : 0.0165713 s (29982 evaluations, 496.842 s total)
[mcmc]  - Acceptance rate: 0.491
[mcmc]  - Convergence of means: R-1 = 0.043268 after 12128 accepted steps
[mcmc]  - Updated covariance matrix of proposal pdf.
[mcmc] Learn + convergence test @ 15200 samples accepted.
[likelihoodcollection] Average computation time:
   flamingo.inference.masked_ps.MaskedBandPowerLikelihood : 5.53033e-05 s (30064 evaluations, 1.66264 s total)
[theorycollection] Average computation time:
   flamingo.inference.masked_ps.MaskedTSZTheory : 0.0165715 s (30064 evaluations, 498.204 s total)
[mcmc]  - Acceptance rate: 0.491
[mcmc]  - Convergence of means: R-1 = 0.041572 after 12160 accepted steps
[mcmc]  - Updated covariance matrix of proposal pdf.
[mcmc] Learn + convergence test @ 15240 samples accepted.
[likelihoodcollection] Average computation time:
   flamingo.inference.masked_ps.MaskedBandPowerLikelihood : 5.52999e-05 s (30144 evaluations, 1.66696 s total)
[theorycollection] Average computation time:
   flamingo.inference.masked_ps.MaskedTSZTheory : 0.0165714 s (30144 evaluations, 499.53 s total)
[mcmc]  - Acceptance rate: 0.491
[mcmc]  - Convergence of means: R-1 = 0.040697 after 12192 accepted steps
[mcmc]  - Updated covariance matrix of proposal pdf.
[mcmc] Learn + convergence test @ 15280 samples accepted.
[likelihoodcollection] Average computation time:
   flamingo.inference.masked_ps.MaskedBandPowerLikelihood : 5.53033e-05 s (30222 evaluations, 1.67138 s total)
[theorycollection] Average computation time:
   flamingo.inference.masked_ps.MaskedTSZTheory : 0.0165704 s (30222 evaluations, 500.791 s total)
[mcmc]  - Acceptance rate: 0.491
[mcmc]  - Convergence of means: R-1 = 0.037140 after 12224 accepted steps
[mcmc]  - Updated covariance matrix of proposal pdf.
[mcmc] Learn + convergence test @ 15320 samples accepted.
[likelihoodcollection] Average computation time:
   flamingo.inference.masked_ps.MaskedBandPowerLikelihood : 5.52993e-05 s (30300 evaluations, 1.67557 s total)
[theorycollection] Average computation time:
   flamingo.inference.masked_ps.MaskedTSZTheory : 0.0165706 s (30300 evaluations, 502.088 s total)
[mcmc]  - Acceptance rate: 0.491
[mcmc]  - Convergence of means: R-1 = 0.035867 after 12256 accepted steps
[mcmc]  - Updated covariance matrix of proposal pdf.
[mcmc] Learn + convergence test @ 15360 samples accepted.
[likelihoodcollection] Average computation time:
   flamingo.inference.masked_ps.MaskedBandPowerLikelihood : 5.52968e-05 s (30388 evaluations, 1.68036 s total)
[theorycollection] Average computation time:
   flamingo.inference.masked_ps.MaskedTSZTheory : 0.0165698 s (30388 evaluations, 503.522 s total)
[mcmc]  - Acceptance rate: 0.491
[mcmc]  - Convergence of means: R-1 = 0.035432 after 12288 accepted steps
[mcmc]  - Updated covariance matrix of proposal pdf.
[mcmc] Learn + convergence test @ 15400 samples accepted.
[likelihoodcollection] Average computation time:
   flamingo.inference.masked_ps.MaskedBandPowerLikelihood : 5.52872e-05 s (30474 evaluations, 1.68482 s total)
[theorycollection] Average computation time:
   flamingo.inference.masked_ps.MaskedTSZTheory : 0.0165698 s (30474 evaluations, 504.949 s total)
[mcmc]  - Acceptance rate: 0.491
[mcmc]  - Convergence of means: R-1 = 0.041376 after 12320 accepted steps
[mcmc]  - Updated covariance matrix of proposal pdf.
[mcmc] Learn + convergence test @ 15440 samples accepted.
[likelihoodcollection] Average computation time:
   flamingo.inference.masked_ps.MaskedBandPowerLikelihood : 5.52971e-05 s (30557 evaluations, 1.68972 s total)
[theorycollection] Average computation time:
   flamingo.inference.masked_ps.MaskedTSZTheory : 0.01657 s (30557 evaluations, 506.328 s total)
[mcmc]  - Acceptance rate: 0.491
[mcmc]  - Convergence of means: R-1 = 0.041662 after 12352 accepted steps
[mcmc]  - Updated covariance matrix of proposal pdf.
[mcmc] Learn + convergence test @ 15480 samples accepted.
[likelihoodcollection] Average computation time:
   flamingo.inference.masked_ps.MaskedBandPowerLikelihood : 5.52993e-05 s (30631 evaluations, 1.69387 s total)
[theorycollection] Average computation time:
   flamingo.inference.masked_ps.MaskedTSZTheory : 0.0165702 s (30631 evaluations, 507.561 s total)
[mcmc]  - Acceptance rate: 0.491
[mcmc]  - Convergence of means: R-1 = 0.042643 after 12384 accepted steps
[mcmc]  - Updated covariance matrix of proposal pdf.
[mcmc] Learn + convergence test @ 15520 samples accepted.
[likelihoodcollection] Average computation time:
   flamingo.inference.masked_ps.MaskedBandPowerLikelihood : 5.53049e-05 s (30719 evaluations, 1.69891 s total)
[theorycollection] Average computation time:
   flamingo.inference.masked_ps.MaskedTSZTheory : 0.0165706 s (30719 evaluations, 509.032 s total)
[mcmc]  - Acceptance rate: 0.491
[mcmc]  - Convergence of means: R-1 = 0.040308 after 12416 accepted steps
[mcmc]  - Updated covariance matrix of proposal pdf.
[mcmc] Learn + convergence test @ 15560 samples accepted.
[likelihoodcollection] Average computation time:
   flamingo.inference.masked_ps.MaskedBandPowerLikelihood : 5.53085e-05 s (30801 evaluations, 1.70356 s total)
[theorycollection] Average computation time:
   flamingo.inference.masked_ps.MaskedTSZTheory : 0.0165715 s (30801 evaluations, 510.418 s total)
[mcmc]  - Acceptance rate: 0.491
[mcmc]  - Convergence of means: R-1 = 0.038993 after 12448 accepted steps
[mcmc]  - Updated covariance matrix of proposal pdf.
[mcmc] Learn + convergence test @ 15600 samples accepted.
[likelihoodcollection] Average computation time:
   flamingo.inference.masked_ps.MaskedBandPowerLikelihood : 5.53048e-05 s (30896 evaluations, 1.7087 s total)
[theorycollection] Average computation time:
   flamingo.inference.masked_ps.MaskedTSZTheory : 0.0165709 s (30896 evaluations, 511.976 s total)
[mcmc]  - Acceptance rate: 0.490
[mcmc]  - Convergence of means: R-1 = 0.036702 after 12480 accepted steps
[mcmc]  - Updated covariance matrix of proposal pdf.
[mcmc] Learn + convergence test @ 15640 samples accepted.
[likelihoodcollection] Average computation time:
   flamingo.inference.masked_ps.MaskedBandPowerLikelihood : 5.52942e-05 s (30974 evaluations, 1.71268 s total)
[theorycollection] Average computation time:
   flamingo.inference.masked_ps.MaskedTSZTheory : 0.0165701 s (30974 evaluations, 513.242 s total)
[mcmc]  - Acceptance rate: 0.490
[mcmc]  - Convergence of means: R-1 = 0.035287 after 12512 accepted steps
[mcmc]  - Updated covariance matrix of proposal pdf.
[mcmc] Learn + convergence test @ 15680 samples accepted.
[likelihoodcollection] Average computation time:
   flamingo.inference.masked_ps.MaskedBandPowerLikelihood : 5.5299e-05 s (31070 evaluations, 1.71814 s total)
[theorycollection] Average computation time:
   flamingo.inference.masked_ps.MaskedTSZTheory : 0.0165703 s (31070 evaluations, 514.841 s total)
[mcmc]  - Acceptance rate: 0.490
[mcmc]  - Convergence of means: R-1 = 0.038045 after 12544 accepted steps
[mcmc]  - Updated covariance matrix of proposal pdf.
[mcmc] Learn + convergence test @ 15720 samples accepted.
[likelihoodcollection] Average computation time:
   flamingo.inference.masked_ps.MaskedBandPowerLikelihood : 5.53136e-05 s (31155 evaluations, 1.72329 s total)
[theorycollection] Average computation time:
   flamingo.inference.masked_ps.MaskedTSZTheory : 0.0165708 s (31155 evaluations, 516.264 s total)
[mcmc]  - Acceptance rate: 0.490
[mcmc]  - Convergence of means: R-1 = 0.036278 after 12576 accepted steps
[mcmc]  - Updated covariance matrix of proposal pdf.
[mcmc] Learn + convergence test @ 15760 samples accepted.
[likelihoodcollection] Average computation time:
   flamingo.inference.masked_ps.MaskedBandPowerLikelihood : 5.53197e-05 s (31239 evaluations, 1.72813 s total)
[theorycollection] Average computation time:
   flamingo.inference.masked_ps.MaskedTSZTheory : 0.016571 s (31239 evaluations, 517.663 s total)
[mcmc]  - Acceptance rate: 0.490
[mcmc]  - Convergence of means: R-1 = 0.032068 after 12608 accepted steps
[mcmc]  - Updated covariance matrix of proposal pdf.
[mcmc] Learn + convergence test @ 15800 samples accepted.
[likelihoodcollection] Average computation time:
   flamingo.inference.masked_ps.MaskedBandPowerLikelihood : 5.53167e-05 s (31322 evaluations, 1.73263 s total)
[theorycollection] Average computation time:
   flamingo.inference.masked_ps.MaskedTSZTheory : 0.0165708 s (31322 evaluations, 519.031 s total)
[mcmc]  - Acceptance rate: 0.490
[mcmc]  - Convergence of means: R-1 = 0.029262 after 12640 accepted steps
[mcmc]  - Updated covariance matrix of proposal pdf.
[mcmc] Learn + convergence test @ 15840 samples accepted.
[likelihoodcollection] Average computation time:
   flamingo.inference.masked_ps.MaskedBandPowerLikelihood : 5.53188e-05 s (31408 evaluations, 1.73745 s total)
[theorycollection] Average computation time:
   flamingo.inference.masked_ps.MaskedTSZTheory : 0.0165713 s (31408 evaluations, 520.471 s total)
[mcmc]  - Acceptance rate: 0.490
[mcmc]  - Convergence of means: R-1 = 0.026226 after 12672 accepted steps
[mcmc]  - Updated covariance matrix of proposal pdf.
[mcmc] Learn + convergence test @ 15880 samples accepted.
[likelihoodcollection] Average computation time:
   flamingo.inference.masked_ps.MaskedBandPowerLikelihood : 5.53109e-05 s (31487 evaluations, 1.74157 s total)
[theorycollection] Average computation time:
   flamingo.inference.masked_ps.MaskedTSZTheory : 0.0165715 s (31487 evaluations, 521.788 s total)
[mcmc]  - Acceptance rate: 0.490
[mcmc]  - Convergence of means: R-1 = 0.023969 after 12704 accepted steps
[mcmc]  - Updated covariance matrix of proposal pdf.
[mcmc] Learn + convergence test @ 15920 samples accepted.
[likelihoodcollection] Average computation time:
   flamingo.inference.masked_ps.MaskedBandPowerLikelihood : 5.53066e-05 s (31578 evaluations, 1.74647 s total)
[theorycollection] Average computation time:
   flamingo.inference.masked_ps.MaskedTSZTheory : 0.0165704 s (31578 evaluations, 523.261 s total)
[mcmc]  - Acceptance rate: 0.490
[mcmc]  - Convergence of means: R-1 = 0.021507 after 12736 accepted steps
[mcmc]  - Updated covariance matrix of proposal pdf.
[mcmc] Learn + convergence test @ 15960 samples accepted.
[likelihoodcollection] Average computation time:
   flamingo.inference.masked_ps.MaskedBandPowerLikelihood : 5.52963e-05 s (31653 evaluations, 1.75029 s total)
[theorycollection] Average computation time:
   flamingo.inference.masked_ps.MaskedTSZTheory : 0.01657 s (31653 evaluations, 524.49 s total)
[mcmc]  - Acceptance rate: 0.490
[mcmc]  - Convergence of means: R-1 = 0.020760 after 12768 accepted steps
[mcmc]  - Updated covariance matrix of proposal pdf.
[mcmc] Learn + convergence test @ 16000 samples accepted.
[likelihoodcollection] Average computation time:
   flamingo.inference.masked_ps.MaskedBandPowerLikelihood : 5.52928e-05 s (31752 evaluations, 1.75566 s total)
[theorycollection] Average computation time:
   flamingo.inference.masked_ps.MaskedTSZTheory : 0.0165696 s (31752 evaluations, 526.118 s total)
[mcmc]  - Acceptance rate: 0.489
[mcmc]  - Convergence of means: R-1 = 0.019746 after 12800 accepted steps
[mcmc]  - Updated covariance matrix of proposal pdf.
[mcmc] Learn + convergence test @ 16040 samples accepted.
[likelihoodcollection] Average computation time:
   flamingo.inference.masked_ps.MaskedBandPowerLikelihood : 5.52883e-05 s (31829 evaluations, 1.75977 s total)
[theorycollection] Average computation time:
   flamingo.inference.masked_ps.MaskedTSZTheory : 0.0165697 s (31829 evaluations, 527.397 s total)
[mcmc]  - Acceptance rate: 0.490
[mcmc]  - Convergence of means: R-1 = 0.017773 after 12832 accepted steps
[mcmc]  - Updated covariance matrix of proposal pdf.
[mcmc] Progress @ 2026-08-03 01:00:53 : 32093 steps taken, and 16061 accepted.
[mcmc] Learn + convergence test @ 16080 samples accepted.
[likelihoodcollection] Average computation time:
   flamingo.inference.masked_ps.MaskedBandPowerLikelihood : 5.52807e-05 s (31899 evaluations, 1.7634 s total)
[theorycollection] Average computation time:
   flamingo.inference.masked_ps.MaskedTSZTheory : 0.016569 s (31899 evaluations, 528.534 s total)
[mcmc]  - Acceptance rate: 0.490
[mcmc]  - Convergence of means: R-1 = 0.016681 after 12864 accepted steps
[mcmc]  - Updated covariance matrix of proposal pdf.
[mcmc] Learn + convergence test @ 16120 samples accepted.
[likelihoodcollection] Average computation time:
   flamingo.inference.masked_ps.MaskedBandPowerLikelihood : 5.52819e-05 s (31988 evaluations, 1.76836 s total)
[theorycollection] Average computation time:
   flamingo.inference.masked_ps.MaskedTSZTheory : 0.0165687 s (31988 evaluations, 530 s total)
[mcmc]  - Acceptance rate: 0.490
[mcmc]  - Convergence of means: R-1 = 0.017802 after 12896 accepted steps
[mcmc]  - Updated covariance matrix of proposal pdf.
[mcmc] Learn + convergence test @ 16160 samples accepted.
[likelihoodcollection] Average computation time:
   flamingo.inference.masked_ps.MaskedBandPowerLikelihood : 5.52772e-05 s (32085 evaluations, 1.77357 s total)
[theorycollection] Average computation time:
   flamingo.inference.masked_ps.MaskedTSZTheory : 0.0165683 s (32085 evaluations, 531.592 s total)
[mcmc]  - Acceptance rate: 0.489
[mcmc]  - Convergence of means: R-1 = 0.017886 after 12928 accepted steps
[mcmc]  - Updated covariance matrix of proposal pdf.
[mcmc] Learn + convergence test @ 16200 samples accepted.
[likelihoodcollection] Average computation time:
   flamingo.inference.masked_ps.MaskedBandPowerLikelihood : 5.52782e-05 s (32158 evaluations, 1.77764 s total)
[theorycollection] Average computation time:
   flamingo.inference.masked_ps.MaskedTSZTheory : 0.0165688 s (32158 evaluations, 532.819 s total)
[mcmc]  - Acceptance rate: 0.489
[mcmc]  - Convergence of means: R-1 = 0.018596 after 12960 accepted steps
[mcmc]  - Updated covariance matrix of proposal pdf.
[mcmc] Learn + convergence test @ 16240 samples accepted.
[likelihoodcollection] Average computation time:
   flamingo.inference.masked_ps.MaskedBandPowerLikelihood : 5.52742e-05 s (32239 evaluations, 1.78198 s total)
[theorycollection] Average computation time:
   flamingo.inference.masked_ps.MaskedTSZTheory : 0.0165678 s (32239 evaluations, 534.129 s total)
[mcmc]  - Acceptance rate: 0.489
[mcmc]  - Convergence of means: R-1 = 0.017863 after 12992 accepted steps
[mcmc]  - Updated covariance matrix of proposal pdf.
[mcmc] Learn + convergence test @ 16280 samples accepted.
[likelihoodcollection] Average computation time:
   flamingo.inference.masked_ps.MaskedBandPowerLikelihood : 5.52644e-05 s (32320 evaluations, 1.78615 s total)
[theorycollection] Average computation time:
   flamingo.inference.masked_ps.MaskedTSZTheory : 0.016567 s (32320 evaluations, 535.445 s total)
[mcmc]  - Acceptance rate: 0.489
[mcmc]  - Convergence of means: R-1 = 0.016680 after 13024 accepted steps
[mcmc]  - Updated covariance matrix of proposal pdf.
[mcmc] Learn + convergence test @ 16320 samples accepted.
[likelihoodcollection] Average computation time:
   flamingo.inference.masked_ps.MaskedBandPowerLikelihood : 5.52644e-05 s (32409 evaluations, 1.79106 s total)
[theorycollection] Average computation time:
   flamingo.inference.masked_ps.MaskedTSZTheory : 0.0165677 s (32409 evaluations, 536.942 s total)
[mcmc]  - Acceptance rate: 0.489
[mcmc]  - Convergence of means: R-1 = 0.017068 after 13056 accepted steps
[mcmc]  - Updated covariance matrix of proposal pdf.
[mcmc] Learn + convergence test @ 16360 samples accepted.
[likelihoodcollection] Average computation time:
   flamingo.inference.masked_ps.MaskedBandPowerLikelihood : 5.52619e-05 s (32490 evaluations, 1.79546 s total)
[theorycollection] Average computation time:
   flamingo.inference.masked_ps.MaskedTSZTheory : 0.0165677 s (32490 evaluations, 538.284 s total)
[mcmc]  - Acceptance rate: 0.489
[mcmc]  - Convergence of means: R-1 = 0.018346 after 13088 accepted steps
[mcmc]  - Updated covariance matrix of proposal pdf.
[mcmc] Learn + convergence test @ 16400 samples accepted.
[likelihoodcollection] Average computation time:
   flamingo.inference.masked_ps.MaskedBandPowerLikelihood : 5.52662e-05 s (32568 evaluations, 1.79991 s total)
[theorycollection] Average computation time:
   flamingo.inference.masked_ps.MaskedTSZTheory : 0.016568 s (32568 evaluations, 539.585 s total)
[mcmc]  - Acceptance rate: 0.489
[mcmc]  - Convergence of means: R-1 = 0.019840 after 13120 accepted steps
[mcmc]  - Updated covariance matrix of proposal pdf.
[mcmc] Learn + convergence test @ 16440 samples accepted.
[likelihoodcollection] Average computation time:
   flamingo.inference.masked_ps.MaskedBandPowerLikelihood : 5.52634e-05 s (32640 evaluations, 1.8038 s total)
[theorycollection] Average computation time:
   flamingo.inference.masked_ps.MaskedTSZTheory : 0.0165677 s (32640 evaluations, 540.77 s total)
[mcmc]  - Acceptance rate: 0.489
[mcmc]  - Convergence of means: R-1 = 0.020551 after 13152 accepted steps
[mcmc]  - Updated covariance matrix of proposal pdf.
[mcmc] Learn + convergence test @ 16480 samples accepted.
[likelihoodcollection] Average computation time:
   flamingo.inference.masked_ps.MaskedBandPowerLikelihood : 5.52555e-05 s (32711 evaluations, 1.80746 s total)
[theorycollection] Average computation time:
   flamingo.inference.masked_ps.MaskedTSZTheory : 0.0165679 s (32711 evaluations, 541.954 s total)
[mcmc]  - Acceptance rate: 0.489
[mcmc]  - Convergence of means: R-1 = 0.020962 after 13184 accepted steps
[mcmc]  - Updated covariance matrix of proposal pdf.
[mcmc] Learn + convergence test @ 16520 samples accepted.
[likelihoodcollection] Average computation time:
   flamingo.inference.masked_ps.MaskedBandPowerLikelihood : 5.52486e-05 s (32803 evaluations, 1.81232 s total)
[theorycollection] Average computation time:
   flamingo.inference.masked_ps.MaskedTSZTheory : 0.0165673 s (32803 evaluations, 543.456 s total)
[mcmc]  - Acceptance rate: 0.489
[mcmc]  - Convergence of means: R-1 = 0.020693 after 13216 accepted steps
[mcmc]  - Updated covariance matrix of proposal pdf.
[mcmc] Learn + convergence test @ 16560 samples accepted.
[likelihoodcollection] Average computation time:
   flamingo.inference.masked_ps.MaskedBandPowerLikelihood : 5.52424e-05 s (32885 evaluations, 1.81665 s total)
[theorycollection] Average computation time:
   flamingo.inference.masked_ps.MaskedTSZTheory : 0.0165673 s (32885 evaluations, 544.817 s total)
[mcmc]  - Acceptance rate: 0.489
[mcmc]  - Convergence of means: R-1 = 0.021443 after 13248 accepted steps
[mcmc]  - Updated covariance matrix of proposal pdf.
[mcmc] Learn + convergence test @ 16600 samples accepted.
[likelihoodcollection] Average computation time:
   flamingo.inference.masked_ps.MaskedBandPowerLikelihood : 5.52422e-05 s (32978 evaluations, 1.82178 s total)
[theorycollection] Average computation time:
   flamingo.inference.masked_ps.MaskedTSZTheory : 0.0165673 s (32978 evaluations, 546.356 s total)
[mcmc]  - Acceptance rate: 0.489
[mcmc]  - Convergence of means: R-1 = 0.021678 after 13280 accepted steps
[mcmc]  - Updated covariance matrix of proposal pdf.
[mcmc] Learn + convergence test @ 16640 samples accepted.
[likelihoodcollection] Average computation time:
   flamingo.inference.masked_ps.MaskedBandPowerLikelihood : 5.52311e-05 s (33070 evaluations, 1.82649 s total)
[theorycollection] Average computation time:
   flamingo.inference.masked_ps.MaskedTSZTheory : 0.0165678 s (33070 evaluations, 547.897 s total)
[mcmc]  - Acceptance rate: 0.488
[mcmc]  - Convergence of means: R-1 = 0.021814 after 13312 accepted steps
[mcmc]  - Updated covariance matrix of proposal pdf.
[mcmc] Learn + convergence test @ 16680 samples accepted.
[likelihoodcollection] Average computation time:
   flamingo.inference.masked_ps.MaskedBandPowerLikelihood : 5.52374e-05 s (33162 evaluations, 1.83178 s total)
[theorycollection] Average computation time:
   flamingo.inference.masked_ps.MaskedTSZTheory : 0.0165686 s (33162 evaluations, 549.446 s total)
[mcmc]  - Acceptance rate: 0.488
[mcmc]  - Convergence of means: R-1 = 0.021672 after 13344 accepted steps
[mcmc]  - Updated covariance matrix of proposal pdf.
[mcmc] Learn + convergence test @ 16720 samples accepted.
[likelihoodcollection] Average computation time:
   flamingo.inference.masked_ps.MaskedBandPowerLikelihood : 5.52381e-05 s (33252 evaluations, 1.83678 s total)
[theorycollection] Average computation time:
   flamingo.inference.masked_ps.MaskedTSZTheory : 0.016569 s (33252 evaluations, 550.952 s total)
[mcmc]  - Acceptance rate: 0.488
[mcmc]  - Convergence of means: R-1 = 0.021520 after 13376 accepted steps
[mcmc]  - Updated covariance matrix of proposal pdf.
[mcmc] Learn + convergence test @ 16760 samples accepted.
[likelihoodcollection] Average computation time:
   flamingo.inference.masked_ps.MaskedBandPowerLikelihood : 5.52534e-05 s (33324 evaluations, 1.84126 s total)
[theorycollection] Average computation time:
   flamingo.inference.masked_ps.MaskedTSZTheory : 0.016569 s (33324 evaluations, 552.145 s total)
[mcmc]  - Acceptance rate: 0.488
[mcmc]  - Convergence of means: R-1 = 0.021877 after 13408 accepted steps
[mcmc]  - Updated covariance matrix of proposal pdf.
[mcmc] Learn + convergence test @ 16800 samples accepted.
[likelihoodcollection] Average computation time:
   flamingo.inference.masked_ps.MaskedBandPowerLikelihood : 5.52541e-05 s (33405 evaluations, 1.84576 s total)
[theorycollection] Average computation time:
   flamingo.inference.masked_ps.MaskedTSZTheory : 0.0165691 s (33405 evaluations, 553.491 s total)
[mcmc]  - Acceptance rate: 0.488
[mcmc]  - Convergence of means: R-1 = 0.023286 after 13440 accepted steps
[mcmc]  - Updated covariance matrix of proposal pdf.
[mcmc] Learn + convergence test @ 16840 samples accepted.
[likelihoodcollection] Average computation time:
   flamingo.inference.masked_ps.MaskedBandPowerLikelihood : 5.52509e-05 s (33486 evaluations, 1.85013 s total)
[theorycollection] Average computation time:
   flamingo.inference.masked_ps.MaskedTSZTheory : 0.0165689 s (33486 evaluations, 554.825 s total)
[mcmc]  - Acceptance rate: 0.488
[mcmc]  - Convergence of means: R-1 = 0.021347 after 13472 accepted steps
[mcmc]  - Updated covariance matrix of proposal pdf.
[mcmc] Learn + convergence test @ 16880 samples accepted.
[likelihoodcollection] Average computation time:
   flamingo.inference.masked_ps.MaskedBandPowerLikelihood : 5.52442e-05 s (33560 evaluations, 1.854 s total)
[theorycollection] Average computation time:
   flamingo.inference.masked_ps.MaskedTSZTheory : 0.016569 s (33560 evaluations, 556.055 s total)
[mcmc]  - Acceptance rate: 0.488
[mcmc]  - Convergence of means: R-1 = 0.018558 after 13504 accepted steps
[mcmc]  - Updated covariance matrix of proposal pdf.
[mcmc] Learn + convergence test @ 16920 samples accepted.
[likelihoodcollection] Average computation time:
   flamingo.inference.masked_ps.MaskedBandPowerLikelihood : 5.52659e-05 s (33659 evaluations, 1.8602 s total)
[theorycollection] Average computation time:
   flamingo.inference.masked_ps.MaskedTSZTheory : 0.01657 s (33659 evaluations, 557.73 s total)
[mcmc]  - Acceptance rate: 0.488
[mcmc]  - Convergence of means: R-1 = 0.015067 after 13536 accepted steps
[mcmc]  - Updated covariance matrix of proposal pdf.
[mcmc] Learn + convergence test @ 16960 samples accepted.
[likelihoodcollection] Average computation time:
   flamingo.inference.masked_ps.MaskedBandPowerLikelihood : 5.52667e-05 s (33749 evaluations, 1.86519 s total)
[theorycollection] Average computation time:
   flamingo.inference.masked_ps.MaskedTSZTheory : 0.0165701 s (33749 evaluations, 559.225 s total)
[mcmc]  - Acceptance rate: 0.488
[mcmc]  - Convergence of means: R-1 = 0.013154 after 13568 accepted steps
[mcmc]  - Updated covariance matrix of proposal pdf.
[mcmc] Learn + convergence test @ 17000 samples accepted.
[likelihoodcollection] Average computation time:
   flamingo.inference.masked_ps.MaskedBandPowerLikelihood : 5.52588e-05 s (33832 evaluations, 1.86952 s total)
[theorycollection] Average computation time:
   flamingo.inference.masked_ps.MaskedTSZTheory : 0.0165696 s (33832 evaluations, 560.584 s total)
[mcmc]  - Acceptance rate: 0.488
[mcmc]  - Convergence of means: R-1 = 0.013872 after 13600 accepted steps
[mcmc]  - Updated covariance matrix of proposal pdf.
[mcmc] Learn + convergence test @ 17040 samples accepted.
[likelihoodcollection] Average computation time:
   flamingo.inference.masked_ps.MaskedBandPowerLikelihood : 5.52635e-05 s (33917 evaluations, 1.87437 s total)
[theorycollection] Average computation time:
   flamingo.inference.masked_ps.MaskedTSZTheory : 0.0165694 s (33917 evaluations, 561.984 s total)
[mcmc]  - Acceptance rate: 0.488
[mcmc]  - Convergence of means: R-1 = 0.016840 after 13632 accepted steps
[mcmc]  - Updated covariance matrix of proposal pdf.
[mcmc] Learn + convergence test @ 17080 samples accepted.
[likelihoodcollection] Average computation time:
   flamingo.inference.masked_ps.MaskedBandPowerLikelihood : 5.52615e-05 s (33989 evaluations, 1.87828 s total)
[theorycollection] Average computation time:
   flamingo.inference.masked_ps.MaskedTSZTheory : 0.016569 s (33989 evaluations, 563.162 s total)
[mcmc]  - Acceptance rate: 0.488
[mcmc]  - Convergence of means: R-1 = 0.018899 after 13664 accepted steps
[mcmc]  - Updated covariance matrix of proposal pdf.
[mcmc] Learn + convergence test @ 17120 samples accepted.
[likelihoodcollection] Average computation time:
   flamingo.inference.masked_ps.MaskedBandPowerLikelihood : 5.52704e-05 s (34074 evaluations, 1.88328 s total)
[theorycollection] Average computation time:
   flamingo.inference.masked_ps.MaskedTSZTheory : 0.0165688 s (34074 evaluations, 564.566 s total)
[mcmc]  - Acceptance rate: 0.488
[mcmc]  - Convergence of means: R-1 = 0.021760 after 13696 accepted steps
[mcmc]  - Updated covariance matrix of proposal pdf.
[mcmc] Learn + convergence test @ 17160 samples accepted.
[likelihoodcollection] Average computation time:
   flamingo.inference.masked_ps.MaskedBandPowerLikelihood : 5.52641e-05 s (34141 evaluations, 1.88677 s total)
[theorycollection] Average computation time:
   flamingo.inference.masked_ps.MaskedTSZTheory : 0.0165688 s (34141 evaluations, 565.675 s total)
[mcmc]  - Acceptance rate: 0.488
[mcmc]  - Convergence of means: R-1 = 0.022533 after 13728 accepted steps
[mcmc]  - Updated covariance matrix of proposal pdf.
[mcmc] Learn + convergence test @ 17200 samples accepted.
[likelihoodcollection] Average computation time:
   flamingo.inference.masked_ps.MaskedBandPowerLikelihood : 5.52601e-05 s (34228 evaluations, 1.89144 s total)
[theorycollection] Average computation time:
   flamingo.inference.masked_ps.MaskedTSZTheory : 0.0165677 s (34228 evaluations, 567.078 s total)
[mcmc]  - Acceptance rate: 0.488
[mcmc]  - Convergence of means: R-1 = 0.023960 after 13760 accepted steps
[mcmc]  - Updated covariance matrix of proposal pdf.
[mcmc] Learn + convergence test @ 17240 samples accepted.
[likelihoodcollection] Average computation time:
   flamingo.inference.masked_ps.MaskedBandPowerLikelihood : 5.52615e-05 s (34309 evaluations, 1.89597 s total)
[theorycollection] Average computation time:
   flamingo.inference.masked_ps.MaskedTSZTheory : 0.0165683 s (34309 evaluations, 568.443 s total)
[mcmc]  - Acceptance rate: 0.488
[mcmc]  - Convergence of means: R-1 = 0.024470 after 13792 accepted steps
[mcmc]  - Updated covariance matrix of proposal pdf.
[mcmc] Learn + convergence test @ 17280 samples accepted.
[likelihoodcollection] Average computation time:
   flamingo.inference.masked_ps.MaskedBandPowerLikelihood : 5.52675e-05 s (34391 evaluations, 1.9007 s total)
[theorycollection] Average computation time:
   flamingo.inference.masked_ps.MaskedTSZTheory : 0.0165689 s (34391 evaluations, 569.82 s total)
[mcmc]  - Acceptance rate: 0.488
[mcmc]  - Convergence of means: R-1 = 0.022318 after 13824 accepted steps
[mcmc]  - Updated covariance matrix of proposal pdf.
[mcmc] Learn + convergence test @ 17320 samples accepted.
[likelihoodcollection] Average computation time:
   flamingo.inference.masked_ps.MaskedBandPowerLikelihood : 5.52681e-05 s (34460 evaluations, 1.90454 s total)
[theorycollection] Average computation time:
   flamingo.inference.masked_ps.MaskedTSZTheory : 0.0165688 s (34460 evaluations, 570.96 s total)
[mcmc]  - Acceptance rate: 0.488
[mcmc]  - Convergence of means: R-1 = 0.024618 after 13856 accepted steps
[mcmc]  - Updated covariance matrix of proposal pdf.
[mcmc] Learn + convergence test @ 17360 samples accepted.
[likelihoodcollection] Average computation time:
   flamingo.inference.masked_ps.MaskedBandPowerLikelihood : 5.52686e-05 s (34545 evaluations, 1.90925 s total)
[theorycollection] Average computation time:
   flamingo.inference.masked_ps.MaskedTSZTheory : 0.0165687 s (34545 evaluations, 572.365 s total)
[mcmc]  - Acceptance rate: 0.488
[mcmc]  - Convergence of means: R-1 = 0.022860 after 13888 accepted steps
[mcmc]  - Updated covariance matrix of proposal pdf.
[mcmc] Learn + convergence test @ 17400 samples accepted.
[likelihoodcollection] Average computation time:
   flamingo.inference.masked_ps.MaskedBandPowerLikelihood : 5.52622e-05 s (34632 evaluations, 1.91384 s total)
[theorycollection] Average computation time:
   flamingo.inference.masked_ps.MaskedTSZTheory : 0.0165692 s (34632 evaluations, 573.824 s total)
[mcmc]  - Acceptance rate: 0.488
[mcmc]  - Convergence of means: R-1 = 0.020354 after 13920 accepted steps
[mcmc]  - Updated covariance matrix of proposal pdf.
[mcmc] Learn + convergence test @ 17440 samples accepted.
[likelihoodcollection] Average computation time:
   flamingo.inference.masked_ps.MaskedBandPowerLikelihood : 5.52582e-05 s (34724 evaluations, 1.91879 s total)
[theorycollection] Average computation time:
   flamingo.inference.masked_ps.MaskedTSZTheory : 0.0165681 s (34724 evaluations, 575.311 s total)
[mcmc]  - Acceptance rate: 0.488
[mcmc]  - Convergence of means: R-1 = 0.021191 after 13952 accepted steps
[mcmc]  - Updated covariance matrix of proposal pdf.
[mcmc] Learn + convergence test @ 17480 samples accepted.
[likelihoodcollection] Average computation time:
   flamingo.inference.masked_ps.MaskedBandPowerLikelihood : 5.52646e-05 s (34807 evaluations, 1.9236 s total)
[theorycollection] Average computation time:
   flamingo.inference.masked_ps.MaskedTSZTheory : 0.0165675 s (34807 evaluations, 576.665 s total)
[mcmc]  - Acceptance rate: 0.488
[mcmc]  - Convergence of means: R-1 = 0.020873 after 13984 accepted steps
[mcmc]  - Updated covariance matrix of proposal pdf.
[mcmc] Learn + convergence test @ 17520 samples accepted.
[likelihoodcollection] Average computation time:
   flamingo.inference.masked_ps.MaskedBandPowerLikelihood : 5.52571e-05 s (34871 evaluations, 1.92687 s total)
[theorycollection] Average computation time:
   flamingo.inference.masked_ps.MaskedTSZTheory : 0.0165665 s (34871 evaluations, 577.69 s total)
[mcmc]  - Acceptance rate: 0.488
[mcmc]  - Convergence of means: R-1 = 0.021516 after 14016 accepted steps
[mcmc]  - Updated covariance matrix of proposal pdf.
[mcmc] Learn + convergence test @ 17560 samples accepted.
[likelihoodcollection] Average computation time:
   flamingo.inference.masked_ps.MaskedBandPowerLikelihood : 5.52531e-05 s (34947 evaluations, 1.93093 s total)
[theorycollection] Average computation time:
   flamingo.inference.masked_ps.MaskedTSZTheory : 0.0165668 s (34947 evaluations, 578.96 s total)
[mcmc]  - Acceptance rate: 0.488
[mcmc]  - Convergence of means: R-1 = 0.022721 after 14048 accepted steps
[mcmc]  - Updated covariance matrix of proposal pdf.
[mcmc] Learn + convergence test @ 17600 samples accepted.
[likelihoodcollection] Average computation time:
   flamingo.inference.masked_ps.MaskedBandPowerLikelihood : 5.52627e-05 s (35016 evaluations, 1.93508 s total)
[theorycollection] Average computation time:
   flamingo.inference.masked_ps.MaskedTSZTheory : 0.0165673 s (35016 evaluations, 580.122 s total)
[mcmc]  - Acceptance rate: 0.488
[mcmc]  - Convergence of means: R-1 = 0.021751 after 14080 accepted steps
[mcmc]  - Updated covariance matrix of proposal pdf.
[mcmc] Learn + convergence test @ 17640 samples accepted.
[likelihoodcollection] Average computation time:
   flamingo.inference.masked_ps.MaskedBandPowerLikelihood : 5.52616e-05 s (35095 evaluations, 1.93941 s total)
[theorycollection] Average computation time:
   flamingo.inference.masked_ps.MaskedTSZTheory : 0.0165674 s (35095 evaluations, 581.433 s total)
[mcmc]  - Acceptance rate: 0.488
[mcmc]  - Convergence of means: R-1 = 0.021554 after 14112 accepted steps
[mcmc]  - Updated covariance matrix of proposal pdf.
[mcmc] Learn + convergence test @ 17680 samples accepted.
[likelihoodcollection] Average computation time:
   flamingo.inference.masked_ps.MaskedBandPowerLikelihood : 5.52563e-05 s (35169 evaluations, 1.94331 s total)
[theorycollection] Average computation time:
   flamingo.inference.masked_ps.MaskedTSZTheory : 0.0165666 s (35169 evaluations, 582.631 s total)
[mcmc]  - Acceptance rate: 0.488
[mcmc]  - Convergence of means: R-1 = 0.020784 after 14144 accepted steps
[mcmc]  - Updated covariance matrix of proposal pdf.
[mcmc] Learn + convergence test @ 17720 samples accepted.
[likelihoodcollection] Average computation time:
   flamingo.inference.masked_ps.MaskedBandPowerLikelihood : 5.52555e-05 s (35260 evaluations, 1.94831 s total)
[theorycollection] Average computation time:
   flamingo.inference.masked_ps.MaskedTSZTheory : 0.0165663 s (35260 evaluations, 584.126 s total)
[mcmc]  - Acceptance rate: 0.488
[mcmc]  - Convergence of means: R-1 = 0.020691 after 14176 accepted steps
[mcmc]  - Updated covariance matrix of proposal pdf.
[mcmc] Learn + convergence test @ 17760 samples accepted.
[likelihoodcollection] Average computation time:
   flamingo.inference.masked_ps.MaskedBandPowerLikelihood : 5.52479e-05 s (35341 evaluations, 1.95252 s total)
[theorycollection] Average computation time:
   flamingo.inference.masked_ps.MaskedTSZTheory : 0.0165664 s (35341 evaluations, 585.475 s total)
[mcmc]  - Acceptance rate: 0.488
[mcmc]  - Convergence of means: R-1 = 0.021186 after 14208 accepted steps
[mcmc]  - Updated covariance matrix of proposal pdf.
[mcmc] Progress @ 2026-08-03 01:01:53 : 35680 steps taken, and 17794 accepted.
[mcmc] Learn + convergence test @ 17800 samples accepted.
[likelihoodcollection] Average computation time:
   flamingo.inference.masked_ps.MaskedBandPowerLikelihood : 5.52534e-05 s (35429 evaluations, 1.95757 s total)
[theorycollection] Average computation time:
   flamingo.inference.masked_ps.MaskedTSZTheory : 0.0165675 s (35429 evaluations, 586.971 s total)
[mcmc]  - Acceptance rate: 0.488
[mcmc]  - Convergence of means: R-1 = 0.022140 after 14240 accepted steps
[mcmc]  - Updated covariance matrix of proposal pdf.
[mcmc] Learn + convergence test @ 17840 samples accepted.
[likelihoodcollection] Average computation time:
   flamingo.inference.masked_ps.MaskedBandPowerLikelihood : 5.52611e-05 s (35510 evaluations, 1.96232 s total)
[theorycollection] Average computation time:
   flamingo.inference.masked_ps.MaskedTSZTheory : 0.0165677 s (35510 evaluations, 588.32 s total)
[mcmc]  - Acceptance rate: 0.488
[mcmc]  - Convergence of means: R-1 = 0.024331 after 14272 accepted steps
[mcmc]  - Updated covariance matrix of proposal pdf.
[mcmc] Learn + convergence test @ 17880 samples accepted.
[likelihoodcollection] Average computation time:
   flamingo.inference.masked_ps.MaskedBandPowerLikelihood : 5.52653e-05 s (35577 evaluations, 1.96617 s total)
[theorycollection] Average computation time:
   flamingo.inference.masked_ps.MaskedTSZTheory : 0.0165682 s (35577 evaluations, 589.445 s total)
[mcmc]  - Acceptance rate: 0.488
[mcmc]  - Convergence of means: R-1 = 0.021583 after 14304 accepted steps
[mcmc]  - Updated covariance matrix of proposal pdf.
[mcmc] Learn + convergence test @ 17920 samples accepted.
[likelihoodcollection] Average computation time:
   flamingo.inference.masked_ps.MaskedBandPowerLikelihood : 5.52723e-05 s (35649 evaluations, 1.9704 s total)
[theorycollection] Average computation time:
   flamingo.inference.masked_ps.MaskedTSZTheory : 0.0165692 s (35649 evaluations, 590.676 s total)
[mcmc]  - Acceptance rate: 0.489
[mcmc]  - Convergence of means: R-1 = 0.019289 after 14336 accepted steps
[mcmc]  - Updated covariance matrix of proposal pdf.
[mcmc] Learn + convergence test @ 17960 samples accepted.
[likelihoodcollection] Average computation time:
   flamingo.inference.masked_ps.MaskedBandPowerLikelihood : 5.52751e-05 s (35740 evaluations, 1.97553 s total)
[theorycollection] Average computation time:
   flamingo.inference.masked_ps.MaskedTSZTheory : 0.0165688 s (35740 evaluations, 592.169 s total)
[mcmc]  - Acceptance rate: 0.489
[mcmc]  - Convergence of means: R-1 = 0.019448 after 14368 accepted steps
[mcmc]  - Updated covariance matrix of proposal pdf.
[mcmc] Learn + convergence test @ 18000 samples accepted.
[likelihoodcollection] Average computation time:
   flamingo.inference.masked_ps.MaskedBandPowerLikelihood : 5.52797e-05 s (35850 evaluations, 1.98178 s total)
[theorycollection] Average computation time:
   flamingo.inference.masked_ps.MaskedTSZTheory : 0.0165689 s (35850 evaluations, 593.994 s total)
[mcmc]  - Acceptance rate: 0.488
[mcmc]  - Convergence of means: R-1 = 0.020692 after 14400 accepted steps
[mcmc]  - Updated covariance matrix of proposal pdf.
[mcmc] Learn + convergence test @ 18040 samples accepted.
[likelihoodcollection] Average computation time:
   flamingo.inference.masked_ps.MaskedBandPowerLikelihood : 5.52849e-05 s (35927 evaluations, 1.98622 s total)
[theorycollection] Average computation time:
   flamingo.inference.masked_ps.MaskedTSZTheory : 0.0165692 s (35927 evaluations, 595.28 s total)
[mcmc]  - Acceptance rate: 0.488
[mcmc]  - Convergence of means: R-1 = 0.023269 after 14432 accepted steps
[mcmc]  - Updated covariance matrix of proposal pdf.
[mcmc] Learn + convergence test @ 18080 samples accepted.
[likelihoodcollection] Average computation time:
   flamingo.inference.masked_ps.MaskedBandPowerLikelihood : 5.52807e-05 s (36014 evaluations, 1.99088 s total)
[theorycollection] Average computation time:
   flamingo.inference.masked_ps.MaskedTSZTheory : 0.0165688 s (36014 evaluations, 596.708 s total)
[mcmc]  - Acceptance rate: 0.489
[mcmc]  - Convergence of means: R-1 = 0.020322 after 14464 accepted steps
[mcmc]  - Updated covariance matrix of proposal pdf.
[mcmc] Learn + convergence test @ 18120 samples accepted.
[likelihoodcollection] Average computation time:
   flamingo.inference.masked_ps.MaskedBandPowerLikelihood : 5.52798e-05 s (36091 evaluations, 1.9951 s total)
[theorycollection] Average computation time:
   flamingo.inference.masked_ps.MaskedTSZTheory : 0.01657 s (36091 evaluations, 598.028 s total)
[mcmc]  - Acceptance rate: 0.489
[mcmc]  - Convergence of means: R-1 = 0.018976 after 14496 accepted steps
[mcmc]  - Updated covariance matrix of proposal pdf.
[mcmc] Learn + convergence test @ 18160 samples accepted.
[likelihoodcollection] Average computation time:
   flamingo.inference.masked_ps.MaskedBandPowerLikelihood : 5.52775e-05 s (36164 evaluations, 1.99906 s total)
[theorycollection] Average computation time:
   flamingo.inference.masked_ps.MaskedTSZTheory : 0.0165705 s (36164 evaluations, 599.254 s total)
[mcmc]  - Acceptance rate: 0.489
[mcmc]  - Convergence of means: R-1 = 0.020659 after 14528 accepted steps
[mcmc]  - Updated covariance matrix of proposal pdf.
[mcmc] Learn + convergence test @ 18200 samples accepted.
[likelihoodcollection] Average computation time:
   flamingo.inference.masked_ps.MaskedBandPowerLikelihood : 5.52783e-05 s (36251 evaluations, 2.00389 s total)
[theorycollection] Average computation time:
   flamingo.inference.masked_ps.MaskedTSZTheory : 0.0165709 s (36251 evaluations, 600.712 s total)
[mcmc]  - Acceptance rate: 0.489
[mcmc]  - Convergence of means: R-1 = 0.022391 after 14560 accepted steps
[mcmc]  - Updated covariance matrix of proposal pdf.
[mcmc] Learn + convergence test @ 18240 samples accepted.
[likelihoodcollection] Average computation time:
   flamingo.inference.masked_ps.MaskedBandPowerLikelihood : 5.52905e-05 s (36329 evaluations, 2.00865 s total)
[theorycollection] Average computation time:
   flamingo.inference.masked_ps.MaskedTSZTheory : 0.0165713 s (36329 evaluations, 602.018 s total)
[mcmc]  - Acceptance rate: 0.489
[mcmc]  - Convergence of means: R-1 = 0.021386 after 14592 accepted steps
[mcmc]  - Updated covariance matrix of proposal pdf.
[mcmc] Learn + convergence test @ 18280 samples accepted.
[likelihoodcollection] Average computation time:
   flamingo.inference.masked_ps.MaskedBandPowerLikelihood : 5.52832e-05 s (36413 evaluations, 2.01303 s total)
[theorycollection] Average computation time:
   flamingo.inference.masked_ps.MaskedTSZTheory : 0.0165711 s (36413 evaluations, 603.405 s total)
[mcmc]  - Acceptance rate: 0.489
[mcmc]  - Convergence of means: R-1 = 0.022013 after 14624 accepted steps
[mcmc]  - Updated covariance matrix of proposal pdf.
[mcmc] Learn + convergence test @ 18320 samples accepted.
[likelihoodcollection] Average computation time:
   flamingo.inference.masked_ps.MaskedBandPowerLikelihood : 5.52788e-05 s (36489 evaluations, 2.01707 s total)
[theorycollection] Average computation time:
   flamingo.inference.masked_ps.MaskedTSZTheory : 0.0165716 s (36489 evaluations, 604.681 s total)
[mcmc]  - Acceptance rate: 0.489
[mcmc]  - Convergence of means: R-1 = 0.021819 after 14656 accepted steps
[mcmc]  - Updated covariance matrix of proposal pdf.
[mcmc] Learn + convergence test @ 18360 samples accepted.
[likelihoodcollection] Average computation time:
   flamingo.inference.masked_ps.MaskedBandPowerLikelihood : 5.52789e-05 s (36557 evaluations, 2.02083 s total)
[theorycollection] Average computation time:
   flamingo.inference.masked_ps.MaskedTSZTheory : 0.0165718 s (36557 evaluations, 605.814 s total)
[mcmc]  - Acceptance rate: 0.489
[mcmc]  - Convergence of means: R-1 = 0.023595 after 14688 accepted steps
[mcmc]  - Updated covariance matrix of proposal pdf.
[mcmc] Learn + convergence test @ 18400 samples accepted.
[likelihoodcollection] Average computation time:
   flamingo.inference.masked_ps.MaskedBandPowerLikelihood : 5.52921e-05 s (36646 evaluations, 2.02624 s total)
[theorycollection] Average computation time:
   flamingo.inference.masked_ps.MaskedTSZTheory : 0.0165722 s (36646 evaluations, 607.303 s total)
[mcmc]  - Acceptance rate: 0.489
[mcmc]  - Convergence of means: R-1 = 0.025526 after 14720 accepted steps
[mcmc]  - Updated covariance matrix of proposal pdf.
[mcmc] Learn + convergence test @ 18440 samples accepted.
[likelihoodcollection] Average computation time:
   flamingo.inference.masked_ps.MaskedBandPowerLikelihood : 5.52931e-05 s (36732 evaluations, 2.03103 s total)
[theorycollection] Average computation time:
   flamingo.inference.masked_ps.MaskedTSZTheory : 0.0165721 s (36732 evaluations, 608.728 s total)
[mcmc]  - Acceptance rate: 0.489
[mcmc]  - Convergence of means: R-1 = 0.028917 after 14752 accepted steps
[mcmc]  - Updated covariance matrix of proposal pdf.
[mcmc] Learn + convergence test @ 18480 samples accepted.
[likelihoodcollection] Average computation time:
   flamingo.inference.masked_ps.MaskedBandPowerLikelihood : 5.53014e-05 s (36793 evaluations, 2.0347 s total)
[theorycollection] Average computation time:
   flamingo.inference.masked_ps.MaskedTSZTheory : 0.0165723 s (36793 evaluations, 609.746 s total)
[mcmc]  - Acceptance rate: 0.489
[mcmc]  - Convergence of means: R-1 = 0.028076 after 14784 accepted steps
[mcmc]  - Updated covariance matrix of proposal pdf.
[mcmc] Learn + convergence test @ 18520 samples accepted.
[likelihoodcollection] Average computation time:
   flamingo.inference.masked_ps.MaskedBandPowerLikelihood : 5.53016e-05 s (36871 evaluations, 2.03903 s total)
[theorycollection] Average computation time:
   flamingo.inference.masked_ps.MaskedTSZTheory : 0.0165724 s (36871 evaluations, 611.041 s total)
[mcmc]  - Acceptance rate: 0.489
[mcmc]  - Convergence of means: R-1 = 0.027001 after 14816 accepted steps
[mcmc]  - Updated covariance matrix of proposal pdf.
[mcmc] Learn + convergence test @ 18560 samples accepted.
[likelihoodcollection] Average computation time:
   flamingo.inference.masked_ps.MaskedBandPowerLikelihood : 5.52979e-05 s (36967 evaluations, 2.0442 s total)
[theorycollection] Average computation time:
   flamingo.inference.masked_ps.MaskedTSZTheory : 0.0165726 s (36967 evaluations, 612.638 s total)
[mcmc]  - Acceptance rate: 0.489
[mcmc]  - Convergence of means: R-1 = 0.027700 after 14848 accepted steps
[mcmc]  - Updated covariance matrix of proposal pdf.
[mcmc] Learn + convergence test @ 18600 samples accepted.
[likelihoodcollection] Average computation time:
   flamingo.inference.masked_ps.MaskedBandPowerLikelihood : 5.53015e-05 s (37050 evaluations, 2.04892 s total)
[theorycollection] Average computation time:
   flamingo.inference.masked_ps.MaskedTSZTheory : 0.0165726 s (37050 evaluations, 614.014 s total)
[mcmc]  - Acceptance rate: 0.489
[mcmc]  - Convergence of means: R-1 = 0.027123 after 14880 accepted steps
[mcmc]  - Updated covariance matrix of proposal pdf.
[mcmc] Learn + convergence test @ 18640 samples accepted.
[likelihoodcollection] Average computation time:
   flamingo.inference.masked_ps.MaskedBandPowerLikelihood : 5.5293e-05 s (37129 evaluations, 2.05297 s total)
[theorycollection] Average computation time:
   flamingo.inference.masked_ps.MaskedTSZTheory : 0.016572 s (37129 evaluations, 615.3 s total)
[mcmc]  - Acceptance rate: 0.489
[mcmc]  - Convergence of means: R-1 = 0.027823 after 14912 accepted steps
[mcmc]  - Updated covariance matrix of proposal pdf.
[mcmc] Learn + convergence test @ 18680 samples accepted.
[likelihoodcollection] Average computation time:
   flamingo.inference.masked_ps.MaskedBandPowerLikelihood : 5.52934e-05 s (37216 evaluations, 2.0578 s total)
[theorycollection] Average computation time:
   flamingo.inference.masked_ps.MaskedTSZTheory : 0.0165728 s (37216 evaluations, 616.774 s total)
[mcmc]  - Acceptance rate: 0.489
[mcmc]  - Convergence of means: R-1 = 0.026571 after 14944 accepted steps
[mcmc]  - Updated covariance matrix of proposal pdf.
[mcmc] Learn + convergence test @ 18720 samples accepted.
[likelihoodcollection] Average computation time:
   flamingo.inference.masked_ps.MaskedBandPowerLikelihood : 5.5289e-05 s (37296 evaluations, 2.06206 s total)
[theorycollection] Average computation time:
   flamingo.inference.masked_ps.MaskedTSZTheory : 0.0165726 s (37296 evaluations, 618.092 s total)
[mcmc]  - Acceptance rate: 0.489
[mcmc]  - Convergence of means: R-1 = 0.026087 after 14976 accepted steps
[mcmc]  - Updated covariance matrix of proposal pdf.
[mcmc] Learn + convergence test @ 18760 samples accepted.
[likelihoodcollection] Average computation time:
   flamingo.inference.masked_ps.MaskedBandPowerLikelihood : 5.52898e-05 s (37386 evaluations, 2.06706 s total)
[theorycollection] Average computation time:
   flamingo.inference.masked_ps.MaskedTSZTheory : 0.0165729 s (37386 evaluations, 619.595 s total)
[mcmc]  - Acceptance rate: 0.489
[mcmc]  - Convergence of means: R-1 = 0.022383 after 15008 accepted steps
[mcmc]  - Updated covariance matrix of proposal pdf.
[mcmc] Learn + convergence test @ 18800 samples accepted.
[likelihoodcollection] Average computation time:
   flamingo.inference.masked_ps.MaskedBandPowerLikelihood : 5.52946e-05 s (37465 evaluations, 2.07161 s total)
[theorycollection] Average computation time:
   flamingo.inference.masked_ps.MaskedTSZTheory : 0.016574 s (37465 evaluations, 620.944 s total)
[mcmc]  - Acceptance rate: 0.489
[mcmc]  - Convergence of means: R-1 = 0.023134 after 15040 accepted steps
[mcmc]  - Updated covariance matrix of proposal pdf.
[mcmc] Learn + convergence test @ 18840 samples accepted.
[likelihoodcollection] Average computation time:
   flamingo.inference.masked_ps.MaskedBandPowerLikelihood : 5.52964e-05 s (37547 evaluations, 2.07621 s total)
[theorycollection] Average computation time:
   flamingo.inference.masked_ps.MaskedTSZTheory : 0.016574 s (37547 evaluations, 622.303 s total)
[mcmc]  - Acceptance rate: 0.489
[mcmc]  - Convergence of means: R-1 = 0.021231 after 15072 accepted steps
[mcmc]  - Updated covariance matrix of proposal pdf.
[mcmc] Learn + convergence test @ 18880 samples accepted.
[likelihoodcollection] Average computation time:
   flamingo.inference.masked_ps.MaskedBandPowerLikelihood : 5.53034e-05 s (37625 evaluations, 2.08079 s total)
[theorycollection] Average computation time:
   flamingo.inference.masked_ps.MaskedTSZTheory : 0.0165743 s (37625 evaluations, 623.608 s total)
[mcmc]  - Acceptance rate: 0.489
[mcmc]  - Convergence of means: R-1 = 0.019702 after 15104 accepted steps
[mcmc]  - Updated covariance matrix of proposal pdf.
[mcmc] Learn + convergence test @ 18920 samples accepted.
[likelihoodcollection] Average computation time:
   flamingo.inference.masked_ps.MaskedBandPowerLikelihood : 5.53007e-05 s (37703 evaluations, 2.085 s total)
[theorycollection] Average computation time:
   flamingo.inference.masked_ps.MaskedTSZTheory : 0.0165735 s (37703 evaluations, 624.869 s total)
[mcmc]  - Acceptance rate: 0.489
[mcmc]  - Convergence of means: R-1 = 0.020415 after 15136 accepted steps
[mcmc]  - Updated covariance matrix of proposal pdf.
[mcmc] Learn + convergence test @ 18960 samples accepted.
[likelihoodcollection] Average computation time:
   flamingo.inference.masked_ps.MaskedBandPowerLikelihood : 5.5299e-05 s (37795 evaluations, 2.09003 s total)
[theorycollection] Average computation time:
   flamingo.inference.masked_ps.MaskedTSZTheory : 0.016573 s (37795 evaluations, 626.378 s total)
[mcmc]  - Acceptance rate: 0.489
[mcmc]  - Convergence of means: R-1 = 0.021185 after 15168 accepted steps
[mcmc]  - Updated covariance matrix of proposal pdf.
[mcmc] Learn + convergence test @ 19000 samples accepted.
[likelihoodcollection] Average computation time:
   flamingo.inference.masked_ps.MaskedBandPowerLikelihood : 5.52937e-05 s (37878 evaluations, 2.09441 s total)
[theorycollection] Average computation time:
   flamingo.inference.masked_ps.MaskedTSZTheory : 0.0165725 s (37878 evaluations, 627.734 s total)
[mcmc]  - Acceptance rate: 0.489
[mcmc]  - Convergence of means: R-1 = 0.020474 after 15200 accepted steps
[mcmc]  - Updated covariance matrix of proposal pdf.
[mcmc] Learn + convergence test @ 19040 samples accepted.
[likelihoodcollection] Average computation time:
   flamingo.inference.masked_ps.MaskedBandPowerLikelihood : 5.52944e-05 s (37961 evaluations, 2.09903 s total)
[theorycollection] Average computation time:
   flamingo.inference.masked_ps.MaskedTSZTheory : 0.0165722 s (37961 evaluations, 629.098 s total)
[mcmc]  - Acceptance rate: 0.489
[mcmc]  - Convergence of means: R-1 = 0.020454 after 15232 accepted steps
[mcmc]  - Updated covariance matrix of proposal pdf.
[mcmc] Learn + convergence test @ 19080 samples accepted.
[likelihoodcollection] Average computation time:
   flamingo.inference.masked_ps.MaskedBandPowerLikelihood : 5.52965e-05 s (38031 evaluations, 2.10298 s total)
[theorycollection] Average computation time:
   flamingo.inference.masked_ps.MaskedTSZTheory : 0.016572 s (38031 evaluations, 630.249 s total)
[mcmc]  - Acceptance rate: 0.489
[mcmc]  - Convergence of means: R-1 = 0.022463 after 15264 accepted steps
[mcmc]  - Updated covariance matrix of proposal pdf.
[mcmc] Learn + convergence test @ 19120 samples accepted.
[likelihoodcollection] Average computation time:
   flamingo.inference.masked_ps.MaskedBandPowerLikelihood : 5.52967e-05 s (38107 evaluations, 2.10719 s total)
[theorycollection] Average computation time:
   flamingo.inference.masked_ps.MaskedTSZTheory : 0.0165719 s (38107 evaluations, 631.507 s total)
[mcmc]  - Acceptance rate: 0.489
[mcmc]  - Convergence of means: R-1 = 0.022991 after 15296 accepted steps
[mcmc]  - Updated covariance matrix of proposal pdf.
[mcmc] Learn + convergence test @ 19160 samples accepted.
[likelihoodcollection] Average computation time:
   flamingo.inference.masked_ps.MaskedBandPowerLikelihood : 5.52938e-05 s (38175 evaluations, 2.11084 s total)
[theorycollection] Average computation time:
   flamingo.inference.masked_ps.MaskedTSZTheory : 0.016572 s (38175 evaluations, 632.636 s total)
[mcmc]  - Acceptance rate: 0.490
[mcmc]  - Convergence of means: R-1 = 0.021949 after 15328 accepted steps
[mcmc]  - Updated covariance matrix of proposal pdf.
[mcmc] Learn + convergence test @ 19200 samples accepted.
[likelihoodcollection] Average computation time:
   flamingo.inference.masked_ps.MaskedBandPowerLikelihood : 5.52875e-05 s (38282 evaluations, 2.11652 s total)
[theorycollection] Average computation time:
   flamingo.inference.masked_ps.MaskedTSZTheory : 0.0165719 s (38282 evaluations, 634.404 s total)
[mcmc]  - Acceptance rate: 0.489
[mcmc]  - Convergence of means: R-1 = 0.022239 after 15360 accepted steps
[mcmc]  - Updated covariance matrix of proposal pdf.
[mcmc] Learn + convergence test @ 19240 samples accepted.
[likelihoodcollection] Average computation time:
   flamingo.inference.masked_ps.MaskedBandPowerLikelihood : 5.53076e-05 s (38372 evaluations, 2.12226 s total)
[theorycollection] Average computation time:
   flamingo.inference.masked_ps.MaskedTSZTheory : 0.0165718 s (38372 evaluations, 635.894 s total)
[mcmc]  - Acceptance rate: 0.489
[mcmc]  - Convergence of means: R-1 = 0.023846 after 15392 accepted steps
[mcmc]  - Updated covariance matrix of proposal pdf.
[mcmc] Learn + convergence test @ 19280 samples accepted.
[likelihoodcollection] Average computation time:
   flamingo.inference.masked_ps.MaskedBandPowerLikelihood : 5.53017e-05 s (38447 evaluations, 2.12619 s total)
[theorycollection] Average computation time:
   flamingo.inference.masked_ps.MaskedTSZTheory : 0.0165712 s (38447 evaluations, 637.112 s total)
[mcmc]  - Acceptance rate: 0.489
[mcmc]  - Convergence of means: R-1 = 0.025225 after 15424 accepted steps
[mcmc]  - Updated covariance matrix of proposal pdf.
[mcmc] Learn + convergence test @ 19320 samples accepted.
[likelihoodcollection] Average computation time:
   flamingo.inference.masked_ps.MaskedBandPowerLikelihood : 5.53015e-05 s (38537 evaluations, 2.13116 s total)
[theorycollection] Average computation time:
   flamingo.inference.masked_ps.MaskedTSZTheory : 0.0165707 s (38537 evaluations, 638.587 s total)
[mcmc]  - Acceptance rate: 0.489
[mcmc]  - Convergence of means: R-1 = 0.027275 after 15456 accepted steps
[mcmc]  - Updated covariance matrix of proposal pdf.
[mcmc] Learn + convergence test @ 19360 samples accepted.
[likelihoodcollection] Average computation time:
   flamingo.inference.masked_ps.MaskedBandPowerLikelihood : 5.52975e-05 s (38615 evaluations, 2.13531 s total)
[theorycollection] Average computation time:
   flamingo.inference.masked_ps.MaskedTSZTheory : 0.0165713 s (38615 evaluations, 639.9 s total)
[mcmc]  - Acceptance rate: 0.489
[mcmc]  - Convergence of means: R-1 = 0.026817 after 15488 accepted steps
[mcmc]  - Updated covariance matrix of proposal pdf.
[mcmc] Learn + convergence test @ 19400 samples accepted.
[likelihoodcollection] Average computation time:
   flamingo.inference.masked_ps.MaskedBandPowerLikelihood : 5.52909e-05 s (38677 evaluations, 2.13849 s total)
[theorycollection] Average computation time:
   flamingo.inference.masked_ps.MaskedTSZTheory : 0.0165714 s (38677 evaluations, 640.932 s total)
[mcmc]  - Acceptance rate: 0.489
[mcmc]  - Convergence of means: R-1 = 0.022612 after 15520 accepted steps
[mcmc]  - Updated covariance matrix of proposal pdf.
[mcmc] Learn + convergence test @ 19440 samples accepted.
[likelihoodcollection] Average computation time:
   flamingo.inference.masked_ps.MaskedBandPowerLikelihood : 5.52776e-05 s (38777 evaluations, 2.1435 s total)
[theorycollection] Average computation time:
   flamingo.inference.masked_ps.MaskedTSZTheory : 0.016571 s (38777 evaluations, 642.574 s total)
[mcmc]  - Acceptance rate: 0.489
[mcmc]  - Convergence of means: R-1 = 0.020598 after 15552 accepted steps
[mcmc]  - Updated covariance matrix of proposal pdf.
[mcmc] Learn + convergence test @ 19480 samples accepted.
[likelihoodcollection] Average computation time:
   flamingo.inference.masked_ps.MaskedBandPowerLikelihood : 5.52867e-05 s (38863 evaluations, 2.14861 s total)
[theorycollection] Average computation time:
   flamingo.inference.masked_ps.MaskedTSZTheory : 0.0165714 s (38863 evaluations, 644.014 s total)
[mcmc]  - Acceptance rate: 0.489
[mcmc]  - Convergence of means: R-1 = 0.019982 after 15584 accepted steps
[mcmc]  - Updated covariance matrix of proposal pdf.
[mcmc] Progress @ 2026-08-03 01:02:53 : 39219 steps taken, and 19514 accepted.
[mcmc] Learn + convergence test @ 19520 samples accepted.
[likelihoodcollection] Average computation time:
   flamingo.inference.masked_ps.MaskedBandPowerLikelihood : 5.52791e-05 s (38945 evaluations, 2.15285 s total)
[theorycollection] Average computation time:
   flamingo.inference.masked_ps.MaskedTSZTheory : 0.0165715 s (38945 evaluations, 645.378 s total)
[mcmc]  - Acceptance rate: 0.489
[mcmc]  - Convergence of means: R-1 = 0.020610 after 15616 accepted steps
[mcmc]  - Updated covariance matrix of proposal pdf.
[mcmc] Learn + convergence test @ 19560 samples accepted.
[likelihoodcollection] Average computation time:
   flamingo.inference.masked_ps.MaskedBandPowerLikelihood : 5.52724e-05 s (39030 evaluations, 2.15728 s total)
[theorycollection] Average computation time:
   flamingo.inference.masked_ps.MaskedTSZTheory : 0.0165711 s (39030 evaluations, 646.772 s total)
[mcmc]  - Acceptance rate: 0.489
[mcmc]  - Convergence of means: R-1 = 0.021261 after 15648 accepted steps
[mcmc]  - Updated covariance matrix of proposal pdf.
[mcmc] Learn + convergence test @ 19600 samples accepted.
[likelihoodcollection] Average computation time:
   flamingo.inference.masked_ps.MaskedBandPowerLikelihood : 5.52721e-05 s (39101 evaluations, 2.16119 s total)
[theorycollection] Average computation time:
   flamingo.inference.masked_ps.MaskedTSZTheory : 0.0165705 s (39101 evaluations, 647.921 s total)
[mcmc]  - Acceptance rate: 0.489
[mcmc]  - Convergence of means: R-1 = 0.022042 after 15680 accepted steps
[mcmc]  - Updated covariance matrix of proposal pdf.
[mcmc] Learn + convergence test @ 19640 samples accepted.
[likelihoodcollection] Average computation time:
   flamingo.inference.masked_ps.MaskedBandPowerLikelihood : 5.52829e-05 s (39183 evaluations, 2.16615 s total)
[theorycollection] Average computation time:
   flamingo.inference.masked_ps.MaskedTSZTheory : 0.016571 s (39183 evaluations, 649.302 s total)
[mcmc]  - Acceptance rate: 0.489
[mcmc]  - Convergence of means: R-1 = 0.020453 after 15712 accepted steps
[mcmc]  - Updated covariance matrix of proposal pdf.
[mcmc] Learn + convergence test @ 19680 samples accepted.
[likelihoodcollection] Average computation time:
   flamingo.inference.masked_ps.MaskedBandPowerLikelihood : 5.52857e-05 s (39270 evaluations, 2.17107 s total)
[theorycollection] Average computation time:
   flamingo.inference.masked_ps.MaskedTSZTheory : 0.016571 s (39270 evaluations, 650.744 s total)
[mcmc]  - Acceptance rate: 0.489
[mcmc]  - Convergence of means: R-1 = 0.020862 after 15744 accepted steps
[mcmc]  - Updated covariance matrix of proposal pdf.
[mcmc] Learn + convergence test @ 19720 samples accepted.
[likelihoodcollection] Average computation time:
   flamingo.inference.masked_ps.MaskedBandPowerLikelihood : 5.52861e-05 s (39338 evaluations, 2.17484 s total)
[theorycollection] Average computation time:
   flamingo.inference.masked_ps.MaskedTSZTheory : 0.0165715 s (39338 evaluations, 651.891 s total)
[mcmc]  - Acceptance rate: 0.489
[mcmc]  - Convergence of means: R-1 = 0.022516 after 15776 accepted steps
[mcmc]  - Updated covariance matrix of proposal pdf.
[mcmc] Learn + convergence test @ 19760 samples accepted.
[likelihoodcollection] Average computation time:
   flamingo.inference.masked_ps.MaskedBandPowerLikelihood : 5.52889e-05 s (39430 evaluations, 2.18004 s total)
[theorycollection] Average computation time:
   flamingo.inference.masked_ps.MaskedTSZTheory : 0.0165714 s (39430 evaluations, 653.408 s total)
[mcmc]  - Acceptance rate: 0.489
[mcmc]  - Convergence of means: R-1 = 0.022046 after 15808 accepted steps
[mcmc]  - Updated covariance matrix of proposal pdf.
[mcmc] Learn + convergence test @ 19800 samples accepted.
[likelihoodcollection] Average computation time:
   flamingo.inference.masked_ps.MaskedBandPowerLikelihood : 5.52892e-05 s (39501 evaluations, 2.18398 s total)
[theorycollection] Average computation time:
   flamingo.inference.masked_ps.MaskedTSZTheory : 0.0165709 s (39501 evaluations, 654.566 s total)
[mcmc]  - Acceptance rate: 0.489
[mcmc]  - Convergence of means: R-1 = 0.022490 after 15840 accepted steps
[mcmc]  - Updated covariance matrix of proposal pdf.
[mcmc] Learn + convergence test @ 19840 samples accepted.
[likelihoodcollection] Average computation time:
   flamingo.inference.masked_ps.MaskedBandPowerLikelihood : 5.52912e-05 s (39578 evaluations, 2.18832 s total)
[theorycollection] Average computation time:
   flamingo.inference.masked_ps.MaskedTSZTheory : 0.0165704 s (39578 evaluations, 655.824 s total)
[mcmc]  - Acceptance rate: 0.489
[mcmc]  - Convergence of means: R-1 = 0.026113 after 15872 accepted steps
[mcmc]  - Updated covariance matrix of proposal pdf.
[mcmc] Learn + convergence test @ 19880 samples accepted.
[likelihoodcollection] Average computation time:
   flamingo.inference.masked_ps.MaskedBandPowerLikelihood : 5.52808e-05 s (39658 evaluations, 2.19232 s total)
[theorycollection] Average computation time:
   flamingo.inference.masked_ps.MaskedTSZTheory : 0.0165699 s (39658 evaluations, 657.128 s total)
[mcmc]  - Acceptance rate: 0.489
[mcmc]  - Convergence of means: R-1 = 0.026634 after 15904 accepted steps
[mcmc]  - Updated covariance matrix of proposal pdf.
[mcmc] Learn + convergence test @ 19920 samples accepted.
[likelihoodcollection] Average computation time:
   flamingo.inference.masked_ps.MaskedBandPowerLikelihood : 5.52794e-05 s (39725 evaluations, 2.19597 s total)
[theorycollection] Average computation time:
   flamingo.inference.masked_ps.MaskedTSZTheory : 0.0165706 s (39725 evaluations, 658.267 s total)
[mcmc]  - Acceptance rate: 0.489
[mcmc]  - Convergence of means: R-1 = 0.029940 after 15936 accepted steps
[mcmc]  - Updated covariance matrix of proposal pdf.
[mcmc] Learn + convergence test @ 19960 samples accepted.
[likelihoodcollection] Average computation time:
   flamingo.inference.masked_ps.MaskedBandPowerLikelihood : 5.5272e-05 s (39808 evaluations, 2.20027 s total)
[theorycollection] Average computation time:
   flamingo.inference.masked_ps.MaskedTSZTheory : 0.0165709 s (39808 evaluations, 659.654 s total)
[mcmc]  - Acceptance rate: 0.489
[mcmc]  - Convergence of means: R-1 = 0.029452 after 15968 accepted steps
[mcmc]  - Updated covariance matrix of proposal pdf.
[mcmc] Learn + convergence test @ 20000 samples accepted.
[likelihoodcollection] Average computation time:
   flamingo.inference.masked_ps.MaskedBandPowerLikelihood : 5.52649e-05 s (39869 evaluations, 2.20336 s total)
[theorycollection] Average computation time:
   flamingo.inference.masked_ps.MaskedTSZTheory : 0.0165702 s (39869 evaluations, 660.637 s total)
[mcmc]  - Acceptance rate: 0.490
[mcmc]  - Convergence of means: R-1 = 0.027430 after 16000 accepted steps
[mcmc]  - Updated covariance matrix of proposal pdf.
[mcmc] Learn + convergence test @ 20040 samples accepted.
[likelihoodcollection] Average computation time:
   flamingo.inference.masked_ps.MaskedBandPowerLikelihood : 5.52608e-05 s (39943 evaluations, 2.20728 s total)
[theorycollection] Average computation time:
   flamingo.inference.masked_ps.MaskedTSZTheory : 0.0165701 s (39943 evaluations, 661.859 s total)
[mcmc]  - Acceptance rate: 0.490
[mcmc]  - Convergence of means: R-1 = 0.029731 after 16032 accepted steps
[mcmc]  - Updated covariance matrix of proposal pdf.
[mcmc] Learn + convergence test @ 20080 samples accepted.
[likelihoodcollection] Average computation time:
   flamingo.inference.masked_ps.MaskedBandPowerLikelihood : 5.52564e-05 s (40020 evaluations, 2.21136 s total)
[theorycollection] Average computation time:
   flamingo.inference.masked_ps.MaskedTSZTheory : 0.0165694 s (40020 evaluations, 663.107 s total)
[mcmc]  - Acceptance rate: 0.490
[mcmc]  - Convergence of means: R-1 = 0.032411 after 16064 accepted steps
[mcmc]  - Updated covariance matrix of proposal pdf.
[mcmc] Learn + convergence test @ 20120 samples accepted.
[likelihoodcollection] Average computation time:
   flamingo.inference.masked_ps.MaskedBandPowerLikelihood : 5.52561e-05 s (40110 evaluations, 2.21632 s total)
[theorycollection] Average computation time:
   flamingo.inference.masked_ps.MaskedTSZTheory : 0.0165692 s (40110 evaluations, 664.589 s total)
[mcmc]  - Acceptance rate: 0.490
[mcmc]  - Convergence of means: R-1 = 0.032379 after 16096 accepted steps
[mcmc]  - Updated covariance matrix of proposal pdf.
[mcmc] Learn + convergence test @ 20160 samples accepted.
[likelihoodcollection] Average computation time:
   flamingo.inference.masked_ps.MaskedBandPowerLikelihood : 5.52582e-05 s (40189 evaluations, 2.22077 s total)
[theorycollection] Average computation time:
   flamingo.inference.masked_ps.MaskedTSZTheory : 0.0165698 s (40189 evaluations, 665.924 s total)
[mcmc]  - Acceptance rate: 0.490
[mcmc]  - Convergence of means: R-1 = 0.031733 after 16128 accepted steps
[mcmc]  - Updated covariance matrix of proposal pdf.
[mcmc] Learn + convergence test @ 20200 samples accepted.
[likelihoodcollection] Average computation time:
   flamingo.inference.masked_ps.MaskedBandPowerLikelihood : 5.52575e-05 s (40276 evaluations, 2.22555 s total)
[theorycollection] Average computation time:
   flamingo.inference.masked_ps.MaskedTSZTheory : 0.0165692 s (40276 evaluations, 667.342 s total)
[mcmc]  - Acceptance rate: 0.489
[mcmc]  - Convergence of means: R-1 = 0.029837 after 16160 accepted steps
[mcmc]  - Updated covariance matrix of proposal pdf.
[mcmc] Learn + convergence test @ 20240 samples accepted.
[likelihoodcollection] Average computation time:
   flamingo.inference.masked_ps.MaskedBandPowerLikelihood : 5.52474e-05 s (40379 evaluations, 2.23083 s total)
[theorycollection] Average computation time:
   flamingo.inference.masked_ps.MaskedTSZTheory : 0.0165679 s (40379 evaluations, 668.995 s total)
[mcmc]  - Acceptance rate: 0.489
[mcmc]  - Convergence of means: R-1 = 0.027773 after 16192 accepted steps
[mcmc]  - Updated covariance matrix of proposal pdf.
[mcmc] Learn + convergence test @ 20280 samples accepted.
[likelihoodcollection] Average computation time:
   flamingo.inference.masked_ps.MaskedBandPowerLikelihood : 5.52462e-05 s (40458 evaluations, 2.23515 s total)
[theorycollection] Average computation time:
   flamingo.inference.masked_ps.MaskedTSZTheory : 0.0165676 s (40458 evaluations, 670.294 s total)
[mcmc]  - Acceptance rate: 0.489
[mcmc]  - Convergence of means: R-1 = 0.025187 after 16224 accepted steps
[mcmc]  - Updated covariance matrix of proposal pdf.
[mcmc] Learn + convergence test @ 20320 samples accepted.
[likelihoodcollection] Average computation time:
   flamingo.inference.masked_ps.MaskedBandPowerLikelihood : 5.52389e-05 s (40533 evaluations, 2.239 s total)
[theorycollection] Average computation time:
   flamingo.inference.masked_ps.MaskedTSZTheory : 0.0165676 s (40533 evaluations, 671.535 s total)
[mcmc]  - Acceptance rate: 0.489
[mcmc]  - Convergence of means: R-1 = 0.023833 after 16256 accepted steps
[mcmc]  - Updated covariance matrix of proposal pdf.
[mcmc] Learn + convergence test @ 20360 samples accepted.
[likelihoodcollection] Average computation time:
   flamingo.inference.masked_ps.MaskedBandPowerLikelihood : 5.52384e-05 s (40615 evaluations, 2.24351 s total)
[theorycollection] Average computation time:
   flamingo.inference.masked_ps.MaskedTSZTheory : 0.0165676 s (40615 evaluations, 672.894 s total)
[mcmc]  - Acceptance rate: 0.489
[mcmc]  - Convergence of means: R-1 = 0.023145 after 16288 accepted steps
[mcmc]  - Updated covariance matrix of proposal pdf.
[mcmc] Learn + convergence test @ 20400 samples accepted.
[likelihoodcollection] Average computation time:
   flamingo.inference.masked_ps.MaskedBandPowerLikelihood : 5.52322e-05 s (40709 evaluations, 2.24845 s total)
[theorycollection] Average computation time:
   flamingo.inference.masked_ps.MaskedTSZTheory : 0.0165672 s (40709 evaluations, 674.434 s total)
[mcmc]  - Acceptance rate: 0.489
[mcmc]  - Convergence of means: R-1 = 0.022392 after 16320 accepted steps
[mcmc]  - Updated covariance matrix of proposal pdf.
[mcmc] Learn + convergence test @ 20440 samples accepted.
[likelihoodcollection] Average computation time:
   flamingo.inference.masked_ps.MaskedBandPowerLikelihood : 5.52337e-05 s (40784 evaluations, 2.25265 s total)
[theorycollection] Average computation time:
   flamingo.inference.masked_ps.MaskedTSZTheory : 0.0165672 s (40784 evaluations, 675.675 s total)
[mcmc]  - Acceptance rate: 0.489
[mcmc]  - Convergence of means: R-1 = 0.024408 after 16352 accepted steps
[mcmc]  - Updated covariance matrix of proposal pdf.
[mcmc] Learn + convergence test @ 20480 samples accepted.
[likelihoodcollection] Average computation time:
   flamingo.inference.masked_ps.MaskedBandPowerLikelihood : 5.52393e-05 s (40866 evaluations, 2.25741 s total)
[theorycollection] Average computation time:
   flamingo.inference.masked_ps.MaskedTSZTheory : 0.0165665 s (40866 evaluations, 677.006 s total)
[mcmc]  - Acceptance rate: 0.489
[mcmc]  - Convergence of means: R-1 = 0.025137 after 16384 accepted steps
[mcmc]  - Updated covariance matrix of proposal pdf.
[mcmc] Learn + convergence test @ 20520 samples accepted.
[likelihoodcollection] Average computation time:
   flamingo.inference.masked_ps.MaskedBandPowerLikelihood : 5.52388e-05 s (40949 evaluations, 2.26197 s total)
[theorycollection] Average computation time:
   flamingo.inference.masked_ps.MaskedTSZTheory : 0.0165666 s (40949 evaluations, 678.384 s total)
[mcmc]  - Acceptance rate: 0.489
[mcmc]  - Convergence of means: R-1 = 0.026129 after 16416 accepted steps
[mcmc]  - Updated covariance matrix of proposal pdf.
[mcmc] Learn + convergence test @ 20560 samples accepted.
[likelihoodcollection] Average computation time:
   flamingo.inference.masked_ps.MaskedBandPowerLikelihood : 5.52322e-05 s (41032 evaluations, 2.26629 s total)
[theorycollection] Average computation time:
   flamingo.inference.masked_ps.MaskedTSZTheory : 0.0165659 s (41032 evaluations, 679.734 s total)
[mcmc]  - Acceptance rate: 0.489
[mcmc]  - Convergence of means: R-1 = 0.026121 after 16448 accepted steps
[mcmc]  - Updated covariance matrix of proposal pdf.
[mcmc] Learn + convergence test @ 20600 samples accepted.
[likelihoodcollection] Average computation time:
   flamingo.inference.masked_ps.MaskedBandPowerLikelihood : 5.52364e-05 s (41105 evaluations, 2.27049 s total)
[theorycollection] Average computation time:
   flamingo.inference.masked_ps.MaskedTSZTheory : 0.0165659 s (41105 evaluations, 680.943 s total)
[mcmc]  - Acceptance rate: 0.489
[mcmc]  - Convergence of means: R-1 = 0.026431 after 16480 accepted steps
[mcmc]  - Updated covariance matrix of proposal pdf.
[mcmc] Learn + convergence test @ 20640 samples accepted.
[likelihoodcollection] Average computation time:
   flamingo.inference.masked_ps.MaskedBandPowerLikelihood : 5.52342e-05 s (41173 evaluations, 2.27416 s total)
[theorycollection] Average computation time:
   flamingo.inference.masked_ps.MaskedTSZTheory : 0.016566 s (41173 evaluations, 682.072 s total)
[mcmc]  - Acceptance rate: 0.489
[mcmc]  - Convergence of means: R-1 = 0.025923 after 16512 accepted steps
[mcmc]  - Updated covariance matrix of proposal pdf.
[mcmc] Learn + convergence test @ 20680 samples accepted.
[likelihoodcollection] Average computation time:
   flamingo.inference.masked_ps.MaskedBandPowerLikelihood : 5.52348e-05 s (41257 evaluations, 2.27882 s total)
[theorycollection] Average computation time:
   flamingo.inference.masked_ps.MaskedTSZTheory : 0.0165663 s (41257 evaluations, 683.477 s total)
[mcmc]  - Acceptance rate: 0.489
[mcmc]  - Convergence of means: R-1 = 0.024614 after 16544 accepted steps
[mcmc]  - Updated covariance matrix of proposal pdf.
[mcmc] Learn + convergence test @ 20720 samples accepted.
[likelihoodcollection] Average computation time:
   flamingo.inference.masked_ps.MaskedBandPowerLikelihood : 5.52417e-05 s (41330 evaluations, 2.28314 s total)
[theorycollection] Average computation time:
   flamingo.inference.masked_ps.MaskedTSZTheory : 0.0165666 s (41330 evaluations, 684.698 s total)
[mcmc]  - Acceptance rate: 0.489
[mcmc]  - Convergence of means: R-1 = 0.024488 after 16576 accepted steps
[mcmc]  - Updated covariance matrix of proposal pdf.
[mcmc] Learn + convergence test @ 20760 samples accepted.
[likelihoodcollection] Average computation time:
   flamingo.inference.masked_ps.MaskedBandPowerLikelihood : 5.52475e-05 s (41408 evaluations, 2.28769 s total)
[theorycollection] Average computation time:
   flamingo.inference.masked_ps.MaskedTSZTheory : 0.0165664 s (41408 evaluations, 685.98 s total)
[mcmc]  - Acceptance rate: 0.489
[mcmc]  - Convergence of means: R-1 = 0.024541 after 16608 accepted steps
[mcmc]  - Updated covariance matrix of proposal pdf.
[mcmc] Learn + convergence test @ 20800 samples accepted.
[likelihoodcollection] Average computation time:
   flamingo.inference.masked_ps.MaskedBandPowerLikelihood : 5.52433e-05 s (41486 evaluations, 2.29182 s total)
[theorycollection] Average computation time:
   flamingo.inference.masked_ps.MaskedTSZTheory : 0.0165661 s (41486 evaluations, 687.262 s total)
[mcmc]  - Acceptance rate: 0.489
[mcmc]  - Convergence of means: R-1 = 0.025612 after 16640 accepted steps
[mcmc]  - Updated covariance matrix of proposal pdf.
[mcmc] Learn + convergence test @ 20840 samples accepted.
[likelihoodcollection] Average computation time:
   flamingo.inference.masked_ps.MaskedBandPowerLikelihood : 5.52442e-05 s (41567 evaluations, 2.29634 s total)
[theorycollection] Average computation time:
   flamingo.inference.masked_ps.MaskedTSZTheory : 0.0165666 s (41567 evaluations, 688.624 s total)
[mcmc]  - Acceptance rate: 0.489
[mcmc]  - Convergence of means: R-1 = 0.025511 after 16672 accepted steps
[mcmc]  - Updated covariance matrix of proposal pdf.
[mcmc] Learn + convergence test @ 20880 samples accepted.
[likelihoodcollection] Average computation time:
   flamingo.inference.masked_ps.MaskedBandPowerLikelihood : 5.5251e-05 s (41643 evaluations, 2.30082 s total)
[theorycollection] Average computation time:
   flamingo.inference.masked_ps.MaskedTSZTheory : 0.0165662 s (41643 evaluations, 689.864 s total)
[mcmc]  - Acceptance rate: 0.489
[mcmc]  - Convergence of means: R-1 = 0.026161 after 16704 accepted steps
[mcmc]  - Updated covariance matrix of proposal pdf.
[mcmc] Learn + convergence test @ 20920 samples accepted.
[likelihoodcollection] Average computation time:
   flamingo.inference.masked_ps.MaskedBandPowerLikelihood : 5.52542e-05 s (41727 evaluations, 2.30559 s total)
[theorycollection] Average computation time:
   flamingo.inference.masked_ps.MaskedTSZTheory : 0.0165664 s (41727 evaluations, 691.267 s total)
[mcmc]  - Acceptance rate: 0.489
[mcmc]  - Convergence of means: R-1 = 0.027080 after 16736 accepted steps
[mcmc]  - Updated covariance matrix of proposal pdf.
[mcmc] Learn + convergence test @ 20960 samples accepted.
[likelihoodcollection] Average computation time:
   flamingo.inference.masked_ps.MaskedBandPowerLikelihood : 5.52542e-05 s (41805 evaluations, 2.3099 s total)
[theorycollection] Average computation time:
   flamingo.inference.masked_ps.MaskedTSZTheory : 0.0165667 s (41805 evaluations, 692.57 s total)
[mcmc]  - Acceptance rate: 0.489
[mcmc]  - Convergence of means: R-1 = 0.029409 after 16768 accepted steps
[mcmc]  - Updated covariance matrix of proposal pdf.
[mcmc] Learn + convergence test @ 21000 samples accepted.
[likelihoodcollection] Average computation time:
   flamingo.inference.masked_ps.MaskedBandPowerLikelihood : 5.52523e-05 s (41872 evaluations, 2.31353 s total)
[theorycollection] Average computation time:
   flamingo.inference.masked_ps.MaskedTSZTheory : 0.0165661 s (41872 evaluations, 693.656 s total)
[mcmc]  - Acceptance rate: 0.490
[mcmc]  - Convergence of means: R-1 = 0.032794 after 16800 accepted steps
[mcmc]  - Updated covariance matrix of proposal pdf.
[mcmc] Learn + convergence test @ 21040 samples accepted.
[likelihoodcollection] Average computation time:
   flamingo.inference.masked_ps.MaskedBandPowerLikelihood : 5.52455e-05 s (41935 evaluations, 2.31672 s total)
[theorycollection] Average computation time:
   flamingo.inference.masked_ps.MaskedTSZTheory : 0.0165657 s (41935 evaluations, 694.681 s total)
[mcmc]  - Acceptance rate: 0.490
[mcmc]  - Convergence of means: R-1 = 0.035422 after 16832 accepted steps
[mcmc]  - Updated covariance matrix of proposal pdf.
[mcmc] Learn + convergence test @ 21080 samples accepted.
[likelihoodcollection] Average computation time:
   flamingo.inference.masked_ps.MaskedBandPowerLikelihood : 5.52462e-05 s (42020 evaluations, 2.32144 s total)
[theorycollection] Average computation time:
   flamingo.inference.masked_ps.MaskedTSZTheory : 0.0165658 s (42020 evaluations, 696.095 s total)
[mcmc]  - Acceptance rate: 0.490
[mcmc]  - Convergence of means: R-1 = 0.035568 after 16864 accepted steps
[mcmc]  - Updated covariance matrix of proposal pdf.
[mcmc] Learn + convergence test @ 21120 samples accepted.
[likelihoodcollection] Average computation time:
   flamingo.inference.masked_ps.MaskedBandPowerLikelihood : 5.5247e-05 s (42102 evaluations, 2.32601 s total)
[theorycollection] Average computation time:
   flamingo.inference.masked_ps.MaskedTSZTheory : 0.0165666 s (42102 evaluations, 697.487 s total)
[mcmc]  - Acceptance rate: 0.490
[mcmc]  - Convergence of means: R-1 = 0.032364 after 16896 accepted steps
[mcmc]  - Updated covariance matrix of proposal pdf.
[mcmc] Learn + convergence test @ 21160 samples accepted.
[likelihoodcollection] Average computation time:
   flamingo.inference.masked_ps.MaskedBandPowerLikelihood : 5.52474e-05 s (42181 evaluations, 2.33039 s total)
[theorycollection] Average computation time:
   flamingo.inference.masked_ps.MaskedTSZTheory : 0.0165665 s (42181 evaluations, 698.793 s total)
[mcmc]  - Acceptance rate: 0.490
[mcmc]  - Convergence of means: R-1 = 0.030665 after 16928 accepted steps
[mcmc]  - Updated covariance matrix of proposal pdf.
[mcmc] Learn + convergence test @ 21200 samples accepted.
[likelihoodcollection] Average computation time:
   flamingo.inference.masked_ps.MaskedBandPowerLikelihood : 5.5258e-05 s (42257 evaluations, 2.33504 s total)
[theorycollection] Average computation time:
   flamingo.inference.masked_ps.MaskedTSZTheory : 0.0165664 s (42257 evaluations, 700.048 s total)
[mcmc]  - Acceptance rate: 0.490
[mcmc]  - Convergence of means: R-1 = 0.028541 after 16960 accepted steps
[mcmc]  - Updated covariance matrix of proposal pdf.
[mcmc] Learn + convergence test @ 21240 samples accepted.
[likelihoodcollection] Average computation time:
   flamingo.inference.masked_ps.MaskedBandPowerLikelihood : 5.52531e-05 s (42337 evaluations, 2.33925 s total)
[theorycollection] Average computation time:
   flamingo.inference.masked_ps.MaskedTSZTheory : 0.0165659 s (42337 evaluations, 701.349 s total)
[mcmc]  - Acceptance rate: 0.490
[mcmc]  - Convergence of means: R-1 = 0.027420 after 16992 accepted steps
[mcmc]  - Updated covariance matrix of proposal pdf.
[mcmc] Learn + convergence test @ 21280 samples accepted.
[likelihoodcollection] Average computation time:
   flamingo.inference.masked_ps.MaskedBandPowerLikelihood : 5.52462e-05 s (42429 evaluations, 2.34404 s total)
[theorycollection] Average computation time:
   flamingo.inference.masked_ps.MaskedTSZTheory : 0.0165656 s (42429 evaluations, 702.863 s total)
[mcmc]  - Acceptance rate: 0.489
[mcmc]  - Convergence of means: R-1 = 0.027759 after 17024 accepted steps
[mcmc]  - Updated covariance matrix of proposal pdf.
[mcmc] Progress @ 2026-08-03 01:03:53 : 42793 steps taken, and 21310 accepted.
[mcmc] Learn + convergence test @ 21320 samples accepted.
[likelihoodcollection] Average computation time:
   flamingo.inference.masked_ps.MaskedBandPowerLikelihood : 5.52453e-05 s (42512 evaluations, 2.34859 s total)
[theorycollection] Average computation time:
   flamingo.inference.masked_ps.MaskedTSZTheory : 0.0165658 s (42512 evaluations, 704.245 s total)
[mcmc]  - Acceptance rate: 0.489
[mcmc]  - Convergence of means: R-1 = 0.027392 after 17056 accepted steps
[mcmc]  - Updated covariance matrix of proposal pdf.
[mcmc] Learn + convergence test @ 21360 samples accepted.
[likelihoodcollection] Average computation time:
   flamingo.inference.masked_ps.MaskedBandPowerLikelihood : 5.52474e-05 s (42585 evaluations, 2.35271 s total)
[theorycollection] Average computation time:
   flamingo.inference.masked_ps.MaskedTSZTheory : 0.0165656 s (42585 evaluations, 705.446 s total)
[mcmc]  - Acceptance rate: 0.489
[mcmc]  - Convergence of means: R-1 = 0.027494 after 17088 accepted steps
[mcmc]  - Updated covariance matrix of proposal pdf.
[mcmc] Learn + convergence test @ 21400 samples accepted.
[likelihoodcollection] Average computation time:
   flamingo.inference.masked_ps.MaskedBandPowerLikelihood : 5.52632e-05 s (42672 evaluations, 2.35819 s total)
[theorycollection] Average computation time:
   flamingo.inference.masked_ps.MaskedTSZTheory : 0.0165655 s (42672 evaluations, 706.884 s total)
[mcmc]  - Acceptance rate: 0.489
[mcmc]  - Convergence of means: R-1 = 0.024454 after 17120 accepted steps
[mcmc]  - Updated covariance matrix of proposal pdf.
[mcmc] Learn + convergence test @ 21440 samples accepted.
[likelihoodcollection] Average computation time:
   flamingo.inference.masked_ps.MaskedBandPowerLikelihood : 5.52689e-05 s (42764 evaluations, 2.36352 s total)
[theorycollection] Average computation time:
   flamingo.inference.masked_ps.MaskedTSZTheory : 0.016565 s (42764 evaluations, 708.387 s total)
[mcmc]  - Acceptance rate: 0.489
[mcmc]  - Convergence of means: R-1 = 0.023532 after 17152 accepted steps
[mcmc]  - Updated covariance matrix of proposal pdf.
[mcmc] Learn + convergence test @ 21480 samples accepted.
[likelihoodcollection] Average computation time:
   flamingo.inference.masked_ps.MaskedBandPowerLikelihood : 5.52697e-05 s (42838 evaluations, 2.36764 s total)
[theorycollection] Average computation time:
   flamingo.inference.masked_ps.MaskedTSZTheory : 0.0165653 s (42838 evaluations, 709.624 s total)
[mcmc]  - Acceptance rate: 0.489
[mcmc]  - Convergence of means: R-1 = 0.023297 after 17184 accepted steps
[mcmc]  - Updated covariance matrix of proposal pdf.
[mcmc] Learn + convergence test @ 21520 samples accepted.
[likelihoodcollection] Average computation time:
   flamingo.inference.masked_ps.MaskedBandPowerLikelihood : 5.5267e-05 s (42918 evaluations, 2.37195 s total)
[theorycollection] Average computation time:
   flamingo.inference.masked_ps.MaskedTSZTheory : 0.0165652 s (42918 evaluations, 710.944 s total)
[mcmc]  - Acceptance rate: 0.489
[mcmc]  - Convergence of means: R-1 = 0.022960 after 17216 accepted steps
[mcmc]  - Updated covariance matrix of proposal pdf.
[mcmc] Learn + convergence test @ 21560 samples accepted.
[likelihoodcollection] Average computation time:
   flamingo.inference.masked_ps.MaskedBandPowerLikelihood : 5.52631e-05 s (43006 evaluations, 2.37664 s total)
[theorycollection] Average computation time:
   flamingo.inference.masked_ps.MaskedTSZTheory : 0.016566 s (43006 evaluations, 712.437 s total)
[mcmc]  - Acceptance rate: 0.489
[mcmc]  - Convergence of means: R-1 = 0.026137 after 17248 accepted steps
[mcmc]  - Updated covariance matrix of proposal pdf.
[mcmc] Learn + convergence test @ 21600 samples accepted.
[likelihoodcollection] Average computation time:
   flamingo.inference.masked_ps.MaskedBandPowerLikelihood : 5.52662e-05 s (43094 evaluations, 2.38164 s total)
[theorycollection] Average computation time:
   flamingo.inference.masked_ps.MaskedTSZTheory : 0.0165656 s (43094 evaluations, 713.88 s total)
[mcmc]  - Acceptance rate: 0.489
[mcmc]  - Convergence of means: R-1 = 0.025533 after 17280 accepted steps
[mcmc]  - Updated covariance matrix of proposal pdf.
[mcmc] Learn + convergence test @ 21640 samples accepted.
[likelihoodcollection] Average computation time:
   flamingo.inference.masked_ps.MaskedBandPowerLikelihood : 5.52647e-05 s (43170 evaluations, 2.38578 s total)
[theorycollection] Average computation time:
   flamingo.inference.masked_ps.MaskedTSZTheory : 0.0165656 s (43170 evaluations, 715.136 s total)
[mcmc]  - Acceptance rate: 0.489
[mcmc]  - Convergence of means: R-1 = 0.024110 after 17312 accepted steps
[mcmc]  - Updated covariance matrix of proposal pdf.
[mcmc] Learn + convergence test @ 21680 samples accepted.
[likelihoodcollection] Average computation time:
   flamingo.inference.masked_ps.MaskedBandPowerLikelihood : 5.52632e-05 s (43250 evaluations, 2.39013 s total)
[theorycollection] Average computation time:
   flamingo.inference.masked_ps.MaskedTSZTheory : 0.0165654 s (43250 evaluations, 716.452 s total)
[mcmc]  - Acceptance rate: 0.489
[mcmc]  - Convergence of means: R-1 = 0.020461 after 17344 accepted steps
[mcmc]  - Updated covariance matrix of proposal pdf.
[mcmc] Learn + convergence test @ 21720 samples accepted.
[likelihoodcollection] Average computation time:
   flamingo.inference.masked_ps.MaskedBandPowerLikelihood : 5.52734e-05 s (43337 evaluations, 2.39538 s total)
[theorycollection] Average computation time:
   flamingo.inference.masked_ps.MaskedTSZTheory : 0.0165658 s (43337 evaluations, 717.914 s total)
[mcmc]  - Acceptance rate: 0.489
[mcmc]  - Convergence of means: R-1 = 0.019342 after 17376 accepted steps
[mcmc]  - Updated covariance matrix of proposal pdf.
[mcmc] Learn + convergence test @ 21760 samples accepted.
[likelihoodcollection] Average computation time:
   flamingo.inference.masked_ps.MaskedBandPowerLikelihood : 5.52724e-05 s (43413 evaluations, 2.39954 s total)
[theorycollection] Average computation time:
   flamingo.inference.masked_ps.MaskedTSZTheory : 0.0165656 s (43413 evaluations, 719.164 s total)
[mcmc]  - Acceptance rate: 0.489
[mcmc]  - Convergence of means: R-1 = 0.018218 after 17408 accepted steps
[mcmc]  - Updated covariance matrix of proposal pdf.
[mcmc] Learn + convergence test @ 21800 samples accepted.
[likelihoodcollection] Average computation time:
   flamingo.inference.masked_ps.MaskedBandPowerLikelihood : 5.52682e-05 s (43496 evaluations, 2.40394 s total)
[theorycollection] Average computation time:
   flamingo.inference.masked_ps.MaskedTSZTheory : 0.0165653 s (43496 evaluations, 720.523 s total)
[mcmc]  - Acceptance rate: 0.489
[mcmc]  - Convergence of means: R-1 = 0.017833 after 17440 accepted steps
[mcmc]  - Updated covariance matrix of proposal pdf.
[mcmc] Learn + convergence test @ 21840 samples accepted.
[likelihoodcollection] Average computation time:
   flamingo.inference.masked_ps.MaskedBandPowerLikelihood : 5.52707e-05 s (43579 evaluations, 2.40864 s total)
[theorycollection] Average computation time:
   flamingo.inference.masked_ps.MaskedTSZTheory : 0.0165656 s (43579 evaluations, 721.914 s total)
[mcmc]  - Acceptance rate: 0.489
[mcmc]  - Convergence of means: R-1 = 0.018281 after 17472 accepted steps
[mcmc]  - Updated covariance matrix of proposal pdf.
[mcmc] Learn + convergence test @ 21880 samples accepted.
[likelihoodcollection] Average computation time:
   flamingo.inference.masked_ps.MaskedBandPowerLikelihood : 5.52735e-05 s (43656 evaluations, 2.41302 s total)
[theorycollection] Average computation time:
   flamingo.inference.masked_ps.MaskedTSZTheory : 0.0165658 s (43656 evaluations, 723.195 s total)
[mcmc]  - Acceptance rate: 0.489
[mcmc]  - Convergence of means: R-1 = 0.018531 after 17504 accepted steps
[mcmc]  - Updated covariance matrix of proposal pdf.
[mcmc] Learn + convergence test @ 21920 samples accepted.
[likelihoodcollection] Average computation time:
   flamingo.inference.masked_ps.MaskedBandPowerLikelihood : 5.52805e-05 s (43749 evaluations, 2.41846 s total)
[theorycollection] Average computation time:
   flamingo.inference.masked_ps.MaskedTSZTheory : 0.0165655 s (43749 evaluations, 724.724 s total)
[mcmc]  - Acceptance rate: 0.489
[mcmc]  - Convergence of means: R-1 = 0.018762 after 17536 accepted steps
[mcmc]  - Updated covariance matrix of proposal pdf.
[mcmc] Learn + convergence test @ 21960 samples accepted.
[likelihoodcollection] Average computation time:
   flamingo.inference.masked_ps.MaskedBandPowerLikelihood : 5.52793e-05 s (43836 evaluations, 2.42322 s total)
[theorycollection] Average computation time:
   flamingo.inference.masked_ps.MaskedTSZTheory : 0.0165656 s (43836 evaluations, 726.168 s total)
[mcmc]  - Acceptance rate: 0.489
[mcmc]  - Convergence of means: R-1 = 0.018837 after 17568 accepted steps
[mcmc]  - Updated covariance matrix of proposal pdf.
[mcmc] Learn + convergence test @ 22000 samples accepted.
[likelihoodcollection] Average computation time:
   flamingo.inference.masked_ps.MaskedBandPowerLikelihood : 5.52695e-05 s (43923 evaluations, 2.4276 s total)
[theorycollection] Average computation time:
   flamingo.inference.masked_ps.MaskedTSZTheory : 0.0165656 s (43923 evaluations, 727.613 s total)
[mcmc]  - Acceptance rate: 0.489
[mcmc]  - Convergence of means: R-1 = 0.018031 after 17600 accepted steps
[mcmc]  - Updated covariance matrix of proposal pdf.
[mcmc] Learn + convergence test @ 22040 samples accepted.
[likelihoodcollection] Average computation time:
   flamingo.inference.masked_ps.MaskedBandPowerLikelihood : 5.5266e-05 s (44014 evaluations, 2.43248 s total)
[theorycollection] Average computation time:
   flamingo.inference.masked_ps.MaskedTSZTheory : 0.0165656 s (44014 evaluations, 729.119 s total)
[mcmc]  - Acceptance rate: 0.489
[mcmc]  - Convergence of means: R-1 = 0.018061 after 17632 accepted steps
[mcmc]  - Updated covariance matrix of proposal pdf.
[mcmc] Learn + convergence test @ 22080 samples accepted.
[likelihoodcollection] Average computation time:
   flamingo.inference.masked_ps.MaskedBandPowerLikelihood : 5.52622e-05 s (44093 evaluations, 2.43668 s total)
[theorycollection] Average computation time:
   flamingo.inference.masked_ps.MaskedTSZTheory : 0.0165653 s (44093 evaluations, 730.412 s total)
[mcmc]  - Acceptance rate: 0.488
[mcmc]  - Convergence of means: R-1 = 0.018802 after 17664 accepted steps
[mcmc]  - Updated covariance matrix of proposal pdf.
[mcmc] Learn + convergence test @ 22120 samples accepted.
[likelihoodcollection] Average computation time:
   flamingo.inference.masked_ps.MaskedBandPowerLikelihood : 5.52531e-05 s (44178 evaluations, 2.44097 s total)
[theorycollection] Average computation time:
   flamingo.inference.masked_ps.MaskedTSZTheory : 0.0165646 s (44178 evaluations, 731.791 s total)
[mcmc]  - Acceptance rate: 0.489
[mcmc]  - Convergence of means: R-1 = 0.019251 after 17696 accepted steps
[mcmc]  - Updated covariance matrix of proposal pdf.
[mcmc] Learn + convergence test @ 22160 samples accepted.
[likelihoodcollection] Average computation time:
   flamingo.inference.masked_ps.MaskedBandPowerLikelihood : 5.52489e-05 s (44253 evaluations, 2.44493 s total)
[theorycollection] Average computation time:
   flamingo.inference.masked_ps.MaskedTSZTheory : 0.0165639 s (44253 evaluations, 733.004 s total)
[mcmc]  - Acceptance rate: 0.488
[mcmc]  - Convergence of means: R-1 = 0.015370 after 17728 accepted steps
[mcmc]  - Updated covariance matrix of proposal pdf.
[mcmc] Learn + convergence test @ 22200 samples accepted.
[likelihoodcollection] Average computation time:
   flamingo.inference.masked_ps.MaskedBandPowerLikelihood : 5.52649e-05 s (44336 evaluations, 2.45023 s total)
[theorycollection] Average computation time:
   flamingo.inference.masked_ps.MaskedTSZTheory : 0.0165635 s (44336 evaluations, 734.36 s total)
[mcmc]  - Acceptance rate: 0.488
[mcmc]  - Convergence of means: R-1 = 0.015532 after 17760 accepted steps
[mcmc]  - Updated covariance matrix of proposal pdf.
[mcmc] Learn + convergence test @ 22240 samples accepted.
[likelihoodcollection] Average computation time:
   flamingo.inference.masked_ps.MaskedBandPowerLikelihood : 5.52688e-05 s (44424 evaluations, 2.45526 s total)
[theorycollection] Average computation time:
   flamingo.inference.masked_ps.MaskedTSZTheory : 0.0165641 s (44424 evaluations, 735.842 s total)
[mcmc]  - Acceptance rate: 0.488
[mcmc]  - Convergence of means: R-1 = 0.016390 after 17792 accepted steps
[mcmc]  - Updated covariance matrix of proposal pdf.
[mcmc] Learn + convergence test @ 22280 samples accepted.
[likelihoodcollection] Average computation time:
   flamingo.inference.masked_ps.MaskedBandPowerLikelihood : 5.52626e-05 s (44498 evaluations, 2.45908 s total)
[theorycollection] Average computation time:
   flamingo.inference.masked_ps.MaskedTSZTheory : 0.0165643 s (44498 evaluations, 737.079 s total)
[mcmc]  - Acceptance rate: 0.488
[mcmc]  - Convergence of means: R-1 = 0.017555 after 17824 accepted steps
[mcmc]  - Updated covariance matrix of proposal pdf.
[mcmc] Learn + convergence test @ 22320 samples accepted.
[likelihoodcollection] Average computation time:
   flamingo.inference.masked_ps.MaskedBandPowerLikelihood : 5.52595e-05 s (44562 evaluations, 2.46248 s total)
[theorycollection] Average computation time:
   flamingo.inference.masked_ps.MaskedTSZTheory : 0.016564 s (44562 evaluations, 738.125 s total)
[mcmc]  - Acceptance rate: 0.488
[mcmc]  - Convergence of means: R-1 = 0.018674 after 17856 accepted steps
[mcmc]  - Updated covariance matrix of proposal pdf.
[mcmc] Learn + convergence test @ 22360 samples accepted.
[likelihoodcollection] Average computation time:
   flamingo.inference.masked_ps.MaskedBandPowerLikelihood : 5.52512e-05 s (44641 evaluations, 2.46647 s total)
[theorycollection] Average computation time:
   flamingo.inference.masked_ps.MaskedTSZTheory : 0.0165643 s (44641 evaluations, 739.445 s total)
[mcmc]  - Acceptance rate: 0.488
[mcmc]  - Convergence of means: R-1 = 0.018514 after 17888 accepted steps
[mcmc]  - Updated covariance matrix of proposal pdf.
[mcmc] Learn + convergence test @ 22400 samples accepted.
[likelihoodcollection] Average computation time:
   flamingo.inference.masked_ps.MaskedBandPowerLikelihood : 5.52513e-05 s (44707 evaluations, 2.47012 s total)
[theorycollection] Average computation time:
   flamingo.inference.masked_ps.MaskedTSZTheory : 0.0165645 s (44707 evaluations, 740.549 s total)
[mcmc]  - Acceptance rate: 0.488
[mcmc]  - Convergence of means: R-1 = 0.018618 after 17920 accepted steps
[mcmc]  - Updated covariance matrix of proposal pdf.
[mcmc] Learn + convergence test @ 22440 samples accepted.
[likelihoodcollection] Average computation time:
   flamingo.inference.masked_ps.MaskedBandPowerLikelihood : 5.52501e-05 s (44799 evaluations, 2.47515 s total)
[theorycollection] Average computation time:
   flamingo.inference.masked_ps.MaskedTSZTheory : 0.0165648 s (44799 evaluations, 742.088 s total)
[mcmc]  - Acceptance rate: 0.488
[mcmc]  - Convergence of means: R-1 = 0.018823 after 17952 accepted steps
[mcmc]  - Updated covariance matrix of proposal pdf.
[mcmc] Learn + convergence test @ 22480 samples accepted.
[likelihoodcollection] Average computation time:
   flamingo.inference.masked_ps.MaskedBandPowerLikelihood : 5.52527e-05 s (44869 evaluations, 2.47913 s total)
[theorycollection] Average computation time:
   flamingo.inference.masked_ps.MaskedTSZTheory : 0.0165648 s (44869 evaluations, 743.245 s total)
[mcmc]  - Acceptance rate: 0.488
[mcmc]  - Convergence of means: R-1 = 0.020465 after 17984 accepted steps
[mcmc]  - Updated covariance matrix of proposal pdf.
[mcmc] Learn + convergence test @ 22520 samples accepted.
[likelihoodcollection] Average computation time:
   flamingo.inference.masked_ps.MaskedBandPowerLikelihood : 5.52429e-05 s (44931 evaluations, 2.48212 s total)
[theorycollection] Average computation time:
   flamingo.inference.masked_ps.MaskedTSZTheory : 0.016564 s (44931 evaluations, 744.238 s total)
[mcmc]  - Acceptance rate: 0.489
[mcmc]  - Convergence of means: R-1 = 0.021368 after 18016 accepted steps
[mcmc]  - Updated covariance matrix of proposal pdf.
[mcmc] Learn + convergence test @ 22560 samples accepted.
[likelihoodcollection] Average computation time:
   flamingo.inference.masked_ps.MaskedBandPowerLikelihood : 5.52423e-05 s (45029 evaluations, 2.4875 s total)
[theorycollection] Average computation time:
   flamingo.inference.masked_ps.MaskedTSZTheory : 0.0165638 s (45029 evaluations, 745.853 s total)
[mcmc]  - Acceptance rate: 0.488
[mcmc]  - Convergence of means: R-1 = 0.020816 after 18048 accepted steps
[mcmc]  - Updated covariance matrix of proposal pdf.
[mcmc] Learn + convergence test @ 22600 samples accepted.
[likelihoodcollection] Average computation time:
   flamingo.inference.masked_ps.MaskedBandPowerLikelihood : 5.52441e-05 s (45109 evaluations, 2.49201 s total)
[theorycollection] Average computation time:
   flamingo.inference.masked_ps.MaskedTSZTheory : 0.0165639 s (45109 evaluations, 747.182 s total)
[mcmc]  - Acceptance rate: 0.488
[mcmc]  - Convergence of means: R-1 = 0.020965 after 18080 accepted steps
[mcmc]  - Updated covariance matrix of proposal pdf.
[mcmc] Learn + convergence test @ 22640 samples accepted.
[likelihoodcollection] Average computation time:
   flamingo.inference.masked_ps.MaskedBandPowerLikelihood : 5.52422e-05 s (45191 evaluations, 2.49645 s total)
[theorycollection] Average computation time:
   flamingo.inference.masked_ps.MaskedTSZTheory : 0.0165642 s (45191 evaluations, 748.552 s total)
[mcmc]  - Acceptance rate: 0.488
[mcmc]  - Convergence of means: R-1 = 0.022588 after 18112 accepted steps
[mcmc]  - Updated covariance matrix of proposal pdf.
[mcmc] Learn + convergence test @ 22680 samples accepted.
[likelihoodcollection] Average computation time:
   flamingo.inference.masked_ps.MaskedBandPowerLikelihood : 5.52436e-05 s (45278 evaluations, 2.50132 s total)
[theorycollection] Average computation time:
   flamingo.inference.masked_ps.MaskedTSZTheory : 0.0165644 s (45278 evaluations, 750.002 s total)
[mcmc]  - Acceptance rate: 0.488
[mcmc]  - Convergence of means: R-1 = 0.025426 after 18144 accepted steps
[mcmc]  - Updated covariance matrix of proposal pdf.
[mcmc] Learn + convergence test @ 22720 samples accepted.
[likelihoodcollection] Average computation time:
   flamingo.inference.masked_ps.MaskedBandPowerLikelihood : 5.52362e-05 s (45367 evaluations, 2.5059 s total)
[theorycollection] Average computation time:
   flamingo.inference.masked_ps.MaskedTSZTheory : 0.0165638 s (45367 evaluations, 751.45 s total)
[mcmc]  - Acceptance rate: 0.488
[mcmc]  - Convergence of means: R-1 = 0.027501 after 18176 accepted steps
[mcmc]  - Updated covariance matrix of proposal pdf.
[mcmc] Learn + convergence test @ 22760 samples accepted.
[likelihoodcollection] Average computation time:
   flamingo.inference.masked_ps.MaskedBandPowerLikelihood : 5.52365e-05 s (45437 evaluations, 2.50978 s total)
[theorycollection] Average computation time:
   flamingo.inference.masked_ps.MaskedTSZTheory : 0.0165641 s (45437 evaluations, 752.621 s total)
[mcmc]  - Acceptance rate: 0.488
[mcmc]  - Convergence of means: R-1 = 0.026223 after 18208 accepted steps
[mcmc]  - Updated covariance matrix of proposal pdf.
[mcmc] Learn + convergence test @ 22800 samples accepted.
[likelihoodcollection] Average computation time:
   flamingo.inference.masked_ps.MaskedBandPowerLikelihood : 5.5227e-05 s (45521 evaluations, 2.51399 s total)
[theorycollection] Average computation time:
   flamingo.inference.masked_ps.MaskedTSZTheory : 0.0165638 s (45521 evaluations, 754 s total)
[mcmc]  - Acceptance rate: 0.488
[mcmc]  - Convergence of means: R-1 = 0.025957 after 18240 accepted steps
[mcmc]  - Updated covariance matrix of proposal pdf.
[mcmc] Learn + convergence test @ 22840 samples accepted.
[likelihoodcollection] Average computation time:
   flamingo.inference.masked_ps.MaskedBandPowerLikelihood : 5.52271e-05 s (45593 evaluations, 2.51797 s total)
[theorycollection] Average computation time:
   flamingo.inference.masked_ps.MaskedTSZTheory : 0.0165634 s (45593 evaluations, 755.177 s total)
[mcmc]  - Acceptance rate: 0.488
[mcmc]  - Convergence of means: R-1 = 0.024552 after 18272 accepted steps
[mcmc]  - Updated covariance matrix of proposal pdf.
[mcmc] Learn + convergence test @ 22880 samples accepted.
[likelihoodcollection] Average computation time:
   flamingo.inference.masked_ps.MaskedBandPowerLikelihood : 5.52291e-05 s (45664 evaluations, 2.52198 s total)
[theorycollection] Average computation time:
   flamingo.inference.masked_ps.MaskedTSZTheory : 0.0165637 s (45664 evaluations, 756.367 s total)
[mcmc]  - Acceptance rate: 0.488
[mcmc]  - Convergence of means: R-1 = 0.023790 after 18304 accepted steps
[mcmc]  - Updated covariance matrix of proposal pdf.
[mcmc] Learn + convergence test @ 22920 samples accepted.
[likelihoodcollection] Average computation time:
   flamingo.inference.masked_ps.MaskedBandPowerLikelihood : 5.52341e-05 s (45741 evaluations, 2.52646 s total)
[theorycollection] Average computation time:
   flamingo.inference.masked_ps.MaskedTSZTheory : 0.0165641 s (45741 evaluations, 757.658 s total)
[mcmc]  - Acceptance rate: 0.489
[mcmc]  - Convergence of means: R-1 = 0.024298 after 18336 accepted steps
[mcmc]  - Updated covariance matrix of proposal pdf.
[mcmc] Learn + convergence test @ 22960 samples accepted.
[likelihoodcollection] Average computation time:
   flamingo.inference.masked_ps.MaskedBandPowerLikelihood : 5.52352e-05 s (45830 evaluations, 2.53143 s total)
[theorycollection] Average computation time:
   flamingo.inference.masked_ps.MaskedTSZTheory : 0.016564 s (45830 evaluations, 759.126 s total)
[mcmc]  - Acceptance rate: 0.488
[mcmc]  - Convergence of means: R-1 = 0.024667 after 18368 accepted steps
[mcmc]  - Updated covariance matrix of proposal pdf.
[mcmc] Learn + convergence test @ 23000 samples accepted.
[likelihoodcollection] Average computation time:
   flamingo.inference.masked_ps.MaskedBandPowerLikelihood : 5.52362e-05 s (45912 evaluations, 2.53601 s total)
[theorycollection] Average computation time:
   flamingo.inference.masked_ps.MaskedTSZTheory : 0.0165639 s (45912 evaluations, 760.483 s total)
[mcmc]  - Acceptance rate: 0.488
[mcmc]  - Convergence of means: R-1 = 0.023812 after 18400 accepted steps
[mcmc]  - Updated covariance matrix of proposal pdf.
[mcmc] Learn + convergence test @ 23040 samples accepted.
[likelihoodcollection] Average computation time:
   flamingo.inference.masked_ps.MaskedBandPowerLikelihood : 5.52357e-05 s (45987 evaluations, 2.54012 s total)
[theorycollection] Average computation time:
   flamingo.inference.masked_ps.MaskedTSZTheory : 0.016564 s (45987 evaluations, 761.73 s total)
[mcmc]  - Acceptance rate: 0.488
[mcmc]  - Convergence of means: R-1 = 0.023249 after 18432 accepted steps
[mcmc]  - Updated covariance matrix of proposal pdf.
[mcmc] Progress @ 2026-08-03 01:04:53 : 46399 steps taken, and 23060 accepted.
[mcmc] Learn + convergence test @ 23080 samples accepted.
[likelihoodcollection] Average computation time:
   flamingo.inference.masked_ps.MaskedBandPowerLikelihood : 5.52357e-05 s (46067 evaluations, 2.54454 s total)
[theorycollection] Average computation time:
   flamingo.inference.masked_ps.MaskedTSZTheory : 0.0165637 s (46067 evaluations, 763.041 s total)
[mcmc]  - Acceptance rate: 0.488
[mcmc]  - Convergence of means: R-1 = 0.023325 after 18464 accepted steps
[mcmc]  - Updated covariance matrix of proposal pdf.
[mcmc] Learn + convergence test @ 23120 samples accepted.
[likelihoodcollection] Average computation time:
   flamingo.inference.masked_ps.MaskedBandPowerLikelihood : 5.5238e-05 s (46156 evaluations, 2.54957 s total)
[theorycollection] Average computation time:
   flamingo.inference.masked_ps.MaskedTSZTheory : 0.0165636 s (46156 evaluations, 764.511 s total)
[mcmc]  - Acceptance rate: 0.488
[mcmc]  - Convergence of means: R-1 = 0.022739 after 18496 accepted steps
[mcmc]  - Updated covariance matrix of proposal pdf.
[mcmc] Learn + convergence test @ 23160 samples accepted.
[likelihoodcollection] Average computation time:
   flamingo.inference.masked_ps.MaskedBandPowerLikelihood : 5.52317e-05 s (46243 evaluations, 2.55408 s total)
[theorycollection] Average computation time:
   flamingo.inference.masked_ps.MaskedTSZTheory : 0.0165634 s (46243 evaluations, 765.941 s total)
[mcmc]  - Acceptance rate: 0.488
[mcmc]  - Convergence of means: R-1 = 0.023164 after 18528 accepted steps
[mcmc]  - Updated covariance matrix of proposal pdf.
[mcmc] Learn + convergence test @ 23200 samples accepted.
[likelihoodcollection] Average computation time:
   flamingo.inference.masked_ps.MaskedBandPowerLikelihood : 5.52283e-05 s (46343 evaluations, 2.55945 s total)
[theorycollection] Average computation time:
   flamingo.inference.masked_ps.MaskedTSZTheory : 0.0165639 s (46343 evaluations, 767.623 s total)
[mcmc]  - Acceptance rate: 0.488
[mcmc]  - Convergence of means: R-1 = 0.023102 after 18560 accepted steps
[mcmc]  - Updated covariance matrix of proposal pdf.
[mcmc] Learn + convergence test @ 23240 samples accepted.
[likelihoodcollection] Average computation time:
   flamingo.inference.masked_ps.MaskedBandPowerLikelihood : 5.52256e-05 s (46408 evaluations, 2.56291 s total)
[theorycollection] Average computation time:
   flamingo.inference.masked_ps.MaskedTSZTheory : 0.0165641 s (46408 evaluations, 768.707 s total)
[mcmc]  - Acceptance rate: 0.488
[mcmc]  - Convergence of means: R-1 = 0.023913 after 18592 accepted steps
[mcmc]  - Updated covariance matrix of proposal pdf.
[mcmc] Learn + convergence test @ 23280 samples accepted.
[likelihoodcollection] Average computation time:
   flamingo.inference.masked_ps.MaskedBandPowerLikelihood : 5.52267e-05 s (46479 evaluations, 2.56688 s total)
[theorycollection] Average computation time:
   flamingo.inference.masked_ps.MaskedTSZTheory : 0.0165646 s (46479 evaluations, 769.906 s total)
[mcmc]  - Acceptance rate: 0.488
[mcmc]  - Convergence of means: R-1 = 0.023250 after 18624 accepted steps
[mcmc]  - Updated covariance matrix of proposal pdf.
[mcmc] Learn + convergence test @ 23320 samples accepted.
[likelihoodcollection] Average computation time:
   flamingo.inference.masked_ps.MaskedBandPowerLikelihood : 5.52279e-05 s (46561 evaluations, 2.57147 s total)
[theorycollection] Average computation time:
   flamingo.inference.masked_ps.MaskedTSZTheory : 0.016565 s (46561 evaluations, 771.284 s total)
[mcmc]  - Acceptance rate: 0.488
[mcmc]  - Convergence of means: R-1 = 0.023878 after 18656 accepted steps
[mcmc]  - Updated covariance matrix of proposal pdf.
[mcmc] Learn + convergence test @ 23360 samples accepted.
[likelihoodcollection] Average computation time:
   flamingo.inference.masked_ps.MaskedBandPowerLikelihood : 5.5223e-05 s (46640 evaluations, 2.5756 s total)
[theorycollection] Average computation time:
   flamingo.inference.masked_ps.MaskedTSZTheory : 0.0165647 s (46640 evaluations, 772.579 s total)
[mcmc]  - Acceptance rate: 0.488
[mcmc]  - Convergence of means: R-1 = 0.023024 after 18688 accepted steps
[mcmc]  - Updated covariance matrix of proposal pdf.
[mcmc] Learn + convergence test @ 23400 samples accepted.
[likelihoodcollection] Average computation time:
   flamingo.inference.masked_ps.MaskedBandPowerLikelihood : 5.52194e-05 s (46718 evaluations, 2.57974 s total)
[theorycollection] Average computation time:
   flamingo.inference.masked_ps.MaskedTSZTheory : 0.0165644 s (46718 evaluations, 773.854 s total)
[mcmc]  - Acceptance rate: 0.488
[mcmc]  - Convergence of means: R-1 = 0.021879 after 18720 accepted steps
[mcmc]  - Updated covariance matrix of proposal pdf.
[mcmc] Learn + convergence test @ 23440 samples accepted.
[likelihoodcollection] Average computation time:
   flamingo.inference.masked_ps.MaskedBandPowerLikelihood : 5.52087e-05 s (46807 evaluations, 2.58415 s total)
[theorycollection] Average computation time:
   flamingo.inference.masked_ps.MaskedTSZTheory : 0.0165643 s (46807 evaluations, 775.326 s total)
[mcmc]  - Acceptance rate: 0.488
[mcmc]  - Convergence of means: R-1 = 0.020681 after 18752 accepted steps
[mcmc]  - Updated covariance matrix of proposal pdf.
[mcmc] Learn + convergence test @ 23480 samples accepted.
[likelihoodcollection] Average computation time:
   flamingo.inference.masked_ps.MaskedBandPowerLikelihood : 5.5212e-05 s (46880 evaluations, 2.58834 s total)
[theorycollection] Average computation time:
   flamingo.inference.masked_ps.MaskedTSZTheory : 0.0165643 s (46880 evaluations, 776.536 s total)
[mcmc]  - Acceptance rate: 0.488
[mcmc]  - Convergence of means: R-1 = 0.019088 after 18784 accepted steps
[mcmc]  - Updated covariance matrix of proposal pdf.
[mcmc] Learn + convergence test @ 23520 samples accepted.
[likelihoodcollection] Average computation time:
   flamingo.inference.masked_ps.MaskedBandPowerLikelihood : 5.52179e-05 s (46956 evaluations, 2.59281 s total)
[theorycollection] Average computation time:
   flamingo.inference.masked_ps.MaskedTSZTheory : 0.0165643 s (46956 evaluations, 777.795 s total)
[mcmc]  - Acceptance rate: 0.488
[mcmc]  - Convergence of means: R-1 = 0.019085 after 18816 accepted steps
[mcmc]  - Updated covariance matrix of proposal pdf.
[mcmc] Learn + convergence test @ 23560 samples accepted.
[likelihoodcollection] Average computation time:
   flamingo.inference.masked_ps.MaskedBandPowerLikelihood : 5.5216e-05 s (47043 evaluations, 2.59753 s total)
[theorycollection] Average computation time:
   flamingo.inference.masked_ps.MaskedTSZTheory : 0.0165648 s (47043 evaluations, 779.259 s total)
[mcmc]  - Acceptance rate: 0.488
[mcmc]  - Convergence of means: R-1 = 0.018355 after 18848 accepted steps
[mcmc]  - Updated covariance matrix of proposal pdf.
[mcmc] Learn + convergence test @ 23600 samples accepted.
[likelihoodcollection] Average computation time:
   flamingo.inference.masked_ps.MaskedBandPowerLikelihood : 5.52185e-05 s (47122 evaluations, 2.60201 s total)
[theorycollection] Average computation time:
   flamingo.inference.masked_ps.MaskedTSZTheory : 0.0165656 s (47122 evaluations, 780.603 s total)
[mcmc]  - Acceptance rate: 0.488
[mcmc]  - Convergence of means: R-1 = 0.018490 after 18880 accepted steps
[mcmc]  - Updated covariance matrix of proposal pdf.
[mcmc] Learn + convergence test @ 23640 samples accepted.
[likelihoodcollection] Average computation time:
   flamingo.inference.masked_ps.MaskedBandPowerLikelihood : 5.52124e-05 s (47193 evaluations, 2.60564 s total)
[theorycollection] Average computation time:
   flamingo.inference.masked_ps.MaskedTSZTheory : 0.0165657 s (47193 evaluations, 781.784 s total)
[mcmc]  - Acceptance rate: 0.488
[mcmc]  - Convergence of means: R-1 = 0.018140 after 18912 accepted steps
[mcmc]  - Updated covariance matrix of proposal pdf.
[mcmc] Learn + convergence test @ 23680 samples accepted.
[likelihoodcollection] Average computation time:
   flamingo.inference.masked_ps.MaskedBandPowerLikelihood : 5.52229e-05 s (47271 evaluations, 2.61044 s total)
[theorycollection] Average computation time:
   flamingo.inference.masked_ps.MaskedTSZTheory : 0.0165666 s (47271 evaluations, 783.121 s total)
[mcmc]  - Acceptance rate: 0.488
[mcmc]  - Convergence of means: R-1 = 0.018217 after 18944 accepted steps
[mcmc]  - Updated covariance matrix of proposal pdf.
[mcmc] Learn + convergence test @ 23720 samples accepted.
[likelihoodcollection] Average computation time:
   flamingo.inference.masked_ps.MaskedBandPowerLikelihood : 5.52301e-05 s (47356 evaluations, 2.61548 s total)
[theorycollection] Average computation time:
   flamingo.inference.masked_ps.MaskedTSZTheory : 0.0165669 s (47356 evaluations, 784.542 s total)
[mcmc]  - Acceptance rate: 0.488
[mcmc]  - Convergence of means: R-1 = 0.018368 after 18976 accepted steps
[mcmc]  - Updated covariance matrix of proposal pdf.
[mcmc] Learn + convergence test @ 23760 samples accepted.
[likelihoodcollection] Average computation time:
   flamingo.inference.masked_ps.MaskedBandPowerLikelihood : 5.52303e-05 s (47440 evaluations, 2.62013 s total)
[theorycollection] Average computation time:
   flamingo.inference.masked_ps.MaskedTSZTheory : 0.0165666 s (47440 evaluations, 785.919 s total)
[mcmc]  - Acceptance rate: 0.488
[mcmc]  - Convergence of means: R-1 = 0.016501 after 19008 accepted steps
[mcmc]  - Updated covariance matrix of proposal pdf.
[mcmc] Learn + convergence test @ 23800 samples accepted.
[likelihoodcollection] Average computation time:
   flamingo.inference.masked_ps.MaskedBandPowerLikelihood : 5.52292e-05 s (47519 evaluations, 2.62444 s total)
[theorycollection] Average computation time:
   flamingo.inference.masked_ps.MaskedTSZTheory : 0.0165665 s (47519 evaluations, 787.222 s total)
[mcmc]  - Acceptance rate: 0.488
[mcmc]  - Convergence of means: R-1 = 0.015644 after 19040 accepted steps
[mcmc]  - Updated covariance matrix of proposal pdf.
[mcmc] Learn + convergence test @ 23840 samples accepted.
[likelihoodcollection] Average computation time:
   flamingo.inference.masked_ps.MaskedBandPowerLikelihood : 5.52254e-05 s (47607 evaluations, 2.62912 s total)
[theorycollection] Average computation time:
   flamingo.inference.masked_ps.MaskedTSZTheory : 0.0165664 s (47607 evaluations, 788.675 s total)
[mcmc]  - Acceptance rate: 0.488
[mcmc]  - Convergence of means: R-1 = 0.014672 after 19072 accepted steps
[mcmc]  - Updated covariance matrix of proposal pdf.
[mcmc] Learn + convergence test @ 23880 samples accepted.
[likelihoodcollection] Average computation time:
   flamingo.inference.masked_ps.MaskedBandPowerLikelihood : 5.52272e-05 s (47700 evaluations, 2.63434 s total)
[theorycollection] Average computation time:
   flamingo.inference.masked_ps.MaskedTSZTheory : 0.0165665 s (47700 evaluations, 790.221 s total)
[mcmc]  - Acceptance rate: 0.488
[mcmc]  - Convergence of means: R-1 = 0.014952 after 19104 accepted steps
[mcmc]  - Updated covariance matrix of proposal pdf.
[mcmc] Learn + convergence test @ 23920 samples accepted.
[likelihoodcollection] Average computation time:
   flamingo.inference.masked_ps.MaskedBandPowerLikelihood : 5.52352e-05 s (47781 evaluations, 2.63919 s total)
[theorycollection] Average computation time:
   flamingo.inference.masked_ps.MaskedTSZTheory : 0.0165667 s (47781 evaluations, 791.575 s total)
[mcmc]  - Acceptance rate: 0.488
[mcmc]  - Convergence of means: R-1 = 0.015668 after 19136 accepted steps
[mcmc]  - Updated covariance matrix of proposal pdf.
[mcmc] Learn + convergence test @ 23960 samples accepted.
[likelihoodcollection] Average computation time:
   flamingo.inference.masked_ps.MaskedBandPowerLikelihood : 5.5243e-05 s (47869 evaluations, 2.64442 s total)
[theorycollection] Average computation time:
   flamingo.inference.masked_ps.MaskedTSZTheory : 0.0165668 s (47869 evaluations, 793.035 s total)
[mcmc]  - Acceptance rate: 0.488
[mcmc]  - Convergence of means: R-1 = 0.014900 after 19168 accepted steps
[mcmc]  - Updated covariance matrix of proposal pdf.
[mcmc] Learn + convergence test @ 24000 samples accepted.
[likelihoodcollection] Average computation time:
   flamingo.inference.masked_ps.MaskedBandPowerLikelihood : 5.52515e-05 s (47950 evaluations, 2.64931 s total)
[theorycollection] Average computation time:
   flamingo.inference.masked_ps.MaskedTSZTheory : 0.0165674 s (47950 evaluations, 794.407 s total)
[mcmc]  - Acceptance rate: 0.488
[mcmc]  - Convergence of means: R-1 = 0.015846 after 19200 accepted steps
[mcmc]  - Updated covariance matrix of proposal pdf.
[mcmc] Learn + convergence test @ 24040 samples accepted.
[likelihoodcollection] Average computation time:
   flamingo.inference.masked_ps.MaskedBandPowerLikelihood : 5.52536e-05 s (48010 evaluations, 2.65273 s total)
[theorycollection] Average computation time:
   flamingo.inference.masked_ps.MaskedTSZTheory : 0.0165673 s (48010 evaluations, 795.395 s total)
[mcmc]  - Acceptance rate: 0.488
[mcmc]  - Convergence of means: R-1 = 0.017964 after 19232 accepted steps
[mcmc]  - Updated covariance matrix of proposal pdf.
[mcmc] Learn + convergence test @ 24080 samples accepted.
[likelihoodcollection] Average computation time:
   flamingo.inference.masked_ps.MaskedBandPowerLikelihood : 5.52493e-05 s (48078 evaluations, 2.65628 s total)
[theorycollection] Average computation time:
   flamingo.inference.masked_ps.MaskedTSZTheory : 0.0165671 s (48078 evaluations, 796.515 s total)
[mcmc]  - Acceptance rate: 0.488
[mcmc]  - Convergence of means: R-1 = 0.016838 after 19264 accepted steps
[mcmc]  - Updated covariance matrix of proposal pdf.
[mcmc] Learn + convergence test @ 24120 samples accepted.
[likelihoodcollection] Average computation time:
   flamingo.inference.masked_ps.MaskedBandPowerLikelihood : 5.52485e-05 s (48159 evaluations, 2.66071 s total)
[theorycollection] Average computation time:
   flamingo.inference.masked_ps.MaskedTSZTheory : 0.0165669 s (48159 evaluations, 797.845 s total)
[mcmc]  - Acceptance rate: 0.488
[mcmc]  - Convergence of means: R-1 = 0.014967 after 19296 accepted steps
[mcmc]  - Updated covariance matrix of proposal pdf.
[mcmc] Learn + convergence test @ 24160 samples accepted.
[likelihoodcollection] Average computation time:
   flamingo.inference.masked_ps.MaskedBandPowerLikelihood : 5.52451e-05 s (48235 evaluations, 2.66475 s total)
[theorycollection] Average computation time:
   flamingo.inference.masked_ps.MaskedTSZTheory : 0.0165669 s (48235 evaluations, 799.106 s total)
[mcmc]  - Acceptance rate: 0.489
[mcmc]  - Convergence of means: R-1 = 0.014904 after 19328 accepted steps
[mcmc]  - Updated covariance matrix of proposal pdf.
[mcmc] Learn + convergence test @ 24200 samples accepted.
[likelihoodcollection] Average computation time:
   flamingo.inference.masked_ps.MaskedBandPowerLikelihood : 5.52426e-05 s (48311 evaluations, 2.66883 s total)
[theorycollection] Average computation time:
   flamingo.inference.masked_ps.MaskedTSZTheory : 0.0165669 s (48311 evaluations, 800.363 s total)
[mcmc]  - Acceptance rate: 0.489
[mcmc]  - Convergence of means: R-1 = 0.015027 after 19360 accepted steps
[mcmc]  - Updated covariance matrix of proposal pdf.
[mcmc] Learn + convergence test @ 24240 samples accepted.
[likelihoodcollection] Average computation time:
   flamingo.inference.masked_ps.MaskedBandPowerLikelihood : 5.52416e-05 s (48396 evaluations, 2.67347 s total)
[theorycollection] Average computation time:
   flamingo.inference.masked_ps.MaskedTSZTheory : 0.0165671 s (48396 evaluations, 801.782 s total)
[mcmc]  - Acceptance rate: 0.488
[mcmc]  - Convergence of means: R-1 = 0.014732 after 19392 accepted steps
[mcmc]  - Updated covariance matrix of proposal pdf.
[mcmc] Learn + convergence test @ 24280 samples accepted.
[likelihoodcollection] Average computation time:
   flamingo.inference.masked_ps.MaskedBandPowerLikelihood : 5.52469e-05 s (48482 evaluations, 2.67848 s total)
[theorycollection] Average computation time:
   flamingo.inference.masked_ps.MaskedTSZTheory : 0.0165676 s (48482 evaluations, 803.23 s total)
[mcmc]  - Acceptance rate: 0.488
[mcmc]  - Convergence of means: R-1 = 0.013997 after 19424 accepted steps
[mcmc]  - Updated covariance matrix of proposal pdf.
[mcmc] Learn + convergence test @ 24320 samples accepted.
[likelihoodcollection] Average computation time:
   flamingo.inference.masked_ps.MaskedBandPowerLikelihood : 5.52515e-05 s (48565 evaluations, 2.68329 s total)
[theorycollection] Average computation time:
   flamingo.inference.masked_ps.MaskedTSZTheory : 0.016568 s (48565 evaluations, 804.625 s total)
[mcmc]  - Acceptance rate: 0.488
[mcmc]  - Convergence of means: R-1 = 0.013689 after 19456 accepted steps
[mcmc]  - Updated covariance matrix of proposal pdf.
[mcmc] Learn + convergence test @ 24360 samples accepted.
[likelihoodcollection] Average computation time:
   flamingo.inference.masked_ps.MaskedBandPowerLikelihood : 5.5256e-05 s (48672 evaluations, 2.68942 s total)
[theorycollection] Average computation time:
   flamingo.inference.masked_ps.MaskedTSZTheory : 0.016568 s (48672 evaluations, 806.4 s total)
[mcmc]  - Acceptance rate: 0.488
[mcmc]  - Convergence of means: R-1 = 0.013694 after 19488 accepted steps
[mcmc]  - Updated covariance matrix of proposal pdf.
[mcmc] Learn + convergence test @ 24400 samples accepted.
[likelihoodcollection] Average computation time:
   flamingo.inference.masked_ps.MaskedBandPowerLikelihood : 5.52599e-05 s (48770 evaluations, 2.69503 s total)
[theorycollection] Average computation time:
   flamingo.inference.masked_ps.MaskedTSZTheory : 0.0165685 s (48770 evaluations, 808.044 s total)
[mcmc]  - Acceptance rate: 0.487
[mcmc]  - Convergence of means: R-1 = 0.013538 after 19520 accepted steps
[mcmc]  - Updated covariance matrix of proposal pdf.
[mcmc] Learn + convergence test @ 24440 samples accepted.
[likelihoodcollection] Average computation time:
   flamingo.inference.masked_ps.MaskedBandPowerLikelihood : 5.52678e-05 s (48859 evaluations, 2.70033 s total)
[theorycollection] Average computation time:
   flamingo.inference.masked_ps.MaskedTSZTheory : 0.0165688 s (48859 evaluations, 809.537 s total)
[mcmc]  - Acceptance rate: 0.487
[mcmc]  - Convergence of means: R-1 = 0.014511 after 19552 accepted steps
[mcmc]  - Updated covariance matrix of proposal pdf.
[mcmc] Learn + convergence test @ 24480 samples accepted.
[likelihoodcollection] Average computation time:
   flamingo.inference.masked_ps.MaskedBandPowerLikelihood : 5.52642e-05 s (48945 evaluations, 2.70491 s total)
[theorycollection] Average computation time:
   flamingo.inference.masked_ps.MaskedTSZTheory : 0.0165688 s (48945 evaluations, 810.958 s total)
[mcmc]  - Acceptance rate: 0.487
[mcmc]  - Convergence of means: R-1 = 0.015232 after 19584 accepted steps
[mcmc]  - Updated covariance matrix of proposal pdf.
[mcmc] Learn + convergence test @ 24520 samples accepted.
[likelihoodcollection] Average computation time:
   flamingo.inference.masked_ps.MaskedBandPowerLikelihood : 5.52639e-05 s (49034 evaluations, 2.70981 s total)
[theorycollection] Average computation time:
   flamingo.inference.masked_ps.MaskedTSZTheory : 0.0165691 s (49034 evaluations, 812.448 s total)
[mcmc]  - Acceptance rate: 0.487
[mcmc]  - Convergence of means: R-1 = 0.015284 after 19616 accepted steps
[mcmc]  - Updated covariance matrix of proposal pdf.
[mcmc] Learn + convergence test @ 24560 samples accepted.
[likelihoodcollection] Average computation time:
   flamingo.inference.masked_ps.MaskedBandPowerLikelihood : 5.52692e-05 s (49115 evaluations, 2.71455 s total)
[theorycollection] Average computation time:
   flamingo.inference.masked_ps.MaskedTSZTheory : 0.0165692 s (49115 evaluations, 813.797 s total)
[mcmc]  - Acceptance rate: 0.487
[mcmc]  - Convergence of means: R-1 = 0.015801 after 19648 accepted steps
[mcmc]  - Updated covariance matrix of proposal pdf.
[mcmc] Learn + convergence test @ 24600 samples accepted.
[likelihoodcollection] Average computation time:
   flamingo.inference.masked_ps.MaskedBandPowerLikelihood : 5.52699e-05 s (49192 evaluations, 2.71884 s total)
[theorycollection] Average computation time:
   flamingo.inference.masked_ps.MaskedTSZTheory : 0.0165689 s (49192 evaluations, 815.056 s total)
[mcmc]  - Acceptance rate: 0.487
[mcmc]  - Convergence of means: R-1 = 0.016568 after 19680 accepted steps
[mcmc]  - Updated covariance matrix of proposal pdf.
[mcmc] Learn + convergence test @ 24640 samples accepted.
[likelihoodcollection] Average computation time:
   flamingo.inference.masked_ps.MaskedBandPowerLikelihood : 5.5268e-05 s (49281 evaluations, 2.72366 s total)
[theorycollection] Average computation time:
   flamingo.inference.masked_ps.MaskedTSZTheory : 0.0165687 s (49281 evaluations, 816.524 s total)
[mcmc]  - Acceptance rate: 0.487
[mcmc]  - Convergence of means: R-1 = 0.015948 after 19712 accepted steps
[mcmc]  - Updated covariance matrix of proposal pdf.
[mcmc] Learn + convergence test @ 24680 samples accepted.
[likelihoodcollection] Average computation time:
   flamingo.inference.masked_ps.MaskedBandPowerLikelihood : 5.52638e-05 s (49351 evaluations, 2.72732 s total)
[theorycollection] Average computation time:
   flamingo.inference.masked_ps.MaskedTSZTheory : 0.0165685 s (49351 evaluations, 817.674 s total)
[mcmc]  - Acceptance rate: 0.487
[mcmc]  - Convergence of means: R-1 = 0.014805 after 19744 accepted steps
[mcmc]  - Updated covariance matrix of proposal pdf.
[mcmc] Learn + convergence test @ 24720 samples accepted.
[likelihoodcollection] Average computation time:
   flamingo.inference.masked_ps.MaskedBandPowerLikelihood : 5.5268e-05 s (49413 evaluations, 2.73096 s total)
[theorycollection] Average computation time:
   flamingo.inference.masked_ps.MaskedTSZTheory : 0.0165686 s (49413 evaluations, 818.702 s total)
[mcmc]  - Acceptance rate: 0.487
[mcmc]  - Convergence of means: R-1 = 0.015156 after 19776 accepted steps
[mcmc]  - Updated covariance matrix of proposal pdf.
[mcmc] Learn + convergence test @ 24760 samples accepted.
[likelihoodcollection] Average computation time:
   flamingo.inference.masked_ps.MaskedBandPowerLikelihood : 5.52692e-05 s (49494 evaluations, 2.73549 s total)
[theorycollection] Average computation time:
   flamingo.inference.masked_ps.MaskedTSZTheory : 0.0165691 s (49494 evaluations, 820.071 s total)
[mcmc]  - Acceptance rate: 0.487
[mcmc]  - Convergence of means: R-1 = 0.016544 after 19808 accepted steps
[mcmc]  - Updated covariance matrix of proposal pdf.
[mcmc] Progress @ 2026-08-03 01:05:53 : 50000 steps taken, and 24792 accepted.
[mcmc] Learn + convergence test @ 24800 samples accepted.
[likelihoodcollection] Average computation time:
   flamingo.inference.masked_ps.MaskedBandPowerLikelihood : 5.52712e-05 s (49574 evaluations, 2.74001 s total)
[theorycollection] Average computation time:
   flamingo.inference.masked_ps.MaskedTSZTheory : 0.0165695 s (49574 evaluations, 821.416 s total)
[mcmc]  - Acceptance rate: 0.487
[mcmc]  - Convergence of means: R-1 = 0.015803 after 19840 accepted steps
[mcmc]  - Updated covariance matrix of proposal pdf.
[mcmc] Learn + convergence test @ 24840 samples accepted.
[likelihoodcollection] Average computation time:
   flamingo.inference.masked_ps.MaskedBandPowerLikelihood : 5.52687e-05 s (49645 evaluations, 2.74382 s total)
[theorycollection] Average computation time:
   flamingo.inference.masked_ps.MaskedTSZTheory : 0.0165695 s (49645 evaluations, 822.593 s total)
[mcmc]  - Acceptance rate: 0.487
[mcmc]  - Convergence of means: R-1 = 0.016230 after 19872 accepted steps
[mcmc]  - Updated covariance matrix of proposal pdf.
[mcmc] Learn + convergence test @ 24880 samples accepted.
[likelihoodcollection] Average computation time:
   flamingo.inference.masked_ps.MaskedBandPowerLikelihood : 5.52651e-05 s (49713 evaluations, 2.74739 s total)
[theorycollection] Average computation time:
   flamingo.inference.masked_ps.MaskedTSZTheory : 0.0165694 s (49713 evaluations, 823.717 s total)
[mcmc]  - Acceptance rate: 0.488
[mcmc]  - Convergence of means: R-1 = 0.015070 after 19904 accepted steps
[mcmc]  - Updated covariance matrix of proposal pdf.
[mcmc] Learn + convergence test @ 24920 samples accepted.
[likelihoodcollection] Average computation time:
   flamingo.inference.masked_ps.MaskedBandPowerLikelihood : 5.52669e-05 s (49800 evaluations, 2.75229 s total)
[theorycollection] Average computation time:
   flamingo.inference.masked_ps.MaskedTSZTheory : 0.0165697 s (49800 evaluations, 825.17 s total)
[mcmc]  - Acceptance rate: 0.487
[mcmc]  - Convergence of means: R-1 = 0.015129 after 19936 accepted steps
[mcmc]  - Updated covariance matrix of proposal pdf.
[mcmc] Learn + convergence test @ 24960 samples accepted.
[likelihoodcollection] Average computation time:
   flamingo.inference.masked_ps.MaskedBandPowerLikelihood : 5.5262e-05 s (49886 evaluations, 2.7568 s total)
[theorycollection] Average computation time:
   flamingo.inference.masked_ps.MaskedTSZTheory : 0.0165697 s (49886 evaluations, 826.594 s total)
[mcmc]  - Acceptance rate: 0.487
[mcmc]  - Convergence of means: R-1 = 0.014469 after 19968 accepted steps
[mcmc]  - Updated covariance matrix of proposal pdf.
[mcmc] Learn + convergence test @ 25000 samples accepted.
[likelihoodcollection] Average computation time:
   flamingo.inference.masked_ps.MaskedBandPowerLikelihood : 5.52559e-05 s (49975 evaluations, 2.76141 s total)
[theorycollection] Average computation time:
   flamingo.inference.masked_ps.MaskedTSZTheory : 0.0165693 s (49975 evaluations, 828.053 s total)
[mcmc]  - Acceptance rate: 0.487
[mcmc]  - Convergence of means: R-1 = 0.013076 after 20000 accepted steps
[mcmc]  - Updated covariance matrix of proposal pdf.
[mcmc] Learn + convergence test @ 25040 samples accepted.
[likelihoodcollection] Average computation time:
   flamingo.inference.masked_ps.MaskedBandPowerLikelihood : 5.5256e-05 s (50046 evaluations, 2.76534 s total)
[theorycollection] Average computation time:
   flamingo.inference.masked_ps.MaskedTSZTheory : 0.0165698 s (50046 evaluations, 829.252 s total)
[mcmc]  - Acceptance rate: 0.487
[mcmc]  - Convergence of means: R-1 = 0.012729 after 20032 accepted steps
[mcmc]  - Updated covariance matrix of proposal pdf.
[mcmc] Learn + convergence test @ 25080 samples accepted.
[likelihoodcollection] Average computation time:
   flamingo.inference.masked_ps.MaskedBandPowerLikelihood : 5.52579e-05 s (50131 evaluations, 2.77013 s total)
[theorycollection] Average computation time:
   flamingo.inference.masked_ps.MaskedTSZTheory : 0.0165699 s (50131 evaluations, 830.668 s total)
[mcmc]  - Acceptance rate: 0.487
[mcmc]  - Convergence of means: R-1 = 0.013068 after 20064 accepted steps
[mcmc]  - Updated covariance matrix of proposal pdf.
[mcmc] Learn + convergence test @ 25120 samples accepted.
[likelihoodcollection] Average computation time:
   flamingo.inference.masked_ps.MaskedBandPowerLikelihood : 5.52501e-05 s (50214 evaluations, 2.77433 s total)
[theorycollection] Average computation time:
   flamingo.inference.masked_ps.MaskedTSZTheory : 0.0165696 s (50214 evaluations, 832.024 s total)
[mcmc]  - Acceptance rate: 0.487
[mcmc]  - Convergence of means: R-1 = 0.013063 after 20096 accepted steps
[mcmc]  - Updated covariance matrix of proposal pdf.
[mcmc] Learn + convergence test @ 25160 samples accepted.
[likelihoodcollection] Average computation time:
   flamingo.inference.masked_ps.MaskedBandPowerLikelihood : 5.52472e-05 s (50286 evaluations, 2.77816 s total)
[theorycollection] Average computation time:
   flamingo.inference.masked_ps.MaskedTSZTheory : 0.0165692 s (50286 evaluations, 833.2 s total)
[mcmc]  - Acceptance rate: 0.487
[mcmc]  - Convergence of means: R-1 = 0.011833 after 20128 accepted steps
[mcmc]  - Updated covariance matrix of proposal pdf.
[mcmc] Learn + convergence test @ 25200 samples accepted.
[likelihoodcollection] Average computation time:
   flamingo.inference.masked_ps.MaskedBandPowerLikelihood : 5.52484e-05 s (50372 evaluations, 2.78297 s total)
[theorycollection] Average computation time:
   flamingo.inference.masked_ps.MaskedTSZTheory : 0.0165693 s (50372 evaluations, 834.628 s total)
[mcmc]  - Acceptance rate: 0.487
[mcmc]  - Convergence of means: R-1 = 0.011806 after 20160 accepted steps
[mcmc]  - Updated covariance matrix of proposal pdf.
[mcmc] Learn + convergence test @ 25240 samples accepted.
[likelihoodcollection] Average computation time:
   flamingo.inference.masked_ps.MaskedBandPowerLikelihood : 5.52509e-05 s (50458 evaluations, 2.78785 s total)
[theorycollection] Average computation time:
   flamingo.inference.masked_ps.MaskedTSZTheory : 0.0165694 s (50458 evaluations, 836.058 s total)
[mcmc]  - Acceptance rate: 0.487
[mcmc]  - Convergence of means: R-1 = 0.012599 after 20192 accepted steps
[mcmc]  - Updated covariance matrix of proposal pdf.
[mcmc] Learn + convergence test @ 25280 samples accepted.
[likelihoodcollection] Average computation time:
   flamingo.inference.masked_ps.MaskedBandPowerLikelihood : 5.52636e-05 s (50531 evaluations, 2.79252 s total)
[theorycollection] Average computation time:
   flamingo.inference.masked_ps.MaskedTSZTheory : 0.0165698 s (50531 evaluations, 837.291 s total)
[mcmc]  - Acceptance rate: 0.487
[mcmc]  - Convergence of means: R-1 = 0.012465 after 20224 accepted steps
[mcmc]  - Updated covariance matrix of proposal pdf.
[mcmc] Learn + convergence test @ 25320 samples accepted.
[likelihoodcollection] Average computation time:
   flamingo.inference.masked_ps.MaskedBandPowerLikelihood : 5.52649e-05 s (50633 evaluations, 2.79823 s total)
[theorycollection] Average computation time:
   flamingo.inference.masked_ps.MaskedTSZTheory : 0.0165699 s (50633 evaluations, 838.985 s total)
[mcmc]  - Acceptance rate: 0.487
[mcmc]  - Convergence of means: R-1 = 0.012083 after 20256 accepted steps
[mcmc]  - Updated covariance matrix of proposal pdf.
[mcmc] Learn + convergence test @ 25360 samples accepted.
[likelihoodcollection] Average computation time:
   flamingo.inference.masked_ps.MaskedBandPowerLikelihood : 5.52676e-05 s (50723 evaluations, 2.80334 s total)
[theorycollection] Average computation time:
   flamingo.inference.masked_ps.MaskedTSZTheory : 0.01657 s (50723 evaluations, 840.481 s total)
[mcmc]  - Acceptance rate: 0.487
[mcmc]  - Convergence of means: R-1 = 0.012676 after 20288 accepted steps
[mcmc]  - Updated covariance matrix of proposal pdf.
[mcmc] Learn + convergence test @ 25400 samples accepted.
[likelihoodcollection] Average computation time:
   flamingo.inference.masked_ps.MaskedBandPowerLikelihood : 5.52688e-05 s (50804 evaluations, 2.80788 s total)
[theorycollection] Average computation time:
   flamingo.inference.masked_ps.MaskedTSZTheory : 0.0165703 s (50804 evaluations, 841.839 s total)
[mcmc]  - Acceptance rate: 0.487
[mcmc]  - Convergence of means: R-1 = 0.013266 after 20320 accepted steps
[mcmc]  - Updated covariance matrix of proposal pdf.
[mcmc] Learn + convergence test @ 25440 samples accepted.
[likelihoodcollection] Average computation time:
   flamingo.inference.masked_ps.MaskedBandPowerLikelihood : 5.52668e-05 s (50892 evaluations, 2.81264 s total)
[theorycollection] Average computation time:
   flamingo.inference.masked_ps.MaskedTSZTheory : 0.0165702 s (50892 evaluations, 843.292 s total)
[mcmc]  - Acceptance rate: 0.486
[mcmc]  - Convergence of means: R-1 = 0.014119 after 20352 accepted steps
[mcmc]  - Updated covariance matrix of proposal pdf.
[mcmc] Learn + convergence test @ 25480 samples accepted.
[likelihoodcollection] Average computation time:
   flamingo.inference.masked_ps.MaskedBandPowerLikelihood : 5.52689e-05 s (50958 evaluations, 2.81639 s total)
[theorycollection] Average computation time:
   flamingo.inference.masked_ps.MaskedTSZTheory : 0.0165704 s (50958 evaluations, 844.393 s total)
[mcmc]  - Acceptance rate: 0.487
[mcmc]  - Convergence of means: R-1 = 0.013406 after 20384 accepted steps
[mcmc]  - Updated covariance matrix of proposal pdf.
[mcmc] Learn + convergence test @ 25520 samples accepted.
[likelihoodcollection] Average computation time:
   flamingo.inference.masked_ps.MaskedBandPowerLikelihood : 5.52688e-05 s (51024 evaluations, 2.82003 s total)
[theorycollection] Average computation time:
   flamingo.inference.masked_ps.MaskedTSZTheory : 0.0165697 s (51024 evaluations, 845.451 s total)
[mcmc]  - Acceptance rate: 0.487
[mcmc]  - Convergence of means: R-1 = 0.012918 after 20416 accepted steps
[mcmc]  - Updated covariance matrix of proposal pdf.
[mcmc] Learn + convergence test @ 25560 samples accepted.
[likelihoodcollection] Average computation time:
   flamingo.inference.masked_ps.MaskedBandPowerLikelihood : 5.52723e-05 s (51105 evaluations, 2.82469 s total)
[theorycollection] Average computation time:
   flamingo.inference.masked_ps.MaskedTSZTheory : 0.0165695 s (51105 evaluations, 846.785 s total)
[mcmc]  - Acceptance rate: 0.487
[mcmc]  - Convergence of means: R-1 = 0.013465 after 20448 accepted steps
[mcmc]  - Updated covariance matrix of proposal pdf.
[mcmc] Learn + convergence test @ 25600 samples accepted.
[likelihoodcollection] Average computation time:
   flamingo.inference.masked_ps.MaskedBandPowerLikelihood : 5.52741e-05 s (51188 evaluations, 2.82937 s total)
[theorycollection] Average computation time:
   flamingo.inference.masked_ps.MaskedTSZTheory : 0.0165691 s (51188 evaluations, 848.139 s total)
[mcmc]  - Acceptance rate: 0.487
[mcmc]  - Convergence of means: R-1 = 0.013370 after 20480 accepted steps
[mcmc]  - Updated covariance matrix of proposal pdf.
[mcmc] Learn + convergence test @ 25640 samples accepted.
[likelihoodcollection] Average computation time:
   flamingo.inference.masked_ps.MaskedBandPowerLikelihood : 5.52753e-05 s (51251 evaluations, 2.83292 s total)
[theorycollection] Average computation time:
   flamingo.inference.masked_ps.MaskedTSZTheory : 0.0165691 s (51251 evaluations, 849.184 s total)
[mcmc]  - Acceptance rate: 0.487
[mcmc]  - Convergence of means: R-1 = 0.013363 after 20512 accepted steps
[mcmc]  - Updated covariance matrix of proposal pdf.
[mcmc] Learn + convergence test @ 25680 samples accepted.
[likelihoodcollection] Average computation time:
   flamingo.inference.masked_ps.MaskedBandPowerLikelihood : 5.52716e-05 s (51330 evaluations, 2.83709 s total)
[theorycollection] Average computation time:
   flamingo.inference.masked_ps.MaskedTSZTheory : 0.0165688 s (51330 evaluations, 850.478 s total)
[mcmc]  - Acceptance rate: 0.487
[mcmc]  - Convergence of means: R-1 = 0.013725 after 20544 accepted steps
[mcmc]  - Updated covariance matrix of proposal pdf.
[mcmc] Learn + convergence test @ 25720 samples accepted.
[likelihoodcollection] Average computation time:
   flamingo.inference.masked_ps.MaskedBandPowerLikelihood : 5.52703e-05 s (51401 evaluations, 2.84095 s total)
[theorycollection] Average computation time:
   flamingo.inference.masked_ps.MaskedTSZTheory : 0.016569 s (51401 evaluations, 851.662 s total)
[mcmc]  - Acceptance rate: 0.487
[mcmc]  - Convergence of means: R-1 = 0.016435 after 20576 accepted steps
[mcmc]  - Updated covariance matrix of proposal pdf.
[mcmc] Learn + convergence test @ 25760 samples accepted.
[likelihoodcollection] Average computation time:
   flamingo.inference.masked_ps.MaskedBandPowerLikelihood : 5.52712e-05 s (51501 evaluations, 2.84652 s total)
[theorycollection] Average computation time:
   flamingo.inference.masked_ps.MaskedTSZTheory : 0.0165691 s (51501 evaluations, 853.324 s total)
[mcmc]  - Acceptance rate: 0.487
[mcmc]  - Convergence of means: R-1 = 0.016160 after 20608 accepted steps
[mcmc]  - Updated covariance matrix of proposal pdf.
[mcmc] Learn + convergence test @ 25800 samples accepted.
[likelihoodcollection] Average computation time:
   flamingo.inference.masked_ps.MaskedBandPowerLikelihood : 5.52757e-05 s (51586 evaluations, 2.85145 s total)
[theorycollection] Average computation time:
   flamingo.inference.masked_ps.MaskedTSZTheory : 0.0165692 s (51586 evaluations, 854.74 s total)
[mcmc]  - Acceptance rate: 0.487
[mcmc]  - Convergence of means: R-1 = 0.015749 after 20640 accepted steps
[mcmc]  - Updated covariance matrix of proposal pdf.
[mcmc] Learn + convergence test @ 25840 samples accepted.
[likelihoodcollection] Average computation time:
   flamingo.inference.masked_ps.MaskedBandPowerLikelihood : 5.52826e-05 s (51667 evaluations, 2.85629 s total)
[theorycollection] Average computation time:
   flamingo.inference.masked_ps.MaskedTSZTheory : 0.016569 s (51667 evaluations, 856.069 s total)
[mcmc]  - Acceptance rate: 0.487
[mcmc]  - Convergence of means: R-1 = 0.014820 after 20672 accepted steps
[mcmc]  - Updated covariance matrix of proposal pdf.
[mcmc] Learn + convergence test @ 25880 samples accepted.
[likelihoodcollection] Average computation time:
   flamingo.inference.masked_ps.MaskedBandPowerLikelihood : 5.52817e-05 s (51741 evaluations, 2.86033 s total)
[theorycollection] Average computation time:
   flamingo.inference.masked_ps.MaskedTSZTheory : 0.0165691 s (51741 evaluations, 857.303 s total)
[mcmc]  - Acceptance rate: 0.487
[mcmc]  - Convergence of means: R-1 = 0.016172 after 20704 accepted steps
[mcmc]  - Updated covariance matrix of proposal pdf.
[mcmc] Learn + convergence test @ 25920 samples accepted.
[likelihoodcollection] Average computation time:
   flamingo.inference.masked_ps.MaskedBandPowerLikelihood : 5.52822e-05 s (51809 evaluations, 2.86411 s total)
[theorycollection] Average computation time:
   flamingo.inference.masked_ps.MaskedTSZTheory : 0.0165691 s (51809 evaluations, 858.428 s total)
[mcmc]  - Acceptance rate: 0.487
[mcmc]  - Convergence of means: R-1 = 0.016984 after 20736 accepted steps
[mcmc]  - Updated covariance matrix of proposal pdf.
[mcmc] Learn + convergence test @ 25960 samples accepted.
[likelihoodcollection] Average computation time:
   flamingo.inference.masked_ps.MaskedBandPowerLikelihood : 5.52842e-05 s (51915 evaluations, 2.87008 s total)
[theorycollection] Average computation time:
   flamingo.inference.masked_ps.MaskedTSZTheory : 0.0165698 s (51915 evaluations, 860.222 s total)
[mcmc]  - Acceptance rate: 0.487
[mcmc]  - Convergence of means: R-1 = 0.018783 after 20768 accepted steps
[mcmc]  - Updated covariance matrix of proposal pdf.
[mcmc] Learn + convergence test @ 26000 samples accepted.
[likelihoodcollection] Average computation time:
   flamingo.inference.masked_ps.MaskedBandPowerLikelihood : 5.52775e-05 s (52000 evaluations, 2.87443 s total)
[theorycollection] Average computation time:
   flamingo.inference.masked_ps.MaskedTSZTheory : 0.0165693 s (52000 evaluations, 861.606 s total)
[mcmc]  - Acceptance rate: 0.487
[mcmc]  - Convergence of means: R-1 = 0.019218 after 20800 accepted steps
[mcmc]  - Updated covariance matrix of proposal pdf.
[mcmc] Learn + convergence test @ 26040 samples accepted.
[likelihoodcollection] Average computation time:
   flamingo.inference.masked_ps.MaskedBandPowerLikelihood : 5.52779e-05 s (52077 evaluations, 2.87871 s total)
[theorycollection] Average computation time:
   flamingo.inference.masked_ps.MaskedTSZTheory : 0.016569 s (52077 evaluations, 862.861 s total)
[mcmc]  - Acceptance rate: 0.487
[mcmc]  - Convergence of means: R-1 = 0.018311 after 20832 accepted steps
[mcmc]  - Updated covariance matrix of proposal pdf.
[mcmc] Learn + convergence test @ 26080 samples accepted.
[likelihoodcollection] Average computation time:
   flamingo.inference.masked_ps.MaskedBandPowerLikelihood : 5.52755e-05 s (52154 evaluations, 2.88284 s total)
[theorycollection] Average computation time:
   flamingo.inference.masked_ps.MaskedTSZTheory : 0.016569 s (52154 evaluations, 864.14 s total)
[mcmc]  - Acceptance rate: 0.487
[mcmc]  - Convergence of means: R-1 = 0.019123 after 20864 accepted steps
[mcmc]  - Updated covariance matrix of proposal pdf.
[mcmc] Learn + convergence test @ 26120 samples accepted.
[likelihoodcollection] Average computation time:
   flamingo.inference.masked_ps.MaskedBandPowerLikelihood : 5.5273e-05 s (52240 evaluations, 2.88746 s total)
[theorycollection] Average computation time:
   flamingo.inference.masked_ps.MaskedTSZTheory : 0.0165691 s (52240 evaluations, 865.57 s total)
[mcmc]  - Acceptance rate: 0.487
[mcmc]  - Convergence of means: R-1 = 0.020583 after 20896 accepted steps
[mcmc]  - Updated covariance matrix of proposal pdf.
[mcmc] Learn + convergence test @ 26160 samples accepted.
[likelihoodcollection] Average computation time:
   flamingo.inference.masked_ps.MaskedBandPowerLikelihood : 5.52781e-05 s (52310 evaluations, 2.8916 s total)
[theorycollection] Average computation time:
   flamingo.inference.masked_ps.MaskedTSZTheory : 0.0165692 s (52310 evaluations, 866.733 s total)
[mcmc]  - Acceptance rate: 0.487
[mcmc]  - Convergence of means: R-1 = 0.022325 after 20928 accepted steps
[mcmc]  - Updated covariance matrix of proposal pdf.
[mcmc] Learn + convergence test @ 26200 samples accepted.
[likelihoodcollection] Average computation time:
   flamingo.inference.masked_ps.MaskedBandPowerLikelihood : 5.52792e-05 s (52393 evaluations, 2.89624 s total)
[theorycollection] Average computation time:
   flamingo.inference.masked_ps.MaskedTSZTheory : 0.0165693 s (52393 evaluations, 868.113 s total)
[mcmc]  - Acceptance rate: 0.487
[mcmc]  - Convergence of means: R-1 = 0.023026 after 20960 accepted steps
[mcmc]  - Updated covariance matrix of proposal pdf.
[mcmc] Learn + convergence test @ 26240 samples accepted.
[likelihoodcollection] Average computation time:
   flamingo.inference.masked_ps.MaskedBandPowerLikelihood : 5.52758e-05 s (52472 evaluations, 2.90043 s total)
[theorycollection] Average computation time:
   flamingo.inference.masked_ps.MaskedTSZTheory : 0.0165695 s (52472 evaluations, 869.435 s total)
[mcmc]  - Acceptance rate: 0.487
[mcmc]  - Convergence of means: R-1 = 0.023687 after 20992 accepted steps
[mcmc]  - Updated covariance matrix of proposal pdf.
[mcmc] Learn + convergence test @ 26280 samples accepted.
[likelihoodcollection] Average computation time:
   flamingo.inference.masked_ps.MaskedBandPowerLikelihood : 5.5272e-05 s (52553 evaluations, 2.90471 s total)
[theorycollection] Average computation time:
   flamingo.inference.masked_ps.MaskedTSZTheory : 0.0165693 s (52553 evaluations, 870.768 s total)
[mcmc]  - Acceptance rate: 0.487
[mcmc]  - Convergence of means: R-1 = 0.024394 after 21024 accepted steps
[mcmc]  - Updated covariance matrix of proposal pdf.
[mcmc] Learn + convergence test @ 26320 samples accepted.
[likelihoodcollection] Average computation time:
   flamingo.inference.masked_ps.MaskedBandPowerLikelihood : 5.52743e-05 s (52626 evaluations, 2.90886 s total)
[theorycollection] Average computation time:
   flamingo.inference.masked_ps.MaskedTSZTheory : 0.0165692 s (52626 evaluations, 871.971 s total)
[mcmc]  - Acceptance rate: 0.487
[mcmc]  - Convergence of means: R-1 = 0.025452 after 21056 accepted steps
[mcmc]  - Updated covariance matrix of proposal pdf.
[mcmc] Learn + convergence test @ 26360 samples accepted.
[likelihoodcollection] Average computation time:
   flamingo.inference.masked_ps.MaskedBandPowerLikelihood : 5.52797e-05 s (52716 evaluations, 2.91413 s total)
[theorycollection] Average computation time:
   flamingo.inference.masked_ps.MaskedTSZTheory : 0.0165697 s (52716 evaluations, 873.487 s total)
[mcmc]  - Acceptance rate: 0.487
[mcmc]  - Convergence of means: R-1 = 0.026139 after 21088 accepted steps
[mcmc]  - Updated covariance matrix of proposal pdf.
[mcmc] Learn + convergence test @ 26400 samples accepted.
[likelihoodcollection] Average computation time:
   flamingo.inference.masked_ps.MaskedBandPowerLikelihood : 5.52772e-05 s (52798 evaluations, 2.91852 s total)
[theorycollection] Average computation time:
   flamingo.inference.masked_ps.MaskedTSZTheory : 0.0165698 s (52798 evaluations, 874.85 s total)
[mcmc]  - Acceptance rate: 0.487
[mcmc]  - Convergence of means: R-1 = 0.025742 after 21120 accepted steps
[mcmc]  - Updated covariance matrix of proposal pdf.
[mcmc] Learn + convergence test @ 26440 samples accepted.
[likelihoodcollection] Average computation time:
   flamingo.inference.masked_ps.MaskedBandPowerLikelihood : 5.52689e-05 s (52882 evaluations, 2.92273 s total)
[theorycollection] Average computation time:
   flamingo.inference.masked_ps.MaskedTSZTheory : 0.0165692 s (52882 evaluations, 876.211 s total)
[mcmc]  - Acceptance rate: 0.487
[mcmc]  - Convergence of means: R-1 = 0.026460 after 21152 accepted steps
[mcmc]  - Updated covariance matrix of proposal pdf.
[mcmc] Learn + convergence test @ 26480 samples accepted.
[likelihoodcollection] Average computation time:
   flamingo.inference.masked_ps.MaskedBandPowerLikelihood : 5.52712e-05 s (52955 evaluations, 2.92688 s total)
[theorycollection] Average computation time:
   flamingo.inference.masked_ps.MaskedTSZTheory : 0.016569 s (52955 evaluations, 877.412 s total)
[mcmc]  - Acceptance rate: 0.487
[mcmc]  - Convergence of means: R-1 = 0.026982 after 21184 accepted steps
[mcmc]  - Updated covariance matrix of proposal pdf.
[mcmc] Learn + convergence test @ 26520 samples accepted.
[likelihoodcollection] Average computation time:
   flamingo.inference.masked_ps.MaskedBandPowerLikelihood : 5.52751e-05 s (53053 evaluations, 2.93251 s total)
[theorycollection] Average computation time:
   flamingo.inference.masked_ps.MaskedTSZTheory : 0.0165693 s (53053 evaluations, 879.05 s total)
[mcmc]  - Acceptance rate: 0.487
[mcmc]  - Convergence of means: R-1 = 0.026378 after 21216 accepted steps
[mcmc]  - Updated covariance matrix of proposal pdf.
[mcmc] Progress @ 2026-08-03 01:06:53 : 53583 steps taken, and 26540 accepted.
[mcmc] Learn + convergence test @ 26560 samples accepted.
[likelihoodcollection] Average computation time:
   flamingo.inference.masked_ps.MaskedBandPowerLikelihood : 5.52768e-05 s (53119 evaluations, 2.93625 s total)
[theorycollection] Average computation time:
   flamingo.inference.masked_ps.MaskedTSZTheory : 0.0165692 s (53119 evaluations, 880.138 s total)
[mcmc]  - Acceptance rate: 0.487
[mcmc]  - Convergence of means: R-1 = 0.025020 after 21248 accepted steps
[mcmc]  - Updated covariance matrix of proposal pdf.
[mcmc] Learn + convergence test @ 26600 samples accepted.
[likelihoodcollection] Average computation time:
   flamingo.inference.masked_ps.MaskedBandPowerLikelihood : 5.52689e-05 s (53210 evaluations, 2.94086 s total)
[theorycollection] Average computation time:
   flamingo.inference.masked_ps.MaskedTSZTheory : 0.0165686 s (53210 evaluations, 881.615 s total)
[mcmc]  - Acceptance rate: 0.487
[mcmc]  - Convergence of means: R-1 = 0.024348 after 21280 accepted steps
[mcmc]  - Updated covariance matrix of proposal pdf.
[mcmc] Learn + convergence test @ 26640 samples accepted.
[likelihoodcollection] Average computation time:
   flamingo.inference.masked_ps.MaskedBandPowerLikelihood : 5.52601e-05 s (53291 evaluations, 2.94487 s total)
[theorycollection] Average computation time:
   flamingo.inference.masked_ps.MaskedTSZTheory : 0.0165688 s (53291 evaluations, 882.966 s total)
[mcmc]  - Acceptance rate: 0.487
[mcmc]  - Convergence of means: R-1 = 0.022690 after 21312 accepted steps
[mcmc]  - Updated covariance matrix of proposal pdf.
[mcmc] Learn + convergence test @ 26680 samples accepted.
[likelihoodcollection] Average computation time:
   flamingo.inference.masked_ps.MaskedBandPowerLikelihood : 5.5259e-05 s (53371 evaluations, 2.94923 s total)
[theorycollection] Average computation time:
   flamingo.inference.masked_ps.MaskedTSZTheory : 0.0165685 s (53371 evaluations, 884.279 s total)
[mcmc]  - Acceptance rate: 0.487
[mcmc]  - Convergence of means: R-1 = 0.020206 after 21344 accepted steps
[mcmc]  - Updated covariance matrix of proposal pdf.
[mcmc] Learn + convergence test @ 26720 samples accepted.
[likelihoodcollection] Average computation time:
   flamingo.inference.masked_ps.MaskedBandPowerLikelihood : 5.52674e-05 s (53442 evaluations, 2.9536 s total)
[theorycollection] Average computation time:
   flamingo.inference.masked_ps.MaskedTSZTheory : 0.0165688 s (53442 evaluations, 885.472 s total)
[mcmc]  - Acceptance rate: 0.487
[mcmc]  - Convergence of means: R-1 = 0.019700 after 21376 accepted steps
[mcmc]  - Updated covariance matrix of proposal pdf.
[mcmc] Learn + convergence test @ 26760 samples accepted.
[likelihoodcollection] Average computation time:
   flamingo.inference.masked_ps.MaskedBandPowerLikelihood : 5.52715e-05 s (53531 evaluations, 2.95874 s total)
[theorycollection] Average computation time:
   flamingo.inference.masked_ps.MaskedTSZTheory : 0.0165693 s (53531 evaluations, 886.972 s total)
[mcmc]  - Acceptance rate: 0.487
[mcmc]  - Convergence of means: R-1 = 0.018022 after 21408 accepted steps
[mcmc]  - Updated covariance matrix of proposal pdf.
[mcmc] Learn + convergence test @ 26800 samples accepted.
[likelihoodcollection] Average computation time:
   flamingo.inference.masked_ps.MaskedBandPowerLikelihood : 5.52697e-05 s (53617 evaluations, 2.9634 s total)
[theorycollection] Average computation time:
   flamingo.inference.masked_ps.MaskedTSZTheory : 0.0165693 s (53617 evaluations, 888.398 s total)
[mcmc]  - Acceptance rate: 0.487
[mcmc]  - Convergence of means: R-1 = 0.017981 after 21440 accepted steps
[mcmc]  - Updated covariance matrix of proposal pdf.
[mcmc] Learn + convergence test @ 26840 samples accepted.
[likelihoodcollection] Average computation time:
   flamingo.inference.masked_ps.MaskedBandPowerLikelihood : 5.5267e-05 s (53712 evaluations, 2.9685 s total)
[theorycollection] Average computation time:
   flamingo.inference.masked_ps.MaskedTSZTheory : 0.0165694 s (53712 evaluations, 889.978 s total)
[mcmc]  - Acceptance rate: 0.486
[mcmc]  - Convergence of means: R-1 = 0.017687 after 21472 accepted steps
[mcmc]  - Updated covariance matrix of proposal pdf.
[mcmc] Learn + convergence test @ 26880 samples accepted.
[likelihoodcollection] Average computation time:
   flamingo.inference.masked_ps.MaskedBandPowerLikelihood : 5.52802e-05 s (53786 evaluations, 2.9733 s total)
[theorycollection] Average computation time:
   flamingo.inference.masked_ps.MaskedTSZTheory : 0.0165696 s (53786 evaluations, 891.213 s total)
[mcmc]  - Acceptance rate: 0.487
[mcmc]  - Convergence of means: R-1 = 0.016927 after 21504 accepted steps
[mcmc]  - Updated covariance matrix of proposal pdf.
[mcmc] Learn + convergence test @ 26920 samples accepted.
[likelihoodcollection] Average computation time:
   flamingo.inference.masked_ps.MaskedBandPowerLikelihood : 5.52788e-05 s (53865 evaluations, 2.97759 s total)
[theorycollection] Average computation time:
   flamingo.inference.masked_ps.MaskedTSZTheory : 0.0165697 s (53865 evaluations, 892.525 s total)
[mcmc]  - Acceptance rate: 0.487
[mcmc]  - Convergence of means: R-1 = 0.015043 after 21536 accepted steps
[mcmc]  - Updated covariance matrix of proposal pdf.
[mcmc] Learn + convergence test @ 26960 samples accepted.
[likelihoodcollection] Average computation time:
   flamingo.inference.masked_ps.MaskedBandPowerLikelihood : 5.52743e-05 s (53942 evaluations, 2.98161 s total)
[theorycollection] Average computation time:
   flamingo.inference.masked_ps.MaskedTSZTheory : 0.0165697 s (53942 evaluations, 893.804 s total)
[mcmc]  - Acceptance rate: 0.487
[mcmc]  - Convergence of means: R-1 = 0.016305 after 21568 accepted steps
[mcmc]  - Updated covariance matrix of proposal pdf.
[mcmc] Learn + convergence test @ 27000 samples accepted.
[likelihoodcollection] Average computation time:
   flamingo.inference.masked_ps.MaskedBandPowerLikelihood : 5.52727e-05 s (54028 evaluations, 2.98627 s total)
[theorycollection] Average computation time:
   flamingo.inference.masked_ps.MaskedTSZTheory : 0.0165698 s (54028 evaluations, 895.235 s total)
[mcmc]  - Acceptance rate: 0.487
[mcmc]  - Convergence of means: R-1 = 0.015815 after 21600 accepted steps
[mcmc]  - Updated covariance matrix of proposal pdf.
[mcmc] Learn + convergence test @ 27040 samples accepted.
[likelihoodcollection] Average computation time:
   flamingo.inference.masked_ps.MaskedBandPowerLikelihood : 5.52823e-05 s (54099 evaluations, 2.99072 s total)
[theorycollection] Average computation time:
   flamingo.inference.masked_ps.MaskedTSZTheory : 0.0165699 s (54099 evaluations, 896.415 s total)
[mcmc]  - Acceptance rate: 0.487
[mcmc]  - Convergence of means: R-1 = 0.016244 after 21632 accepted steps
[mcmc]  - Updated covariance matrix of proposal pdf.
[mcmc] Learn + convergence test @ 27080 samples accepted.
[likelihoodcollection] Average computation time:
   flamingo.inference.masked_ps.MaskedBandPowerLikelihood : 5.52853e-05 s (54184 evaluations, 2.99558 s total)
[theorycollection] Average computation time:
   flamingo.inference.masked_ps.MaskedTSZTheory : 0.0165702 s (54184 evaluations, 897.839 s total)
[mcmc]  - Acceptance rate: 0.487
[mcmc]  - Convergence of means: R-1 = 0.016947 after 21664 accepted steps
[mcmc]  - Updated covariance matrix of proposal pdf.
[mcmc] Learn + convergence test @ 27120 samples accepted.
[likelihoodcollection] Average computation time:
   flamingo.inference.masked_ps.MaskedBandPowerLikelihood : 5.52875e-05 s (54275 evaluations, 3.00073 s total)
[theorycollection] Average computation time:
   flamingo.inference.masked_ps.MaskedTSZTheory : 0.0165703 s (54275 evaluations, 899.351 s total)
[mcmc]  - Acceptance rate: 0.487
[mcmc]  - Convergence of means: R-1 = 0.015799 after 21696 accepted steps
[mcmc]  - Updated covariance matrix of proposal pdf.
[mcmc] Learn + convergence test @ 27160 samples accepted.
[likelihoodcollection] Average computation time:
   flamingo.inference.masked_ps.MaskedBandPowerLikelihood : 5.52893e-05 s (54353 evaluations, 3.00514 s total)
[theorycollection] Average computation time:
   flamingo.inference.masked_ps.MaskedTSZTheory : 0.0165707 s (54353 evaluations, 900.665 s total)
[mcmc]  - Acceptance rate: 0.487
[mcmc]  - Convergence of means: R-1 = 0.016006 after 21728 accepted steps
[mcmc]  - Updated covariance matrix of proposal pdf.
[mcmc] Learn + convergence test @ 27200 samples accepted.
[likelihoodcollection] Average computation time:
   flamingo.inference.masked_ps.MaskedBandPowerLikelihood : 5.52871e-05 s (54428 evaluations, 3.00917 s total)
[theorycollection] Average computation time:
   flamingo.inference.masked_ps.MaskedTSZTheory : 0.0165709 s (54428 evaluations, 901.919 s total)
[mcmc]  - Acceptance rate: 0.487
[mcmc]  - Convergence of means: R-1 = 0.016096 after 21760 accepted steps
[mcmc]  - Updated covariance matrix of proposal pdf.
[mcmc] Learn + convergence test @ 27240 samples accepted.
[likelihoodcollection] Average computation time:
   flamingo.inference.masked_ps.MaskedBandPowerLikelihood : 5.52861e-05 s (54514 evaluations, 3.01387 s total)
[theorycollection] Average computation time:
   flamingo.inference.masked_ps.MaskedTSZTheory : 0.0165709 s (54514 evaluations, 903.347 s total)
[mcmc]  - Acceptance rate: 0.487
[mcmc]  - Convergence of means: R-1 = 0.016840 after 21792 accepted steps
[mcmc]  - Updated covariance matrix of proposal pdf.
[mcmc] Learn + convergence test @ 27280 samples accepted.
[likelihoodcollection] Average computation time:
   flamingo.inference.masked_ps.MaskedBandPowerLikelihood : 5.52777e-05 s (54596 evaluations, 3.01794 s total)
[theorycollection] Average computation time:
   flamingo.inference.masked_ps.MaskedTSZTheory : 0.0165707 s (54596 evaluations, 904.694 s total)
[mcmc]  - Acceptance rate: 0.487
[mcmc]  - Convergence of means: R-1 = 0.016544 after 21824 accepted steps
[mcmc]  - Updated covariance matrix of proposal pdf.
[mcmc] Learn + convergence test @ 27320 samples accepted.
[likelihoodcollection] Average computation time:
   flamingo.inference.masked_ps.MaskedBandPowerLikelihood : 5.5279e-05 s (54671 evaluations, 3.02216 s total)
[theorycollection] Average computation time:
   flamingo.inference.masked_ps.MaskedTSZTheory : 0.016571 s (54671 evaluations, 905.956 s total)
[mcmc]  - Acceptance rate: 0.487
[mcmc]  - Convergence of means: R-1 = 0.016703 after 21856 accepted steps
[mcmc]  - Updated covariance matrix of proposal pdf.
[mcmc] Learn + convergence test @ 27360 samples accepted.
[likelihoodcollection] Average computation time:
   flamingo.inference.masked_ps.MaskedBandPowerLikelihood : 5.52754e-05 s (54760 evaluations, 3.02688 s total)
[theorycollection] Average computation time:
   flamingo.inference.masked_ps.MaskedTSZTheory : 0.0165712 s (54760 evaluations, 907.441 s total)
[mcmc]  - Acceptance rate: 0.487
[mcmc]  - Convergence of means: R-1 = 0.016795 after 21888 accepted steps
[mcmc]  - Updated covariance matrix of proposal pdf.
[mcmc] Learn + convergence test @ 27400 samples accepted.
[likelihoodcollection] Average computation time:
   flamingo.inference.masked_ps.MaskedBandPowerLikelihood : 5.52725e-05 s (54843 evaluations, 3.03131 s total)
[theorycollection] Average computation time:
   flamingo.inference.masked_ps.MaskedTSZTheory : 0.0165709 s (54843 evaluations, 908.799 s total)
[mcmc]  - Acceptance rate: 0.487
[mcmc]  - Convergence of means: R-1 = 0.015943 after 21920 accepted steps
[mcmc]  - Updated covariance matrix of proposal pdf.
[mcmc] Learn + convergence test @ 27440 samples accepted.
[likelihoodcollection] Average computation time:
   flamingo.inference.masked_ps.MaskedBandPowerLikelihood : 5.52746e-05 s (54934 evaluations, 3.03645 s total)
[theorycollection] Average computation time:
   flamingo.inference.masked_ps.MaskedTSZTheory : 0.0165712 s (54934 evaluations, 910.324 s total)
[mcmc]  - Acceptance rate: 0.487
[mcmc]  - Convergence of means: R-1 = 0.017355 after 21952 accepted steps
[mcmc]  - Updated covariance matrix of proposal pdf.
[mcmc] Learn + convergence test @ 27480 samples accepted.
[likelihoodcollection] Average computation time:
   flamingo.inference.masked_ps.MaskedBandPowerLikelihood : 5.52744e-05 s (55014 evaluations, 3.04087 s total)
[theorycollection] Average computation time:
   flamingo.inference.masked_ps.MaskedTSZTheory : 0.0165713 s (55014 evaluations, 911.652 s total)
[mcmc]  - Acceptance rate: 0.487
[mcmc]  - Convergence of means: R-1 = 0.017311 after 21984 accepted steps
[mcmc]  - Updated covariance matrix of proposal pdf.
[mcmc] Learn + convergence test @ 27520 samples accepted.
[likelihoodcollection] Average computation time:
   flamingo.inference.masked_ps.MaskedBandPowerLikelihood : 5.52703e-05 s (55087 evaluations, 3.04468 s total)
[theorycollection] Average computation time:
   flamingo.inference.masked_ps.MaskedTSZTheory : 0.0165709 s (55087 evaluations, 912.84 s total)
[mcmc]  - Acceptance rate: 0.487
[mcmc]  - Convergence of means: R-1 = 0.017188 after 22016 accepted steps
[mcmc]  - Updated covariance matrix of proposal pdf.
[mcmc] Learn + convergence test @ 27560 samples accepted.
[likelihoodcollection] Average computation time:
   flamingo.inference.masked_ps.MaskedBandPowerLikelihood : 5.52717e-05 s (55170 evaluations, 3.04934 s total)
[theorycollection] Average computation time:
   flamingo.inference.masked_ps.MaskedTSZTheory : 0.0165706 s (55170 evaluations, 914.198 s total)
[mcmc]  - Acceptance rate: 0.487
[mcmc]  - Convergence of means: R-1 = 0.017949 after 22048 accepted steps
[mcmc]  - Updated covariance matrix of proposal pdf.
[mcmc] Learn + convergence test @ 27600 samples accepted.
[likelihoodcollection] Average computation time:
   flamingo.inference.masked_ps.MaskedBandPowerLikelihood : 5.52769e-05 s (55248 evaluations, 3.05394 s total)
[theorycollection] Average computation time:
   flamingo.inference.masked_ps.MaskedTSZTheory : 0.0165699 s (55248 evaluations, 915.454 s total)
[mcmc]  - Acceptance rate: 0.487
[mcmc]  - Convergence of means: R-1 = 0.018168 after 22080 accepted steps
[mcmc]  - Updated covariance matrix of proposal pdf.
[mcmc] Learn + convergence test @ 27640 samples accepted.
[likelihoodcollection] Average computation time:
   flamingo.inference.masked_ps.MaskedBandPowerLikelihood : 5.52803e-05 s (55333 evaluations, 3.05882 s total)
[theorycollection] Average computation time:
   flamingo.inference.masked_ps.MaskedTSZTheory : 0.0165701 s (55333 evaluations, 916.871 s total)
[mcmc]  - Acceptance rate: 0.487
[mcmc]  - Convergence of means: R-1 = 0.019175 after 22112 accepted steps
[mcmc]  - Updated covariance matrix of proposal pdf.
[mcmc] Learn + convergence test @ 27680 samples accepted.
[likelihoodcollection] Average computation time:
   flamingo.inference.masked_ps.MaskedBandPowerLikelihood : 5.5277e-05 s (55411 evaluations, 3.06295 s total)
[theorycollection] Average computation time:
   flamingo.inference.masked_ps.MaskedTSZTheory : 0.0165707 s (55411 evaluations, 918.197 s total)
[mcmc]  - Acceptance rate: 0.487
[mcmc]  - Convergence of means: R-1 = 0.014215 after 22144 accepted steps
[mcmc]  - Updated covariance matrix of proposal pdf.
[mcmc] Learn + convergence test @ 27720 samples accepted.
[likelihoodcollection] Average computation time:
   flamingo.inference.masked_ps.MaskedBandPowerLikelihood : 5.52723e-05 s (55509 evaluations, 3.06811 s total)
[theorycollection] Average computation time:
   flamingo.inference.masked_ps.MaskedTSZTheory : 0.0165706 s (55509 evaluations, 919.818 s total)
[mcmc]  - Acceptance rate: 0.487
[mcmc]  - Convergence of means: R-1 = 0.016161 after 22176 accepted steps
[mcmc]  - Updated covariance matrix of proposal pdf.
[mcmc] Learn + convergence test @ 27760 samples accepted.
[likelihoodcollection] Average computation time:
   flamingo.inference.masked_ps.MaskedBandPowerLikelihood : 5.52767e-05 s (55597 evaluations, 3.07322 s total)
[theorycollection] Average computation time:
   flamingo.inference.masked_ps.MaskedTSZTheory : 0.0165709 s (55597 evaluations, 921.293 s total)
[mcmc]  - Acceptance rate: 0.487
[mcmc]  - Convergence of means: R-1 = 0.016244 after 22208 accepted steps
[mcmc]  - Updated covariance matrix of proposal pdf.
[mcmc] Learn + convergence test @ 27800 samples accepted.
[likelihoodcollection] Average computation time:
   flamingo.inference.masked_ps.MaskedBandPowerLikelihood : 5.5279e-05 s (55674 evaluations, 3.07761 s total)
[theorycollection] Average computation time:
   flamingo.inference.masked_ps.MaskedTSZTheory : 0.0165711 s (55674 evaluations, 922.582 s total)
[mcmc]  - Acceptance rate: 0.487
[mcmc]  - Convergence of means: R-1 = 0.016498 after 22240 accepted steps
[mcmc]  - Updated covariance matrix of proposal pdf.
[mcmc] Learn + convergence test @ 27840 samples accepted.
[likelihoodcollection] Average computation time:
   flamingo.inference.masked_ps.MaskedBandPowerLikelihood : 5.52805e-05 s (55753 evaluations, 3.08205 s total)
[theorycollection] Average computation time:
   flamingo.inference.masked_ps.MaskedTSZTheory : 0.0165716 s (55753 evaluations, 923.915 s total)
[mcmc]  - Acceptance rate: 0.487
[mcmc]  - Convergence of means: R-1 = 0.016006 after 22272 accepted steps
[mcmc]  - Updated covariance matrix of proposal pdf.
[mcmc] Learn + convergence test @ 27880 samples accepted.
[likelihoodcollection] Average computation time:
   flamingo.inference.masked_ps.MaskedBandPowerLikelihood : 5.52781e-05 s (55826 evaluations, 3.08596 s total)
[theorycollection] Average computation time:
   flamingo.inference.masked_ps.MaskedTSZTheory : 0.0165715 s (55826 evaluations, 925.12 s total)
[mcmc]  - Acceptance rate: 0.487
[mcmc]  - Convergence of means: R-1 = 0.015831 after 22304 accepted steps
[mcmc]  - Updated covariance matrix of proposal pdf.
[mcmc] Learn + convergence test @ 27920 samples accepted.
[likelihoodcollection] Average computation time:
   flamingo.inference.masked_ps.MaskedBandPowerLikelihood : 5.52751e-05 s (55895 evaluations, 3.0896 s total)
[theorycollection] Average computation time:
   flamingo.inference.masked_ps.MaskedTSZTheory : 0.0165713 s (55895 evaluations, 926.251 s total)
[mcmc]  - Acceptance rate: 0.487
[mcmc]  - Convergence of means: R-1 = 0.014861 after 22336 accepted steps
[mcmc]  - Updated covariance matrix of proposal pdf.
[mcmc] Learn + convergence test @ 27960 samples accepted.
[likelihoodcollection] Average computation time:
   flamingo.inference.masked_ps.MaskedBandPowerLikelihood : 5.52776e-05 s (55969 evaluations, 3.09383 s total)
[theorycollection] Average computation time:
   flamingo.inference.masked_ps.MaskedTSZTheory : 0.0165711 s (55969 evaluations, 927.469 s total)
[mcmc]  - Acceptance rate: 0.487
[mcmc]  - Convergence of means: R-1 = 0.017096 after 22368 accepted steps
[mcmc]  - Updated covariance matrix of proposal pdf.
[mcmc] Learn + convergence test @ 28000 samples accepted.
[likelihoodcollection] Average computation time:
   flamingo.inference.masked_ps.MaskedBandPowerLikelihood : 5.52763e-05 s (56038 evaluations, 3.09757 s total)
[theorycollection] Average computation time:
   flamingo.inference.masked_ps.MaskedTSZTheory : 0.0165709 s (56038 evaluations, 928.602 s total)
[mcmc]  - Acceptance rate: 0.487
[mcmc]  - Convergence of means: R-1 = 0.018261 after 22400 accepted steps
[mcmc]  - Updated covariance matrix of proposal pdf.
[mcmc] Learn + convergence test @ 28040 samples accepted.
[likelihoodcollection] Average computation time:
   flamingo.inference.masked_ps.MaskedBandPowerLikelihood : 5.52784e-05 s (56119 evaluations, 3.10217 s total)
[theorycollection] Average computation time:
   flamingo.inference.masked_ps.MaskedTSZTheory : 0.0165713 s (56119 evaluations, 929.964 s total)
[mcmc]  - Acceptance rate: 0.487
[mcmc]  - Convergence of means: R-1 = 0.018203 after 22432 accepted steps
[mcmc]  - Updated covariance matrix of proposal pdf.
[mcmc] Learn + convergence test @ 28080 samples accepted.
[likelihoodcollection] Average computation time:
   flamingo.inference.masked_ps.MaskedBandPowerLikelihood : 5.52801e-05 s (56205 evaluations, 3.10702 s total)
[theorycollection] Average computation time:
   flamingo.inference.masked_ps.MaskedTSZTheory : 0.0165712 s (56205 evaluations, 931.383 s total)
[mcmc]  - Acceptance rate: 0.487
[mcmc]  - Convergence of means: R-1 = 0.019510 after 22464 accepted steps
[mcmc]  - Updated covariance matrix of proposal pdf.
[mcmc] Learn + convergence test @ 28120 samples accepted.
[likelihoodcollection] Average computation time:
   flamingo.inference.masked_ps.MaskedBandPowerLikelihood : 5.52798e-05 s (56288 evaluations, 3.11159 s total)
[theorycollection] Average computation time:
   flamingo.inference.masked_ps.MaskedTSZTheory : 0.0165714 s (56288 evaluations, 932.771 s total)
[mcmc]  - Acceptance rate: 0.487
[mcmc]  - Convergence of means: R-1 = 0.019760 after 22496 accepted steps
[mcmc]  - Updated covariance matrix of proposal pdf.
[mcmc] Learn + convergence test @ 28160 samples accepted.
[likelihoodcollection] Average computation time:
   flamingo.inference.masked_ps.MaskedBandPowerLikelihood : 5.52748e-05 s (56371 evaluations, 3.1159 s total)
[theorycollection] Average computation time:
   flamingo.inference.masked_ps.MaskedTSZTheory : 0.0165711 s (56371 evaluations, 934.13 s total)
[mcmc]  - Acceptance rate: 0.487
[mcmc]  - Convergence of means: R-1 = 0.019057 after 22528 accepted steps
[mcmc]  - Updated covariance matrix of proposal pdf.
[mcmc] Learn + convergence test @ 28200 samples accepted.
[likelihoodcollection] Average computation time:
   flamingo.inference.masked_ps.MaskedBandPowerLikelihood : 5.52777e-05 s (56445 evaluations, 3.12015 s total)
[theorycollection] Average computation time:
   flamingo.inference.masked_ps.MaskedTSZTheory : 0.0165716 s (56445 evaluations, 935.385 s total)
[mcmc]  - Acceptance rate: 0.487
[mcmc]  - Convergence of means: R-1 = 0.019489 after 22560 accepted steps
[mcmc]  - Updated covariance matrix of proposal pdf.
[mcmc] Learn + convergence test @ 28240 samples accepted.
[likelihoodcollection] Average computation time:
   flamingo.inference.masked_ps.MaskedBandPowerLikelihood : 5.52765e-05 s (56529 evaluations, 3.12472 s total)
[theorycollection] Average computation time:
   flamingo.inference.masked_ps.MaskedTSZTheory : 0.0165718 s (56529 evaluations, 936.785 s total)
[mcmc]  - Acceptance rate: 0.487
[mcmc]  - Convergence of means: R-1 = 0.018702 after 22592 accepted steps
[mcmc]  - Updated covariance matrix of proposal pdf.
[mcmc] Progress @ 2026-08-03 01:07:53 : 57137 steps taken, and 28275 accepted.
[mcmc] Learn + convergence test @ 28280 samples accepted.
[likelihoodcollection] Average computation time:
   flamingo.inference.masked_ps.MaskedBandPowerLikelihood : 5.52743e-05 s (56618 evaluations, 3.12952 s total)
[theorycollection] Average computation time:
   flamingo.inference.masked_ps.MaskedTSZTheory : 0.016572 s (56618 evaluations, 938.274 s total)
[mcmc]  - Acceptance rate: 0.487
[mcmc]  - Convergence of means: R-1 = 0.018103 after 22624 accepted steps
[mcmc]  - Updated covariance matrix of proposal pdf.
[mcmc] Learn + convergence test @ 28320 samples accepted.
[likelihoodcollection] Average computation time:
   flamingo.inference.masked_ps.MaskedBandPowerLikelihood : 5.52701e-05 s (56712 evaluations, 3.13448 s total)
[theorycollection] Average computation time:
   flamingo.inference.masked_ps.MaskedTSZTheory : 0.0165716 s (56712 evaluations, 939.807 s total)
[mcmc]  - Acceptance rate: 0.487
[mcmc]  - Convergence of means: R-1 = 0.016958 after 22656 accepted steps
[mcmc]  - Updated covariance matrix of proposal pdf.
[mcmc] Learn + convergence test @ 28360 samples accepted.
[likelihoodcollection] Average computation time:
   flamingo.inference.masked_ps.MaskedBandPowerLikelihood : 5.52654e-05 s (56785 evaluations, 3.13825 s total)
[theorycollection] Average computation time:
   flamingo.inference.masked_ps.MaskedTSZTheory : 0.0165709 s (56785 evaluations, 940.979 s total)
[mcmc]  - Acceptance rate: 0.487
[mcmc]  - Convergence of means: R-1 = 0.013997 after 22688 accepted steps
[mcmc]  - Updated covariance matrix of proposal pdf.
[mcmc] Learn + convergence test @ 28400 samples accepted.
[likelihoodcollection] Average computation time:
   flamingo.inference.masked_ps.MaskedBandPowerLikelihood : 5.52651e-05 s (56845 evaluations, 3.14155 s total)
[theorycollection] Average computation time:
   flamingo.inference.masked_ps.MaskedTSZTheory : 0.0165706 s (56845 evaluations, 941.958 s total)
[mcmc]  - Acceptance rate: 0.487
[mcmc]  - Convergence of means: R-1 = 0.014094 after 22720 accepted steps
[mcmc]  - Updated covariance matrix of proposal pdf.
[mcmc] Learn + convergence test @ 28440 samples accepted.
[likelihoodcollection] Average computation time:
   flamingo.inference.masked_ps.MaskedBandPowerLikelihood : 5.52635e-05 s (56933 evaluations, 3.14631 s total)
[theorycollection] Average computation time:
   flamingo.inference.masked_ps.MaskedTSZTheory : 0.0165712 s (56933 evaluations, 943.446 s total)
[mcmc]  - Acceptance rate: 0.487
[mcmc]  - Convergence of means: R-1 = 0.014235 after 22752 accepted steps
[mcmc]  - Updated covariance matrix of proposal pdf.
[mcmc] Learn + convergence test @ 28480 samples accepted.
[likelihoodcollection] Average computation time:
   flamingo.inference.masked_ps.MaskedBandPowerLikelihood : 5.52563e-05 s (57026 evaluations, 3.15105 s total)
[theorycollection] Average computation time:
   flamingo.inference.masked_ps.MaskedTSZTheory : 0.0165714 s (57026 evaluations, 945.002 s total)
[mcmc]  - Acceptance rate: 0.487
[mcmc]  - Convergence of means: R-1 = 0.013708 after 22784 accepted steps
[mcmc]  - Updated covariance matrix of proposal pdf.
[mcmc] Learn + convergence test @ 28520 samples accepted.
[likelihoodcollection] Average computation time:
   flamingo.inference.masked_ps.MaskedBandPowerLikelihood : 5.52614e-05 s (57097 evaluations, 3.15526 s total)
[theorycollection] Average computation time:
   flamingo.inference.masked_ps.MaskedTSZTheory : 0.016572 s (57097 evaluations, 946.21 s total)
[mcmc]  - Acceptance rate: 0.487
[mcmc]  - Convergence of means: R-1 = 0.012244 after 22816 accepted steps
[mcmc]  - Updated covariance matrix of proposal pdf.
[mcmc] Learn + convergence test @ 28560 samples accepted.
[likelihoodcollection] Average computation time:
   flamingo.inference.masked_ps.MaskedBandPowerLikelihood : 5.52634e-05 s (57170 evaluations, 3.15941 s total)
[theorycollection] Average computation time:
   flamingo.inference.masked_ps.MaskedTSZTheory : 0.0165723 s (57170 evaluations, 947.436 s total)
[mcmc]  - Acceptance rate: 0.487
[mcmc]  - Convergence of means: R-1 = 0.011349 after 22848 accepted steps
[mcmc]  - Updated covariance matrix of proposal pdf.
[mcmc] Learn + convergence test @ 28600 samples accepted.
[likelihoodcollection] Average computation time:
   flamingo.inference.masked_ps.MaskedBandPowerLikelihood : 5.52264e-05 s (57268 evaluations, 3.16271 s total)
[theorycollection] Average computation time:
   flamingo.inference.masked_ps.MaskedTSZTheory : 0.0165682 s (57268 evaluations, 948.825 s total)
[mcmc]  - Acceptance rate: 0.487
[mcmc]  - Convergence of means: R-1 = 0.011814 after 22880 accepted steps
[mcmc]  - Updated covariance matrix of proposal pdf.
[mcmc] Learn + convergence test @ 28640 samples accepted.
[likelihoodcollection] Average computation time:
   flamingo.inference.masked_ps.MaskedBandPowerLikelihood : 5.51991e-05 s (57345 evaluations, 3.16539 s total)
[theorycollection] Average computation time:
   flamingo.inference.masked_ps.MaskedTSZTheory : 0.0165649 s (57345 evaluations, 949.912 s total)
[mcmc]  - Acceptance rate: 0.487
[mcmc]  - Convergence of means: R-1 = 0.011970 after 22912 accepted steps
[mcmc]  - Updated covariance matrix of proposal pdf.
[mcmc] Learn + convergence test @ 28680 samples accepted.
[likelihoodcollection] Average computation time:
   flamingo.inference.masked_ps.MaskedBandPowerLikelihood : 5.51865e-05 s (57432 evaluations, 3.16947 s total)
[theorycollection] Average computation time:
   flamingo.inference.masked_ps.MaskedTSZTheory : 0.0165633 s (57432 evaluations, 951.261 s total)
[mcmc]  - Acceptance rate: 0.487
[mcmc]  - Convergence of means: R-1 = 0.011519 after 22944 accepted steps
[mcmc]  - Updated covariance matrix of proposal pdf.
[mcmc] Learn + convergence test @ 28720 samples accepted.
[likelihoodcollection] Average computation time:
   flamingo.inference.masked_ps.MaskedBandPowerLikelihood : 5.5173e-05 s (57499 evaluations, 3.17239 s total)
[theorycollection] Average computation time:
   flamingo.inference.masked_ps.MaskedTSZTheory : 0.0165622 s (57499 evaluations, 952.31 s total)
[mcmc]  - Acceptance rate: 0.487
[mcmc]  - Convergence of means: R-1 = 0.012574 after 22976 accepted steps
[mcmc]  - Updated covariance matrix of proposal pdf.
[mcmc] Learn + convergence test @ 28760 samples accepted.
[likelihoodcollection] Average computation time:
   flamingo.inference.masked_ps.MaskedBandPowerLikelihood : 5.51626e-05 s (57578 evaluations, 3.17615 s total)
[theorycollection] Average computation time:
   flamingo.inference.masked_ps.MaskedTSZTheory : 0.0165605 s (57578 evaluations, 953.518 s total)
[mcmc]  - Acceptance rate: 0.487
[mcmc]  - Convergence of means: R-1 = 0.013218 after 23008 accepted steps
[mcmc]  - Updated covariance matrix of proposal pdf.
[mcmc] Learn + convergence test @ 28800 samples accepted.
[likelihoodcollection] Average computation time:
   flamingo.inference.masked_ps.MaskedBandPowerLikelihood : 5.51527e-05 s (57653 evaluations, 3.17972 s total)
[theorycollection] Average computation time:
   flamingo.inference.masked_ps.MaskedTSZTheory : 0.0165596 s (57653 evaluations, 954.708 s total)
[mcmc]  - Acceptance rate: 0.487
[mcmc]  - Convergence of means: R-1 = 0.012457 after 23040 accepted steps
[mcmc]  - Updated covariance matrix of proposal pdf.
[mcmc] Learn + convergence test @ 28840 samples accepted.
[likelihoodcollection] Average computation time:
   flamingo.inference.masked_ps.MaskedBandPowerLikelihood : 5.51582e-05 s (57739 evaluations, 3.18478 s total)
[theorycollection] Average computation time:
   flamingo.inference.masked_ps.MaskedTSZTheory : 0.0165594 s (57739 evaluations, 956.124 s total)
[mcmc]  - Acceptance rate: 0.487
[mcmc]  - Convergence of means: R-1 = 0.011878 after 23072 accepted steps
[mcmc]  - Updated covariance matrix of proposal pdf.
[mcmc] Learn + convergence test @ 28880 samples accepted.
[likelihoodcollection] Average computation time:
   flamingo.inference.masked_ps.MaskedBandPowerLikelihood : 5.51574e-05 s (57815 evaluations, 3.18893 s total)
[theorycollection] Average computation time:
   flamingo.inference.masked_ps.MaskedTSZTheory : 0.0165596 s (57815 evaluations, 957.392 s total)
[mcmc]  - Acceptance rate: 0.487
[mcmc]  - Convergence of means: R-1 = 0.011721 after 23104 accepted steps
[mcmc]  - Updated covariance matrix of proposal pdf.
[mcmc] Learn + convergence test @ 28920 samples accepted.
[likelihoodcollection] Average computation time:
   flamingo.inference.masked_ps.MaskedBandPowerLikelihood : 5.51531e-05 s (57906 evaluations, 3.1937 s total)
[theorycollection] Average computation time:
   flamingo.inference.masked_ps.MaskedTSZTheory : 0.0165601 s (57906 evaluations, 958.928 s total)
[mcmc]  - Acceptance rate: 0.487
[mcmc]  - Convergence of means: R-1 = 0.011435 after 23136 accepted steps
[mcmc]  - Updated covariance matrix of proposal pdf.
[mcmc] Learn + convergence test @ 28960 samples accepted.
[likelihoodcollection] Average computation time:
   flamingo.inference.masked_ps.MaskedBandPowerLikelihood : 5.51539e-05 s (57989 evaluations, 3.19832 s total)
[theorycollection] Average computation time:
   flamingo.inference.masked_ps.MaskedTSZTheory : 0.0165598 s (57989 evaluations, 960.286 s total)
[mcmc]  - Acceptance rate: 0.487
[mcmc]  - Convergence of means: R-1 = 0.012005 after 23168 accepted steps
[mcmc]  - Updated covariance matrix of proposal pdf.
[mcmc] Learn + convergence test @ 29000 samples accepted.
[likelihoodcollection] Average computation time:
   flamingo.inference.masked_ps.MaskedBandPowerLikelihood : 5.5151e-05 s (58078 evaluations, 3.20306 s total)
[theorycollection] Average computation time:
   flamingo.inference.masked_ps.MaskedTSZTheory : 0.0165595 s (58078 evaluations, 961.745 s total)
[mcmc]  - Acceptance rate: 0.487
[mcmc]  - Convergence of means: R-1 = 0.011885 after 23200 accepted steps
[mcmc]  - Updated covariance matrix of proposal pdf.
[mcmc] Learn + convergence test @ 29040 samples accepted.
[likelihoodcollection] Average computation time:
   flamingo.inference.masked_ps.MaskedBandPowerLikelihood : 5.51466e-05 s (58155 evaluations, 3.20705 s total)
[theorycollection] Average computation time:
   flamingo.inference.masked_ps.MaskedTSZTheory : 0.0165591 s (58155 evaluations, 962.995 s total)
[mcmc]  - Acceptance rate: 0.487
[mcmc]  - Convergence of means: R-1 = 0.013177 after 23232 accepted steps
[mcmc]  - Updated covariance matrix of proposal pdf.
[mcmc] Learn + convergence test @ 29080 samples accepted.
[likelihoodcollection] Average computation time:
   flamingo.inference.masked_ps.MaskedBandPowerLikelihood : 5.51472e-05 s (58228 evaluations, 3.21111 s total)
[theorycollection] Average computation time:
   flamingo.inference.masked_ps.MaskedTSZTheory : 0.0165588 s (58228 evaluations, 964.188 s total)
[mcmc]  - Acceptance rate: 0.487
[mcmc]  - Convergence of means: R-1 = 0.012372 after 23264 accepted steps
[mcmc]  - Updated covariance matrix of proposal pdf.
[mcmc] Learn + convergence test @ 29120 samples accepted.
[likelihoodcollection] Average computation time:
   flamingo.inference.masked_ps.MaskedBandPowerLikelihood : 5.51437e-05 s (58302 evaluations, 3.21499 s total)
[theorycollection] Average computation time:
   flamingo.inference.masked_ps.MaskedTSZTheory : 0.016559 s (58302 evaluations, 965.425 s total)
[mcmc]  - Acceptance rate: 0.487
[mcmc]  - Convergence of means: R-1 = 0.012914 after 23296 accepted steps
[mcmc]  - Updated covariance matrix of proposal pdf.
[mcmc] Learn + convergence test @ 29160 samples accepted.
[likelihoodcollection] Average computation time:
   flamingo.inference.masked_ps.MaskedBandPowerLikelihood : 5.51549e-05 s (58389 evaluations, 3.22044 s total)
[theorycollection] Average computation time:
   flamingo.inference.masked_ps.MaskedTSZTheory : 0.0165594 s (58389 evaluations, 966.887 s total)
[mcmc]  - Acceptance rate: 0.487
[mcmc]  - Convergence of means: R-1 = 0.013162 after 23328 accepted steps
[mcmc]  - Updated covariance matrix of proposal pdf.
[mcmc] Learn + convergence test @ 29200 samples accepted.
[likelihoodcollection] Average computation time:
   flamingo.inference.masked_ps.MaskedBandPowerLikelihood : 5.515e-05 s (58473 evaluations, 3.22478 s total)
[theorycollection] Average computation time:
   flamingo.inference.masked_ps.MaskedTSZTheory : 0.0165592 s (58473 evaluations, 968.267 s total)
[mcmc]  - Acceptance rate: 0.487
[mcmc]  - Convergence of means: R-1 = 0.013857 after 23360 accepted steps
[mcmc]  - Updated covariance matrix of proposal pdf.
[mcmc] Learn + convergence test @ 29240 samples accepted.
[likelihoodcollection] Average computation time:
   flamingo.inference.masked_ps.MaskedBandPowerLikelihood : 5.51464e-05 s (58552 evaluations, 3.22893 s total)
[theorycollection] Average computation time:
   flamingo.inference.masked_ps.MaskedTSZTheory : 0.0165591 s (58552 evaluations, 969.567 s total)
[mcmc]  - Acceptance rate: 0.487
[mcmc]  - Convergence of means: R-1 = 0.013748 after 23392 accepted steps
[mcmc]  - Updated covariance matrix of proposal pdf.
[mcmc] Learn + convergence test @ 29280 samples accepted.
[likelihoodcollection] Average computation time:
   flamingo.inference.masked_ps.MaskedBandPowerLikelihood : 5.5147e-05 s (58638 evaluations, 3.23371 s total)
[theorycollection] Average computation time:
   flamingo.inference.masked_ps.MaskedTSZTheory : 0.0165592 s (58638 evaluations, 970.999 s total)
[mcmc]  - Acceptance rate: 0.487
[mcmc]  - Convergence of means: R-1 = 0.012770 after 23424 accepted steps
[mcmc]  - Updated covariance matrix of proposal pdf.
[mcmc] Learn + convergence test @ 29320 samples accepted.
[likelihoodcollection] Average computation time:
   flamingo.inference.masked_ps.MaskedBandPowerLikelihood : 5.51427e-05 s (58715 evaluations, 3.23771 s total)
[theorycollection] Average computation time:
   flamingo.inference.masked_ps.MaskedTSZTheory : 0.0165588 s (58715 evaluations, 972.249 s total)
[mcmc]  - Acceptance rate: 0.487
[mcmc]  - Convergence of means: R-1 = 0.012828 after 23456 accepted steps
[mcmc]  - Updated covariance matrix of proposal pdf.
[mcmc] Learn + convergence test @ 29360 samples accepted.
[likelihoodcollection] Average computation time:
   flamingo.inference.masked_ps.MaskedBandPowerLikelihood : 5.51428e-05 s (58799 evaluations, 3.24234 s total)
[theorycollection] Average computation time:
   flamingo.inference.masked_ps.MaskedTSZTheory : 0.0165588 s (58799 evaluations, 973.643 s total)
[mcmc]  - Acceptance rate: 0.487
[mcmc]  - Convergence of means: R-1 = 0.013075 after 23488 accepted steps
[mcmc]  - Updated covariance matrix of proposal pdf.
[mcmc] Learn + convergence test @ 29400 samples accepted.
[likelihoodcollection] Average computation time:
   flamingo.inference.masked_ps.MaskedBandPowerLikelihood : 5.51453e-05 s (58878 evaluations, 3.24685 s total)
[theorycollection] Average computation time:
   flamingo.inference.masked_ps.MaskedTSZTheory : 0.0165589 s (58878 evaluations, 974.953 s total)
[mcmc]  - Acceptance rate: 0.487
[mcmc]  - Convergence of means: R-1 = 0.012867 after 23520 accepted steps
[mcmc]  - Updated covariance matrix of proposal pdf.
[mcmc] Learn + convergence test @ 29440 samples accepted.
[likelihoodcollection] Average computation time:
   flamingo.inference.masked_ps.MaskedBandPowerLikelihood : 5.5141e-05 s (58966 evaluations, 3.25145 s total)
[theorycollection] Average computation time:
   flamingo.inference.masked_ps.MaskedTSZTheory : 0.0165589 s (58966 evaluations, 976.412 s total)
[mcmc]  - Acceptance rate: 0.487
[mcmc]  - Convergence of means: R-1 = 0.013159 after 23552 accepted steps
[mcmc]  - Updated covariance matrix of proposal pdf.
[mcmc] Learn + convergence test @ 29480 samples accepted.
[likelihoodcollection] Average computation time:
   flamingo.inference.masked_ps.MaskedBandPowerLikelihood : 5.51382e-05 s (59039 evaluations, 3.2553 s total)
[theorycollection] Average computation time:
   flamingo.inference.masked_ps.MaskedTSZTheory : 0.0165588 s (59039 evaluations, 977.616 s total)
[mcmc]  - Acceptance rate: 0.487
[mcmc]  - Convergence of means: R-1 = 0.013253 after 23584 accepted steps
[mcmc]  - Updated covariance matrix of proposal pdf.
[mcmc] Learn + convergence test @ 29520 samples accepted.
[likelihoodcollection] Average computation time:
   flamingo.inference.masked_ps.MaskedBandPowerLikelihood : 5.51333e-05 s (59120 evaluations, 3.25948 s total)
[theorycollection] Average computation time:
   flamingo.inference.masked_ps.MaskedTSZTheory : 0.0165591 s (59120 evaluations, 978.971 s total)
[mcmc]  - Acceptance rate: 0.487
[mcmc]  - Convergence of means: R-1 = 0.013907 after 23616 accepted steps
[mcmc]  - Updated covariance matrix of proposal pdf.
[mcmc] Learn + convergence test @ 29560 samples accepted.
[likelihoodcollection] Average computation time:
   flamingo.inference.masked_ps.MaskedBandPowerLikelihood : 5.51392e-05 s (59210 evaluations, 3.26479 s total)
[theorycollection] Average computation time:
   flamingo.inference.masked_ps.MaskedTSZTheory : 0.0165591 s (59210 evaluations, 980.466 s total)
[mcmc]  - Acceptance rate: 0.487
[mcmc]  - Convergence of means: R-1 = 0.013918 after 23648 accepted steps
[mcmc]  - Updated covariance matrix of proposal pdf.
[mcmc] Learn + convergence test @ 29600 samples accepted.
[likelihoodcollection] Average computation time:
   flamingo.inference.masked_ps.MaskedBandPowerLikelihood : 5.5138e-05 s (59294 evaluations, 3.26935 s total)
[theorycollection] Average computation time:
   flamingo.inference.masked_ps.MaskedTSZTheory : 0.016559 s (59294 evaluations, 981.85 s total)
[mcmc]  - Acceptance rate: 0.487
[mcmc]  - Convergence of means: R-1 = 0.013768 after 23680 accepted steps
[mcmc]  - Updated covariance matrix of proposal pdf.
[mcmc] Learn + convergence test @ 29640 samples accepted.
[likelihoodcollection] Average computation time:
   flamingo.inference.masked_ps.MaskedBandPowerLikelihood : 5.51402e-05 s (59377 evaluations, 3.27406 s total)
[theorycollection] Average computation time:
   flamingo.inference.masked_ps.MaskedTSZTheory : 0.0165593 s (59377 evaluations, 983.243 s total)
[mcmc]  - Acceptance rate: 0.487
[mcmc]  - Convergence of means: R-1 = 0.014469 after 23712 accepted steps
[mcmc]  - Updated covariance matrix of proposal pdf.
[mcmc] Learn + convergence test @ 29680 samples accepted.
[likelihoodcollection] Average computation time:
   flamingo.inference.masked_ps.MaskedBandPowerLikelihood : 5.51437e-05 s (59465 evaluations, 3.27912 s total)
[theorycollection] Average computation time:
   flamingo.inference.masked_ps.MaskedTSZTheory : 0.0165596 s (59465 evaluations, 984.718 s total)
[mcmc]  - Acceptance rate: 0.487
[mcmc]  - Convergence of means: R-1 = 0.014188 after 23744 accepted steps
[mcmc]  - Updated covariance matrix of proposal pdf.
[mcmc] Learn + convergence test @ 29720 samples accepted.
[likelihoodcollection] Average computation time:
   flamingo.inference.masked_ps.MaskedBandPowerLikelihood : 5.51432e-05 s (59560 evaluations, 3.28433 s total)
[theorycollection] Average computation time:
   flamingo.inference.masked_ps.MaskedTSZTheory : 0.0165599 s (59560 evaluations, 986.306 s total)
[mcmc]  - Acceptance rate: 0.487
[mcmc]  - Convergence of means: R-1 = 0.013329 after 23776 accepted steps
[mcmc]  - Updated covariance matrix of proposal pdf.
[mcmc] Learn + convergence test @ 29760 samples accepted.
[likelihoodcollection] Average computation time:
   flamingo.inference.masked_ps.MaskedBandPowerLikelihood : 5.51389e-05 s (59637 evaluations, 3.28832 s total)
[theorycollection] Average computation time:
   flamingo.inference.masked_ps.MaskedTSZTheory : 0.0165593 s (59637 evaluations, 987.549 s total)
[mcmc]  - Acceptance rate: 0.487
[mcmc]  - Convergence of means: R-1 = 0.013548 after 23808 accepted steps
[mcmc]  - Updated covariance matrix of proposal pdf.
[mcmc] Learn + convergence test @ 29800 samples accepted.
[likelihoodcollection] Average computation time:
   flamingo.inference.masked_ps.MaskedBandPowerLikelihood : 5.5132e-05 s (59713 evaluations, 3.2921 s total)
[theorycollection] Average computation time:
   flamingo.inference.masked_ps.MaskedTSZTheory : 0.016559 s (59713 evaluations, 988.79 s total)
[mcmc]  - Acceptance rate: 0.487
[mcmc]  - Convergence of means: R-1 = 0.013282 after 23840 accepted steps
[mcmc]  - Updated covariance matrix of proposal pdf.
[mcmc] Learn + convergence test @ 29840 samples accepted.
[likelihoodcollection] Average computation time:
   flamingo.inference.masked_ps.MaskedBandPowerLikelihood : 5.51286e-05 s (59779 evaluations, 3.29553 s total)
[theorycollection] Average computation time:
   flamingo.inference.masked_ps.MaskedTSZTheory : 0.0165587 s (59779 evaluations, 989.865 s total)
[mcmc]  - Acceptance rate: 0.487
[mcmc]  - Convergence of means: R-1 = 0.012366 after 23872 accepted steps
[mcmc]  - Updated covariance matrix of proposal pdf.
[mcmc] Learn + convergence test @ 29880 samples accepted.
[likelihoodcollection] Average computation time:
   flamingo.inference.masked_ps.MaskedBandPowerLikelihood : 5.51253e-05 s (59859 evaluations, 3.29974 s total)
[theorycollection] Average computation time:
   flamingo.inference.masked_ps.MaskedTSZTheory : 0.0165592 s (59859 evaluations, 991.216 s total)
[mcmc]  - Acceptance rate: 0.487
[mcmc]  - Convergence of means: R-1 = 0.012189 after 23904 accepted steps
[mcmc]  - Updated covariance matrix of proposal pdf.
[mcmc] Learn + convergence test @ 29920 samples accepted.
[likelihoodcollection] Average computation time:
   flamingo.inference.masked_ps.MaskedBandPowerLikelihood : 5.51278e-05 s (59933 evaluations, 3.30397 s total)
[theorycollection] Average computation time:
   flamingo.inference.masked_ps.MaskedTSZTheory : 0.0165595 s (59933 evaluations, 992.458 s total)
[mcmc]  - Acceptance rate: 0.487
[mcmc]  - Convergence of means: R-1 = 0.012158 after 23936 accepted steps
[mcmc]  - Updated covariance matrix of proposal pdf.
[mcmc] Learn + convergence test @ 29960 samples accepted.
[likelihoodcollection] Average computation time:
   flamingo.inference.masked_ps.MaskedBandPowerLikelihood : 5.51271e-05 s (60011 evaluations, 3.30823 s total)
[theorycollection] Average computation time:
   flamingo.inference.masked_ps.MaskedTSZTheory : 0.0165592 s (60011 evaluations, 993.733 s total)
[mcmc]  - Acceptance rate: 0.487
[mcmc]  - Convergence of means: R-1 = 0.013070 after 23968 accepted steps
[mcmc]  - Updated covariance matrix of proposal pdf.
[mcmc] Learn + convergence test @ 30000 samples accepted.
[likelihoodcollection] Average computation time:
   flamingo.inference.masked_ps.MaskedBandPowerLikelihood : 5.51222e-05 s (60093 evaluations, 3.31246 s total)
[theorycollection] Average computation time:
   flamingo.inference.masked_ps.MaskedTSZTheory : 0.0165592 s (60093 evaluations, 995.089 s total)
[mcmc]  - Acceptance rate: 0.487
[mcmc]  - Convergence of means: R-1 = 0.013382 after 24000 accepted steps
[mcmc]  - Updated covariance matrix of proposal pdf.
[mcmc] Learn + convergence test @ 30040 samples accepted.
[likelihoodcollection] Average computation time:
   flamingo.inference.masked_ps.MaskedBandPowerLikelihood : 5.51226e-05 s (60173 evaluations, 3.31689 s total)
[theorycollection] Average computation time:
   flamingo.inference.masked_ps.MaskedTSZTheory : 0.0165594 s (60173 evaluations, 996.428 s total)
[mcmc]  - Acceptance rate: 0.487
[mcmc]  - Convergence of means: R-1 = 0.013297 after 24032 accepted steps
[mcmc]  - Updated covariance matrix of proposal pdf.
[mcmc] Progress @ 2026-08-03 01:08:53 : 60739 steps taken, and 30050 accepted.
[mcmc] Learn + convergence test @ 30080 samples accepted.
[likelihoodcollection] Average computation time:
   flamingo.inference.masked_ps.MaskedBandPowerLikelihood : 5.51276e-05 s (60250 evaluations, 3.32144 s total)
[theorycollection] Average computation time:
   flamingo.inference.masked_ps.MaskedTSZTheory : 0.016559 s (60250 evaluations, 997.682 s total)
[mcmc]  - Acceptance rate: 0.487
[mcmc]  - Convergence of means: R-1 = 0.012290 after 24064 accepted steps
[mcmc]  - Updated covariance matrix of proposal pdf.
[mcmc] Learn + convergence test @ 30120 samples accepted.
[likelihoodcollection] Average computation time:
   flamingo.inference.masked_ps.MaskedBandPowerLikelihood : 5.51317e-05 s (60335 evaluations, 3.32637 s total)
[theorycollection] Average computation time:
   flamingo.inference.masked_ps.MaskedTSZTheory : 0.0165595 s (60335 evaluations, 999.12 s total)
[mcmc]  - Acceptance rate: 0.487
[mcmc]  - Convergence of means: R-1 = 0.011817 after 24096 accepted steps
[mcmc]  - Updated covariance matrix of proposal pdf.
[mcmc] Learn + convergence test @ 30160 samples accepted.
[likelihoodcollection] Average computation time:
   flamingo.inference.masked_ps.MaskedBandPowerLikelihood : 5.51372e-05 s (60404 evaluations, 3.3305 s total)
[theorycollection] Average computation time:
   flamingo.inference.masked_ps.MaskedTSZTheory : 0.0165598 s (60404 evaluations, 1000.28 s total)
[mcmc]  - Acceptance rate: 0.487
[mcmc]  - Convergence of means: R-1 = 0.012853 after 24128 accepted steps
[mcmc]  - Updated covariance matrix of proposal pdf.
[mcmc] Learn + convergence test @ 30200 samples accepted.
[likelihoodcollection] Average computation time:
   flamingo.inference.masked_ps.MaskedBandPowerLikelihood : 5.51382e-05 s (60475 evaluations, 3.33448 s total)
[theorycollection] Average computation time:
   flamingo.inference.masked_ps.MaskedTSZTheory : 0.0165598 s (60475 evaluations, 1001.46 s total)
[mcmc]  - Acceptance rate: 0.487
[mcmc]  - Convergence of means: R-1 = 0.013128 after 24160 accepted steps
[mcmc]  - Updated covariance matrix of proposal pdf.
[mcmc] Learn + convergence test @ 30240 samples accepted.
[likelihoodcollection] Average computation time:
   flamingo.inference.masked_ps.MaskedBandPowerLikelihood : 5.51386e-05 s (60551 evaluations, 3.3387 s total)
[theorycollection] Average computation time:
   flamingo.inference.masked_ps.MaskedTSZTheory : 0.0165601 s (60551 evaluations, 1002.73 s total)
[mcmc]  - Acceptance rate: 0.487
[mcmc]  - Convergence of means: R-1 = 0.013159 after 24192 accepted steps
[mcmc]  - Updated covariance matrix of proposal pdf.
[mcmc] Learn + convergence test @ 30280 samples accepted.
[likelihoodcollection] Average computation time:
   flamingo.inference.masked_ps.MaskedBandPowerLikelihood : 5.51342e-05 s (60639 evaluations, 3.34328 s total)
[theorycollection] Average computation time:
   flamingo.inference.masked_ps.MaskedTSZTheory : 0.0165599 s (60639 evaluations, 1004.17 s total)
[mcmc]  - Acceptance rate: 0.487
[mcmc]  - Convergence of means: R-1 = 0.011935 after 24224 accepted steps
[mcmc]  - Updated covariance matrix of proposal pdf.
[mcmc] Learn + convergence test @ 30320 samples accepted.
[likelihoodcollection] Average computation time:
   flamingo.inference.masked_ps.MaskedBandPowerLikelihood : 5.51338e-05 s (60736 evaluations, 3.34861 s total)
[theorycollection] Average computation time:
   flamingo.inference.masked_ps.MaskedTSZTheory : 0.0165606 s (60736 evaluations, 1005.83 s total)
[mcmc]  - Acceptance rate: 0.487
[mcmc]  - Convergence of means: R-1 = 0.012549 after 24256 accepted steps
[mcmc]  - Updated covariance matrix of proposal pdf.
[mcmc] Learn + convergence test @ 30360 samples accepted.
[likelihoodcollection] Average computation time:
   flamingo.inference.masked_ps.MaskedBandPowerLikelihood : 5.51377e-05 s (60810 evaluations, 3.35292 s total)
[theorycollection] Average computation time:
   flamingo.inference.masked_ps.MaskedTSZTheory : 0.016561 s (60810 evaluations, 1007.08 s total)
[mcmc]  - Acceptance rate: 0.487
[mcmc]  - Convergence of means: R-1 = 0.011997 after 24288 accepted steps
[mcmc]  - Updated covariance matrix of proposal pdf.
[mcmc] Learn + convergence test @ 30400 samples accepted.
[likelihoodcollection] Average computation time:
   flamingo.inference.masked_ps.MaskedBandPowerLikelihood : 5.51344e-05 s (60881 evaluations, 3.35664 s total)
[theorycollection] Average computation time:
   flamingo.inference.masked_ps.MaskedTSZTheory : 0.0165603 s (60881 evaluations, 1008.21 s total)
[mcmc]  - Acceptance rate: 0.487
[mcmc]  - Convergence of means: R-1 = 0.011669 after 24320 accepted steps
[mcmc]  - Updated covariance matrix of proposal pdf.
[mcmc] Learn + convergence test @ 30440 samples accepted.
[likelihoodcollection] Average computation time:
   flamingo.inference.masked_ps.MaskedBandPowerLikelihood : 5.51369e-05 s (60964 evaluations, 3.36136 s total)
[theorycollection] Average computation time:
   flamingo.inference.masked_ps.MaskedTSZTheory : 0.0165604 s (60964 evaluations, 1009.59 s total)
[mcmc]  - Acceptance rate: 0.487
[mcmc]  - Convergence of means: R-1 = 0.008525 after 24352 accepted steps
[mcmc]  - Updated covariance matrix of proposal pdf.
[mcmc] Learn + convergence test @ 30480 samples accepted.
[likelihoodcollection] Average computation time:
   flamingo.inference.masked_ps.MaskedBandPowerLikelihood : 5.51353e-05 s (61023 evaluations, 3.36452 s total)
[theorycollection] Average computation time:
   flamingo.inference.masked_ps.MaskedTSZTheory : 0.0165606 s (61023 evaluations, 1010.58 s total)
[mcmc]  - Acceptance rate: 0.487
[mcmc]  - Convergence of means: R-1 = 0.005851 after 24384 accepted steps
[mcmc]  - Convergence of bounds: R-1 = 0.054214 after 30480 accepted steps
[mcmc] The run has converged!
[mcmc] Sampling complete after 30480 accepted steps.
[flamingo.inference.masked_ps.maskedbandpowerlikelihood] Average evaluation time for flamingo.inference.masked_ps.MaskedBandPowerLikelihood: 5.51353e-05 s  (61023 evaluations)
[flamingo.inference.masked_ps.maskedtsztheory] Average evaluation time for flamingo.inference.masked_ps.MaskedTSZTheory: 0.0165606 s  (61023 evaluations)
