
=== fullsky (q_cat=None) ===
Authorization required, but no authorization protocol specified

Authorization required, but no authorization protocol specified

Authorization required, but no authorization protocol specified

Authorization required, but no authorization protocol specified

[output] Output to be read-from/written-into folder '/scratch/scratch-lxu/flamingo_repo/chains/l1_m9_qfrommap_signal_only/fullsky', with prefix 'chain'
[mcmc] Getting initial point... (this may take a few seconds)
[mcmc] Initial point: H0:67.06632, sigma_8:0.7920574, n_s:0.9623756, omega_b:0.02203298, Omega_m:0.3172476, A_SZ:-4.107785, alpha_SZ:1.137876, sigma_lnY:0.1871231
[model] Measuring speeds... (this may take a few seconds)
[model] Setting measured speeds (per sec): {flamingo.inference.masked_ps.MaskedBandPowerLikelihood: 28100.0, flamingo.inference.masked_ps.MaskedTSZTheory: 68.7}
[mcmc] Covariance matrix loaded for params ['H0', 'sigma_8', 'n_s', 'omega_b', 'Omega_m', 'A_SZ', 'alpha_SZ', 'sigma_lnY']
[mcmc] All parameters' covariance loaded from given covmat.
[mcmc] Sampling! (NB: no accepted step will be saved until 50 burn-in samples have been obtained)
[mcmc] Progress @ 2026-08-03 00:11:58 : 1 steps taken -- still burning in, 50 accepted steps left.
[mcmc] Finished burn-in phase: discarded 50 accepted steps.
[mcmc] Learn + convergence test @ 40 samples accepted.
[likelihoodcollection] Average computation time:
   flamingo.inference.masked_ps.MaskedBandPowerLikelihood : 5.34433e-05 s (198 evaluations, 0.0105818 s total)
[theorycollection] Average computation time:
   flamingo.inference.masked_ps.MaskedTSZTheory : 0.0163576 s (198 evaluations, 3.23881 s total)
[mcmc]  - Acceptance rate: 0.444
[mcmc]  - Convergence of means: R-1 = 17.351297 after 32 accepted steps
[mcmc] Convergence less than requested for updates: waiting until the next convergence check.
[mcmc] Learn + convergence test @ 80 samples accepted.
[likelihoodcollection] Average computation time:
   flamingo.inference.masked_ps.MaskedBandPowerLikelihood : 5.26685e-05 s (291 evaluations, 0.0153265 s total)
[theorycollection] Average computation time:
   flamingo.inference.masked_ps.MaskedTSZTheory : 0.0163887 s (291 evaluations, 4.76912 s total)
[mcmc]  - Acceptance rate: 0.430
[mcmc]  - Convergence of means: R-1 = 9.991208 after 64 accepted steps
[mcmc] Convergence less than requested for updates: waiting until the next convergence check.
[mcmc] Learn + convergence test @ 120 samples accepted.
[likelihoodcollection] Average computation time:
   flamingo.inference.masked_ps.MaskedBandPowerLikelihood : 5.40911e-05 s (381 evaluations, 0.0206087 s total)
[theorycollection] Average computation time:
   flamingo.inference.masked_ps.MaskedTSZTheory : 0.0164079 s (381 evaluations, 6.25141 s total)
[mcmc]  - Acceptance rate: 0.429
[mcmc]  - Convergence of means: R-1 = 5.489431 after 96 accepted steps
[mcmc] Convergence less than requested for updates: waiting until the next convergence check.
[mcmc] Learn + convergence test @ 160 samples accepted.
[likelihoodcollection] Average computation time:
   flamingo.inference.masked_ps.MaskedBandPowerLikelihood : 5.40434e-05 s (463 evaluations, 0.0250221 s total)
[theorycollection] Average computation time:
   flamingo.inference.masked_ps.MaskedTSZTheory : 0.0164731 s (463 evaluations, 7.62706 s total)
[mcmc]  - Acceptance rate: 0.443
[mcmc]  - Convergence of means: R-1 = 3.278148 after 128 accepted steps
[mcmc] Convergence less than requested for updates: waiting until the next convergence check.
[mcmc] Learn + convergence test @ 200 samples accepted.
[likelihoodcollection] Average computation time:
   flamingo.inference.masked_ps.MaskedBandPowerLikelihood : 5.41888e-05 s (544 evaluations, 0.0294787 s total)
[theorycollection] Average computation time:
   flamingo.inference.masked_ps.MaskedTSZTheory : 0.0165164 s (544 evaluations, 8.98494 s total)
[mcmc]  - Acceptance rate: 0.448
[mcmc]  - Convergence of means: R-1 = 2.864535 after 160 accepted steps
[mcmc] Convergence less than requested for updates: waiting until the next convergence check.
[mcmc] Learn + convergence test @ 240 samples accepted.
[likelihoodcollection] Average computation time:
   flamingo.inference.masked_ps.MaskedBandPowerLikelihood : 5.51888e-05 s (627 evaluations, 0.0346034 s total)
[theorycollection] Average computation time:
   flamingo.inference.masked_ps.MaskedTSZTheory : 0.0165605 s (627 evaluations, 10.3834 s total)
[mcmc]  - Acceptance rate: 0.458
[mcmc]  - Convergence of means: R-1 = 2.218260 after 192 accepted steps
[mcmc] Convergence less than requested for updates: waiting until the next convergence check.
[mcmc] Learn + convergence test @ 280 samples accepted.
[likelihoodcollection] Average computation time:
   flamingo.inference.masked_ps.MaskedBandPowerLikelihood : 5.49122e-05 s (709 evaluations, 0.0389328 s total)
[theorycollection] Average computation time:
   flamingo.inference.masked_ps.MaskedTSZTheory : 0.0165489 s (709 evaluations, 11.7332 s total)
[mcmc]  - Acceptance rate: 0.456
[mcmc]  - Convergence of means: R-1 = 2.044033 after 224 accepted steps
[mcmc] Convergence less than requested for updates: waiting until the next convergence check.
[mcmc] Learn + convergence test @ 320 samples accepted.
[likelihoodcollection] Average computation time:
   flamingo.inference.masked_ps.MaskedBandPowerLikelihood : 5.49056e-05 s (797 evaluations, 0.0437598 s total)
[theorycollection] Average computation time:
   flamingo.inference.masked_ps.MaskedTSZTheory : 0.016566 s (797 evaluations, 13.2031 s total)
[mcmc]  - Acceptance rate: 0.452
[mcmc]  - Convergence of means: R-1 = 1.810393 after 256 accepted steps
[mcmc]  - Updated covariance matrix of proposal pdf.
[mcmc] Learn + convergence test @ 360 samples accepted.
[likelihoodcollection] Average computation time:
   flamingo.inference.masked_ps.MaskedBandPowerLikelihood : 5.46362e-05 s (872 evaluations, 0.0476428 s total)
[theorycollection] Average computation time:
   flamingo.inference.masked_ps.MaskedTSZTheory : 0.0165759 s (872 evaluations, 14.4542 s total)
[mcmc]  - Acceptance rate: 0.462
[mcmc]  - Convergence of means: R-1 = 1.229986 after 288 accepted steps
[mcmc]  - Updated covariance matrix of proposal pdf.
[mcmc] Learn + convergence test @ 400 samples accepted.
[likelihoodcollection] Average computation time:
   flamingo.inference.masked_ps.MaskedBandPowerLikelihood : 5.45779e-05 s (937 evaluations, 0.0511395 s total)
[theorycollection] Average computation time:
   flamingo.inference.masked_ps.MaskedTSZTheory : 0.0165636 s (937 evaluations, 15.5201 s total)
[mcmc]  - Acceptance rate: 0.475
[mcmc]  - Convergence of means: R-1 = 0.959855 after 320 accepted steps
[mcmc]  - Updated covariance matrix of proposal pdf.
[mcmc] Learn + convergence test @ 440 samples accepted.
[likelihoodcollection] Average computation time:
   flamingo.inference.masked_ps.MaskedBandPowerLikelihood : 5.46443e-05 s (1030 evaluations, 0.0562837 s total)
[theorycollection] Average computation time:
   flamingo.inference.masked_ps.MaskedTSZTheory : 0.0165464 s (1030 evaluations, 17.0428 s total)
[mcmc]  - Acceptance rate: 0.462
[mcmc]  - Convergence of means: R-1 = 1.369962 after 352 accepted steps
[mcmc]  - Updated covariance matrix of proposal pdf.
[mcmc] Learn + convergence test @ 480 samples accepted.
[likelihoodcollection] Average computation time:
   flamingo.inference.masked_ps.MaskedBandPowerLikelihood : 5.45484e-05 s (1105 evaluations, 0.060276 s total)
[theorycollection] Average computation time:
   flamingo.inference.masked_ps.MaskedTSZTheory : 0.0165588 s (1105 evaluations, 18.2974 s total)
[mcmc]  - Acceptance rate: 0.468
[mcmc]  - Convergence of means: R-1 = 0.601536 after 384 accepted steps
[mcmc]  - Updated covariance matrix of proposal pdf.
[mcmc] Learn + convergence test @ 520 samples accepted.
[likelihoodcollection] Average computation time:
   flamingo.inference.masked_ps.MaskedBandPowerLikelihood : 5.42776e-05 s (1202 evaluations, 0.0652417 s total)
[theorycollection] Average computation time:
   flamingo.inference.masked_ps.MaskedTSZTheory : 0.0165438 s (1202 evaluations, 19.8856 s total)
[mcmc]  - Acceptance rate: 0.451
[mcmc]  - Convergence of means: R-1 = 1.378904 after 416 accepted steps
[mcmc]  - Updated covariance matrix of proposal pdf.
[mcmc] Learn + convergence test @ 560 samples accepted.
[likelihoodcollection] Average computation time:
   flamingo.inference.masked_ps.MaskedBandPowerLikelihood : 5.44453e-05 s (1300 evaluations, 0.0707789 s total)
[theorycollection] Average computation time:
   flamingo.inference.masked_ps.MaskedTSZTheory : 0.0165553 s (1300 evaluations, 21.5219 s total)
[mcmc]  - Acceptance rate: 0.432
[mcmc]  - Convergence of means: R-1 = 1.436920 after 448 accepted steps
[mcmc]  - Updated covariance matrix of proposal pdf.
[mcmc] Learn + convergence test @ 600 samples accepted.
[likelihoodcollection] Average computation time:
   flamingo.inference.masked_ps.MaskedBandPowerLikelihood : 5.44249e-05 s (1365 evaluations, 0.07429 s total)
[theorycollection] Average computation time:
   flamingo.inference.masked_ps.MaskedTSZTheory : 0.0165375 s (1365 evaluations, 22.5737 s total)
[mcmc]  - Acceptance rate: 0.443
[mcmc]  - Convergence of means: R-1 = 1.990188 after 480 accepted steps
[mcmc]  - Updated covariance matrix of proposal pdf.
[mcmc] Learn + convergence test @ 640 samples accepted.
[likelihoodcollection] Average computation time:
   flamingo.inference.masked_ps.MaskedBandPowerLikelihood : 5.41479e-05 s (1441 evaluations, 0.0780271 s total)
[theorycollection] Average computation time:
   flamingo.inference.masked_ps.MaskedTSZTheory : 0.0165105 s (1441 evaluations, 23.7916 s total)
[mcmc]  - Acceptance rate: 0.446
[mcmc]  - Convergence of means: R-1 = 1.001136 after 512 accepted steps
[mcmc]  - Updated covariance matrix of proposal pdf.
[mcmc] Learn + convergence test @ 680 samples accepted.
[likelihoodcollection] Average computation time:
   flamingo.inference.masked_ps.MaskedBandPowerLikelihood : 5.39958e-05 s (1548 evaluations, 0.0835855 s total)
[theorycollection] Average computation time:
   flamingo.inference.masked_ps.MaskedTSZTheory : 0.0165037 s (1548 evaluations, 25.5477 s total)
[mcmc]  - Acceptance rate: 0.419
[mcmc]  - Convergence of means: R-1 = 1.273372 after 544 accepted steps
[mcmc]  - Updated covariance matrix of proposal pdf.
[mcmc] Learn + convergence test @ 720 samples accepted.
[likelihoodcollection] Average computation time:
   flamingo.inference.masked_ps.MaskedBandPowerLikelihood : 5.39682e-05 s (1616 evaluations, 0.0872127 s total)
[theorycollection] Average computation time:
   flamingo.inference.masked_ps.MaskedTSZTheory : 0.016496 s (1616 evaluations, 26.6576 s total)
[mcmc]  - Acceptance rate: 0.423
[mcmc]  - Convergence of means: R-1 = 1.085037 after 576 accepted steps
[mcmc]  - Updated covariance matrix of proposal pdf.
[mcmc] Learn + convergence test @ 760 samples accepted.
[likelihoodcollection] Average computation time:
   flamingo.inference.masked_ps.MaskedBandPowerLikelihood : 5.4624e-05 s (1693 evaluations, 0.0924784 s total)
[theorycollection] Average computation time:
   flamingo.inference.masked_ps.MaskedTSZTheory : 0.0165092 s (1693 evaluations, 27.9502 s total)
[mcmc]  - Acceptance rate: 0.421
[mcmc]  - Convergence of means: R-1 = 0.835232 after 608 accepted steps
[mcmc]  - Updated covariance matrix of proposal pdf.
[mcmc] Learn + convergence test @ 800 samples accepted.
[likelihoodcollection] Average computation time:
   flamingo.inference.masked_ps.MaskedBandPowerLikelihood : 5.44985e-05 s (1785 evaluations, 0.0972798 s total)
[theorycollection] Average computation time:
   flamingo.inference.masked_ps.MaskedTSZTheory : 0.0164986 s (1785 evaluations, 29.45 s total)
[mcmc]  - Acceptance rate: 0.415
[mcmc]  - Convergence of means: R-1 = 0.938401 after 640 accepted steps
[mcmc]  - Updated covariance matrix of proposal pdf.
[mcmc] Learn + convergence test @ 840 samples accepted.
[likelihoodcollection] Average computation time:
   flamingo.inference.masked_ps.MaskedBandPowerLikelihood : 5.44742e-05 s (1865 evaluations, 0.101594 s total)
[theorycollection] Average computation time:
   flamingo.inference.masked_ps.MaskedTSZTheory : 0.016495 s (1865 evaluations, 30.7631 s total)
[mcmc]  - Acceptance rate: 0.417
[mcmc]  - Convergence of means: R-1 = 0.695535 after 672 accepted steps
[mcmc]  - Updated covariance matrix of proposal pdf.
[mcmc] Learn + convergence test @ 880 samples accepted.
[likelihoodcollection] Average computation time:
   flamingo.inference.masked_ps.MaskedBandPowerLikelihood : 5.43093e-05 s (1951 evaluations, 0.105957 s total)
[theorycollection] Average computation time:
   flamingo.inference.masked_ps.MaskedTSZTheory : 0.0164829 s (1951 evaluations, 32.1582 s total)
[mcmc]  - Acceptance rate: 0.418
[mcmc]  - Convergence of means: R-1 = 0.833033 after 704 accepted steps
[mcmc]  - Updated covariance matrix of proposal pdf.
[mcmc] Learn + convergence test @ 920 samples accepted.
[likelihoodcollection] Average computation time:
   flamingo.inference.masked_ps.MaskedBandPowerLikelihood : 5.43343e-05 s (2017 evaluations, 0.109592 s total)
[theorycollection] Average computation time:
   flamingo.inference.masked_ps.MaskedTSZTheory : 0.016488 s (2017 evaluations, 33.2563 s total)
[mcmc]  - Acceptance rate: 0.424
[mcmc]  - Convergence of means: R-1 = 0.930049 after 736 accepted steps
[mcmc]  - Updated covariance matrix of proposal pdf.
[mcmc] Learn + convergence test @ 960 samples accepted.
[likelihoodcollection] Average computation time:
   flamingo.inference.masked_ps.MaskedBandPowerLikelihood : 5.4351e-05 s (2098 evaluations, 0.114028 s total)
[theorycollection] Average computation time:
   flamingo.inference.masked_ps.MaskedTSZTheory : 0.0164822 s (2098 evaluations, 34.5797 s total)
[mcmc]  - Acceptance rate: 0.423
[mcmc]  - Convergence of means: R-1 = 0.643415 after 768 accepted steps
[mcmc]  - Updated covariance matrix of proposal pdf.
[mcmc] Learn + convergence test @ 1000 samples accepted.
[likelihoodcollection] Average computation time:
   flamingo.inference.masked_ps.MaskedBandPowerLikelihood : 5.43916e-05 s (2182 evaluations, 0.118683 s total)
[theorycollection] Average computation time:
   flamingo.inference.masked_ps.MaskedTSZTheory : 0.0164869 s (2182 evaluations, 35.9744 s total)
[mcmc]  - Acceptance rate: 0.426
[mcmc]  - Convergence of means: R-1 = 0.788570 after 800 accepted steps
[mcmc]  - Updated covariance matrix of proposal pdf.
[mcmc] Learn + convergence test @ 1040 samples accepted.
[likelihoodcollection] Average computation time:
   flamingo.inference.masked_ps.MaskedBandPowerLikelihood : 5.42831e-05 s (2298 evaluations, 0.124743 s total)
[theorycollection] Average computation time:
   flamingo.inference.masked_ps.MaskedTSZTheory : 0.0164996 s (2298 evaluations, 37.916 s total)
[mcmc]  - Acceptance rate: 0.422
[mcmc]  - Convergence of means: R-1 = 0.904142 after 832 accepted steps
[mcmc]  - Updated covariance matrix of proposal pdf.
[mcmc] Learn + convergence test @ 1080 samples accepted.
[likelihoodcollection] Average computation time:
   flamingo.inference.masked_ps.MaskedBandPowerLikelihood : 5.41173e-05 s (2410 evaluations, 0.130423 s total)
[theorycollection] Average computation time:
   flamingo.inference.masked_ps.MaskedTSZTheory : 0.0165151 s (2410 evaluations, 39.8013 s total)
[mcmc]  - Acceptance rate: 0.418
[mcmc]  - Convergence of means: R-1 = 1.311909 after 864 accepted steps
[mcmc]  - Updated covariance matrix of proposal pdf.
[mcmc] Learn + convergence test @ 1120 samples accepted.
[likelihoodcollection] Average computation time:
   flamingo.inference.masked_ps.MaskedBandPowerLikelihood : 5.42482e-05 s (2516 evaluations, 0.136488 s total)
[theorycollection] Average computation time:
   flamingo.inference.masked_ps.MaskedTSZTheory : 0.0165197 s (2516 evaluations, 41.5636 s total)
[mcmc]  - Acceptance rate: 0.416
[mcmc]  - Convergence of means: R-1 = 1.651378 after 896 accepted steps
[mcmc]  - Updated covariance matrix of proposal pdf.
[mcmc] Learn + convergence test @ 1160 samples accepted.
[likelihoodcollection] Average computation time:
   flamingo.inference.masked_ps.MaskedBandPowerLikelihood : 5.41389e-05 s (2635 evaluations, 0.142656 s total)
[theorycollection] Average computation time:
   flamingo.inference.masked_ps.MaskedTSZTheory : 0.0165165 s (2635 evaluations, 43.5209 s total)
[mcmc]  - Acceptance rate: 0.411
[mcmc]  - Convergence of means: R-1 = 2.931823 after 928 accepted steps
[mcmc] Convergence less than requested for updates: waiting until the next convergence check.
[mcmc] Learn + convergence test @ 1200 samples accepted.
[likelihoodcollection] Average computation time:
   flamingo.inference.masked_ps.MaskedBandPowerLikelihood : 5.39934e-05 s (2787 evaluations, 0.15048 s total)
[theorycollection] Average computation time:
   flamingo.inference.masked_ps.MaskedTSZTheory : 0.0165035 s (2787 evaluations, 45.9953 s total)
[mcmc]  - Acceptance rate: 0.401
[mcmc]  - Convergence of means: R-1 = 6.418664 after 960 accepted steps
[mcmc] Convergence less than requested for updates: waiting until the next convergence check.
[mcmc] Learn + convergence test @ 1240 samples accepted.
[likelihoodcollection] Average computation time:
   flamingo.inference.masked_ps.MaskedBandPowerLikelihood : 5.3912e-05 s (2881 evaluations, 0.15532 s total)
[theorycollection] Average computation time:
   flamingo.inference.masked_ps.MaskedTSZTheory : 0.0165086 s (2881 evaluations, 47.5614 s total)
[mcmc]  - Acceptance rate: 0.402
[mcmc]  - Convergence of means: R-1 = 6.528347 after 992 accepted steps
[mcmc] Convergence less than requested for updates: waiting until the next convergence check.
[mcmc] Learn + convergence test @ 1280 samples accepted.
[likelihoodcollection] Average computation time:
   flamingo.inference.masked_ps.MaskedBandPowerLikelihood : 5.37951e-05 s (2995 evaluations, 0.161116 s total)
[theorycollection] Average computation time:
   flamingo.inference.masked_ps.MaskedTSZTheory : 0.016515 s (2995 evaluations, 49.4624 s total)
[mcmc]  - Acceptance rate: 0.399
[mcmc]  - Convergence of means: R-1 = 4.193183 after 1024 accepted steps
[mcmc] Convergence less than requested for updates: waiting until the next convergence check.
[mcmc] Learn + convergence test @ 1320 samples accepted.
[likelihoodcollection] Average computation time:
   flamingo.inference.masked_ps.MaskedBandPowerLikelihood : 5.38854e-05 s (3077 evaluations, 0.165805 s total)
[theorycollection] Average computation time:
   flamingo.inference.masked_ps.MaskedTSZTheory : 0.0165124 s (3077 evaluations, 50.8087 s total)
[mcmc]  - Acceptance rate: 0.401
[mcmc]  - Convergence of means: R-1 = 3.386490 after 1056 accepted steps
[mcmc] Convergence less than requested for updates: waiting until the next convergence check.
[mcmc] Learn + convergence test @ 1360 samples accepted.
[likelihoodcollection] Average computation time:
   flamingo.inference.masked_ps.MaskedBandPowerLikelihood : 5.38792e-05 s (3153 evaluations, 0.169881 s total)
[theorycollection] Average computation time:
   flamingo.inference.masked_ps.MaskedTSZTheory : 0.0165271 s (3153 evaluations, 52.1101 s total)
[mcmc]  - Acceptance rate: 0.405
[mcmc]  - Convergence of means: R-1 = 2.557590 after 1088 accepted steps
[mcmc] Convergence less than requested for updates: waiting until the next convergence check.
[mcmc] Learn + convergence test @ 1400 samples accepted.
[likelihoodcollection] Average computation time:
   flamingo.inference.masked_ps.MaskedBandPowerLikelihood : 5.3827e-05 s (3235 evaluations, 0.17413 s total)
[theorycollection] Average computation time:
   flamingo.inference.masked_ps.MaskedTSZTheory : 0.0165287 s (3235 evaluations, 53.4703 s total)
[mcmc]  - Acceptance rate: 0.406
[mcmc]  - Convergence of means: R-1 = 1.924334 after 1120 accepted steps
[mcmc]  - Updated covariance matrix of proposal pdf.
[mcmc] Learn + convergence test @ 1440 samples accepted.
[likelihoodcollection] Average computation time:
   flamingo.inference.masked_ps.MaskedBandPowerLikelihood : 5.38135e-05 s (3326 evaluations, 0.178984 s total)
[theorycollection] Average computation time:
   flamingo.inference.masked_ps.MaskedTSZTheory : 0.0165334 s (3326 evaluations, 54.9901 s total)
[mcmc]  - Acceptance rate: 0.406
[mcmc]  - Convergence of means: R-1 = 1.669397 after 1152 accepted steps
[mcmc]  - Updated covariance matrix of proposal pdf.
[mcmc] Learn + convergence test @ 1480 samples accepted.
[likelihoodcollection] Average computation time:
   flamingo.inference.masked_ps.MaskedBandPowerLikelihood : 5.37596e-05 s (3404 evaluations, 0.182998 s total)
[theorycollection] Average computation time:
   flamingo.inference.masked_ps.MaskedTSZTheory : 0.0165375 s (3404 evaluations, 56.2935 s total)
[mcmc]  - Acceptance rate: 0.408
[mcmc]  - Convergence of means: R-1 = 1.638226 after 1184 accepted steps
[mcmc]  - Updated covariance matrix of proposal pdf.
[mcmc] Learn + convergence test @ 1520 samples accepted.
[likelihoodcollection] Average computation time:
   flamingo.inference.masked_ps.MaskedBandPowerLikelihood : 5.37937e-05 s (3487 evaluations, 0.187579 s total)
[theorycollection] Average computation time:
   flamingo.inference.masked_ps.MaskedTSZTheory : 0.0165447 s (3487 evaluations, 57.6913 s total)
[mcmc]  - Acceptance rate: 0.408
[mcmc]  - Convergence of means: R-1 = 1.904525 after 1216 accepted steps
[mcmc]  - Updated covariance matrix of proposal pdf.
[mcmc] Progress @ 2026-08-03 00:12:58 : 3848 steps taken, and 1546 accepted.
[mcmc] Learn + convergence test @ 1560 samples accepted.
[likelihoodcollection] Average computation time:
   flamingo.inference.masked_ps.MaskedBandPowerLikelihood : 5.37088e-05 s (3597 evaluations, 0.193191 s total)
[theorycollection] Average computation time:
   flamingo.inference.masked_ps.MaskedTSZTheory : 0.016546 s (3597 evaluations, 59.5161 s total)
[mcmc]  - Acceptance rate: 0.402
[mcmc]  - Convergence of means: R-1 = 3.467350 after 1248 accepted steps
[mcmc] Convergence less than requested for updates: waiting until the next convergence check.
[mcmc] Learn + convergence test @ 1600 samples accepted.
[likelihoodcollection] Average computation time:
   flamingo.inference.masked_ps.MaskedBandPowerLikelihood : 5.35923e-05 s (3680 evaluations, 0.19722 s total)
[theorycollection] Average computation time:
   flamingo.inference.masked_ps.MaskedTSZTheory : 0.0165445 s (3680 evaluations, 60.8837 s total)
[mcmc]  - Acceptance rate: 0.403
[mcmc]  - Convergence of means: R-1 = 4.766853 after 1280 accepted steps
[mcmc] Convergence less than requested for updates: waiting until the next convergence check.
[mcmc] Learn + convergence test @ 1640 samples accepted.
[likelihoodcollection] Average computation time:
   flamingo.inference.masked_ps.MaskedBandPowerLikelihood : 5.35582e-05 s (3775 evaluations, 0.202182 s total)
[theorycollection] Average computation time:
   flamingo.inference.masked_ps.MaskedTSZTheory : 0.0165442 s (3775 evaluations, 62.4545 s total)
[mcmc]  - Acceptance rate: 0.403
[mcmc]  - Convergence of means: R-1 = 4.486115 after 1312 accepted steps
[mcmc] Convergence less than requested for updates: waiting until the next convergence check.
[mcmc] Learn + convergence test @ 1680 samples accepted.
[likelihoodcollection] Average computation time:
   flamingo.inference.masked_ps.MaskedBandPowerLikelihood : 5.35316e-05 s (3855 evaluations, 0.206364 s total)
[theorycollection] Average computation time:
   flamingo.inference.masked_ps.MaskedTSZTheory : 0.0165465 s (3855 evaluations, 63.7866 s total)
[mcmc]  - Acceptance rate: 0.404
[mcmc]  - Convergence of means: R-1 = 3.983515 after 1344 accepted steps
[mcmc] Convergence less than requested for updates: waiting until the next convergence check.
[mcmc] Learn + convergence test @ 1720 samples accepted.
[likelihoodcollection] Average computation time:
   flamingo.inference.masked_ps.MaskedBandPowerLikelihood : 5.3547e-05 s (3943 evaluations, 0.211136 s total)
[theorycollection] Average computation time:
   flamingo.inference.masked_ps.MaskedTSZTheory : 0.0165497 s (3943 evaluations, 65.2554 s total)
[mcmc]  - Acceptance rate: 0.404
[mcmc]  - Convergence of means: R-1 = 3.424132 after 1376 accepted steps
[mcmc] Convergence less than requested for updates: waiting until the next convergence check.
[mcmc] Learn + convergence test @ 1760 samples accepted.
[likelihoodcollection] Average computation time:
   flamingo.inference.masked_ps.MaskedBandPowerLikelihood : 5.35631e-05 s (4024 evaluations, 0.215538 s total)
[theorycollection] Average computation time:
   flamingo.inference.masked_ps.MaskedTSZTheory : 0.0165554 s (4024 evaluations, 66.6189 s total)
[mcmc]  - Acceptance rate: 0.406
[mcmc]  - Convergence of means: R-1 = 1.892102 after 1408 accepted steps
[mcmc]  - Updated covariance matrix of proposal pdf.
[mcmc] Learn + convergence test @ 1800 samples accepted.
[likelihoodcollection] Average computation time:
   flamingo.inference.masked_ps.MaskedBandPowerLikelihood : 5.34843e-05 s (4093 evaluations, 0.218911 s total)
[theorycollection] Average computation time:
   flamingo.inference.masked_ps.MaskedTSZTheory : 0.0165551 s (4093 evaluations, 67.7599 s total)
[mcmc]  - Acceptance rate: 0.409
[mcmc]  - Convergence of means: R-1 = 1.327547 after 1440 accepted steps
[mcmc]  - Updated covariance matrix of proposal pdf.
[mcmc] Learn + convergence test @ 1840 samples accepted.
[likelihoodcollection] Average computation time:
   flamingo.inference.masked_ps.MaskedBandPowerLikelihood : 5.35294e-05 s (4165 evaluations, 0.22295 s total)
[theorycollection] Average computation time:
   flamingo.inference.masked_ps.MaskedTSZTheory : 0.0165633 s (4165 evaluations, 68.986 s total)
[mcmc]  - Acceptance rate: 0.411
[mcmc]  - Convergence of means: R-1 = 1.267198 after 1472 accepted steps
[mcmc]  - Updated covariance matrix of proposal pdf.
[mcmc] Learn + convergence test @ 1880 samples accepted.
[likelihoodcollection] Average computation time:
   flamingo.inference.masked_ps.MaskedBandPowerLikelihood : 5.35408e-05 s (4252 evaluations, 0.227656 s total)
[theorycollection] Average computation time:
   flamingo.inference.masked_ps.MaskedTSZTheory : 0.0165641 s (4252 evaluations, 70.4305 s total)
[mcmc]  - Acceptance rate: 0.409
[mcmc]  - Convergence of means: R-1 = 1.121004 after 1504 accepted steps
[mcmc]  - Updated covariance matrix of proposal pdf.
[mcmc] Learn + convergence test @ 1920 samples accepted.
[likelihoodcollection] Average computation time:
   flamingo.inference.masked_ps.MaskedBandPowerLikelihood : 5.3494e-05 s (4345 evaluations, 0.232432 s total)
[theorycollection] Average computation time:
   flamingo.inference.masked_ps.MaskedTSZTheory : 0.0165628 s (4345 evaluations, 71.9654 s total)
[mcmc]  - Acceptance rate: 0.409
[mcmc]  - Convergence of means: R-1 = 0.936937 after 1536 accepted steps
[mcmc]  - Updated covariance matrix of proposal pdf.
[mcmc] Learn + convergence test @ 1960 samples accepted.
[likelihoodcollection] Average computation time:
   flamingo.inference.masked_ps.MaskedBandPowerLikelihood : 5.34825e-05 s (4440 evaluations, 0.237462 s total)
[theorycollection] Average computation time:
   flamingo.inference.masked_ps.MaskedTSZTheory : 0.0165657 s (4440 evaluations, 73.5516 s total)
[mcmc]  - Acceptance rate: 0.408
[mcmc]  - Convergence of means: R-1 = 0.885963 after 1568 accepted steps
[mcmc]  - Updated covariance matrix of proposal pdf.
[mcmc] Learn + convergence test @ 2000 samples accepted.
[likelihoodcollection] Average computation time:
   flamingo.inference.masked_ps.MaskedBandPowerLikelihood : 5.34423e-05 s (4532 evaluations, 0.2422 s total)
[theorycollection] Average computation time:
   flamingo.inference.masked_ps.MaskedTSZTheory : 0.0165676 s (4532 evaluations, 75.0845 s total)
[mcmc]  - Acceptance rate: 0.408
[mcmc]  - Convergence of means: R-1 = 0.945884 after 1600 accepted steps
[mcmc]  - Updated covariance matrix of proposal pdf.
[mcmc] Learn + convergence test @ 2040 samples accepted.
[likelihoodcollection] Average computation time:
   flamingo.inference.masked_ps.MaskedBandPowerLikelihood : 5.35121e-05 s (4623 evaluations, 0.247386 s total)
[theorycollection] Average computation time:
   flamingo.inference.masked_ps.MaskedTSZTheory : 0.0165692 s (4623 evaluations, 76.5995 s total)
[mcmc]  - Acceptance rate: 0.408
[mcmc]  - Convergence of means: R-1 = 1.047106 after 1632 accepted steps
[mcmc]  - Updated covariance matrix of proposal pdf.
[mcmc] Learn + convergence test @ 2080 samples accepted.
[likelihoodcollection] Average computation time:
   flamingo.inference.masked_ps.MaskedBandPowerLikelihood : 5.3419e-05 s (4694 evaluations, 0.250749 s total)
[theorycollection] Average computation time:
   flamingo.inference.masked_ps.MaskedTSZTheory : 0.016563 s (4694 evaluations, 77.7468 s total)
[mcmc]  - Acceptance rate: 0.409
[mcmc]  - Convergence of means: R-1 = 1.229165 after 1664 accepted steps
[mcmc]  - Updated covariance matrix of proposal pdf.
[mcmc] Learn + convergence test @ 2120 samples accepted.
[likelihoodcollection] Average computation time:
   flamingo.inference.masked_ps.MaskedBandPowerLikelihood : 5.33229e-05 s (4780 evaluations, 0.254883 s total)
[theorycollection] Average computation time:
   flamingo.inference.masked_ps.MaskedTSZTheory : 0.0165545 s (4780 evaluations, 79.1305 s total)
[mcmc]  - Acceptance rate: 0.410
[mcmc]  - Convergence of means: R-1 = 1.528611 after 1696 accepted steps
[mcmc]  - Updated covariance matrix of proposal pdf.
[mcmc] Learn + convergence test @ 2160 samples accepted.
[likelihoodcollection] Average computation time:
   flamingo.inference.masked_ps.MaskedBandPowerLikelihood : 5.33702e-05 s (4851 evaluations, 0.258899 s total)
[theorycollection] Average computation time:
   flamingo.inference.masked_ps.MaskedTSZTheory : 0.0165567 s (4851 evaluations, 80.3163 s total)
[mcmc]  - Acceptance rate: 0.412
[mcmc]  - Convergence of means: R-1 = 1.600832 after 1728 accepted steps
[mcmc]  - Updated covariance matrix of proposal pdf.
[mcmc] Learn + convergence test @ 2200 samples accepted.
[likelihoodcollection] Average computation time:
   flamingo.inference.masked_ps.MaskedBandPowerLikelihood : 5.33922e-05 s (4948 evaluations, 0.264185 s total)
[theorycollection] Average computation time:
   flamingo.inference.masked_ps.MaskedTSZTheory : 0.0165597 s (4948 evaluations, 81.9373 s total)
[mcmc]  - Acceptance rate: 0.411
[mcmc]  - Convergence of means: R-1 = 1.728907 after 1760 accepted steps
[mcmc]  - Updated covariance matrix of proposal pdf.
[mcmc] Learn + convergence test @ 2240 samples accepted.
[likelihoodcollection] Average computation time:
   flamingo.inference.masked_ps.MaskedBandPowerLikelihood : 5.33594e-05 s (5045 evaluations, 0.269198 s total)
[theorycollection] Average computation time:
   flamingo.inference.masked_ps.MaskedTSZTheory : 0.016563 s (5045 evaluations, 83.5602 s total)
[mcmc]  - Acceptance rate: 0.409
[mcmc]  - Convergence of means: R-1 = 1.755809 after 1792 accepted steps
[mcmc]  - Updated covariance matrix of proposal pdf.
[mcmc] Learn + convergence test @ 2280 samples accepted.
[likelihoodcollection] Average computation time:
   flamingo.inference.masked_ps.MaskedBandPowerLikelihood : 5.32966e-05 s (5146 evaluations, 0.274264 s total)
[theorycollection] Average computation time:
   flamingo.inference.masked_ps.MaskedTSZTheory : 0.0165629 s (5146 evaluations, 85.2328 s total)
[mcmc]  - Acceptance rate: 0.406
[mcmc]  - Convergence of means: R-1 = 1.979136 after 1824 accepted steps
[mcmc]  - Updated covariance matrix of proposal pdf.
[mcmc] Learn + convergence test @ 2320 samples accepted.
[likelihoodcollection] Average computation time:
   flamingo.inference.masked_ps.MaskedBandPowerLikelihood : 5.33288e-05 s (5240 evaluations, 0.279443 s total)
[theorycollection] Average computation time:
   flamingo.inference.masked_ps.MaskedTSZTheory : 0.0165618 s (5240 evaluations, 86.7838 s total)
[mcmc]  - Acceptance rate: 0.406
[mcmc]  - Convergence of means: R-1 = 1.926774 after 1856 accepted steps
[mcmc]  - Updated covariance matrix of proposal pdf.
[mcmc] Learn + convergence test @ 2360 samples accepted.
[likelihoodcollection] Average computation time:
   flamingo.inference.masked_ps.MaskedBandPowerLikelihood : 5.33912e-05 s (5311 evaluations, 0.283561 s total)
[theorycollection] Average computation time:
   flamingo.inference.masked_ps.MaskedTSZTheory : 0.0165618 s (5311 evaluations, 87.9599 s total)
[mcmc]  - Acceptance rate: 0.408
[mcmc]  - Convergence of means: R-1 = 1.770522 after 1888 accepted steps
[mcmc]  - Updated covariance matrix of proposal pdf.
[mcmc] Learn + convergence test @ 2400 samples accepted.
[likelihoodcollection] Average computation time:
   flamingo.inference.masked_ps.MaskedBandPowerLikelihood : 5.33626e-05 s (5397 evaluations, 0.287998 s total)
[theorycollection] Average computation time:
   flamingo.inference.masked_ps.MaskedTSZTheory : 0.0165577 s (5397 evaluations, 89.3618 s total)
[mcmc]  - Acceptance rate: 0.408
[mcmc]  - Convergence of means: R-1 = 1.689601 after 1920 accepted steps
[mcmc]  - Updated covariance matrix of proposal pdf.
[mcmc] Learn + convergence test @ 2440 samples accepted.
[likelihoodcollection] Average computation time:
   flamingo.inference.masked_ps.MaskedBandPowerLikelihood : 5.33183e-05 s (5502 evaluations, 0.293357 s total)
[theorycollection] Average computation time:
   flamingo.inference.masked_ps.MaskedTSZTheory : 0.0165577 s (5502 evaluations, 91.1006 s total)
[mcmc]  - Acceptance rate: 0.405
[mcmc]  - Convergence of means: R-1 = 1.596465 after 1952 accepted steps
[mcmc]  - Updated covariance matrix of proposal pdf.
[mcmc] Learn + convergence test @ 2480 samples accepted.
[likelihoodcollection] Average computation time:
   flamingo.inference.masked_ps.MaskedBandPowerLikelihood : 5.33114e-05 s (5596 evaluations, 0.298331 s total)
[theorycollection] Average computation time:
   flamingo.inference.masked_ps.MaskedTSZTheory : 0.0165588 s (5596 evaluations, 92.6628 s total)
[mcmc]  - Acceptance rate: 0.405
[mcmc]  - Convergence of means: R-1 = 1.400530 after 1984 accepted steps
[mcmc]  - Updated covariance matrix of proposal pdf.
[mcmc] Learn + convergence test @ 2520 samples accepted.
[likelihoodcollection] Average computation time:
   flamingo.inference.masked_ps.MaskedBandPowerLikelihood : 5.32727e-05 s (5689 evaluations, 0.303069 s total)
[theorycollection] Average computation time:
   flamingo.inference.masked_ps.MaskedTSZTheory : 0.0165557 s (5689 evaluations, 94.1856 s total)
[mcmc]  - Acceptance rate: 0.408
[mcmc]  - Convergence of means: R-1 = 1.039454 after 2016 accepted steps
[mcmc]  - Updated covariance matrix of proposal pdf.
[mcmc] Learn + convergence test @ 2560 samples accepted.
[likelihoodcollection] Average computation time:
   flamingo.inference.masked_ps.MaskedBandPowerLikelihood : 5.33162e-05 s (5775 evaluations, 0.307901 s total)
[theorycollection] Average computation time:
   flamingo.inference.masked_ps.MaskedTSZTheory : 0.0165573 s (5775 evaluations, 95.6183 s total)
[mcmc]  - Acceptance rate: 0.408
[mcmc]  - Convergence of means: R-1 = 0.739358 after 2048 accepted steps
[mcmc]  - Updated covariance matrix of proposal pdf.
[mcmc] Learn + convergence test @ 2600 samples accepted.
[likelihoodcollection] Average computation time:
   flamingo.inference.masked_ps.MaskedBandPowerLikelihood : 5.33036e-05 s (5887 evaluations, 0.313798 s total)
[theorycollection] Average computation time:
   flamingo.inference.masked_ps.MaskedTSZTheory : 0.0165607 s (5887 evaluations, 97.4927 s total)
[mcmc]  - Acceptance rate: 0.406
[mcmc]  - Convergence of means: R-1 = 0.640743 after 2080 accepted steps
[mcmc]  - Updated covariance matrix of proposal pdf.
[mcmc] Learn + convergence test @ 2640 samples accepted.
[likelihoodcollection] Average computation time:
   flamingo.inference.masked_ps.MaskedBandPowerLikelihood : 5.32735e-05 s (5992 evaluations, 0.319215 s total)
[theorycollection] Average computation time:
   flamingo.inference.masked_ps.MaskedTSZTheory : 0.0165627 s (5992 evaluations, 99.2439 s total)
[mcmc]  - Acceptance rate: 0.405
[mcmc]  - Convergence of means: R-1 = 0.623006 after 2112 accepted steps
[mcmc]  - Updated covariance matrix of proposal pdf.
[mcmc] Learn + convergence test @ 2680 samples accepted.
[likelihoodcollection] Average computation time:
   flamingo.inference.masked_ps.MaskedBandPowerLikelihood : 5.3241e-05 s (6085 evaluations, 0.323971 s total)
[theorycollection] Average computation time:
   flamingo.inference.masked_ps.MaskedTSZTheory : 0.0165583 s (6085 evaluations, 100.757 s total)
[mcmc]  - Acceptance rate: 0.405
[mcmc]  - Convergence of means: R-1 = 0.503855 after 2144 accepted steps
[mcmc]  - Updated covariance matrix of proposal pdf.
[mcmc] Learn + convergence test @ 2720 samples accepted.
[likelihoodcollection] Average computation time:
   flamingo.inference.masked_ps.MaskedBandPowerLikelihood : 5.3211e-05 s (6197 evaluations, 0.329749 s total)
[theorycollection] Average computation time:
   flamingo.inference.masked_ps.MaskedTSZTheory : 0.016563 s (6197 evaluations, 102.641 s total)
[mcmc]  - Acceptance rate: 0.405
[mcmc]  - Convergence of means: R-1 = 0.456228 after 2176 accepted steps
[mcmc]  - Updated covariance matrix of proposal pdf.
[mcmc] Learn + convergence test @ 2760 samples accepted.
[likelihoodcollection] Average computation time:
   flamingo.inference.masked_ps.MaskedBandPowerLikelihood : 5.31149e-05 s (6309 evaluations, 0.335102 s total)
[theorycollection] Average computation time:
   flamingo.inference.masked_ps.MaskedTSZTheory : 0.0165605 s (6309 evaluations, 104.48 s total)
[mcmc]  - Acceptance rate: 0.404
[mcmc]  - Convergence of means: R-1 = 0.397482 after 2208 accepted steps
[mcmc]  - Updated covariance matrix of proposal pdf.
[mcmc] Learn + convergence test @ 2800 samples accepted.
[likelihoodcollection] Average computation time:
   flamingo.inference.masked_ps.MaskedBandPowerLikelihood : 5.31378e-05 s (6408 evaluations, 0.340507 s total)
[theorycollection] Average computation time:
   flamingo.inference.masked_ps.MaskedTSZTheory : 0.0165583 s (6408 evaluations, 106.105 s total)
[mcmc]  - Acceptance rate: 0.402
[mcmc]  - Convergence of means: R-1 = 0.395704 after 2240 accepted steps
[mcmc]  - Updated covariance matrix of proposal pdf.
[mcmc] Learn + convergence test @ 2840 samples accepted.
[likelihoodcollection] Average computation time:
   flamingo.inference.masked_ps.MaskedBandPowerLikelihood : 5.30932e-05 s (6527 evaluations, 0.346539 s total)
[theorycollection] Average computation time:
   flamingo.inference.masked_ps.MaskedTSZTheory : 0.0165568 s (6527 evaluations, 108.066 s total)
[mcmc]  - Acceptance rate: 0.400
[mcmc]  - Convergence of means: R-1 = 0.340977 after 2272 accepted steps
[mcmc]  - Updated covariance matrix of proposal pdf.
[mcmc] Learn + convergence test @ 2880 samples accepted.
[likelihoodcollection] Average computation time:
   flamingo.inference.masked_ps.MaskedBandPowerLikelihood : 5.30903e-05 s (6619 evaluations, 0.351405 s total)
[theorycollection] Average computation time:
   flamingo.inference.masked_ps.MaskedTSZTheory : 0.0165556 s (6619 evaluations, 109.582 s total)
[mcmc]  - Acceptance rate: 0.400
[mcmc]  - Convergence of means: R-1 = 0.332240 after 2304 accepted steps
[mcmc]  - Updated covariance matrix of proposal pdf.
[mcmc] Learn + convergence test @ 2920 samples accepted.
[likelihoodcollection] Average computation time:
   flamingo.inference.masked_ps.MaskedBandPowerLikelihood : 5.30719e-05 s (6726 evaluations, 0.356962 s total)
[theorycollection] Average computation time:
   flamingo.inference.masked_ps.MaskedTSZTheory : 0.0165516 s (6726 evaluations, 111.326 s total)
[mcmc]  - Acceptance rate: 0.399
[mcmc]  - Convergence of means: R-1 = 0.307245 after 2336 accepted steps
[mcmc]  - Updated covariance matrix of proposal pdf.
[mcmc] Learn + convergence test @ 2960 samples accepted.
[likelihoodcollection] Average computation time:
   flamingo.inference.masked_ps.MaskedBandPowerLikelihood : 5.31155e-05 s (6828 evaluations, 0.362672 s total)
[theorycollection] Average computation time:
   flamingo.inference.masked_ps.MaskedTSZTheory : 0.0165525 s (6828 evaluations, 113.02 s total)
[mcmc]  - Acceptance rate: 0.397
[mcmc]  - Convergence of means: R-1 = 0.306682 after 2368 accepted steps
[mcmc]  - Updated covariance matrix of proposal pdf.
[mcmc] Learn + convergence test @ 3000 samples accepted.
[likelihoodcollection] Average computation time:
   flamingo.inference.masked_ps.MaskedBandPowerLikelihood : 5.31045e-05 s (6927 evaluations, 0.367855 s total)
[theorycollection] Average computation time:
   flamingo.inference.masked_ps.MaskedTSZTheory : 0.0165537 s (6927 evaluations, 114.667 s total)
[mcmc]  - Acceptance rate: 0.397
[mcmc]  - Convergence of means: R-1 = 0.344444 after 2400 accepted steps
[mcmc]  - Updated covariance matrix of proposal pdf.
[mcmc] Learn + convergence test @ 3040 samples accepted.
[likelihoodcollection] Average computation time:
   flamingo.inference.masked_ps.MaskedBandPowerLikelihood : 5.30815e-05 s (7027 evaluations, 0.373003 s total)
[theorycollection] Average computation time:
   flamingo.inference.masked_ps.MaskedTSZTheory : 0.0165507 s (7027 evaluations, 116.301 s total)
[mcmc]  - Acceptance rate: 0.396
[mcmc]  - Convergence of means: R-1 = 0.376924 after 2432 accepted steps
[mcmc]  - Updated covariance matrix of proposal pdf.
[mcmc] Progress @ 2026-08-03 00:13:58 : 7701 steps taken, and 3079 accepted.
[mcmc] Learn + convergence test @ 3080 samples accepted.
[likelihoodcollection] Average computation time:
   flamingo.inference.masked_ps.MaskedBandPowerLikelihood : 5.30755e-05 s (7110 evaluations, 0.377367 s total)
[theorycollection] Average computation time:
   flamingo.inference.masked_ps.MaskedTSZTheory : 0.0165516 s (7110 evaluations, 117.682 s total)
[mcmc]  - Acceptance rate: 0.397
[mcmc]  - Convergence of means: R-1 = 0.414226 after 2464 accepted steps
[mcmc]  - Updated covariance matrix of proposal pdf.
[mcmc] Learn + convergence test @ 3120 samples accepted.
[likelihoodcollection] Average computation time:
   flamingo.inference.masked_ps.MaskedBandPowerLikelihood : 5.31185e-05 s (7219 evaluations, 0.383463 s total)
[theorycollection] Average computation time:
   flamingo.inference.masked_ps.MaskedTSZTheory : 0.0165525 s (7219 evaluations, 119.493 s total)
[mcmc]  - Acceptance rate: 0.396
[mcmc]  - Convergence of means: R-1 = 0.460429 after 2496 accepted steps
[mcmc]  - Updated covariance matrix of proposal pdf.
[mcmc] Learn + convergence test @ 3160 samples accepted.
[likelihoodcollection] Average computation time:
   flamingo.inference.masked_ps.MaskedBandPowerLikelihood : 5.30942e-05 s (7324 evaluations, 0.388862 s total)
[theorycollection] Average computation time:
   flamingo.inference.masked_ps.MaskedTSZTheory : 0.0165572 s (7324 evaluations, 121.265 s total)
[mcmc]  - Acceptance rate: 0.395
[mcmc]  - Convergence of means: R-1 = 0.496323 after 2528 accepted steps
[mcmc]  - Updated covariance matrix of proposal pdf.
[mcmc] Learn + convergence test @ 3200 samples accepted.
[likelihoodcollection] Average computation time:
   flamingo.inference.masked_ps.MaskedBandPowerLikelihood : 5.31002e-05 s (7411 evaluations, 0.393526 s total)
[theorycollection] Average computation time:
   flamingo.inference.masked_ps.MaskedTSZTheory : 0.0165589 s (7411 evaluations, 122.718 s total)
[mcmc]  - Acceptance rate: 0.395
[mcmc]  - Convergence of means: R-1 = 0.492750 after 2560 accepted steps
[mcmc]  - Updated covariance matrix of proposal pdf.
[mcmc] Learn + convergence test @ 3240 samples accepted.
[likelihoodcollection] Average computation time:
   flamingo.inference.masked_ps.MaskedBandPowerLikelihood : 5.30777e-05 s (7504 evaluations, 0.398295 s total)
[theorycollection] Average computation time:
   flamingo.inference.masked_ps.MaskedTSZTheory : 0.0165583 s (7504 evaluations, 124.253 s total)
[mcmc]  - Acceptance rate: 0.395
[mcmc]  - Convergence of means: R-1 = 0.492376 after 2592 accepted steps
[mcmc]  - Updated covariance matrix of proposal pdf.
[mcmc] Learn + convergence test @ 3280 samples accepted.
[likelihoodcollection] Average computation time:
   flamingo.inference.masked_ps.MaskedBandPowerLikelihood : 5.3033e-05 s (7610 evaluations, 0.403581 s total)
[theorycollection] Average computation time:
   flamingo.inference.masked_ps.MaskedTSZTheory : 0.016558 s (7610 evaluations, 126.007 s total)
[mcmc]  - Acceptance rate: 0.396
[mcmc]  - Convergence of means: R-1 = 0.481979 after 2624 accepted steps
[mcmc]  - Updated covariance matrix of proposal pdf.
[mcmc] Learn + convergence test @ 3320 samples accepted.
[likelihoodcollection] Average computation time:
   flamingo.inference.masked_ps.MaskedBandPowerLikelihood : 5.30476e-05 s (7684 evaluations, 0.407618 s total)
[theorycollection] Average computation time:
   flamingo.inference.masked_ps.MaskedTSZTheory : 0.0165605 s (7684 evaluations, 127.251 s total)
[mcmc]  - Acceptance rate: 0.398
[mcmc]  - Convergence of means: R-1 = 0.478082 after 2656 accepted steps
[mcmc]  - Updated covariance matrix of proposal pdf.
[mcmc] Learn + convergence test @ 3360 samples accepted.
[likelihoodcollection] Average computation time:
   flamingo.inference.masked_ps.MaskedBandPowerLikelihood : 5.3044e-05 s (7767 evaluations, 0.411993 s total)
[theorycollection] Average computation time:
   flamingo.inference.masked_ps.MaskedTSZTheory : 0.0165634 s (7767 evaluations, 128.648 s total)
[mcmc]  - Acceptance rate: 0.399
[mcmc]  - Convergence of means: R-1 = 0.474770 after 2688 accepted steps
[mcmc]  - Updated covariance matrix of proposal pdf.
[mcmc] Learn + convergence test @ 3400 samples accepted.
[likelihoodcollection] Average computation time:
   flamingo.inference.masked_ps.MaskedBandPowerLikelihood : 5.303e-05 s (7862 evaluations, 0.416922 s total)
[theorycollection] Average computation time:
   flamingo.inference.masked_ps.MaskedTSZTheory : 0.0165633 s (7862 evaluations, 130.221 s total)
[mcmc]  - Acceptance rate: 0.400
[mcmc]  - Convergence of means: R-1 = 0.471007 after 2720 accepted steps
[mcmc]  - Updated covariance matrix of proposal pdf.
[mcmc] Learn + convergence test @ 3440 samples accepted.
[likelihoodcollection] Average computation time:
   flamingo.inference.masked_ps.MaskedBandPowerLikelihood : 5.30693e-05 s (7959 evaluations, 0.422378 s total)
[theorycollection] Average computation time:
   flamingo.inference.masked_ps.MaskedTSZTheory : 0.0165646 s (7959 evaluations, 131.838 s total)
[mcmc]  - Acceptance rate: 0.400
[mcmc]  - Convergence of means: R-1 = 0.465378 after 2752 accepted steps
[mcmc]  - Updated covariance matrix of proposal pdf.
[mcmc] Learn + convergence test @ 3480 samples accepted.
[likelihoodcollection] Average computation time:
   flamingo.inference.masked_ps.MaskedBandPowerLikelihood : 5.30793e-05 s (8049 evaluations, 0.427236 s total)
[theorycollection] Average computation time:
   flamingo.inference.masked_ps.MaskedTSZTheory : 0.0165684 s (8049 evaluations, 133.359 s total)
[mcmc]  - Acceptance rate: 0.401
[mcmc]  - Convergence of means: R-1 = 0.448351 after 2784 accepted steps
[mcmc]  - Updated covariance matrix of proposal pdf.
[mcmc] Learn + convergence test @ 3520 samples accepted.
[likelihoodcollection] Average computation time:
   flamingo.inference.masked_ps.MaskedBandPowerLikelihood : 5.30489e-05 s (8149 evaluations, 0.432295 s total)
[theorycollection] Average computation time:
   flamingo.inference.masked_ps.MaskedTSZTheory : 0.0165662 s (8149 evaluations, 134.998 s total)
[mcmc]  - Acceptance rate: 0.400
[mcmc]  - Convergence of means: R-1 = 0.421452 after 2816 accepted steps
[mcmc]  - Updated covariance matrix of proposal pdf.
[mcmc] Learn + convergence test @ 3560 samples accepted.
[likelihoodcollection] Average computation time:
   flamingo.inference.masked_ps.MaskedBandPowerLikelihood : 5.29817e-05 s (8253 evaluations, 0.437258 s total)
[theorycollection] Average computation time:
   flamingo.inference.masked_ps.MaskedTSZTheory : 0.0165661 s (8253 evaluations, 136.72 s total)
[mcmc]  - Acceptance rate: 0.399
[mcmc]  - Convergence of means: R-1 = 0.412507 after 2848 accepted steps
[mcmc]  - Updated covariance matrix of proposal pdf.
[mcmc] Learn + convergence test @ 3600 samples accepted.
[likelihoodcollection] Average computation time:
   flamingo.inference.masked_ps.MaskedBandPowerLikelihood : 5.30116e-05 s (8321 evaluations, 0.44111 s total)
[theorycollection] Average computation time:
   flamingo.inference.masked_ps.MaskedTSZTheory : 0.0165692 s (8321 evaluations, 137.873 s total)
[mcmc]  - Acceptance rate: 0.399
[mcmc]  - Convergence of means: R-1 = 0.418224 after 2880 accepted steps
[mcmc]  - Updated covariance matrix of proposal pdf.
[mcmc] Learn + convergence test @ 3640 samples accepted.
[likelihoodcollection] Average computation time:
   flamingo.inference.masked_ps.MaskedBandPowerLikelihood : 5.30356e-05 s (8416 evaluations, 0.446348 s total)
[theorycollection] Average computation time:
   flamingo.inference.masked_ps.MaskedTSZTheory : 0.0165685 s (8416 evaluations, 139.441 s total)
[mcmc]  - Acceptance rate: 0.399
[mcmc]  - Convergence of means: R-1 = 0.427478 after 2912 accepted steps
[mcmc]  - Updated covariance matrix of proposal pdf.
[mcmc] Learn + convergence test @ 3680 samples accepted.
[likelihoodcollection] Average computation time:
   flamingo.inference.masked_ps.MaskedBandPowerLikelihood : 5.3031e-05 s (8510 evaluations, 0.451293 s total)
[theorycollection] Average computation time:
   flamingo.inference.masked_ps.MaskedTSZTheory : 0.0165701 s (8510 evaluations, 141.012 s total)
[mcmc]  - Acceptance rate: 0.398
[mcmc]  - Convergence of means: R-1 = 0.438578 after 2944 accepted steps
[mcmc]  - Updated covariance matrix of proposal pdf.
[mcmc] Learn + convergence test @ 3720 samples accepted.
[likelihoodcollection] Average computation time:
   flamingo.inference.masked_ps.MaskedBandPowerLikelihood : 5.3063e-05 s (8596 evaluations, 0.456129 s total)
[theorycollection] Average computation time:
   flamingo.inference.masked_ps.MaskedTSZTheory : 0.0165741 s (8596 evaluations, 142.471 s total)
[mcmc]  - Acceptance rate: 0.398
[mcmc]  - Convergence of means: R-1 = 0.461664 after 2976 accepted steps
[mcmc]  - Updated covariance matrix of proposal pdf.
[mcmc] Learn + convergence test @ 3760 samples accepted.
[likelihoodcollection] Average computation time:
   flamingo.inference.masked_ps.MaskedBandPowerLikelihood : 5.30942e-05 s (8682 evaluations, 0.460964 s total)
[theorycollection] Average computation time:
   flamingo.inference.masked_ps.MaskedTSZTheory : 0.0165736 s (8682 evaluations, 143.892 s total)
[mcmc]  - Acceptance rate: 0.398
[mcmc]  - Convergence of means: R-1 = 0.446488 after 3008 accepted steps
[mcmc]  - Updated covariance matrix of proposal pdf.
[mcmc] Learn + convergence test @ 3800 samples accepted.
[likelihoodcollection] Average computation time:
   flamingo.inference.masked_ps.MaskedBandPowerLikelihood : 5.30733e-05 s (8766 evaluations, 0.46524 s total)
[theorycollection] Average computation time:
   flamingo.inference.masked_ps.MaskedTSZTheory : 0.016571 s (8766 evaluations, 145.262 s total)
[mcmc]  - Acceptance rate: 0.398
[mcmc]  - Convergence of means: R-1 = 0.412616 after 3040 accepted steps
[mcmc]  - Updated covariance matrix of proposal pdf.
[mcmc] Learn + convergence test @ 3840 samples accepted.
[likelihoodcollection] Average computation time:
   flamingo.inference.masked_ps.MaskedBandPowerLikelihood : 5.31104e-05 s (8854 evaluations, 0.470239 s total)
[theorycollection] Average computation time:
   flamingo.inference.masked_ps.MaskedTSZTheory : 0.0165707 s (8854 evaluations, 146.717 s total)
[mcmc]  - Acceptance rate: 0.398
[mcmc]  - Convergence of means: R-1 = 0.412183 after 3072 accepted steps
[mcmc]  - Updated covariance matrix of proposal pdf.
[mcmc] Learn + convergence test @ 3880 samples accepted.
[likelihoodcollection] Average computation time:
   flamingo.inference.masked_ps.MaskedBandPowerLikelihood : 5.30985e-05 s (8939 evaluations, 0.474647 s total)
[theorycollection] Average computation time:
   flamingo.inference.masked_ps.MaskedTSZTheory : 0.0165723 s (8939 evaluations, 148.14 s total)
[mcmc]  - Acceptance rate: 0.399
[mcmc]  - Convergence of means: R-1 = 0.416141 after 3104 accepted steps
[mcmc]  - Updated covariance matrix of proposal pdf.
[mcmc] Learn + convergence test @ 3920 samples accepted.
[likelihoodcollection] Average computation time:
   flamingo.inference.masked_ps.MaskedBandPowerLikelihood : 5.312e-05 s (9032 evaluations, 0.47978 s total)
[theorycollection] Average computation time:
   flamingo.inference.masked_ps.MaskedTSZTheory : 0.0165733 s (9032 evaluations, 149.69 s total)
[mcmc]  - Acceptance rate: 0.399
[mcmc]  - Convergence of means: R-1 = 0.432787 after 3136 accepted steps
[mcmc]  - Updated covariance matrix of proposal pdf.
[mcmc] Learn + convergence test @ 3960 samples accepted.
[likelihoodcollection] Average computation time:
   flamingo.inference.masked_ps.MaskedBandPowerLikelihood : 5.31504e-05 s (9141 evaluations, 0.485848 s total)
[theorycollection] Average computation time:
   flamingo.inference.masked_ps.MaskedTSZTheory : 0.0165737 s (9141 evaluations, 151.501 s total)
[mcmc]  - Acceptance rate: 0.397
[mcmc]  - Convergence of means: R-1 = 0.405926 after 3168 accepted steps
[mcmc]  - Updated covariance matrix of proposal pdf.
[mcmc] Learn + convergence test @ 4000 samples accepted.
[likelihoodcollection] Average computation time:
   flamingo.inference.masked_ps.MaskedBandPowerLikelihood : 5.31876e-05 s (9237 evaluations, 0.491294 s total)
[theorycollection] Average computation time:
   flamingo.inference.masked_ps.MaskedTSZTheory : 0.0165771 s (9237 evaluations, 153.122 s total)
[mcmc]  - Acceptance rate: 0.397
[mcmc]  - Convergence of means: R-1 = 0.405281 after 3200 accepted steps
[mcmc]  - Updated covariance matrix of proposal pdf.
[mcmc] Learn + convergence test @ 4040 samples accepted.
[likelihoodcollection] Average computation time:
   flamingo.inference.masked_ps.MaskedBandPowerLikelihood : 5.31971e-05 s (9326 evaluations, 0.496116 s total)
[theorycollection] Average computation time:
   flamingo.inference.masked_ps.MaskedTSZTheory : 0.0165818 s (9326 evaluations, 154.642 s total)
[mcmc]  - Acceptance rate: 0.397
[mcmc]  - Convergence of means: R-1 = 0.405479 after 3232 accepted steps
[mcmc]  - Updated covariance matrix of proposal pdf.
[mcmc] Learn + convergence test @ 4080 samples accepted.
[likelihoodcollection] Average computation time:
   flamingo.inference.masked_ps.MaskedBandPowerLikelihood : 5.31735e-05 s (9414 evaluations, 0.500576 s total)
[theorycollection] Average computation time:
   flamingo.inference.masked_ps.MaskedTSZTheory : 0.016583 s (9414 evaluations, 156.113 s total)
[mcmc]  - Acceptance rate: 0.397
[mcmc]  - Convergence of means: R-1 = 0.410093 after 3264 accepted steps
[mcmc]  - Updated covariance matrix of proposal pdf.
[mcmc] Learn + convergence test @ 4120 samples accepted.
[likelihoodcollection] Average computation time:
   flamingo.inference.masked_ps.MaskedBandPowerLikelihood : 5.31881e-05 s (9488 evaluations, 0.504649 s total)
[theorycollection] Average computation time:
   flamingo.inference.masked_ps.MaskedTSZTheory : 0.0165829 s (9488 evaluations, 157.339 s total)
[mcmc]  - Acceptance rate: 0.398
[mcmc]  - Convergence of means: R-1 = 0.400450 after 3296 accepted steps
[mcmc]  - Updated covariance matrix of proposal pdf.
[mcmc] Learn + convergence test @ 4160 samples accepted.
[likelihoodcollection] Average computation time:
   flamingo.inference.masked_ps.MaskedBandPowerLikelihood : 5.31642e-05 s (9578 evaluations, 0.509207 s total)
[theorycollection] Average computation time:
   flamingo.inference.masked_ps.MaskedTSZTheory : 0.0165797 s (9578 evaluations, 158.801 s total)
[mcmc]  - Acceptance rate: 0.399
[mcmc]  - Convergence of means: R-1 = 0.404969 after 3328 accepted steps
[mcmc]  - Updated covariance matrix of proposal pdf.
[mcmc] Learn + convergence test @ 4200 samples accepted.
[likelihoodcollection] Average computation time:
   flamingo.inference.masked_ps.MaskedBandPowerLikelihood : 5.31592e-05 s (9674 evaluations, 0.514262 s total)
[theorycollection] Average computation time:
   flamingo.inference.masked_ps.MaskedTSZTheory : 0.0165786 s (9674 evaluations, 160.381 s total)
[mcmc]  - Acceptance rate: 0.398
[mcmc]  - Convergence of means: R-1 = 0.410285 after 3360 accepted steps
[mcmc]  - Updated covariance matrix of proposal pdf.
[mcmc] Learn + convergence test @ 4240 samples accepted.
[likelihoodcollection] Average computation time:
   flamingo.inference.masked_ps.MaskedBandPowerLikelihood : 5.31725e-05 s (9753 evaluations, 0.518591 s total)
[theorycollection] Average computation time:
   flamingo.inference.masked_ps.MaskedTSZTheory : 0.016577 s (9753 evaluations, 161.675 s total)
[mcmc]  - Acceptance rate: 0.399
[mcmc]  - Convergence of means: R-1 = 0.413376 after 3392 accepted steps
[mcmc]  - Updated covariance matrix of proposal pdf.
[mcmc] Learn + convergence test @ 4280 samples accepted.
[likelihoodcollection] Average computation time:
   flamingo.inference.masked_ps.MaskedBandPowerLikelihood : 5.31801e-05 s (9842 evaluations, 0.523399 s total)
[theorycollection] Average computation time:
   flamingo.inference.masked_ps.MaskedTSZTheory : 0.0165765 s (9842 evaluations, 163.146 s total)
[mcmc]  - Acceptance rate: 0.399
[mcmc]  - Convergence of means: R-1 = 0.403383 after 3424 accepted steps
[mcmc]  - Updated covariance matrix of proposal pdf.
[mcmc] Learn + convergence test @ 4320 samples accepted.
[likelihoodcollection] Average computation time:
   flamingo.inference.masked_ps.MaskedBandPowerLikelihood : 5.31682e-05 s (9944 evaluations, 0.528704 s total)
[theorycollection] Average computation time:
   flamingo.inference.masked_ps.MaskedTSZTheory : 0.016577 s (9944 evaluations, 164.842 s total)
[mcmc]  - Acceptance rate: 0.399
[mcmc]  - Convergence of means: R-1 = 0.423362 after 3456 accepted steps
[mcmc]  - Updated covariance matrix of proposal pdf.
[mcmc] Learn + convergence test @ 4360 samples accepted.
[likelihoodcollection] Average computation time:
   flamingo.inference.masked_ps.MaskedBandPowerLikelihood : 5.31042e-05 s (10039 evaluations, 0.533113 s total)
[theorycollection] Average computation time:
   flamingo.inference.masked_ps.MaskedTSZTheory : 0.0165765 s (10039 evaluations, 166.411 s total)
[mcmc]  - Acceptance rate: 0.399
[mcmc]  - Convergence of means: R-1 = 0.450418 after 3488 accepted steps
[mcmc]  - Updated covariance matrix of proposal pdf.
[mcmc] Learn + convergence test @ 4400 samples accepted.
[likelihoodcollection] Average computation time:
   flamingo.inference.masked_ps.MaskedBandPowerLikelihood : 5.30793e-05 s (10143 evaluations, 0.538384 s total)
[theorycollection] Average computation time:
   flamingo.inference.masked_ps.MaskedTSZTheory : 0.0165762 s (10143 evaluations, 168.133 s total)
[mcmc]  - Acceptance rate: 0.398
[mcmc]  - Convergence of means: R-1 = 0.457317 after 3520 accepted steps
[mcmc]  - Updated covariance matrix of proposal pdf.
[mcmc] Learn + convergence test @ 4440 samples accepted.
[likelihoodcollection] Average computation time:
   flamingo.inference.masked_ps.MaskedBandPowerLikelihood : 5.3078e-05 s (10231 evaluations, 0.543041 s total)
[theorycollection] Average computation time:
   flamingo.inference.masked_ps.MaskedTSZTheory : 0.0165776 s (10231 evaluations, 169.605 s total)
[mcmc]  - Acceptance rate: 0.398
[mcmc]  - Convergence of means: R-1 = 0.454665 after 3552 accepted steps
[mcmc]  - Updated covariance matrix of proposal pdf.
[mcmc] Learn + convergence test @ 4480 samples accepted.
[likelihoodcollection] Average computation time:
   flamingo.inference.masked_ps.MaskedBandPowerLikelihood : 5.30814e-05 s (10298 evaluations, 0.546632 s total)
[theorycollection] Average computation time:
   flamingo.inference.masked_ps.MaskedTSZTheory : 0.0165801 s (10298 evaluations, 170.742 s total)
[mcmc]  - Acceptance rate: 0.399
[mcmc]  - Convergence of means: R-1 = 0.461630 after 3584 accepted steps
[mcmc]  - Updated covariance matrix of proposal pdf.
[mcmc] Learn + convergence test @ 4520 samples accepted.
[likelihoodcollection] Average computation time:
   flamingo.inference.masked_ps.MaskedBandPowerLikelihood : 5.30914e-05 s (10378 evaluations, 0.550983 s total)
[theorycollection] Average computation time:
   flamingo.inference.masked_ps.MaskedTSZTheory : 0.0165796 s (10378 evaluations, 172.063 s total)
[mcmc]  - Acceptance rate: 0.399
[mcmc]  - Convergence of means: R-1 = 0.463912 after 3616 accepted steps
[mcmc]  - Updated covariance matrix of proposal pdf.
[mcmc] Learn + convergence test @ 4560 samples accepted.
[likelihoodcollection] Average computation time:
   flamingo.inference.masked_ps.MaskedBandPowerLikelihood : 5.31104e-05 s (10466 evaluations, 0.555853 s total)
[theorycollection] Average computation time:
   flamingo.inference.masked_ps.MaskedTSZTheory : 0.0165756 s (10466 evaluations, 173.48 s total)
[mcmc]  - Acceptance rate: 0.399
[mcmc]  - Convergence of means: R-1 = 0.460714 after 3648 accepted steps
[mcmc]  - Updated covariance matrix of proposal pdf.
[mcmc] Learn + convergence test @ 4600 samples accepted.
[likelihoodcollection] Average computation time:
   flamingo.inference.masked_ps.MaskedBandPowerLikelihood : 5.3131e-05 s (10538 evaluations, 0.559895 s total)
[theorycollection] Average computation time:
   flamingo.inference.masked_ps.MaskedTSZTheory : 0.0165756 s (10538 evaluations, 174.674 s total)
[mcmc]  - Acceptance rate: 0.399
[mcmc]  - Convergence of means: R-1 = 0.459338 after 3680 accepted steps
[mcmc]  - Updated covariance matrix of proposal pdf.
[mcmc] Learn + convergence test @ 4640 samples accepted.
[likelihoodcollection] Average computation time:
   flamingo.inference.masked_ps.MaskedBandPowerLikelihood : 5.31127e-05 s (10628 evaluations, 0.564482 s total)
[theorycollection] Average computation time:
   flamingo.inference.masked_ps.MaskedTSZTheory : 0.0165754 s (10628 evaluations, 176.163 s total)
[mcmc]  - Acceptance rate: 0.400
[mcmc]  - Convergence of means: R-1 = 0.449263 after 3712 accepted steps
[mcmc]  - Updated covariance matrix of proposal pdf.
[mcmc] Progress @ 2026-08-03 00:14:58 : 11570 steps taken, and 4648 accepted.
[mcmc] Learn + convergence test @ 4680 samples accepted.
[likelihoodcollection] Average computation time:
   flamingo.inference.masked_ps.MaskedBandPowerLikelihood : 5.31093e-05 s (10721 evaluations, 0.569385 s total)
[theorycollection] Average computation time:
   flamingo.inference.masked_ps.MaskedTSZTheory : 0.0165748 s (10721 evaluations, 177.699 s total)
[mcmc]  - Acceptance rate: 0.400
[mcmc]  - Convergence of means: R-1 = 0.441715 after 3744 accepted steps
[mcmc]  - Updated covariance matrix of proposal pdf.
[mcmc] Learn + convergence test @ 4720 samples accepted.
[likelihoodcollection] Average computation time:
   flamingo.inference.masked_ps.MaskedBandPowerLikelihood : 5.3123e-05 s (10797 evaluations, 0.57357 s total)
[theorycollection] Average computation time:
   flamingo.inference.masked_ps.MaskedTSZTheory : 0.0165784 s (10797 evaluations, 178.997 s total)
[mcmc]  - Acceptance rate: 0.401
[mcmc]  - Convergence of means: R-1 = 0.436736 after 3776 accepted steps
[mcmc]  - Updated covariance matrix of proposal pdf.
[mcmc] Learn + convergence test @ 4760 samples accepted.
[likelihoodcollection] Average computation time:
   flamingo.inference.masked_ps.MaskedBandPowerLikelihood : 5.30915e-05 s (10883 evaluations, 0.577795 s total)
[theorycollection] Average computation time:
   flamingo.inference.masked_ps.MaskedTSZTheory : 0.016577 s (10883 evaluations, 180.407 s total)
[mcmc]  - Acceptance rate: 0.401
[mcmc]  - Convergence of means: R-1 = 0.442579 after 3808 accepted steps
[mcmc]  - Updated covariance matrix of proposal pdf.
[mcmc] Learn + convergence test @ 4800 samples accepted.
[likelihoodcollection] Average computation time:
   flamingo.inference.masked_ps.MaskedBandPowerLikelihood : 5.30722e-05 s (10970 evaluations, 0.582202 s total)
[theorycollection] Average computation time:
   flamingo.inference.masked_ps.MaskedTSZTheory : 0.0165745 s (10970 evaluations, 181.822 s total)
[mcmc]  - Acceptance rate: 0.401
[mcmc]  - Convergence of means: R-1 = 0.451334 after 3840 accepted steps
[mcmc]  - Updated covariance matrix of proposal pdf.
[mcmc] Learn + convergence test @ 4840 samples accepted.
[likelihoodcollection] Average computation time:
   flamingo.inference.masked_ps.MaskedBandPowerLikelihood : 5.30614e-05 s (11067 evaluations, 0.587231 s total)
[theorycollection] Average computation time:
   flamingo.inference.masked_ps.MaskedTSZTheory : 0.0165741 s (11067 evaluations, 183.425 s total)
[mcmc]  - Acceptance rate: 0.400
[mcmc]  - Convergence of means: R-1 = 0.447692 after 3872 accepted steps
[mcmc]  - Updated covariance matrix of proposal pdf.
[mcmc] Learn + convergence test @ 4880 samples accepted.
[likelihoodcollection] Average computation time:
   flamingo.inference.masked_ps.MaskedBandPowerLikelihood : 5.30683e-05 s (11143 evaluations, 0.59134 s total)
[theorycollection] Average computation time:
   flamingo.inference.masked_ps.MaskedTSZTheory : 0.0165757 s (11143 evaluations, 184.703 s total)
[mcmc]  - Acceptance rate: 0.401
[mcmc]  - Convergence of means: R-1 = 0.439066 after 3904 accepted steps
[mcmc]  - Updated covariance matrix of proposal pdf.
[mcmc] Learn + convergence test @ 4920 samples accepted.
[likelihoodcollection] Average computation time:
   flamingo.inference.masked_ps.MaskedBandPowerLikelihood : 5.3036e-05 s (11227 evaluations, 0.595435 s total)
[theorycollection] Average computation time:
   flamingo.inference.masked_ps.MaskedTSZTheory : 0.0165737 s (11227 evaluations, 186.073 s total)
[mcmc]  - Acceptance rate: 0.401
[mcmc]  - Convergence of means: R-1 = 0.410910 after 3936 accepted steps
[mcmc]  - Updated covariance matrix of proposal pdf.
[mcmc] Learn + convergence test @ 4960 samples accepted.
[likelihoodcollection] Average computation time:
   flamingo.inference.masked_ps.MaskedBandPowerLikelihood : 5.3046e-05 s (11321 evaluations, 0.600533 s total)
[theorycollection] Average computation time:
   flamingo.inference.masked_ps.MaskedTSZTheory : 0.0165713 s (11321 evaluations, 187.603 s total)
[mcmc]  - Acceptance rate: 0.401
[mcmc]  - Convergence of means: R-1 = 0.412468 after 3968 accepted steps
[mcmc]  - Updated covariance matrix of proposal pdf.
[mcmc] Learn + convergence test @ 5000 samples accepted.
[likelihoodcollection] Average computation time:
   flamingo.inference.masked_ps.MaskedBandPowerLikelihood : 5.30693e-05 s (11415 evaluations, 0.605787 s total)
[theorycollection] Average computation time:
   flamingo.inference.masked_ps.MaskedTSZTheory : 0.0165712 s (11415 evaluations, 189.161 s total)
[mcmc]  - Acceptance rate: 0.400
[mcmc]  - Convergence of means: R-1 = 0.414088 after 4000 accepted steps
[mcmc]  - Updated covariance matrix of proposal pdf.
[mcmc] Learn + convergence test @ 5040 samples accepted.
[likelihoodcollection] Average computation time:
   flamingo.inference.masked_ps.MaskedBandPowerLikelihood : 5.30649e-05 s (11496 evaluations, 0.610034 s total)
[theorycollection] Average computation time:
   flamingo.inference.masked_ps.MaskedTSZTheory : 0.0165712 s (11496 evaluations, 190.502 s total)
[mcmc]  - Acceptance rate: 0.401
[mcmc]  - Convergence of means: R-1 = 0.399106 after 4032 accepted steps
[mcmc]  - Updated covariance matrix of proposal pdf.
[mcmc] Learn + convergence test @ 5080 samples accepted.
[likelihoodcollection] Average computation time:
   flamingo.inference.masked_ps.MaskedBandPowerLikelihood : 5.30484e-05 s (11585 evaluations, 0.614566 s total)
[theorycollection] Average computation time:
   flamingo.inference.masked_ps.MaskedTSZTheory : 0.0165704 s (11585 evaluations, 191.968 s total)
[mcmc]  - Acceptance rate: 0.401
[mcmc]  - Convergence of means: R-1 = 0.392854 after 4064 accepted steps
[mcmc]  - Updated covariance matrix of proposal pdf.
[mcmc] Learn + convergence test @ 5120 samples accepted.
[likelihoodcollection] Average computation time:
   flamingo.inference.masked_ps.MaskedBandPowerLikelihood : 5.30293e-05 s (11670 evaluations, 0.618851 s total)
[theorycollection] Average computation time:
   flamingo.inference.masked_ps.MaskedTSZTheory : 0.0165714 s (11670 evaluations, 193.389 s total)
[mcmc]  - Acceptance rate: 0.402
[mcmc]  - Convergence of means: R-1 = 0.392227 after 4096 accepted steps
[mcmc]  - Updated covariance matrix of proposal pdf.
[mcmc] Learn + convergence test @ 5160 samples accepted.
[likelihoodcollection] Average computation time:
   flamingo.inference.masked_ps.MaskedBandPowerLikelihood : 5.3043e-05 s (11766 evaluations, 0.624103 s total)
[theorycollection] Average computation time:
   flamingo.inference.masked_ps.MaskedTSZTheory : 0.0165734 s (11766 evaluations, 195.002 s total)
[mcmc]  - Acceptance rate: 0.402
[mcmc]  - Convergence of means: R-1 = 0.350361 after 4128 accepted steps
[mcmc]  - Updated covariance matrix of proposal pdf.
[mcmc] Learn + convergence test @ 5200 samples accepted.
[likelihoodcollection] Average computation time:
   flamingo.inference.masked_ps.MaskedBandPowerLikelihood : 5.30364e-05 s (11855 evaluations, 0.628746 s total)
[theorycollection] Average computation time:
   flamingo.inference.masked_ps.MaskedTSZTheory : 0.0165742 s (11855 evaluations, 196.487 s total)
[mcmc]  - Acceptance rate: 0.402
[mcmc]  - Convergence of means: R-1 = 0.327174 after 4160 accepted steps
[mcmc]  - Updated covariance matrix of proposal pdf.
[mcmc] Learn + convergence test @ 5240 samples accepted.
[likelihoodcollection] Average computation time:
   flamingo.inference.masked_ps.MaskedBandPowerLikelihood : 5.30241e-05 s (11941 evaluations, 0.633161 s total)
[theorycollection] Average computation time:
   flamingo.inference.masked_ps.MaskedTSZTheory : 0.0165741 s (11941 evaluations, 197.912 s total)
[mcmc]  - Acceptance rate: 0.403
[mcmc]  - Convergence of means: R-1 = 0.320253 after 4192 accepted steps
[mcmc]  - Updated covariance matrix of proposal pdf.
[mcmc] Learn + convergence test @ 5280 samples accepted.
[likelihoodcollection] Average computation time:
   flamingo.inference.masked_ps.MaskedBandPowerLikelihood : 5.30559e-05 s (12049 evaluations, 0.639271 s total)
[theorycollection] Average computation time:
   flamingo.inference.masked_ps.MaskedTSZTheory : 0.0165734 s (12049 evaluations, 199.693 s total)
[mcmc]  - Acceptance rate: 0.402
[mcmc]  - Convergence of means: R-1 = 0.296224 after 4224 accepted steps
[mcmc]  - Updated covariance matrix of proposal pdf.
[mcmc] Learn + convergence test @ 5320 samples accepted.
[likelihoodcollection] Average computation time:
   flamingo.inference.masked_ps.MaskedBandPowerLikelihood : 5.30519e-05 s (12153 evaluations, 0.64474 s total)
[theorycollection] Average computation time:
   flamingo.inference.masked_ps.MaskedTSZTheory : 0.0165743 s (12153 evaluations, 201.428 s total)
[mcmc]  - Acceptance rate: 0.402
[mcmc]  - Convergence of means: R-1 = 0.287979 after 4256 accepted steps
[mcmc]  - Updated covariance matrix of proposal pdf.
[mcmc] Learn + convergence test @ 5360 samples accepted.
[likelihoodcollection] Average computation time:
   flamingo.inference.masked_ps.MaskedBandPowerLikelihood : 5.30611e-05 s (12237 evaluations, 0.649309 s total)
[theorycollection] Average computation time:
   flamingo.inference.masked_ps.MaskedTSZTheory : 0.0165756 s (12237 evaluations, 202.836 s total)
[mcmc]  - Acceptance rate: 0.402
[mcmc]  - Convergence of means: R-1 = 0.275467 after 4288 accepted steps
[mcmc]  - Updated covariance matrix of proposal pdf.
[mcmc] Learn + convergence test @ 5400 samples accepted.
[likelihoodcollection] Average computation time:
   flamingo.inference.masked_ps.MaskedBandPowerLikelihood : 5.30725e-05 s (12301 evaluations, 0.652845 s total)
[theorycollection] Average computation time:
   flamingo.inference.masked_ps.MaskedTSZTheory : 0.0165777 s (12301 evaluations, 203.922 s total)
[mcmc]  - Acceptance rate: 0.403
[mcmc]  - Convergence of means: R-1 = 0.264691 after 4320 accepted steps
[mcmc]  - Updated covariance matrix of proposal pdf.
[mcmc] Learn + convergence test @ 5440 samples accepted.
[likelihoodcollection] Average computation time:
   flamingo.inference.masked_ps.MaskedBandPowerLikelihood : 5.30813e-05 s (12396 evaluations, 0.657996 s total)
[theorycollection] Average computation time:
   flamingo.inference.masked_ps.MaskedTSZTheory : 0.0165792 s (12396 evaluations, 205.515 s total)
[mcmc]  - Acceptance rate: 0.403
[mcmc]  - Convergence of means: R-1 = 0.250749 after 4352 accepted steps
[mcmc]  - Updated covariance matrix of proposal pdf.
[mcmc] Learn + convergence test @ 5480 samples accepted.
[likelihoodcollection] Average computation time:
   flamingo.inference.masked_ps.MaskedBandPowerLikelihood : 5.30791e-05 s (12482 evaluations, 0.662533 s total)
[theorycollection] Average computation time:
   flamingo.inference.masked_ps.MaskedTSZTheory : 0.0165801 s (12482 evaluations, 206.952 s total)
[mcmc]  - Acceptance rate: 0.403
[mcmc]  - Convergence of means: R-1 = 0.237059 after 4384 accepted steps
[mcmc]  - Updated covariance matrix of proposal pdf.
[mcmc] Learn + convergence test @ 5520 samples accepted.
[likelihoodcollection] Average computation time:
   flamingo.inference.masked_ps.MaskedBandPowerLikelihood : 5.31123e-05 s (12574 evaluations, 0.667834 s total)
[theorycollection] Average computation time:
   flamingo.inference.masked_ps.MaskedTSZTheory : 0.0165827 s (12574 evaluations, 208.511 s total)
[mcmc]  - Acceptance rate: 0.404
[mcmc]  - Convergence of means: R-1 = 0.239317 after 4416 accepted steps
[mcmc]  - Updated covariance matrix of proposal pdf.
[mcmc] Learn + convergence test @ 5560 samples accepted.
[likelihoodcollection] Average computation time:
   flamingo.inference.masked_ps.MaskedBandPowerLikelihood : 5.3093e-05 s (12655 evaluations, 0.671891 s total)
[theorycollection] Average computation time:
   flamingo.inference.masked_ps.MaskedTSZTheory : 0.0165823 s (12655 evaluations, 209.849 s total)
[mcmc]  - Acceptance rate: 0.404
[mcmc]  - Convergence of means: R-1 = 0.236451 after 4448 accepted steps
[mcmc]  - Updated covariance matrix of proposal pdf.
[mcmc] Learn + convergence test @ 5600 samples accepted.
[likelihoodcollection] Average computation time:
   flamingo.inference.masked_ps.MaskedBandPowerLikelihood : 5.31078e-05 s (12748 evaluations, 0.677018 s total)
[theorycollection] Average computation time:
   flamingo.inference.masked_ps.MaskedTSZTheory : 0.0165845 s (12748 evaluations, 211.419 s total)
[mcmc]  - Acceptance rate: 0.404
[mcmc]  - Convergence of means: R-1 = 0.225782 after 4480 accepted steps
[mcmc]  - Updated covariance matrix of proposal pdf.
[mcmc] Learn + convergence test @ 5640 samples accepted.
[likelihoodcollection] Average computation time:
   flamingo.inference.masked_ps.MaskedBandPowerLikelihood : 5.31269e-05 s (12839 evaluations, 0.682096 s total)
[theorycollection] Average computation time:
   flamingo.inference.masked_ps.MaskedTSZTheory : 0.0165855 s (12839 evaluations, 212.941 s total)
[mcmc]  - Acceptance rate: 0.403
[mcmc]  - Convergence of means: R-1 = 0.213707 after 4512 accepted steps
[mcmc]  - Updated covariance matrix of proposal pdf.
[mcmc] Learn + convergence test @ 5680 samples accepted.
[likelihoodcollection] Average computation time:
   flamingo.inference.masked_ps.MaskedBandPowerLikelihood : 5.31341e-05 s (12936 evaluations, 0.687342 s total)
[theorycollection] Average computation time:
   flamingo.inference.masked_ps.MaskedTSZTheory : 0.0165905 s (12936 evaluations, 214.614 s total)
[mcmc]  - Acceptance rate: 0.404
[mcmc]  - Convergence of means: R-1 = 0.204759 after 4544 accepted steps
[mcmc]  - Updated covariance matrix of proposal pdf.
[mcmc] Learn + convergence test @ 5720 samples accepted.
[likelihoodcollection] Average computation time:
   flamingo.inference.masked_ps.MaskedBandPowerLikelihood : 5.31743e-05 s (13043 evaluations, 0.693553 s total)
[theorycollection] Average computation time:
   flamingo.inference.masked_ps.MaskedTSZTheory : 0.0165947 s (13043 evaluations, 216.445 s total)
[mcmc]  - Acceptance rate: 0.404
[mcmc]  - Convergence of means: R-1 = 0.194890 after 4576 accepted steps
[mcmc]  - Updated covariance matrix of proposal pdf.
[mcmc] Learn + convergence test @ 5760 samples accepted.
[likelihoodcollection] Average computation time:
   flamingo.inference.masked_ps.MaskedBandPowerLikelihood : 5.3158e-05 s (13142 evaluations, 0.698603 s total)
[theorycollection] Average computation time:
   flamingo.inference.masked_ps.MaskedTSZTheory : 0.0165974 s (13142 evaluations, 218.123 s total)
[mcmc]  - Acceptance rate: 0.403
[mcmc]  - Convergence of means: R-1 = 0.200593 after 4608 accepted steps
[mcmc]  - Updated covariance matrix of proposal pdf.
[mcmc] Learn + convergence test @ 5800 samples accepted.
[likelihoodcollection] Average computation time:
   flamingo.inference.masked_ps.MaskedBandPowerLikelihood : 5.31766e-05 s (13236 evaluations, 0.703845 s total)
[theorycollection] Average computation time:
   flamingo.inference.masked_ps.MaskedTSZTheory : 0.0165987 s (13236 evaluations, 219.701 s total)
[mcmc]  - Acceptance rate: 0.404
[mcmc]  - Convergence of means: R-1 = 0.203135 after 4640 accepted steps
[mcmc]  - Updated covariance matrix of proposal pdf.
[mcmc] Learn + convergence test @ 5840 samples accepted.
[likelihoodcollection] Average computation time:
   flamingo.inference.masked_ps.MaskedBandPowerLikelihood : 5.31538e-05 s (13315 evaluations, 0.707743 s total)
[theorycollection] Average computation time:
   flamingo.inference.masked_ps.MaskedTSZTheory : 0.0165991 s (13315 evaluations, 221.017 s total)
[mcmc]  - Acceptance rate: 0.405
[mcmc]  - Convergence of means: R-1 = 0.197232 after 4672 accepted steps
[mcmc]  - Updated covariance matrix of proposal pdf.
[mcmc] Learn + convergence test @ 5880 samples accepted.
[likelihoodcollection] Average computation time:
   flamingo.inference.masked_ps.MaskedBandPowerLikelihood : 5.31451e-05 s (13392 evaluations, 0.711719 s total)
[theorycollection] Average computation time:
   flamingo.inference.masked_ps.MaskedTSZTheory : 0.0165996 s (13392 evaluations, 222.301 s total)
[mcmc]  - Acceptance rate: 0.406
[mcmc]  - Convergence of means: R-1 = 0.169059 after 4704 accepted steps
[mcmc]  - Updated covariance matrix of proposal pdf.
[mcmc] Learn + convergence test @ 5920 samples accepted.
[likelihoodcollection] Average computation time:
   flamingo.inference.masked_ps.MaskedBandPowerLikelihood : 5.31765e-05 s (13518 evaluations, 0.718839 s total)
[theorycollection] Average computation time:
   flamingo.inference.masked_ps.MaskedTSZTheory : 0.0166025 s (13518 evaluations, 224.432 s total)
[mcmc]  - Acceptance rate: 0.406
[mcmc]  - Convergence of means: R-1 = 0.137868 after 4736 accepted steps
[mcmc]  - Updated covariance matrix of proposal pdf.
[mcmc] Learn + convergence test @ 5960 samples accepted.
[likelihoodcollection] Average computation time:
   flamingo.inference.masked_ps.MaskedBandPowerLikelihood : 5.31703e-05 s (13623 evaluations, 0.724339 s total)
[theorycollection] Average computation time:
   flamingo.inference.masked_ps.MaskedTSZTheory : 0.0166048 s (13623 evaluations, 226.207 s total)
[mcmc]  - Acceptance rate: 0.406
[mcmc]  - Convergence of means: R-1 = 0.133919 after 4768 accepted steps
[mcmc]  - Updated covariance matrix of proposal pdf.
[mcmc] Learn + convergence test @ 6000 samples accepted.
[likelihoodcollection] Average computation time:
   flamingo.inference.masked_ps.MaskedBandPowerLikelihood : 5.31679e-05 s (13700 evaluations, 0.728401 s total)
[theorycollection] Average computation time:
   flamingo.inference.masked_ps.MaskedTSZTheory : 0.0166044 s (13700 evaluations, 227.48 s total)
[mcmc]  - Acceptance rate: 0.407
[mcmc]  - Convergence of means: R-1 = 0.147508 after 4800 accepted steps
[mcmc]  - Updated covariance matrix of proposal pdf.
[mcmc] Learn + convergence test @ 6040 samples accepted.
[likelihoodcollection] Average computation time:
   flamingo.inference.masked_ps.MaskedBandPowerLikelihood : 5.31809e-05 s (13779 evaluations, 0.732779 s total)
[theorycollection] Average computation time:
   flamingo.inference.masked_ps.MaskedTSZTheory : 0.0166043 s (13779 evaluations, 228.791 s total)
[mcmc]  - Acceptance rate: 0.407
[mcmc]  - Convergence of means: R-1 = 0.148726 after 4832 accepted steps
[mcmc]  - Updated covariance matrix of proposal pdf.
[mcmc] Learn + convergence test @ 6080 samples accepted.
[likelihoodcollection] Average computation time:
   flamingo.inference.masked_ps.MaskedBandPowerLikelihood : 5.32113e-05 s (13866 evaluations, 0.737828 s total)
[theorycollection] Average computation time:
   flamingo.inference.masked_ps.MaskedTSZTheory : 0.0166045 s (13866 evaluations, 230.238 s total)
[mcmc]  - Acceptance rate: 0.408
[mcmc]  - Convergence of means: R-1 = 0.140524 after 4864 accepted steps
[mcmc]  - Updated covariance matrix of proposal pdf.
[mcmc] Learn + convergence test @ 6120 samples accepted.
[likelihoodcollection] Average computation time:
   flamingo.inference.masked_ps.MaskedBandPowerLikelihood : 5.32431e-05 s (13945 evaluations, 0.742475 s total)
[theorycollection] Average computation time:
   flamingo.inference.masked_ps.MaskedTSZTheory : 0.0166057 s (13945 evaluations, 231.567 s total)
[mcmc]  - Acceptance rate: 0.409
[mcmc]  - Convergence of means: R-1 = 0.134043 after 4896 accepted steps
[mcmc]  - Updated covariance matrix of proposal pdf.
[mcmc] Learn + convergence test @ 6160 samples accepted.
[likelihoodcollection] Average computation time:
   flamingo.inference.masked_ps.MaskedBandPowerLikelihood : 5.32644e-05 s (14051 evaluations, 0.748418 s total)
[theorycollection] Average computation time:
   flamingo.inference.masked_ps.MaskedTSZTheory : 0.0166074 s (14051 evaluations, 233.351 s total)
[mcmc]  - Acceptance rate: 0.408
[mcmc]  - Convergence of means: R-1 = 0.130746 after 4928 accepted steps
[mcmc]  - Updated covariance matrix of proposal pdf.
[mcmc] Learn + convergence test @ 6200 samples accepted.
[likelihoodcollection] Average computation time:
   flamingo.inference.masked_ps.MaskedBandPowerLikelihood : 5.32695e-05 s (14136 evaluations, 0.753017 s total)
[theorycollection] Average computation time:
   flamingo.inference.masked_ps.MaskedTSZTheory : 0.0166086 s (14136 evaluations, 234.779 s total)
[mcmc]  - Acceptance rate: 0.408
[mcmc]  - Convergence of means: R-1 = 0.143444 after 4960 accepted steps
[mcmc]  - Updated covariance matrix of proposal pdf.
[mcmc] Progress @ 2026-08-03 00:15:58 : 15294 steps taken, and 6210 accepted.
[mcmc] Learn + convergence test @ 6240 samples accepted.
[likelihoodcollection] Average computation time:
   flamingo.inference.masked_ps.MaskedBandPowerLikelihood : 5.32678e-05 s (14220 evaluations, 0.757468 s total)
[theorycollection] Average computation time:
   flamingo.inference.masked_ps.MaskedTSZTheory : 0.0166071 s (14220 evaluations, 236.152 s total)
[mcmc]  - Acceptance rate: 0.409
[mcmc]  - Convergence of means: R-1 = 0.128498 after 4992 accepted steps
[mcmc]  - Updated covariance matrix of proposal pdf.
[mcmc] Learn + convergence test @ 6280 samples accepted.
[likelihoodcollection] Average computation time:
   flamingo.inference.masked_ps.MaskedBandPowerLikelihood : 5.32927e-05 s (14314 evaluations, 0.762831 s total)
[theorycollection] Average computation time:
   flamingo.inference.masked_ps.MaskedTSZTheory : 0.0166072 s (14314 evaluations, 237.716 s total)
[mcmc]  - Acceptance rate: 0.409
[mcmc]  - Convergence of means: R-1 = 0.116217 after 5024 accepted steps
[mcmc]  - Updated covariance matrix of proposal pdf.
[mcmc] Learn + convergence test @ 6320 samples accepted.
[likelihoodcollection] Average computation time:
   flamingo.inference.masked_ps.MaskedBandPowerLikelihood : 5.33029e-05 s (14385 evaluations, 0.766762 s total)
[theorycollection] Average computation time:
   flamingo.inference.masked_ps.MaskedTSZTheory : 0.0166085 s (14385 evaluations, 238.913 s total)
[mcmc]  - Acceptance rate: 0.409
[mcmc]  - Convergence of means: R-1 = 0.105032 after 5056 accepted steps
[mcmc]  - Updated covariance matrix of proposal pdf.
[mcmc] Learn + convergence test @ 6360 samples accepted.
[likelihoodcollection] Average computation time:
   flamingo.inference.masked_ps.MaskedBandPowerLikelihood : 5.33539e-05 s (14477 evaluations, 0.772404 s total)
[theorycollection] Average computation time:
   flamingo.inference.masked_ps.MaskedTSZTheory : 0.0166108 s (14477 evaluations, 240.474 s total)
[mcmc]  - Acceptance rate: 0.409
[mcmc]  - Convergence of means: R-1 = 0.109460 after 5088 accepted steps
[mcmc]  - Updated covariance matrix of proposal pdf.
[mcmc] Learn + convergence test @ 6400 samples accepted.
[likelihoodcollection] Average computation time:
   flamingo.inference.masked_ps.MaskedBandPowerLikelihood : 5.33376e-05 s (14587 evaluations, 0.778036 s total)
[theorycollection] Average computation time:
   flamingo.inference.masked_ps.MaskedTSZTheory : 0.0166115 s (14587 evaluations, 242.312 s total)
[mcmc]  - Acceptance rate: 0.409
[mcmc]  - Convergence of means: R-1 = 0.120862 after 5120 accepted steps
[mcmc]  - Updated covariance matrix of proposal pdf.
[mcmc] Learn + convergence test @ 6440 samples accepted.
[likelihoodcollection] Average computation time:
   flamingo.inference.masked_ps.MaskedBandPowerLikelihood : 5.33521e-05 s (14696 evaluations, 0.784062 s total)
[theorycollection] Average computation time:
   flamingo.inference.masked_ps.MaskedTSZTheory : 0.016611 s (14696 evaluations, 244.115 s total)
[mcmc]  - Acceptance rate: 0.408
[mcmc]  - Convergence of means: R-1 = 0.099548 after 5152 accepted steps
[mcmc]  - Updated covariance matrix of proposal pdf.
[mcmc] Learn + convergence test @ 6480 samples accepted.
[likelihoodcollection] Average computation time:
   flamingo.inference.masked_ps.MaskedBandPowerLikelihood : 5.33854e-05 s (14792 evaluations, 0.789677 s total)
[theorycollection] Average computation time:
   flamingo.inference.masked_ps.MaskedTSZTheory : 0.0166115 s (14792 evaluations, 245.717 s total)
[mcmc]  - Acceptance rate: 0.407
[mcmc]  - Convergence of means: R-1 = 0.084596 after 5184 accepted steps
[mcmc]  - Updated covariance matrix of proposal pdf.
[mcmc] Learn + convergence test @ 6520 samples accepted.
[likelihoodcollection] Average computation time:
   flamingo.inference.masked_ps.MaskedBandPowerLikelihood : 5.33721e-05 s (14884 evaluations, 0.79439 s total)
[theorycollection] Average computation time:
   flamingo.inference.masked_ps.MaskedTSZTheory : 0.0166122 s (14884 evaluations, 247.256 s total)
[mcmc]  - Acceptance rate: 0.407
[mcmc]  - Convergence of means: R-1 = 0.086801 after 5216 accepted steps
[mcmc]  - Updated covariance matrix of proposal pdf.
[mcmc] Learn + convergence test @ 6560 samples accepted.
[likelihoodcollection] Average computation time:
   flamingo.inference.masked_ps.MaskedBandPowerLikelihood : 5.33931e-05 s (14972 evaluations, 0.799401 s total)
[theorycollection] Average computation time:
   flamingo.inference.masked_ps.MaskedTSZTheory : 0.0166134 s (14972 evaluations, 248.736 s total)
[mcmc]  - Acceptance rate: 0.406
[mcmc]  - Convergence of means: R-1 = 0.080794 after 5248 accepted steps
[mcmc]  - Updated covariance matrix of proposal pdf.
[mcmc] Learn + convergence test @ 6600 samples accepted.
[likelihoodcollection] Average computation time:
   flamingo.inference.masked_ps.MaskedBandPowerLikelihood : 5.33761e-05 s (15065 evaluations, 0.804111 s total)
[theorycollection] Average computation time:
   flamingo.inference.masked_ps.MaskedTSZTheory : 0.0166121 s (15065 evaluations, 250.261 s total)
[mcmc]  - Acceptance rate: 0.406
[mcmc]  - Convergence of means: R-1 = 0.073866 after 5280 accepted steps
[mcmc]  - Updated covariance matrix of proposal pdf.
[mcmc] Learn + convergence test @ 6640 samples accepted.
[likelihoodcollection] Average computation time:
   flamingo.inference.masked_ps.MaskedBandPowerLikelihood : 5.33711e-05 s (15162 evaluations, 0.809212 s total)
[theorycollection] Average computation time:
   flamingo.inference.masked_ps.MaskedTSZTheory : 0.0166133 s (15162 evaluations, 251.891 s total)
[mcmc]  - Acceptance rate: 0.406
[mcmc]  - Convergence of means: R-1 = 0.071279 after 5312 accepted steps
[mcmc]  - Updated covariance matrix of proposal pdf.
[mcmc] Learn + convergence test @ 6680 samples accepted.
[likelihoodcollection] Average computation time:
   flamingo.inference.masked_ps.MaskedBandPowerLikelihood : 5.33846e-05 s (15269 evaluations, 0.81513 s total)
[theorycollection] Average computation time:
   flamingo.inference.masked_ps.MaskedTSZTheory : 0.0166149 s (15269 evaluations, 253.693 s total)
[mcmc]  - Acceptance rate: 0.405
[mcmc]  - Convergence of means: R-1 = 0.070534 after 5344 accepted steps
[mcmc]  - Updated covariance matrix of proposal pdf.
[mcmc] Learn + convergence test @ 6720 samples accepted.
[likelihoodcollection] Average computation time:
   flamingo.inference.masked_ps.MaskedBandPowerLikelihood : 5.33853e-05 s (15386 evaluations, 0.821386 s total)
[theorycollection] Average computation time:
   flamingo.inference.masked_ps.MaskedTSZTheory : 0.0166153 s (15386 evaluations, 255.643 s total)
[mcmc]  - Acceptance rate: 0.403
[mcmc]  - Convergence of means: R-1 = 0.069804 after 5376 accepted steps
[mcmc]  - Updated covariance matrix of proposal pdf.
[mcmc] Learn + convergence test @ 6760 samples accepted.
[likelihoodcollection] Average computation time:
   flamingo.inference.masked_ps.MaskedBandPowerLikelihood : 5.33683e-05 s (15547 evaluations, 0.829716 s total)
[theorycollection] Average computation time:
   flamingo.inference.masked_ps.MaskedTSZTheory : 0.0166147 s (15547 evaluations, 258.309 s total)
[mcmc]  - Acceptance rate: 0.398
[mcmc]  - Convergence of means: R-1 = 0.090359 after 5408 accepted steps
[mcmc]  - Updated covariance matrix of proposal pdf.
[mcmc] Learn + convergence test @ 6800 samples accepted.
[likelihoodcollection] Average computation time:
   flamingo.inference.masked_ps.MaskedBandPowerLikelihood : 5.33784e-05 s (15637 evaluations, 0.834678 s total)
[theorycollection] Average computation time:
   flamingo.inference.masked_ps.MaskedTSZTheory : 0.0166159 s (15637 evaluations, 259.823 s total)
[mcmc]  - Acceptance rate: 0.398
[mcmc]  - Convergence of means: R-1 = 0.092703 after 5440 accepted steps
[mcmc]  - Updated covariance matrix of proposal pdf.
[mcmc] Learn + convergence test @ 6840 samples accepted.
[likelihoodcollection] Average computation time:
   flamingo.inference.masked_ps.MaskedBandPowerLikelihood : 5.33852e-05 s (15739 evaluations, 0.84023 s total)
[theorycollection] Average computation time:
   flamingo.inference.masked_ps.MaskedTSZTheory : 0.0166162 s (15739 evaluations, 261.523 s total)
[mcmc]  - Acceptance rate: 0.398
[mcmc]  - Convergence of means: R-1 = 0.095766 after 5472 accepted steps
[mcmc]  - Updated covariance matrix of proposal pdf.
[mcmc] Learn + convergence test @ 6880 samples accepted.
[likelihoodcollection] Average computation time:
   flamingo.inference.masked_ps.MaskedBandPowerLikelihood : 5.3392e-05 s (15818 evaluations, 0.844554 s total)
[theorycollection] Average computation time:
   flamingo.inference.masked_ps.MaskedTSZTheory : 0.0166169 s (15818 evaluations, 262.846 s total)
[mcmc]  - Acceptance rate: 0.398
[mcmc]  - Convergence of means: R-1 = 0.106410 after 5504 accepted steps
[mcmc]  - Updated covariance matrix of proposal pdf.
[mcmc] Learn + convergence test @ 6920 samples accepted.
[likelihoodcollection] Average computation time:
   flamingo.inference.masked_ps.MaskedBandPowerLikelihood : 5.33805e-05 s (15893 evaluations, 0.848376 s total)
[theorycollection] Average computation time:
   flamingo.inference.masked_ps.MaskedTSZTheory : 0.0166155 s (15893 evaluations, 264.069 s total)
[mcmc]  - Acceptance rate: 0.398
[mcmc]  - Convergence of means: R-1 = 0.102918 after 5536 accepted steps
[mcmc]  - Updated covariance matrix of proposal pdf.
[mcmc] Learn + convergence test @ 6960 samples accepted.
[likelihoodcollection] Average computation time:
   flamingo.inference.masked_ps.MaskedBandPowerLikelihood : 5.33873e-05 s (15991 evaluations, 0.853716 s total)
[theorycollection] Average computation time:
   flamingo.inference.masked_ps.MaskedTSZTheory : 0.0166163 s (15991 evaluations, 265.711 s total)
[mcmc]  - Acceptance rate: 0.398
[mcmc]  - Convergence of means: R-1 = 0.102233 after 5568 accepted steps
[mcmc]  - Updated covariance matrix of proposal pdf.
[mcmc] Learn + convergence test @ 7000 samples accepted.
[likelihoodcollection] Average computation time:
   flamingo.inference.masked_ps.MaskedBandPowerLikelihood : 5.34443e-05 s (16102 evaluations, 0.860561 s total)
[theorycollection] Average computation time:
   flamingo.inference.masked_ps.MaskedTSZTheory : 0.0166167 s (16102 evaluations, 267.562 s total)
[mcmc]  - Acceptance rate: 0.398
[mcmc]  - Convergence of means: R-1 = 0.121716 after 5600 accepted steps
[mcmc]  - Updated covariance matrix of proposal pdf.
[mcmc] Learn + convergence test @ 7040 samples accepted.
[likelihoodcollection] Average computation time:
   flamingo.inference.masked_ps.MaskedBandPowerLikelihood : 5.34393e-05 s (16193 evaluations, 0.865343 s total)
[theorycollection] Average computation time:
   flamingo.inference.masked_ps.MaskedTSZTheory : 0.0166171 s (16193 evaluations, 269.081 s total)
[mcmc]  - Acceptance rate: 0.398
[mcmc]  - Convergence of means: R-1 = 0.140400 after 5632 accepted steps
[mcmc]  - Updated covariance matrix of proposal pdf.
[mcmc] Learn + convergence test @ 7080 samples accepted.
[likelihoodcollection] Average computation time:
   flamingo.inference.masked_ps.MaskedBandPowerLikelihood : 5.34302e-05 s (16283 evaluations, 0.870005 s total)
[theorycollection] Average computation time:
   flamingo.inference.masked_ps.MaskedTSZTheory : 0.0166169 s (16283 evaluations, 270.574 s total)
[mcmc]  - Acceptance rate: 0.398
[mcmc]  - Convergence of means: R-1 = 0.174861 after 5664 accepted steps
[mcmc]  - Updated covariance matrix of proposal pdf.
[mcmc] Learn + convergence test @ 7120 samples accepted.
[likelihoodcollection] Average computation time:
   flamingo.inference.masked_ps.MaskedBandPowerLikelihood : 5.34355e-05 s (16372 evaluations, 0.874847 s total)
[theorycollection] Average computation time:
   flamingo.inference.masked_ps.MaskedTSZTheory : 0.0166171 s (16372 evaluations, 272.056 s total)
[mcmc]  - Acceptance rate: 0.398
[mcmc]  - Convergence of means: R-1 = 0.183499 after 5696 accepted steps
[mcmc]  - Updated covariance matrix of proposal pdf.
[mcmc] Learn + convergence test @ 7160 samples accepted.
[likelihoodcollection] Average computation time:
   flamingo.inference.masked_ps.MaskedBandPowerLikelihood : 5.34324e-05 s (16464 evaluations, 0.879712 s total)
[theorycollection] Average computation time:
   flamingo.inference.masked_ps.MaskedTSZTheory : 0.0166181 s (16464 evaluations, 273.601 s total)
[mcmc]  - Acceptance rate: 0.398
[mcmc]  - Convergence of means: R-1 = 0.176944 after 5728 accepted steps
[mcmc]  - Updated covariance matrix of proposal pdf.
[mcmc] Learn + convergence test @ 7200 samples accepted.
[likelihoodcollection] Average computation time:
   flamingo.inference.masked_ps.MaskedBandPowerLikelihood : 5.34206e-05 s (16535 evaluations, 0.883309 s total)
[theorycollection] Average computation time:
   flamingo.inference.masked_ps.MaskedTSZTheory : 0.0166183 s (16535 evaluations, 274.783 s total)
[mcmc]  - Acceptance rate: 0.398
[mcmc]  - Convergence of means: R-1 = 0.170022 after 5760 accepted steps
[mcmc]  - Updated covariance matrix of proposal pdf.
[mcmc] Learn + convergence test @ 7240 samples accepted.
[likelihoodcollection] Average computation time:
   flamingo.inference.masked_ps.MaskedBandPowerLikelihood : 5.3424e-05 s (16612 evaluations, 0.88748 s total)
[theorycollection] Average computation time:
   flamingo.inference.masked_ps.MaskedTSZTheory : 0.01662 s (16612 evaluations, 276.092 s total)
[mcmc]  - Acceptance rate: 0.399
[mcmc]  - Convergence of means: R-1 = 0.164626 after 5792 accepted steps
[mcmc]  - Updated covariance matrix of proposal pdf.
[mcmc] Learn + convergence test @ 7280 samples accepted.
[likelihoodcollection] Average computation time:
   flamingo.inference.masked_ps.MaskedBandPowerLikelihood : 5.34214e-05 s (16692 evaluations, 0.891711 s total)
[theorycollection] Average computation time:
   flamingo.inference.masked_ps.MaskedTSZTheory : 0.0166209 s (16692 evaluations, 277.436 s total)
[mcmc]  - Acceptance rate: 0.399
[mcmc]  - Convergence of means: R-1 = 0.156704 after 5824 accepted steps
[mcmc]  - Updated covariance matrix of proposal pdf.
[mcmc] Learn + convergence test @ 7320 samples accepted.
[likelihoodcollection] Average computation time:
   flamingo.inference.masked_ps.MaskedBandPowerLikelihood : 5.34159e-05 s (16773 evaluations, 0.895945 s total)
[theorycollection] Average computation time:
   flamingo.inference.masked_ps.MaskedTSZTheory : 0.0166211 s (16773 evaluations, 278.786 s total)
[mcmc]  - Acceptance rate: 0.399
[mcmc]  - Convergence of means: R-1 = 0.147774 after 5856 accepted steps
[mcmc]  - Updated covariance matrix of proposal pdf.
[mcmc] Learn + convergence test @ 7360 samples accepted.
[likelihoodcollection] Average computation time:
   flamingo.inference.masked_ps.MaskedBandPowerLikelihood : 5.33906e-05 s (16873 evaluations, 0.900859 s total)
[theorycollection] Average computation time:
   flamingo.inference.masked_ps.MaskedTSZTheory : 0.0166198 s (16873 evaluations, 280.426 s total)
[mcmc]  - Acceptance rate: 0.399
[mcmc]  - Convergence of means: R-1 = 0.130369 after 5888 accepted steps
[mcmc]  - Updated covariance matrix of proposal pdf.
[mcmc] Learn + convergence test @ 7400 samples accepted.
[likelihoodcollection] Average computation time:
   flamingo.inference.masked_ps.MaskedBandPowerLikelihood : 5.33931e-05 s (16969 evaluations, 0.906028 s total)
[theorycollection] Average computation time:
   flamingo.inference.masked_ps.MaskedTSZTheory : 0.0166191 s (16969 evaluations, 282.009 s total)
[mcmc]  - Acceptance rate: 0.397
[mcmc]  - Convergence of means: R-1 = 0.109791 after 5920 accepted steps
[mcmc]  - Updated covariance matrix of proposal pdf.
[mcmc] Learn + convergence test @ 7440 samples accepted.
[likelihoodcollection] Average computation time:
   flamingo.inference.masked_ps.MaskedBandPowerLikelihood : 5.33814e-05 s (17041 evaluations, 0.909672 s total)
[theorycollection] Average computation time:
   flamingo.inference.masked_ps.MaskedTSZTheory : 0.0166177 s (17041 evaluations, 283.182 s total)
[mcmc]  - Acceptance rate: 0.397
[mcmc]  - Convergence of means: R-1 = 0.107782 after 5952 accepted steps
[mcmc]  - Updated covariance matrix of proposal pdf.
[mcmc] Learn + convergence test @ 7480 samples accepted.
[likelihoodcollection] Average computation time:
   flamingo.inference.masked_ps.MaskedBandPowerLikelihood : 5.33757e-05 s (17120 evaluations, 0.913792 s total)
[theorycollection] Average computation time:
   flamingo.inference.masked_ps.MaskedTSZTheory : 0.0166174 s (17120 evaluations, 284.49 s total)
[mcmc]  - Acceptance rate: 0.397
[mcmc]  - Convergence of means: R-1 = 0.104613 after 5984 accepted steps
[mcmc]  - Updated covariance matrix of proposal pdf.
[mcmc] Learn + convergence test @ 7520 samples accepted.
[likelihoodcollection] Average computation time:
   flamingo.inference.masked_ps.MaskedBandPowerLikelihood : 5.33736e-05 s (17200 evaluations, 0.918025 s total)
[theorycollection] Average computation time:
   flamingo.inference.masked_ps.MaskedTSZTheory : 0.0166169 s (17200 evaluations, 285.81 s total)
[mcmc]  - Acceptance rate: 0.397
[mcmc]  - Convergence of means: R-1 = 0.092981 after 6016 accepted steps
[mcmc]  - Updated covariance matrix of proposal pdf.
[mcmc] Learn + convergence test @ 7560 samples accepted.
[likelihoodcollection] Average computation time:
   flamingo.inference.masked_ps.MaskedBandPowerLikelihood : 5.33718e-05 s (17289 evaluations, 0.922745 s total)
[theorycollection] Average computation time:
   flamingo.inference.masked_ps.MaskedTSZTheory : 0.0166171 s (17289 evaluations, 287.293 s total)
[mcmc]  - Acceptance rate: 0.398
[mcmc]  - Convergence of means: R-1 = 0.094008 after 6048 accepted steps
[mcmc]  - Updated covariance matrix of proposal pdf.
[mcmc] Learn + convergence test @ 7600 samples accepted.
[likelihoodcollection] Average computation time:
   flamingo.inference.masked_ps.MaskedBandPowerLikelihood : 5.33818e-05 s (17394 evaluations, 0.928523 s total)
[theorycollection] Average computation time:
   flamingo.inference.masked_ps.MaskedTSZTheory : 0.0166167 s (17394 evaluations, 289.03 s total)
[mcmc]  - Acceptance rate: 0.397
[mcmc]  - Convergence of means: R-1 = 0.095962 after 6080 accepted steps
[mcmc]  - Updated covariance matrix of proposal pdf.
[mcmc] Learn + convergence test @ 7640 samples accepted.
[likelihoodcollection] Average computation time:
   flamingo.inference.masked_ps.MaskedBandPowerLikelihood : 5.33745e-05 s (17485 evaluations, 0.933253 s total)
[theorycollection] Average computation time:
   flamingo.inference.masked_ps.MaskedTSZTheory : 0.0166154 s (17485 evaluations, 290.521 s total)
[mcmc]  - Acceptance rate: 0.398
[mcmc]  - Convergence of means: R-1 = 0.100624 after 6112 accepted steps
[mcmc]  - Updated covariance matrix of proposal pdf.
[mcmc] Learn + convergence test @ 7680 samples accepted.
[likelihoodcollection] Average computation time:
   flamingo.inference.masked_ps.MaskedBandPowerLikelihood : 5.33838e-05 s (17565 evaluations, 0.937687 s total)
[theorycollection] Average computation time:
   flamingo.inference.masked_ps.MaskedTSZTheory : 0.016615 s (17565 evaluations, 291.843 s total)
[mcmc]  - Acceptance rate: 0.398
[mcmc]  - Convergence of means: R-1 = 0.106325 after 6144 accepted steps
[mcmc]  - Updated covariance matrix of proposal pdf.
[mcmc] Learn + convergence test @ 7720 samples accepted.
[likelihoodcollection] Average computation time:
   flamingo.inference.masked_ps.MaskedBandPowerLikelihood : 5.33929e-05 s (17663 evaluations, 0.943079 s total)
[theorycollection] Average computation time:
   flamingo.inference.masked_ps.MaskedTSZTheory : 0.0166145 s (17663 evaluations, 293.462 s total)
[mcmc]  - Acceptance rate: 0.398
[mcmc]  - Convergence of means: R-1 = 0.111821 after 6176 accepted steps
[mcmc]  - Updated covariance matrix of proposal pdf.
[mcmc] Progress @ 2026-08-03 00:16:58 : 19368 steps taken, and 7734 accepted.
[mcmc] Learn + convergence test @ 7760 samples accepted.
[likelihoodcollection] Average computation time:
   flamingo.inference.masked_ps.MaskedBandPowerLikelihood : 5.34027e-05 s (17752 evaluations, 0.948005 s total)
[theorycollection] Average computation time:
   flamingo.inference.masked_ps.MaskedTSZTheory : 0.0166153 s (17752 evaluations, 294.955 s total)
[mcmc]  - Acceptance rate: 0.399
[mcmc]  - Convergence of means: R-1 = 0.109523 after 6208 accepted steps
[mcmc]  - Updated covariance matrix of proposal pdf.
[mcmc] Learn + convergence test @ 7800 samples accepted.
[likelihoodcollection] Average computation time:
   flamingo.inference.masked_ps.MaskedBandPowerLikelihood : 5.34022e-05 s (17850 evaluations, 0.953229 s total)
[theorycollection] Average computation time:
   flamingo.inference.masked_ps.MaskedTSZTheory : 0.0166172 s (17850 evaluations, 296.617 s total)
[mcmc]  - Acceptance rate: 0.399
[mcmc]  - Convergence of means: R-1 = 0.102479 after 6240 accepted steps
[mcmc]  - Updated covariance matrix of proposal pdf.
[mcmc] Learn + convergence test @ 7840 samples accepted.
[likelihoodcollection] Average computation time:
   flamingo.inference.masked_ps.MaskedBandPowerLikelihood : 5.3386e-05 s (17955 evaluations, 0.958546 s total)
[theorycollection] Average computation time:
   flamingo.inference.masked_ps.MaskedTSZTheory : 0.0166178 s (17955 evaluations, 298.373 s total)
[mcmc]  - Acceptance rate: 0.399
[mcmc]  - Convergence of means: R-1 = 0.104834 after 6272 accepted steps
[mcmc]  - Updated covariance matrix of proposal pdf.
[mcmc] Learn + convergence test @ 7880 samples accepted.
[likelihoodcollection] Average computation time:
   flamingo.inference.masked_ps.MaskedBandPowerLikelihood : 5.33808e-05 s (18027 evaluations, 0.962296 s total)
[theorycollection] Average computation time:
   flamingo.inference.masked_ps.MaskedTSZTheory : 0.0166167 s (18027 evaluations, 299.548 s total)
[mcmc]  - Acceptance rate: 0.400
[mcmc]  - Convergence of means: R-1 = 0.103843 after 6304 accepted steps
[mcmc]  - Updated covariance matrix of proposal pdf.
[mcmc] Learn + convergence test @ 7920 samples accepted.
[likelihoodcollection] Average computation time:
   flamingo.inference.masked_ps.MaskedBandPowerLikelihood : 5.33937e-05 s (18121 evaluations, 0.967548 s total)
[theorycollection] Average computation time:
   flamingo.inference.masked_ps.MaskedTSZTheory : 0.0166154 s (18121 evaluations, 301.087 s total)
[mcmc]  - Acceptance rate: 0.399
[mcmc]  - Convergence of means: R-1 = 0.101649 after 6336 accepted steps
[mcmc]  - Updated covariance matrix of proposal pdf.
[mcmc] Learn + convergence test @ 7960 samples accepted.
[likelihoodcollection] Average computation time:
   flamingo.inference.masked_ps.MaskedBandPowerLikelihood : 5.33752e-05 s (18200 evaluations, 0.971429 s total)
[theorycollection] Average computation time:
   flamingo.inference.masked_ps.MaskedTSZTheory : 0.0166144 s (18200 evaluations, 302.382 s total)
[mcmc]  - Acceptance rate: 0.400
[mcmc]  - Convergence of means: R-1 = 0.095525 after 6368 accepted steps
[mcmc]  - Updated covariance matrix of proposal pdf.
[mcmc] Learn + convergence test @ 8000 samples accepted.
[likelihoodcollection] Average computation time:
   flamingo.inference.masked_ps.MaskedBandPowerLikelihood : 5.33703e-05 s (18312 evaluations, 0.977317 s total)
[theorycollection] Average computation time:
   flamingo.inference.masked_ps.MaskedTSZTheory : 0.0166135 s (18312 evaluations, 304.227 s total)
[mcmc]  - Acceptance rate: 0.399
[mcmc]  - Convergence of means: R-1 = 0.103726 after 6400 accepted steps
[mcmc]  - Updated covariance matrix of proposal pdf.
[mcmc] Learn + convergence test @ 8040 samples accepted.
[likelihoodcollection] Average computation time:
   flamingo.inference.masked_ps.MaskedBandPowerLikelihood : 5.33837e-05 s (18414 evaluations, 0.983007 s total)
[theorycollection] Average computation time:
   flamingo.inference.masked_ps.MaskedTSZTheory : 0.0166142 s (18414 evaluations, 305.933 s total)
[mcmc]  - Acceptance rate: 0.398
[mcmc]  - Convergence of means: R-1 = 0.108797 after 6432 accepted steps
[mcmc]  - Updated covariance matrix of proposal pdf.
[mcmc] Learn + convergence test @ 8080 samples accepted.
[likelihoodcollection] Average computation time:
   flamingo.inference.masked_ps.MaskedBandPowerLikelihood : 5.33911e-05 s (18499 evaluations, 0.987683 s total)
[theorycollection] Average computation time:
   flamingo.inference.masked_ps.MaskedTSZTheory : 0.0166123 s (18499 evaluations, 307.311 s total)
[mcmc]  - Acceptance rate: 0.399
[mcmc]  - Convergence of means: R-1 = 0.098458 after 6464 accepted steps
[mcmc]  - Updated covariance matrix of proposal pdf.
[mcmc] Learn + convergence test @ 8120 samples accepted.
[likelihoodcollection] Average computation time:
   flamingo.inference.masked_ps.MaskedBandPowerLikelihood : 5.34011e-05 s (18602 evaluations, 0.993367 s total)
[theorycollection] Average computation time:
   flamingo.inference.masked_ps.MaskedTSZTheory : 0.016613 s (18602 evaluations, 309.035 s total)
[mcmc]  - Acceptance rate: 0.399
[mcmc]  - Convergence of means: R-1 = 0.092838 after 6496 accepted steps
[mcmc]  - Updated covariance matrix of proposal pdf.
[mcmc] Learn + convergence test @ 8160 samples accepted.
[likelihoodcollection] Average computation time:
   flamingo.inference.masked_ps.MaskedBandPowerLikelihood : 5.34216e-05 s (18690 evaluations, 0.998449 s total)
[theorycollection] Average computation time:
   flamingo.inference.masked_ps.MaskedTSZTheory : 0.0166127 s (18690 evaluations, 310.492 s total)
[mcmc]  - Acceptance rate: 0.399
[mcmc]  - Convergence of means: R-1 = 0.086049 after 6528 accepted steps
[mcmc]  - Updated covariance matrix of proposal pdf.
[mcmc] Learn + convergence test @ 8200 samples accepted.
[likelihoodcollection] Average computation time:
   flamingo.inference.masked_ps.MaskedBandPowerLikelihood : 5.34238e-05 s (18793 evaluations, 1.00399 s total)
[theorycollection] Average computation time:
   flamingo.inference.masked_ps.MaskedTSZTheory : 0.0166142 s (18793 evaluations, 312.23 s total)
[mcmc]  - Acceptance rate: 0.398
[mcmc]  - Convergence of means: R-1 = 0.094715 after 6560 accepted steps
[mcmc]  - Updated covariance matrix of proposal pdf.
[mcmc] Learn + convergence test @ 8240 samples accepted.
[likelihoodcollection] Average computation time:
   flamingo.inference.masked_ps.MaskedBandPowerLikelihood : 5.34052e-05 s (18883 evaluations, 1.00845 s total)
[theorycollection] Average computation time:
   flamingo.inference.masked_ps.MaskedTSZTheory : 0.0166137 s (18883 evaluations, 313.716 s total)
[mcmc]  - Acceptance rate: 0.398
[mcmc]  - Convergence of means: R-1 = 0.096482 after 6592 accepted steps
[mcmc]  - Updated covariance matrix of proposal pdf.
[mcmc] Learn + convergence test @ 8280 samples accepted.
[likelihoodcollection] Average computation time:
   flamingo.inference.masked_ps.MaskedBandPowerLikelihood : 5.33882e-05 s (18964 evaluations, 1.01245 s total)
[theorycollection] Average computation time:
   flamingo.inference.masked_ps.MaskedTSZTheory : 0.0166117 s (18964 evaluations, 315.024 s total)
[mcmc]  - Acceptance rate: 0.398
[mcmc]  - Convergence of means: R-1 = 0.098458 after 6624 accepted steps
[mcmc]  - Updated covariance matrix of proposal pdf.
[mcmc] Learn + convergence test @ 8320 samples accepted.
[likelihoodcollection] Average computation time:
   flamingo.inference.masked_ps.MaskedBandPowerLikelihood : 5.32886e-05 s (19057 evaluations, 1.01552 s total)
[theorycollection] Average computation time:
   flamingo.inference.masked_ps.MaskedTSZTheory : 0.0166 s (19057 evaluations, 316.347 s total)
[mcmc]  - Acceptance rate: 0.398
[mcmc]  - Convergence of means: R-1 = 0.102696 after 6656 accepted steps
[mcmc]  - Updated covariance matrix of proposal pdf.
[mcmc] Learn + convergence test @ 8360 samples accepted.
[likelihoodcollection] Average computation time:
   flamingo.inference.masked_ps.MaskedBandPowerLikelihood : 5.32213e-05 s (19155 evaluations, 1.01945 s total)
[theorycollection] Average computation time:
   flamingo.inference.masked_ps.MaskedTSZTheory : 0.0165906 s (19155 evaluations, 317.793 s total)
[mcmc]  - Acceptance rate: 0.398
[mcmc]  - Convergence of means: R-1 = 0.100785 after 6688 accepted steps
[mcmc]  - Updated covariance matrix of proposal pdf.
[mcmc] Learn + convergence test @ 8400 samples accepted.
[likelihoodcollection] Average computation time:
   flamingo.inference.masked_ps.MaskedBandPowerLikelihood : 5.3184e-05 s (19257 evaluations, 1.02417 s total)
[theorycollection] Average computation time:
   flamingo.inference.masked_ps.MaskedTSZTheory : 0.0165868 s (19257 evaluations, 319.412 s total)
[mcmc]  - Acceptance rate: 0.398
[mcmc]  - Convergence of means: R-1 = 0.096578 after 6720 accepted steps
[mcmc]  - Updated covariance matrix of proposal pdf.
[mcmc] Learn + convergence test @ 8440 samples accepted.
[likelihoodcollection] Average computation time:
   flamingo.inference.masked_ps.MaskedBandPowerLikelihood : 5.31479e-05 s (19347 evaluations, 1.02825 s total)
[theorycollection] Average computation time:
   flamingo.inference.masked_ps.MaskedTSZTheory : 0.016582 s (19347 evaluations, 320.813 s total)
[mcmc]  - Acceptance rate: 0.399
[mcmc]  - Convergence of means: R-1 = 0.090722 after 6752 accepted steps
[mcmc]  - Updated covariance matrix of proposal pdf.
[mcmc] Learn + convergence test @ 8480 samples accepted.
[likelihoodcollection] Average computation time:
   flamingo.inference.masked_ps.MaskedBandPowerLikelihood : 5.31258e-05 s (19431 evaluations, 1.03229 s total)
[theorycollection] Average computation time:
   flamingo.inference.masked_ps.MaskedTSZTheory : 0.0165785 s (19431 evaluations, 322.136 s total)
[mcmc]  - Acceptance rate: 0.399
[mcmc]  - Convergence of means: R-1 = 0.093623 after 6784 accepted steps
[mcmc]  - Updated covariance matrix of proposal pdf.
[mcmc] Learn + convergence test @ 8520 samples accepted.
[likelihoodcollection] Average computation time:
   flamingo.inference.masked_ps.MaskedBandPowerLikelihood : 5.31431e-05 s (19516 evaluations, 1.03714 s total)
[theorycollection] Average computation time:
   flamingo.inference.masked_ps.MaskedTSZTheory : 0.0165788 s (19516 evaluations, 323.551 s total)
[mcmc]  - Acceptance rate: 0.399
[mcmc]  - Convergence of means: R-1 = 0.099132 after 6816 accepted steps
[mcmc]  - Updated covariance matrix of proposal pdf.
[mcmc] Learn + convergence test @ 8560 samples accepted.
[likelihoodcollection] Average computation time:
   flamingo.inference.masked_ps.MaskedBandPowerLikelihood : 5.31291e-05 s (19627 evaluations, 1.04277 s total)
[theorycollection] Average computation time:
   flamingo.inference.masked_ps.MaskedTSZTheory : 0.0165793 s (19627 evaluations, 325.402 s total)
[mcmc]  - Acceptance rate: 0.399
[mcmc]  - Convergence of means: R-1 = 0.106872 after 6848 accepted steps
[mcmc]  - Updated covariance matrix of proposal pdf.
[mcmc] Learn + convergence test @ 8600 samples accepted.
[likelihoodcollection] Average computation time:
   flamingo.inference.masked_ps.MaskedBandPowerLikelihood : 5.31093e-05 s (19793 evaluations, 1.05119 s total)
[theorycollection] Average computation time:
   flamingo.inference.masked_ps.MaskedTSZTheory : 0.0165793 s (19793 evaluations, 328.155 s total)
[mcmc]  - Acceptance rate: 0.397
[mcmc]  - Convergence of means: R-1 = 0.111296 after 6880 accepted steps
[mcmc]  - Updated covariance matrix of proposal pdf.
[mcmc] Learn + convergence test @ 8640 samples accepted.
[likelihoodcollection] Average computation time:
   flamingo.inference.masked_ps.MaskedBandPowerLikelihood : 5.31184e-05 s (19936 evaluations, 1.05897 s total)
[theorycollection] Average computation time:
   flamingo.inference.masked_ps.MaskedTSZTheory : 0.0165782 s (19936 evaluations, 330.502 s total)
[mcmc]  - Acceptance rate: 0.396
[mcmc]  - Convergence of means: R-1 = 0.132000 after 6912 accepted steps
[mcmc]  - Updated covariance matrix of proposal pdf.
[mcmc] Learn + convergence test @ 8680 samples accepted.
[likelihoodcollection] Average computation time:
   flamingo.inference.masked_ps.MaskedBandPowerLikelihood : 5.31571e-05 s (20084 evaluations, 1.06761 s total)
[theorycollection] Average computation time:
   flamingo.inference.masked_ps.MaskedTSZTheory : 0.0165786 s (20084 evaluations, 332.964 s total)
[mcmc]  - Acceptance rate: 0.395
[mcmc]  - Convergence of means: R-1 = 0.154706 after 6944 accepted steps
[mcmc]  - Updated covariance matrix of proposal pdf.
[mcmc] Learn + convergence test @ 8720 samples accepted.
[likelihoodcollection] Average computation time:
   flamingo.inference.masked_ps.MaskedBandPowerLikelihood : 5.316e-05 s (20193 evaluations, 1.07346 s total)
[theorycollection] Average computation time:
   flamingo.inference.masked_ps.MaskedTSZTheory : 0.0165805 s (20193 evaluations, 334.81 s total)
[mcmc]  - Acceptance rate: 0.394
[mcmc]  - Convergence of means: R-1 = 0.162689 after 6976 accepted steps
[mcmc]  - Updated covariance matrix of proposal pdf.
[mcmc] Learn + convergence test @ 8760 samples accepted.
[likelihoodcollection] Average computation time:
   flamingo.inference.masked_ps.MaskedBandPowerLikelihood : 5.32289e-05 s (20296 evaluations, 1.08033 s total)
[theorycollection] Average computation time:
   flamingo.inference.masked_ps.MaskedTSZTheory : 0.0165822 s (20296 evaluations, 336.552 s total)
[mcmc]  - Acceptance rate: 0.393
[mcmc]  - Convergence of means: R-1 = 0.152038 after 7008 accepted steps
[mcmc]  - Updated covariance matrix of proposal pdf.
[mcmc] Learn + convergence test @ 8800 samples accepted.
[likelihoodcollection] Average computation time:
   flamingo.inference.masked_ps.MaskedBandPowerLikelihood : 5.32382e-05 s (20390 evaluations, 1.08553 s total)
[theorycollection] Average computation time:
   flamingo.inference.masked_ps.MaskedTSZTheory : 0.0165835 s (20390 evaluations, 338.137 s total)
[mcmc]  - Acceptance rate: 0.393
[mcmc]  - Convergence of means: R-1 = 0.145367 after 7040 accepted steps
[mcmc]  - Updated covariance matrix of proposal pdf.
[mcmc] Learn + convergence test @ 8840 samples accepted.
[likelihoodcollection] Average computation time:
   flamingo.inference.masked_ps.MaskedBandPowerLikelihood : 5.32563e-05 s (20500 evaluations, 1.09175 s total)
[theorycollection] Average computation time:
   flamingo.inference.masked_ps.MaskedTSZTheory : 0.0165825 s (20500 evaluations, 339.942 s total)
[mcmc]  - Acceptance rate: 0.393
[mcmc]  - Convergence of means: R-1 = 0.134975 after 7072 accepted steps
[mcmc]  - Updated covariance matrix of proposal pdf.
[mcmc] Learn + convergence test @ 8880 samples accepted.
[likelihoodcollection] Average computation time:
   flamingo.inference.masked_ps.MaskedBandPowerLikelihood : 5.32516e-05 s (20593 evaluations, 1.09661 s total)
[theorycollection] Average computation time:
   flamingo.inference.masked_ps.MaskedTSZTheory : 0.0165831 s (20593 evaluations, 341.495 s total)
[mcmc]  - Acceptance rate: 0.393
[mcmc]  - Convergence of means: R-1 = 0.126512 after 7104 accepted steps
[mcmc]  - Updated covariance matrix of proposal pdf.
[mcmc] Learn + convergence test @ 8920 samples accepted.
[likelihoodcollection] Average computation time:
   flamingo.inference.masked_ps.MaskedBandPowerLikelihood : 5.32789e-05 s (20704 evaluations, 1.10309 s total)
[theorycollection] Average computation time:
   flamingo.inference.masked_ps.MaskedTSZTheory : 0.0165845 s (20704 evaluations, 343.366 s total)
[mcmc]  - Acceptance rate: 0.393
[mcmc]  - Convergence of means: R-1 = 0.128813 after 7136 accepted steps
[mcmc]  - Updated covariance matrix of proposal pdf.
[mcmc] Learn + convergence test @ 8960 samples accepted.
[likelihoodcollection] Average computation time:
   flamingo.inference.masked_ps.MaskedBandPowerLikelihood : 5.32745e-05 s (20809 evaluations, 1.10859 s total)
[theorycollection] Average computation time:
   flamingo.inference.masked_ps.MaskedTSZTheory : 0.016584 s (20809 evaluations, 345.095 s total)
[mcmc]  - Acceptance rate: 0.392
[mcmc]  - Convergence of means: R-1 = 0.135419 after 7168 accepted steps
[mcmc]  - Updated covariance matrix of proposal pdf.
[mcmc] Learn + convergence test @ 9000 samples accepted.
[likelihoodcollection] Average computation time:
   flamingo.inference.masked_ps.MaskedBandPowerLikelihood : 5.32777e-05 s (20950 evaluations, 1.11617 s total)
[theorycollection] Average computation time:
   flamingo.inference.masked_ps.MaskedTSZTheory : 0.0165876 s (20950 evaluations, 347.51 s total)
[mcmc]  - Acceptance rate: 0.390
[mcmc]  - Convergence of means: R-1 = 0.144242 after 7200 accepted steps
[mcmc]  - Updated covariance matrix of proposal pdf.
[mcmc] Learn + convergence test @ 9040 samples accepted.
[likelihoodcollection] Average computation time:
   flamingo.inference.masked_ps.MaskedBandPowerLikelihood : 5.32838e-05 s (21055 evaluations, 1.12189 s total)
[theorycollection] Average computation time:
   flamingo.inference.masked_ps.MaskedTSZTheory : 0.0165881 s (21055 evaluations, 349.263 s total)
[mcmc]  - Acceptance rate: 0.390
[mcmc]  - Convergence of means: R-1 = 0.150640 after 7232 accepted steps
[mcmc]  - Updated covariance matrix of proposal pdf.
[mcmc] Learn + convergence test @ 9080 samples accepted.
[likelihoodcollection] Average computation time:
   flamingo.inference.masked_ps.MaskedBandPowerLikelihood : 5.32938e-05 s (21141 evaluations, 1.12668 s total)
[theorycollection] Average computation time:
   flamingo.inference.masked_ps.MaskedTSZTheory : 0.0165893 s (21141 evaluations, 350.715 s total)
[mcmc]  - Acceptance rate: 0.390
[mcmc]  - Convergence of means: R-1 = 0.157847 after 7264 accepted steps
[mcmc]  - Updated covariance matrix of proposal pdf.
[mcmc] Progress @ 2026-08-03 00:17:58 : 23204 steps taken, and 9103 accepted.
[mcmc] Learn + convergence test @ 9120 samples accepted.
[likelihoodcollection] Average computation time:
   flamingo.inference.masked_ps.MaskedBandPowerLikelihood : 5.3311e-05 s (21313 evaluations, 1.13622 s total)
[theorycollection] Average computation time:
   flamingo.inference.masked_ps.MaskedTSZTheory : 0.0165915 s (21313 evaluations, 353.614 s total)
[mcmc]  - Acceptance rate: 0.388
[mcmc]  - Convergence of means: R-1 = 0.187389 after 7296 accepted steps
[mcmc]  - Updated covariance matrix of proposal pdf.
[mcmc] Learn + convergence test @ 9160 samples accepted.
[likelihoodcollection] Average computation time:
   flamingo.inference.masked_ps.MaskedBandPowerLikelihood : 5.33115e-05 s (21413 evaluations, 1.14156 s total)
[theorycollection] Average computation time:
   flamingo.inference.masked_ps.MaskedTSZTheory : 0.016593 s (21413 evaluations, 355.306 s total)
[mcmc]  - Acceptance rate: 0.388
[mcmc]  - Convergence of means: R-1 = 0.190617 after 7328 accepted steps
[mcmc]  - Updated covariance matrix of proposal pdf.
[mcmc] Learn + convergence test @ 9200 samples accepted.
[likelihoodcollection] Average computation time:
   flamingo.inference.masked_ps.MaskedBandPowerLikelihood : 5.33092e-05 s (21501 evaluations, 1.1462 s total)
[theorycollection] Average computation time:
   flamingo.inference.masked_ps.MaskedTSZTheory : 0.0165938 s (21501 evaluations, 356.783 s total)
[mcmc]  - Acceptance rate: 0.388
[mcmc]  - Convergence of means: R-1 = 0.186587 after 7360 accepted steps
[mcmc]  - Updated covariance matrix of proposal pdf.
[mcmc] Learn + convergence test @ 9240 samples accepted.
[likelihoodcollection] Average computation time:
   flamingo.inference.masked_ps.MaskedBandPowerLikelihood : 5.33127e-05 s (21594 evaluations, 1.15123 s total)
[theorycollection] Average computation time:
   flamingo.inference.masked_ps.MaskedTSZTheory : 0.0165943 s (21594 evaluations, 358.338 s total)
[mcmc]  - Acceptance rate: 0.389
[mcmc]  - Convergence of means: R-1 = 0.171209 after 7392 accepted steps
[mcmc]  - Updated covariance matrix of proposal pdf.
[mcmc] Learn + convergence test @ 9280 samples accepted.
[likelihoodcollection] Average computation time:
   flamingo.inference.masked_ps.MaskedBandPowerLikelihood : 5.3311e-05 s (21696 evaluations, 1.15664 s total)
[theorycollection] Average computation time:
   flamingo.inference.masked_ps.MaskedTSZTheory : 0.0165963 s (21696 evaluations, 360.074 s total)
[mcmc]  - Acceptance rate: 0.388
[mcmc]  - Convergence of means: R-1 = 0.176423 after 7424 accepted steps
[mcmc]  - Updated covariance matrix of proposal pdf.
[mcmc] Learn + convergence test @ 9320 samples accepted.
[likelihoodcollection] Average computation time:
   flamingo.inference.masked_ps.MaskedBandPowerLikelihood : 5.33114e-05 s (21797 evaluations, 1.16203 s total)
[theorycollection] Average computation time:
   flamingo.inference.masked_ps.MaskedTSZTheory : 0.0165975 s (21797 evaluations, 361.777 s total)
[mcmc]  - Acceptance rate: 0.387
[mcmc]  - Convergence of means: R-1 = 0.172417 after 7456 accepted steps
[mcmc]  - Updated covariance matrix of proposal pdf.
[mcmc] Learn + convergence test @ 9360 samples accepted.
[likelihoodcollection] Average computation time:
   flamingo.inference.masked_ps.MaskedBandPowerLikelihood : 5.33128e-05 s (21873 evaluations, 1.16611 s total)
[theorycollection] Average computation time:
   flamingo.inference.masked_ps.MaskedTSZTheory : 0.0165984 s (21873 evaluations, 363.056 s total)
[mcmc]  - Acceptance rate: 0.388
[mcmc]  - Convergence of means: R-1 = 0.173161 after 7488 accepted steps
[mcmc]  - Updated covariance matrix of proposal pdf.
[mcmc] Learn + convergence test @ 9400 samples accepted.
[likelihoodcollection] Average computation time:
   flamingo.inference.masked_ps.MaskedBandPowerLikelihood : 5.32992e-05 s (21975 evaluations, 1.17125 s total)
[theorycollection] Average computation time:
   flamingo.inference.masked_ps.MaskedTSZTheory : 0.0165993 s (21975 evaluations, 364.771 s total)
[mcmc]  - Acceptance rate: 0.388
[mcmc]  - Convergence of means: R-1 = 0.178241 after 7520 accepted steps
[mcmc]  - Updated covariance matrix of proposal pdf.
[mcmc] Learn + convergence test @ 9440 samples accepted.
[likelihoodcollection] Average computation time:
   flamingo.inference.masked_ps.MaskedBandPowerLikelihood : 5.33025e-05 s (22069 evaluations, 1.17633 s total)
[theorycollection] Average computation time:
   flamingo.inference.masked_ps.MaskedTSZTheory : 0.0166011 s (22069 evaluations, 366.369 s total)
[mcmc]  - Acceptance rate: 0.387
[mcmc]  - Convergence of means: R-1 = 0.179393 after 7552 accepted steps
[mcmc]  - Updated covariance matrix of proposal pdf.
[mcmc] Learn + convergence test @ 9480 samples accepted.
[likelihoodcollection] Average computation time:
   flamingo.inference.masked_ps.MaskedBandPowerLikelihood : 5.33005e-05 s (22181 evaluations, 1.18226 s total)
[theorycollection] Average computation time:
   flamingo.inference.masked_ps.MaskedTSZTheory : 0.0166031 s (22181 evaluations, 368.273 s total)
[mcmc]  - Acceptance rate: 0.387
[mcmc]  - Convergence of means: R-1 = 0.178325 after 7584 accepted steps
[mcmc]  - Updated covariance matrix of proposal pdf.
[mcmc] Learn + convergence test @ 9520 samples accepted.
[likelihoodcollection] Average computation time:
   flamingo.inference.masked_ps.MaskedBandPowerLikelihood : 5.33033e-05 s (22270 evaluations, 1.18706 s total)
[theorycollection] Average computation time:
   flamingo.inference.masked_ps.MaskedTSZTheory : 0.0166054 s (22270 evaluations, 369.802 s total)
[mcmc]  - Acceptance rate: 0.387
[mcmc]  - Convergence of means: R-1 = 0.174581 after 7616 accepted steps
[mcmc]  - Updated covariance matrix of proposal pdf.
[mcmc] Learn + convergence test @ 9560 samples accepted.
[likelihoodcollection] Average computation time:
   flamingo.inference.masked_ps.MaskedBandPowerLikelihood : 5.33199e-05 s (22368 evaluations, 1.19266 s total)
[theorycollection] Average computation time:
   flamingo.inference.masked_ps.MaskedTSZTheory : 0.016607 s (22368 evaluations, 371.466 s total)
[mcmc]  - Acceptance rate: 0.387
[mcmc]  - Convergence of means: R-1 = 0.168803 after 7648 accepted steps
[mcmc]  - Updated covariance matrix of proposal pdf.
[mcmc] Learn + convergence test @ 9600 samples accepted.
[likelihoodcollection] Average computation time:
   flamingo.inference.masked_ps.MaskedBandPowerLikelihood : 5.33334e-05 s (22467 evaluations, 1.19824 s total)
[theorycollection] Average computation time:
   flamingo.inference.masked_ps.MaskedTSZTheory : 0.0166066 s (22467 evaluations, 373.101 s total)
[mcmc]  - Acceptance rate: 0.387
[mcmc]  - Convergence of means: R-1 = 0.162087 after 7680 accepted steps
[mcmc]  - Updated covariance matrix of proposal pdf.
[mcmc] Learn + convergence test @ 9640 samples accepted.
[likelihoodcollection] Average computation time:
   flamingo.inference.masked_ps.MaskedBandPowerLikelihood : 5.33282e-05 s (22599 evaluations, 1.20516 s total)
[theorycollection] Average computation time:
   flamingo.inference.masked_ps.MaskedTSZTheory : 0.0166072 s (22599 evaluations, 375.306 s total)
[mcmc]  - Acceptance rate: 0.386
[mcmc]  - Convergence of means: R-1 = 0.156123 after 7712 accepted steps
[mcmc]  - Updated covariance matrix of proposal pdf.
[mcmc] Learn + convergence test @ 9680 samples accepted.
[likelihoodcollection] Average computation time:
   flamingo.inference.masked_ps.MaskedBandPowerLikelihood : 5.33319e-05 s (22705 evaluations, 1.2109 s total)
[theorycollection] Average computation time:
   flamingo.inference.masked_ps.MaskedTSZTheory : 0.0166086 s (22705 evaluations, 377.098 s total)
[mcmc]  - Acceptance rate: 0.386
[mcmc]  - Convergence of means: R-1 = 0.155143 after 7744 accepted steps
[mcmc]  - Updated covariance matrix of proposal pdf.
[mcmc] Learn + convergence test @ 9720 samples accepted.
[likelihoodcollection] Average computation time:
   flamingo.inference.masked_ps.MaskedBandPowerLikelihood : 5.33335e-05 s (22816 evaluations, 1.21686 s total)
[theorycollection] Average computation time:
   flamingo.inference.masked_ps.MaskedTSZTheory : 0.0166086 s (22816 evaluations, 378.941 s total)
[mcmc]  - Acceptance rate: 0.385
[mcmc]  - Convergence of means: R-1 = 0.159243 after 7776 accepted steps
[mcmc]  - Updated covariance matrix of proposal pdf.
[mcmc] Learn + convergence test @ 9760 samples accepted.
[likelihoodcollection] Average computation time:
   flamingo.inference.masked_ps.MaskedBandPowerLikelihood : 5.33513e-05 s (22928 evaluations, 1.22324 s total)
[theorycollection] Average computation time:
   flamingo.inference.masked_ps.MaskedTSZTheory : 0.0166081 s (22928 evaluations, 380.79 s total)
[mcmc]  - Acceptance rate: 0.385
[mcmc]  - Convergence of means: R-1 = 0.157256 after 7808 accepted steps
[mcmc]  - Updated covariance matrix of proposal pdf.
[mcmc] Learn + convergence test @ 9800 samples accepted.
[likelihoodcollection] Average computation time:
   flamingo.inference.masked_ps.MaskedBandPowerLikelihood : 5.33652e-05 s (23035 evaluations, 1.22927 s total)
[theorycollection] Average computation time:
   flamingo.inference.masked_ps.MaskedTSZTheory : 0.0166105 s (23035 evaluations, 382.622 s total)
[mcmc]  - Acceptance rate: 0.385
[mcmc]  - Convergence of means: R-1 = 0.147547 after 7840 accepted steps
[mcmc]  - Updated covariance matrix of proposal pdf.
[mcmc] Learn + convergence test @ 9840 samples accepted.
[likelihoodcollection] Average computation time:
   flamingo.inference.masked_ps.MaskedBandPowerLikelihood : 5.33525e-05 s (23105 evaluations, 1.23271 s total)
[theorycollection] Average computation time:
   flamingo.inference.masked_ps.MaskedTSZTheory : 0.0166111 s (23105 evaluations, 383.8 s total)
[mcmc]  - Acceptance rate: 0.385
[mcmc]  - Convergence of means: R-1 = 0.139414 after 7872 accepted steps
[mcmc]  - Updated covariance matrix of proposal pdf.
[mcmc] Learn + convergence test @ 9880 samples accepted.
[likelihoodcollection] Average computation time:
   flamingo.inference.masked_ps.MaskedBandPowerLikelihood : 5.33432e-05 s (23212 evaluations, 1.2382 s total)
[theorycollection] Average computation time:
   flamingo.inference.masked_ps.MaskedTSZTheory : 0.0166113 s (23212 evaluations, 385.581 s total)
[mcmc]  - Acceptance rate: 0.385
[mcmc]  - Convergence of means: R-1 = 0.125954 after 7904 accepted steps
[mcmc]  - Updated covariance matrix of proposal pdf.
[mcmc] Learn + convergence test @ 9920 samples accepted.
[likelihoodcollection] Average computation time:
   flamingo.inference.masked_ps.MaskedBandPowerLikelihood : 5.33294e-05 s (23315 evaluations, 1.24337 s total)
[theorycollection] Average computation time:
   flamingo.inference.masked_ps.MaskedTSZTheory : 0.0166108 s (23315 evaluations, 387.282 s total)
[mcmc]  - Acceptance rate: 0.385
[mcmc]  - Convergence of means: R-1 = 0.118211 after 7936 accepted steps
[mcmc]  - Updated covariance matrix of proposal pdf.
[mcmc] Learn + convergence test @ 9960 samples accepted.
[likelihoodcollection] Average computation time:
   flamingo.inference.masked_ps.MaskedBandPowerLikelihood : 5.33426e-05 s (23394 evaluations, 1.2479 s total)
[theorycollection] Average computation time:
   flamingo.inference.masked_ps.MaskedTSZTheory : 0.0166108 s (23394 evaluations, 388.592 s total)
[mcmc]  - Acceptance rate: 0.385
[mcmc]  - Convergence of means: R-1 = 0.111095 after 7968 accepted steps
[mcmc]  - Updated covariance matrix of proposal pdf.
[mcmc] Learn + convergence test @ 10000 samples accepted.
[likelihoodcollection] Average computation time:
   flamingo.inference.masked_ps.MaskedBandPowerLikelihood : 5.33327e-05 s (23473 evaluations, 1.25188 s total)
[theorycollection] Average computation time:
   flamingo.inference.masked_ps.MaskedTSZTheory : 0.016611 s (23473 evaluations, 389.909 s total)
[mcmc]  - Acceptance rate: 0.386
[mcmc]  - Convergence of means: R-1 = 0.108279 after 8000 accepted steps
[mcmc]  - Updated covariance matrix of proposal pdf.
[mcmc] Learn + convergence test @ 10040 samples accepted.
[likelihoodcollection] Average computation time:
   flamingo.inference.masked_ps.MaskedBandPowerLikelihood : 5.33397e-05 s (23561 evaluations, 1.25674 s total)
[theorycollection] Average computation time:
   flamingo.inference.masked_ps.MaskedTSZTheory : 0.0166125 s (23561 evaluations, 391.408 s total)
[mcmc]  - Acceptance rate: 0.386
[mcmc]  - Convergence of means: R-1 = 0.106280 after 8032 accepted steps
[mcmc]  - Updated covariance matrix of proposal pdf.
[mcmc] Learn + convergence test @ 10080 samples accepted.
[likelihoodcollection] Average computation time:
   flamingo.inference.masked_ps.MaskedBandPowerLikelihood : 5.33485e-05 s (23664 evaluations, 1.26244 s total)
[theorycollection] Average computation time:
   flamingo.inference.masked_ps.MaskedTSZTheory : 0.0166144 s (23664 evaluations, 393.164 s total)
[mcmc]  - Acceptance rate: 0.385
[mcmc]  - Convergence of means: R-1 = 0.100986 after 8064 accepted steps
[mcmc]  - Updated covariance matrix of proposal pdf.
[mcmc] Learn + convergence test @ 10120 samples accepted.
[likelihoodcollection] Average computation time:
   flamingo.inference.masked_ps.MaskedBandPowerLikelihood : 5.33635e-05 s (23793 evaluations, 1.26968 s total)
[theorycollection] Average computation time:
   flamingo.inference.masked_ps.MaskedTSZTheory : 0.0166161 s (23793 evaluations, 395.348 s total)
[mcmc]  - Acceptance rate: 0.385
[mcmc]  - Convergence of means: R-1 = 0.105360 after 8096 accepted steps
[mcmc]  - Updated covariance matrix of proposal pdf.
[mcmc] Learn + convergence test @ 10160 samples accepted.
[likelihoodcollection] Average computation time:
   flamingo.inference.masked_ps.MaskedBandPowerLikelihood : 5.33795e-05 s (23888 evaluations, 1.27513 s total)
[theorycollection] Average computation time:
   flamingo.inference.masked_ps.MaskedTSZTheory : 0.0166163 s (23888 evaluations, 396.93 s total)
[mcmc]  - Acceptance rate: 0.385
[mcmc]  - Convergence of means: R-1 = 0.115535 after 8128 accepted steps
[mcmc]  - Updated covariance matrix of proposal pdf.
[mcmc] Learn + convergence test @ 10200 samples accepted.
[likelihoodcollection] Average computation time:
   flamingo.inference.masked_ps.MaskedBandPowerLikelihood : 5.33711e-05 s (23988 evaluations, 1.28027 s total)
[theorycollection] Average computation time:
   flamingo.inference.masked_ps.MaskedTSZTheory : 0.0166166 s (23988 evaluations, 398.6 s total)
[mcmc]  - Acceptance rate: 0.385
[mcmc]  - Convergence of means: R-1 = 0.116902 after 8160 accepted steps
[mcmc]  - Updated covariance matrix of proposal pdf.
[mcmc] Learn + convergence test @ 10240 samples accepted.
[likelihoodcollection] Average computation time:
   flamingo.inference.masked_ps.MaskedBandPowerLikelihood : 5.33778e-05 s (24094 evaluations, 1.28609 s total)
[theorycollection] Average computation time:
   flamingo.inference.masked_ps.MaskedTSZTheory : 0.0166174 s (24094 evaluations, 400.379 s total)
[mcmc]  - Acceptance rate: 0.384
[mcmc]  - Convergence of means: R-1 = 0.114799 after 8192 accepted steps
[mcmc]  - Updated covariance matrix of proposal pdf.
[mcmc] Learn + convergence test @ 10280 samples accepted.
[likelihoodcollection] Average computation time:
   flamingo.inference.masked_ps.MaskedBandPowerLikelihood : 5.33743e-05 s (24185 evaluations, 1.29086 s total)
[theorycollection] Average computation time:
   flamingo.inference.masked_ps.MaskedTSZTheory : 0.0166164 s (24185 evaluations, 401.867 s total)
[mcmc]  - Acceptance rate: 0.384
[mcmc]  - Convergence of means: R-1 = 0.117604 after 8224 accepted steps
[mcmc]  - Updated covariance matrix of proposal pdf.
[mcmc] Learn + convergence test @ 10320 samples accepted.
[likelihoodcollection] Average computation time:
   flamingo.inference.masked_ps.MaskedBandPowerLikelihood : 5.3367e-05 s (24277 evaluations, 1.29559 s total)
[theorycollection] Average computation time:
   flamingo.inference.masked_ps.MaskedTSZTheory : 0.0166162 s (24277 evaluations, 403.392 s total)
[mcmc]  - Acceptance rate: 0.384
[mcmc]  - Convergence of means: R-1 = 0.114981 after 8256 accepted steps
[mcmc]  - Updated covariance matrix of proposal pdf.
[mcmc] Learn + convergence test @ 10360 samples accepted.
[likelihoodcollection] Average computation time:
   flamingo.inference.masked_ps.MaskedBandPowerLikelihood : 5.33587e-05 s (24368 evaluations, 1.30025 s total)
[theorycollection] Average computation time:
   flamingo.inference.masked_ps.MaskedTSZTheory : 0.016616 s (24368 evaluations, 404.9 s total)
[mcmc]  - Acceptance rate: 0.384
[mcmc]  - Convergence of means: R-1 = 0.117640 after 8288 accepted steps
[mcmc]  - Updated covariance matrix of proposal pdf.
[mcmc] Learn + convergence test @ 10400 samples accepted.
[likelihoodcollection] Average computation time:
   flamingo.inference.masked_ps.MaskedBandPowerLikelihood : 5.33439e-05 s (24467 evaluations, 1.30517 s total)
[theorycollection] Average computation time:
   flamingo.inference.masked_ps.MaskedTSZTheory : 0.0166169 s (24467 evaluations, 406.565 s total)
[mcmc]  - Acceptance rate: 0.384
[mcmc]  - Convergence of means: R-1 = 0.120848 after 8320 accepted steps
[mcmc]  - Updated covariance matrix of proposal pdf.
[mcmc] Learn + convergence test @ 10440 samples accepted.
[likelihoodcollection] Average computation time:
   flamingo.inference.masked_ps.MaskedBandPowerLikelihood : 5.3353e-05 s (24580 evaluations, 1.31142 s total)
[theorycollection] Average computation time:
   flamingo.inference.masked_ps.MaskedTSZTheory : 0.0166175 s (24580 evaluations, 408.459 s total)
[mcmc]  - Acceptance rate: 0.384
[mcmc]  - Convergence of means: R-1 = 0.119611 after 8352 accepted steps
[mcmc]  - Updated covariance matrix of proposal pdf.
[mcmc] Learn + convergence test @ 10480 samples accepted.
[likelihoodcollection] Average computation time:
   flamingo.inference.masked_ps.MaskedBandPowerLikelihood : 5.33538e-05 s (24676 evaluations, 1.31656 s total)
[theorycollection] Average computation time:
   flamingo.inference.masked_ps.MaskedTSZTheory : 0.0166176 s (24676 evaluations, 410.056 s total)
[mcmc]  - Acceptance rate: 0.384
[mcmc]  - Convergence of means: R-1 = 0.107314 after 8384 accepted steps
[mcmc]  - Updated covariance matrix of proposal pdf.
[mcmc] Progress @ 2026-08-03 00:18:58 : 27029 steps taken, and 10517 accepted.
[mcmc] Learn + convergence test @ 10520 samples accepted.
[likelihoodcollection] Average computation time:
   flamingo.inference.masked_ps.MaskedBandPowerLikelihood : 5.33532e-05 s (24765 evaluations, 1.32129 s total)
[theorycollection] Average computation time:
   flamingo.inference.masked_ps.MaskedTSZTheory : 0.016617 s (24765 evaluations, 411.521 s total)
[mcmc]  - Acceptance rate: 0.384
[mcmc]  - Convergence of means: R-1 = 0.100752 after 8416 accepted steps
[mcmc]  - Updated covariance matrix of proposal pdf.
[mcmc] Learn + convergence test @ 10560 samples accepted.
[likelihoodcollection] Average computation time:
   flamingo.inference.masked_ps.MaskedBandPowerLikelihood : 5.33583e-05 s (24902 evaluations, 1.32873 s total)
[theorycollection] Average computation time:
   flamingo.inference.masked_ps.MaskedTSZTheory : 0.0166189 s (24902 evaluations, 413.845 s total)
[mcmc]  - Acceptance rate: 0.384
[mcmc]  - Convergence of means: R-1 = 0.097935 after 8448 accepted steps
[mcmc]  - Updated covariance matrix of proposal pdf.
[mcmc] Learn + convergence test @ 10600 samples accepted.
[likelihoodcollection] Average computation time:
   flamingo.inference.masked_ps.MaskedBandPowerLikelihood : 5.33532e-05 s (24989 evaluations, 1.33324 s total)
[theorycollection] Average computation time:
   flamingo.inference.masked_ps.MaskedTSZTheory : 0.0166186 s (24989 evaluations, 415.283 s total)
[mcmc]  - Acceptance rate: 0.384
[mcmc]  - Convergence of means: R-1 = 0.091979 after 8480 accepted steps
[mcmc]  - Updated covariance matrix of proposal pdf.
[mcmc] Learn + convergence test @ 10640 samples accepted.
[likelihoodcollection] Average computation time:
   flamingo.inference.masked_ps.MaskedBandPowerLikelihood : 5.33576e-05 s (25096 evaluations, 1.33906 s total)
[theorycollection] Average computation time:
   flamingo.inference.masked_ps.MaskedTSZTheory : 0.0166188 s (25096 evaluations, 417.066 s total)
[mcmc]  - Acceptance rate: 0.384
[mcmc]  - Convergence of means: R-1 = 0.087927 after 8512 accepted steps
[mcmc]  - Updated covariance matrix of proposal pdf.
[mcmc] Learn + convergence test @ 10680 samples accepted.
[likelihoodcollection] Average computation time:
   flamingo.inference.masked_ps.MaskedBandPowerLikelihood : 5.33753e-05 s (25195 evaluations, 1.34479 s total)
[theorycollection] Average computation time:
   flamingo.inference.masked_ps.MaskedTSZTheory : 0.0166189 s (25195 evaluations, 418.712 s total)
[mcmc]  - Acceptance rate: 0.383
[mcmc]  - Convergence of means: R-1 = 0.082826 after 8544 accepted steps
[mcmc]  - Updated covariance matrix of proposal pdf.
[mcmc] Learn + convergence test @ 10720 samples accepted.
[likelihoodcollection] Average computation time:
   flamingo.inference.masked_ps.MaskedBandPowerLikelihood : 5.33746e-05 s (25297 evaluations, 1.35022 s total)
[theorycollection] Average computation time:
   flamingo.inference.masked_ps.MaskedTSZTheory : 0.0166192 s (25297 evaluations, 420.415 s total)
[mcmc]  - Acceptance rate: 0.383
[mcmc]  - Convergence of means: R-1 = 0.085037 after 8576 accepted steps
[mcmc]  - Updated covariance matrix of proposal pdf.
[mcmc] Learn + convergence test @ 10760 samples accepted.
[likelihoodcollection] Average computation time:
   flamingo.inference.masked_ps.MaskedBandPowerLikelihood : 5.33698e-05 s (25389 evaluations, 1.355 s total)
[theorycollection] Average computation time:
   flamingo.inference.masked_ps.MaskedTSZTheory : 0.0166193 s (25389 evaluations, 421.946 s total)
[mcmc]  - Acceptance rate: 0.382
[mcmc]  - Convergence of means: R-1 = 0.084239 after 8608 accepted steps
[mcmc]  - Updated covariance matrix of proposal pdf.
[mcmc] Learn + convergence test @ 10800 samples accepted.
[likelihoodcollection] Average computation time:
   flamingo.inference.masked_ps.MaskedBandPowerLikelihood : 5.33659e-05 s (25491 evaluations, 1.36035 s total)
[theorycollection] Average computation time:
   flamingo.inference.masked_ps.MaskedTSZTheory : 0.0166182 s (25491 evaluations, 423.615 s total)
[mcmc]  - Acceptance rate: 0.382
[mcmc]  - Convergence of means: R-1 = 0.087568 after 8640 accepted steps
[mcmc]  - Updated covariance matrix of proposal pdf.
[mcmc] Learn + convergence test @ 10840 samples accepted.
[likelihoodcollection] Average computation time:
   flamingo.inference.masked_ps.MaskedBandPowerLikelihood : 5.33735e-05 s (25564 evaluations, 1.36444 s total)
[theorycollection] Average computation time:
   flamingo.inference.masked_ps.MaskedTSZTheory : 0.0166183 s (25564 evaluations, 424.829 s total)
[mcmc]  - Acceptance rate: 0.383
[mcmc]  - Convergence of means: R-1 = 0.093676 after 8672 accepted steps
[mcmc]  - Updated covariance matrix of proposal pdf.
[mcmc] Learn + convergence test @ 10880 samples accepted.
[likelihoodcollection] Average computation time:
   flamingo.inference.masked_ps.MaskedBandPowerLikelihood : 5.33636e-05 s (25669 evaluations, 1.36979 s total)
[theorycollection] Average computation time:
   flamingo.inference.masked_ps.MaskedTSZTheory : 0.0166173 s (25669 evaluations, 426.549 s total)
[mcmc]  - Acceptance rate: 0.383
[mcmc]  - Convergence of means: R-1 = 0.097890 after 8704 accepted steps
[mcmc]  - Updated covariance matrix of proposal pdf.
[mcmc] Learn + convergence test @ 10920 samples accepted.
[likelihoodcollection] Average computation time:
   flamingo.inference.masked_ps.MaskedBandPowerLikelihood : 5.33624e-05 s (25783 evaluations, 1.37584 s total)
[theorycollection] Average computation time:
   flamingo.inference.masked_ps.MaskedTSZTheory : 0.0166186 s (25783 evaluations, 428.477 s total)
[mcmc]  - Acceptance rate: 0.382
[mcmc]  - Convergence of means: R-1 = 0.099369 after 8736 accepted steps
[mcmc]  - Updated covariance matrix of proposal pdf.
[mcmc] Learn + convergence test @ 10960 samples accepted.
[likelihoodcollection] Average computation time:
   flamingo.inference.masked_ps.MaskedBandPowerLikelihood : 5.33742e-05 s (25873 evaluations, 1.38095 s total)
[theorycollection] Average computation time:
   flamingo.inference.masked_ps.MaskedTSZTheory : 0.0166183 s (25873 evaluations, 429.965 s total)
[mcmc]  - Acceptance rate: 0.383
[mcmc]  - Convergence of means: R-1 = 0.106390 after 8768 accepted steps
[mcmc]  - Updated covariance matrix of proposal pdf.
[mcmc] Learn + convergence test @ 11000 samples accepted.
[likelihoodcollection] Average computation time:
   flamingo.inference.masked_ps.MaskedBandPowerLikelihood : 5.33788e-05 s (25978 evaluations, 1.38667 s total)
[theorycollection] Average computation time:
   flamingo.inference.masked_ps.MaskedTSZTheory : 0.0166192 s (25978 evaluations, 431.733 s total)
[mcmc]  - Acceptance rate: 0.383
[mcmc]  - Convergence of means: R-1 = 0.107847 after 8800 accepted steps
[mcmc]  - Updated covariance matrix of proposal pdf.
[mcmc] Learn + convergence test @ 11040 samples accepted.
[likelihoodcollection] Average computation time:
   flamingo.inference.masked_ps.MaskedBandPowerLikelihood : 5.33647e-05 s (26084 evaluations, 1.39196 s total)
[theorycollection] Average computation time:
   flamingo.inference.masked_ps.MaskedTSZTheory : 0.016619 s (26084 evaluations, 433.491 s total)
[mcmc]  - Acceptance rate: 0.383
[mcmc]  - Convergence of means: R-1 = 0.112807 after 8832 accepted steps
[mcmc]  - Updated covariance matrix of proposal pdf.
[mcmc] Learn + convergence test @ 11080 samples accepted.
[likelihoodcollection] Average computation time:
   flamingo.inference.masked_ps.MaskedBandPowerLikelihood : 5.33566e-05 s (26185 evaluations, 1.39714 s total)
[theorycollection] Average computation time:
   flamingo.inference.masked_ps.MaskedTSZTheory : 0.0166194 s (26185 evaluations, 435.178 s total)
[mcmc]  - Acceptance rate: 0.383
[mcmc]  - Convergence of means: R-1 = 0.115794 after 8864 accepted steps
[mcmc]  - Updated covariance matrix of proposal pdf.
[mcmc] Learn + convergence test @ 11120 samples accepted.
[likelihoodcollection] Average computation time:
   flamingo.inference.masked_ps.MaskedBandPowerLikelihood : 5.3348e-05 s (26260 evaluations, 1.40092 s total)
[theorycollection] Average computation time:
   flamingo.inference.masked_ps.MaskedTSZTheory : 0.0166187 s (26260 evaluations, 436.408 s total)
[mcmc]  - Acceptance rate: 0.384
[mcmc]  - Convergence of means: R-1 = 0.114152 after 8896 accepted steps
[mcmc]  - Updated covariance matrix of proposal pdf.
[mcmc] Learn + convergence test @ 11160 samples accepted.
[likelihoodcollection] Average computation time:
   flamingo.inference.masked_ps.MaskedBandPowerLikelihood : 5.33492e-05 s (26350 evaluations, 1.40575 s total)
[theorycollection] Average computation time:
   flamingo.inference.masked_ps.MaskedTSZTheory : 0.0166206 s (26350 evaluations, 437.952 s total)
[mcmc]  - Acceptance rate: 0.384
[mcmc]  - Convergence of means: R-1 = 0.113185 after 8928 accepted steps
[mcmc]  - Updated covariance matrix of proposal pdf.
[mcmc] Learn + convergence test @ 11200 samples accepted.
[likelihoodcollection] Average computation time:
   flamingo.inference.masked_ps.MaskedBandPowerLikelihood : 5.33486e-05 s (26448 evaluations, 1.41096 s total)
[theorycollection] Average computation time:
   flamingo.inference.masked_ps.MaskedTSZTheory : 0.0166206 s (26448 evaluations, 439.583 s total)
[mcmc]  - Acceptance rate: 0.384
[mcmc]  - Convergence of means: R-1 = 0.105243 after 8960 accepted steps
[mcmc]  - Updated covariance matrix of proposal pdf.
[mcmc] Learn + convergence test @ 11240 samples accepted.
[likelihoodcollection] Average computation time:
   flamingo.inference.masked_ps.MaskedBandPowerLikelihood : 5.33595e-05 s (26571 evaluations, 1.41781 s total)
[theorycollection] Average computation time:
   flamingo.inference.masked_ps.MaskedTSZTheory : 0.0166232 s (26571 evaluations, 441.695 s total)
[mcmc]  - Acceptance rate: 0.383
[mcmc]  - Convergence of means: R-1 = 0.090382 after 8992 accepted steps
[mcmc]  - Updated covariance matrix of proposal pdf.
[mcmc] Learn + convergence test @ 11280 samples accepted.
[likelihoodcollection] Average computation time:
   flamingo.inference.masked_ps.MaskedBandPowerLikelihood : 5.33663e-05 s (26671 evaluations, 1.42333 s total)
[theorycollection] Average computation time:
   flamingo.inference.masked_ps.MaskedTSZTheory : 0.0166236 s (26671 evaluations, 443.369 s total)
[mcmc]  - Acceptance rate: 0.382
[mcmc]  - Convergence of means: R-1 = 0.086708 after 9024 accepted steps
[mcmc]  - Updated covariance matrix of proposal pdf.
[mcmc] Learn + convergence test @ 11320 samples accepted.
[likelihoodcollection] Average computation time:
   flamingo.inference.masked_ps.MaskedBandPowerLikelihood : 5.33689e-05 s (26772 evaluations, 1.42879 s total)
[theorycollection] Average computation time:
   flamingo.inference.masked_ps.MaskedTSZTheory : 0.0166242 s (26772 evaluations, 445.062 s total)
[mcmc]  - Acceptance rate: 0.381
[mcmc]  - Convergence of means: R-1 = 0.086140 after 9056 accepted steps
[mcmc]  - Updated covariance matrix of proposal pdf.
[mcmc] Learn + convergence test @ 11360 samples accepted.
[likelihoodcollection] Average computation time:
   flamingo.inference.masked_ps.MaskedBandPowerLikelihood : 5.33736e-05 s (26901 evaluations, 1.4358 s total)
[theorycollection] Average computation time:
   flamingo.inference.masked_ps.MaskedTSZTheory : 0.0166236 s (26901 evaluations, 447.191 s total)
[mcmc]  - Acceptance rate: 0.380
[mcmc]  - Convergence of means: R-1 = 0.094335 after 9088 accepted steps
[mcmc]  - Updated covariance matrix of proposal pdf.
[mcmc] Learn + convergence test @ 11400 samples accepted.
[likelihoodcollection] Average computation time:
   flamingo.inference.masked_ps.MaskedBandPowerLikelihood : 5.33735e-05 s (26984 evaluations, 1.44023 s total)
[theorycollection] Average computation time:
   flamingo.inference.masked_ps.MaskedTSZTheory : 0.0166238 s (26984 evaluations, 448.575 s total)
[mcmc]  - Acceptance rate: 0.381
[mcmc]  - Convergence of means: R-1 = 0.112255 after 9120 accepted steps
[mcmc]  - Updated covariance matrix of proposal pdf.
[mcmc] Learn + convergence test @ 11440 samples accepted.
[likelihoodcollection] Average computation time:
   flamingo.inference.masked_ps.MaskedBandPowerLikelihood : 5.33571e-05 s (27098 evaluations, 1.44587 s total)
[theorycollection] Average computation time:
   flamingo.inference.masked_ps.MaskedTSZTheory : 0.0166242 s (27098 evaluations, 450.483 s total)
[mcmc]  - Acceptance rate: 0.380
[mcmc]  - Convergence of means: R-1 = 0.119747 after 9152 accepted steps
[mcmc]  - Updated covariance matrix of proposal pdf.
[mcmc] Learn + convergence test @ 11480 samples accepted.
[likelihoodcollection] Average computation time:
   flamingo.inference.masked_ps.MaskedBandPowerLikelihood : 5.33517e-05 s (27190 evaluations, 1.45063 s total)
[theorycollection] Average computation time:
   flamingo.inference.masked_ps.MaskedTSZTheory : 0.0166235 s (27190 evaluations, 451.993 s total)
[mcmc]  - Acceptance rate: 0.380
[mcmc]  - Convergence of means: R-1 = 0.122340 after 9184 accepted steps
[mcmc]  - Updated covariance matrix of proposal pdf.
[mcmc] Learn + convergence test @ 11520 samples accepted.
[likelihoodcollection] Average computation time:
   flamingo.inference.masked_ps.MaskedBandPowerLikelihood : 5.33506e-05 s (27291 evaluations, 1.45599 s total)
[theorycollection] Average computation time:
   flamingo.inference.masked_ps.MaskedTSZTheory : 0.0166242 s (27291 evaluations, 453.69 s total)
[mcmc]  - Acceptance rate: 0.381
[mcmc]  - Convergence of means: R-1 = 0.119876 after 9216 accepted steps
[mcmc]  - Updated covariance matrix of proposal pdf.
[mcmc] Learn + convergence test @ 11560 samples accepted.
[likelihoodcollection] Average computation time:
   flamingo.inference.masked_ps.MaskedBandPowerLikelihood : 5.33459e-05 s (27402 evaluations, 1.46179 s total)
[theorycollection] Average computation time:
   flamingo.inference.masked_ps.MaskedTSZTheory : 0.0166233 s (27402 evaluations, 455.513 s total)
[mcmc]  - Acceptance rate: 0.380
[mcmc]  - Convergence of means: R-1 = 0.120585 after 9248 accepted steps
[mcmc]  - Updated covariance matrix of proposal pdf.
[mcmc] Learn + convergence test @ 11600 samples accepted.
[likelihoodcollection] Average computation time:
   flamingo.inference.masked_ps.MaskedBandPowerLikelihood : 5.33346e-05 s (27499 evaluations, 1.46665 s total)
[theorycollection] Average computation time:
   flamingo.inference.masked_ps.MaskedTSZTheory : 0.0166231 s (27499 evaluations, 457.119 s total)
[mcmc]  - Acceptance rate: 0.380
[mcmc]  - Convergence of means: R-1 = 0.124478 after 9280 accepted steps
[mcmc]  - Updated covariance matrix of proposal pdf.
[mcmc] Learn + convergence test @ 11640 samples accepted.
[likelihoodcollection] Average computation time:
   flamingo.inference.masked_ps.MaskedBandPowerLikelihood : 5.33342e-05 s (27595 evaluations, 1.47176 s total)
[theorycollection] Average computation time:
   flamingo.inference.masked_ps.MaskedTSZTheory : 0.0166232 s (27595 evaluations, 458.717 s total)
[mcmc]  - Acceptance rate: 0.380
[mcmc]  - Convergence of means: R-1 = 0.120892 after 9312 accepted steps
[mcmc]  - Updated covariance matrix of proposal pdf.
[mcmc] Learn + convergence test @ 11680 samples accepted.
[likelihoodcollection] Average computation time:
   flamingo.inference.masked_ps.MaskedBandPowerLikelihood : 5.33501e-05 s (27716 evaluations, 1.47865 s total)
[theorycollection] Average computation time:
   flamingo.inference.masked_ps.MaskedTSZTheory : 0.0166231 s (27716 evaluations, 460.725 s total)
[mcmc]  - Acceptance rate: 0.379
[mcmc]  - Convergence of means: R-1 = 0.114766 after 9344 accepted steps
[mcmc]  - Updated covariance matrix of proposal pdf.
[mcmc] Learn + convergence test @ 11720 samples accepted.
[likelihoodcollection] Average computation time:
   flamingo.inference.masked_ps.MaskedBandPowerLikelihood : 5.33477e-05 s (27801 evaluations, 1.48312 s total)
[theorycollection] Average computation time:
   flamingo.inference.masked_ps.MaskedTSZTheory : 0.0166218 s (27801 evaluations, 462.102 s total)
[mcmc]  - Acceptance rate: 0.379
[mcmc]  - Convergence of means: R-1 = 0.110947 after 9376 accepted steps
[mcmc]  - Updated covariance matrix of proposal pdf.
[mcmc] Learn + convergence test @ 11760 samples accepted.
[likelihoodcollection] Average computation time:
   flamingo.inference.masked_ps.MaskedBandPowerLikelihood : 5.33468e-05 s (27893 evaluations, 1.488 s total)
[theorycollection] Average computation time:
   flamingo.inference.masked_ps.MaskedTSZTheory : 0.0166224 s (27893 evaluations, 463.649 s total)
[mcmc]  - Acceptance rate: 0.379
[mcmc]  - Convergence of means: R-1 = 0.105544 after 9408 accepted steps
[mcmc]  - Updated covariance matrix of proposal pdf.
[mcmc] Learn + convergence test @ 11800 samples accepted.
[likelihoodcollection] Average computation time:
   flamingo.inference.masked_ps.MaskedBandPowerLikelihood : 5.33447e-05 s (27996 evaluations, 1.49344 s total)
[theorycollection] Average computation time:
   flamingo.inference.masked_ps.MaskedTSZTheory : 0.0166218 s (27996 evaluations, 465.344 s total)
[mcmc]  - Acceptance rate: 0.379
[mcmc]  - Convergence of means: R-1 = 0.099894 after 9440 accepted steps
[mcmc]  - Updated covariance matrix of proposal pdf.
[mcmc] Learn + convergence test @ 11840 samples accepted.
[likelihoodcollection] Average computation time:
   flamingo.inference.masked_ps.MaskedBandPowerLikelihood : 5.33461e-05 s (28078 evaluations, 1.49785 s total)
[theorycollection] Average computation time:
   flamingo.inference.masked_ps.MaskedTSZTheory : 0.016622 s (28078 evaluations, 466.714 s total)
[mcmc]  - Acceptance rate: 0.379
[mcmc]  - Convergence of means: R-1 = 0.097703 after 9472 accepted steps
[mcmc]  - Updated covariance matrix of proposal pdf.
[mcmc] Learn + convergence test @ 11880 samples accepted.
[likelihoodcollection] Average computation time:
   flamingo.inference.masked_ps.MaskedBandPowerLikelihood : 5.33376e-05 s (28175 evaluations, 1.50279 s total)
[theorycollection] Average computation time:
   flamingo.inference.masked_ps.MaskedTSZTheory : 0.0166225 s (28175 evaluations, 468.338 s total)
[mcmc]  - Acceptance rate: 0.380
[mcmc]  - Convergence of means: R-1 = 0.100629 after 9504 accepted steps
[mcmc]  - Updated covariance matrix of proposal pdf.
[mcmc] Learn + convergence test @ 11920 samples accepted.
[likelihoodcollection] Average computation time:
   flamingo.inference.masked_ps.MaskedBandPowerLikelihood : 5.33353e-05 s (28278 evaluations, 1.50822 s total)
[theorycollection] Average computation time:
   flamingo.inference.masked_ps.MaskedTSZTheory : 0.0166218 s (28278 evaluations, 470.03 s total)
[mcmc]  - Acceptance rate: 0.379
[mcmc]  - Convergence of means: R-1 = 0.103506 after 9536 accepted steps
[mcmc]  - Updated covariance matrix of proposal pdf.
[mcmc] Progress @ 2026-08-03 00:19:58 : 30981 steps taken, and 11921 accepted.
[mcmc] Learn + convergence test @ 11960 samples accepted.
[likelihoodcollection] Average computation time:
   flamingo.inference.masked_ps.MaskedBandPowerLikelihood : 5.33554e-05 s (28391 evaluations, 1.51481 s total)
[theorycollection] Average computation time:
   flamingo.inference.masked_ps.MaskedTSZTheory : 0.0166228 s (28391 evaluations, 471.938 s total)
[mcmc]  - Acceptance rate: 0.379
[mcmc]  - Convergence of means: R-1 = 0.104597 after 9568 accepted steps
[mcmc]  - Updated covariance matrix of proposal pdf.
[mcmc] Learn + convergence test @ 12000 samples accepted.
[likelihoodcollection] Average computation time:
   flamingo.inference.masked_ps.MaskedBandPowerLikelihood : 5.33455e-05 s (28479 evaluations, 1.51923 s total)
[theorycollection] Average computation time:
   flamingo.inference.masked_ps.MaskedTSZTheory : 0.0166225 s (28479 evaluations, 473.393 s total)
[mcmc]  - Acceptance rate: 0.379
[mcmc]  - Convergence of means: R-1 = 0.105482 after 9600 accepted steps
[mcmc]  - Updated covariance matrix of proposal pdf.
[mcmc] Learn + convergence test @ 12040 samples accepted.
[likelihoodcollection] Average computation time:
   flamingo.inference.masked_ps.MaskedBandPowerLikelihood : 5.33585e-05 s (28565 evaluations, 1.52419 s total)
[theorycollection] Average computation time:
   flamingo.inference.masked_ps.MaskedTSZTheory : 0.0166236 s (28565 evaluations, 474.852 s total)
[mcmc]  - Acceptance rate: 0.379
[mcmc]  - Convergence of means: R-1 = 0.105156 after 9632 accepted steps
[mcmc]  - Updated covariance matrix of proposal pdf.
[mcmc] Learn + convergence test @ 12080 samples accepted.
[likelihoodcollection] Average computation time:
   flamingo.inference.masked_ps.MaskedBandPowerLikelihood : 5.3364e-05 s (28685 evaluations, 1.53075 s total)
[theorycollection] Average computation time:
   flamingo.inference.masked_ps.MaskedTSZTheory : 0.0166238 s (28685 evaluations, 476.853 s total)
[mcmc]  - Acceptance rate: 0.379
[mcmc]  - Convergence of means: R-1 = 0.107125 after 9664 accepted steps
[mcmc]  - Updated covariance matrix of proposal pdf.
[mcmc] Learn + convergence test @ 12120 samples accepted.
[likelihoodcollection] Average computation time:
   flamingo.inference.masked_ps.MaskedBandPowerLikelihood : 5.33677e-05 s (28818 evaluations, 1.53795 s total)
[theorycollection] Average computation time:
   flamingo.inference.masked_ps.MaskedTSZTheory : 0.0166243 s (28818 evaluations, 479.08 s total)
[mcmc]  - Acceptance rate: 0.377
[mcmc]  - Convergence of means: R-1 = 0.109300 after 9696 accepted steps
[mcmc]  - Updated covariance matrix of proposal pdf.
[mcmc] Learn + convergence test @ 12160 samples accepted.
[likelihoodcollection] Average computation time:
   flamingo.inference.masked_ps.MaskedBandPowerLikelihood : 5.33631e-05 s (28920 evaluations, 1.54326 s total)
[theorycollection] Average computation time:
   flamingo.inference.masked_ps.MaskedTSZTheory : 0.0166244 s (28920 evaluations, 480.777 s total)
[mcmc]  - Acceptance rate: 0.377
[mcmc]  - Convergence of means: R-1 = 0.109488 after 9728 accepted steps
[mcmc]  - Updated covariance matrix of proposal pdf.
[mcmc] Learn + convergence test @ 12200 samples accepted.
[likelihoodcollection] Average computation time:
   flamingo.inference.masked_ps.MaskedBandPowerLikelihood : 5.33715e-05 s (29018 evaluations, 1.54873 s total)
[theorycollection] Average computation time:
   flamingo.inference.masked_ps.MaskedTSZTheory : 0.0166249 s (29018 evaluations, 482.421 s total)
[mcmc]  - Acceptance rate: 0.377
[mcmc]  - Convergence of means: R-1 = 0.109348 after 9760 accepted steps
[mcmc]  - Updated covariance matrix of proposal pdf.
[mcmc] Learn + convergence test @ 12240 samples accepted.
[likelihoodcollection] Average computation time:
   flamingo.inference.masked_ps.MaskedBandPowerLikelihood : 5.33601e-05 s (29141 evaluations, 1.55497 s total)
[theorycollection] Average computation time:
   flamingo.inference.masked_ps.MaskedTSZTheory : 0.0166252 s (29141 evaluations, 484.476 s total)
[mcmc]  - Acceptance rate: 0.377
[mcmc]  - Convergence of means: R-1 = 0.107644 after 9792 accepted steps
[mcmc]  - Updated covariance matrix of proposal pdf.
[mcmc] Learn + convergence test @ 12280 samples accepted.
[likelihoodcollection] Average computation time:
   flamingo.inference.masked_ps.MaskedBandPowerLikelihood : 5.33575e-05 s (29236 evaluations, 1.55996 s total)
[theorycollection] Average computation time:
   flamingo.inference.masked_ps.MaskedTSZTheory : 0.0166253 s (29236 evaluations, 486.059 s total)
[mcmc]  - Acceptance rate: 0.377
[mcmc]  - Convergence of means: R-1 = 0.101735 after 9824 accepted steps
[mcmc]  - Updated covariance matrix of proposal pdf.
[mcmc] Learn + convergence test @ 12320 samples accepted.
[likelihoodcollection] Average computation time:
   flamingo.inference.masked_ps.MaskedBandPowerLikelihood : 5.33544e-05 s (29341 evaluations, 1.56547 s total)
[theorycollection] Average computation time:
   flamingo.inference.masked_ps.MaskedTSZTheory : 0.0166252 s (29341 evaluations, 487.799 s total)
[mcmc]  - Acceptance rate: 0.377
[mcmc]  - Convergence of means: R-1 = 0.096448 after 9856 accepted steps
[mcmc]  - Updated covariance matrix of proposal pdf.
[mcmc] Learn + convergence test @ 12360 samples accepted.
[likelihoodcollection] Average computation time:
   flamingo.inference.masked_ps.MaskedBandPowerLikelihood : 5.33516e-05 s (29520 evaluations, 1.57494 s total)
[theorycollection] Average computation time:
   flamingo.inference.masked_ps.MaskedTSZTheory : 0.0166259 s (29520 evaluations, 490.797 s total)
[mcmc]  - Acceptance rate: 0.376
[mcmc]  - Convergence of means: R-1 = 0.099243 after 9888 accepted steps
[mcmc]  - Updated covariance matrix of proposal pdf.
[mcmc] Learn + convergence test @ 12400 samples accepted.
[likelihoodcollection] Average computation time:
   flamingo.inference.masked_ps.MaskedBandPowerLikelihood : 5.33447e-05 s (29631 evaluations, 1.58066 s total)
[theorycollection] Average computation time:
   flamingo.inference.masked_ps.MaskedTSZTheory : 0.0166262 s (29631 evaluations, 492.65 s total)
[mcmc]  - Acceptance rate: 0.376
[mcmc]  - Convergence of means: R-1 = 0.102366 after 9920 accepted steps
[mcmc]  - Updated covariance matrix of proposal pdf.
[mcmc] Learn + convergence test @ 12440 samples accepted.
[likelihoodcollection] Average computation time:
   flamingo.inference.masked_ps.MaskedBandPowerLikelihood : 5.33373e-05 s (29723 evaluations, 1.58535 s total)
[theorycollection] Average computation time:
   flamingo.inference.masked_ps.MaskedTSZTheory : 0.0166265 s (29723 evaluations, 494.188 s total)
[mcmc]  - Acceptance rate: 0.376
[mcmc]  - Convergence of means: R-1 = 0.103064 after 9952 accepted steps
[mcmc]  - Updated covariance matrix of proposal pdf.
[mcmc] Learn + convergence test @ 12480 samples accepted.
[likelihoodcollection] Average computation time:
   flamingo.inference.masked_ps.MaskedBandPowerLikelihood : 5.33437e-05 s (29819 evaluations, 1.59066 s total)
[theorycollection] Average computation time:
   flamingo.inference.masked_ps.MaskedTSZTheory : 0.0166273 s (29819 evaluations, 495.81 s total)
[mcmc]  - Acceptance rate: 0.376
[mcmc]  - Convergence of means: R-1 = 0.099196 after 9984 accepted steps
[mcmc]  - Updated covariance matrix of proposal pdf.
[mcmc] Learn + convergence test @ 12520 samples accepted.
[likelihoodcollection] Average computation time:
   flamingo.inference.masked_ps.MaskedBandPowerLikelihood : 5.33395e-05 s (29949 evaluations, 1.59747 s total)
[theorycollection] Average computation time:
   flamingo.inference.masked_ps.MaskedTSZTheory : 0.0166271 s (29949 evaluations, 497.964 s total)
[mcmc]  - Acceptance rate: 0.375
[mcmc]  - Convergence of means: R-1 = 0.102780 after 10016 accepted steps
[mcmc]  - Updated covariance matrix of proposal pdf.
[mcmc] Learn + convergence test @ 12560 samples accepted.
[likelihoodcollection] Average computation time:
   flamingo.inference.masked_ps.MaskedBandPowerLikelihood : 5.33532e-05 s (30097 evaluations, 1.60577 s total)
[theorycollection] Average computation time:
   flamingo.inference.masked_ps.MaskedTSZTheory : 0.0166295 s (30097 evaluations, 500.497 s total)
[mcmc]  - Acceptance rate: 0.375
[mcmc]  - Convergence of means: R-1 = 0.108969 after 10048 accepted steps
[mcmc]  - Updated covariance matrix of proposal pdf.
[mcmc] Learn + convergence test @ 12600 samples accepted.
[likelihoodcollection] Average computation time:
   flamingo.inference.masked_ps.MaskedBandPowerLikelihood : 5.3354e-05 s (30184 evaluations, 1.61044 s total)
[theorycollection] Average computation time:
   flamingo.inference.masked_ps.MaskedTSZTheory : 0.0166305 s (30184 evaluations, 501.977 s total)
[mcmc]  - Acceptance rate: 0.375
[mcmc]  - Convergence of means: R-1 = 0.114465 after 10080 accepted steps
[mcmc]  - Updated covariance matrix of proposal pdf.
[mcmc] Learn + convergence test @ 12640 samples accepted.
[likelihoodcollection] Average computation time:
   flamingo.inference.masked_ps.MaskedBandPowerLikelihood : 5.33591e-05 s (30263 evaluations, 1.61481 s total)
[theorycollection] Average computation time:
   flamingo.inference.masked_ps.MaskedTSZTheory : 0.0166312 s (30263 evaluations, 503.309 s total)
[mcmc]  - Acceptance rate: 0.375
[mcmc]  - Convergence of means: R-1 = 0.112164 after 10112 accepted steps
[mcmc]  - Updated covariance matrix of proposal pdf.
[mcmc] Learn + convergence test @ 12680 samples accepted.
[likelihoodcollection] Average computation time:
   flamingo.inference.masked_ps.MaskedBandPowerLikelihood : 5.3375e-05 s (30388 evaluations, 1.62196 s total)
[theorycollection] Average computation time:
   flamingo.inference.masked_ps.MaskedTSZTheory : 0.016634 s (30388 evaluations, 505.475 s total)
[mcmc]  - Acceptance rate: 0.375
[mcmc]  - Convergence of means: R-1 = 0.106763 after 10144 accepted steps
[mcmc]  - Updated covariance matrix of proposal pdf.
[mcmc] Learn + convergence test @ 12720 samples accepted.
[likelihoodcollection] Average computation time:
   flamingo.inference.masked_ps.MaskedBandPowerLikelihood : 5.33718e-05 s (30484 evaluations, 1.62699 s total)
[theorycollection] Average computation time:
   flamingo.inference.masked_ps.MaskedTSZTheory : 0.0166345 s (30484 evaluations, 507.086 s total)
[mcmc]  - Acceptance rate: 0.375
[mcmc]  - Convergence of means: R-1 = 0.103669 after 10176 accepted steps
[mcmc]  - Updated covariance matrix of proposal pdf.
[mcmc] Learn + convergence test @ 12760 samples accepted.
[likelihoodcollection] Average computation time:
   flamingo.inference.masked_ps.MaskedBandPowerLikelihood : 5.33794e-05 s (30572 evaluations, 1.63192 s total)
[theorycollection] Average computation time:
   flamingo.inference.masked_ps.MaskedTSZTheory : 0.0166357 s (30572 evaluations, 508.585 s total)
[mcmc]  - Acceptance rate: 0.375
[mcmc]  - Convergence of means: R-1 = 0.103697 after 10208 accepted steps
[mcmc]  - Updated covariance matrix of proposal pdf.
[mcmc] Learn + convergence test @ 12800 samples accepted.
[likelihoodcollection] Average computation time:
   flamingo.inference.masked_ps.MaskedBandPowerLikelihood : 5.33827e-05 s (30664 evaluations, 1.63693 s total)
[theorycollection] Average computation time:
   flamingo.inference.masked_ps.MaskedTSZTheory : 0.0166368 s (30664 evaluations, 510.15 s total)
[mcmc]  - Acceptance rate: 0.375
[mcmc]  - Convergence of means: R-1 = 0.101354 after 10240 accepted steps
[mcmc]  - Updated covariance matrix of proposal pdf.
[mcmc] Learn + convergence test @ 12840 samples accepted.
[likelihoodcollection] Average computation time:
   flamingo.inference.masked_ps.MaskedBandPowerLikelihood : 5.33837e-05 s (30763 evaluations, 1.64224 s total)
[theorycollection] Average computation time:
   flamingo.inference.masked_ps.MaskedTSZTheory : 0.0166383 s (30763 evaluations, 511.843 s total)
[mcmc]  - Acceptance rate: 0.375
[mcmc]  - Convergence of means: R-1 = 0.101380 after 10272 accepted steps
[mcmc]  - Updated covariance matrix of proposal pdf.
[mcmc] Learn + convergence test @ 12880 samples accepted.
[likelihoodcollection] Average computation time:
   flamingo.inference.masked_ps.MaskedBandPowerLikelihood : 5.33854e-05 s (30845 evaluations, 1.64667 s total)
[theorycollection] Average computation time:
   flamingo.inference.masked_ps.MaskedTSZTheory : 0.0166396 s (30845 evaluations, 513.248 s total)
[mcmc]  - Acceptance rate: 0.375
[mcmc]  - Convergence of means: R-1 = 0.098361 after 10304 accepted steps
[mcmc]  - Updated covariance matrix of proposal pdf.
[mcmc] Learn + convergence test @ 12920 samples accepted.
[likelihoodcollection] Average computation time:
   flamingo.inference.masked_ps.MaskedBandPowerLikelihood : 5.33908e-05 s (30957 evaluations, 1.65282 s total)
[theorycollection] Average computation time:
   flamingo.inference.masked_ps.MaskedTSZTheory : 0.01664 s (30957 evaluations, 515.124 s total)
[mcmc]  - Acceptance rate: 0.375
[mcmc]  - Convergence of means: R-1 = 0.091606 after 10336 accepted steps
[mcmc]  - Updated covariance matrix of proposal pdf.
[mcmc] Learn + convergence test @ 12960 samples accepted.
[likelihoodcollection] Average computation time:
   flamingo.inference.masked_ps.MaskedBandPowerLikelihood : 5.33943e-05 s (31038 evaluations, 1.65725 s total)
[theorycollection] Average computation time:
   flamingo.inference.masked_ps.MaskedTSZTheory : 0.0166406 s (31038 evaluations, 516.49 s total)
[mcmc]  - Acceptance rate: 0.375
[mcmc]  - Convergence of means: R-1 = 0.087666 after 10368 accepted steps
[mcmc]  - Updated covariance matrix of proposal pdf.
[mcmc] Learn + convergence test @ 13000 samples accepted.
[likelihoodcollection] Average computation time:
   flamingo.inference.masked_ps.MaskedBandPowerLikelihood : 5.34006e-05 s (31113 evaluations, 1.66145 s total)
[theorycollection] Average computation time:
   flamingo.inference.masked_ps.MaskedTSZTheory : 0.0166413 s (31113 evaluations, 517.759 s total)
[mcmc]  - Acceptance rate: 0.376
[mcmc]  - Convergence of means: R-1 = 0.086958 after 10400 accepted steps
[mcmc]  - Updated covariance matrix of proposal pdf.
[mcmc] Learn + convergence test @ 13040 samples accepted.
[likelihoodcollection] Average computation time:
   flamingo.inference.masked_ps.MaskedBandPowerLikelihood : 5.34095e-05 s (31216 evaluations, 1.66723 s total)
[theorycollection] Average computation time:
   flamingo.inference.masked_ps.MaskedTSZTheory : 0.0166419 s (31216 evaluations, 519.493 s total)
[mcmc]  - Acceptance rate: 0.376
[mcmc]  - Convergence of means: R-1 = 0.085201 after 10432 accepted steps
[mcmc]  - Updated covariance matrix of proposal pdf.
[mcmc] Learn + convergence test @ 13080 samples accepted.
[likelihoodcollection] Average computation time:
   flamingo.inference.masked_ps.MaskedBandPowerLikelihood : 5.34134e-05 s (31302 evaluations, 1.67194 s total)
[theorycollection] Average computation time:
   flamingo.inference.masked_ps.MaskedTSZTheory : 0.0166419 s (31302 evaluations, 520.925 s total)
[mcmc]  - Acceptance rate: 0.376
[mcmc]  - Convergence of means: R-1 = 0.086816 after 10464 accepted steps
[mcmc]  - Updated covariance matrix of proposal pdf.
[mcmc] Learn + convergence test @ 13120 samples accepted.
[likelihoodcollection] Average computation time:
   flamingo.inference.masked_ps.MaskedBandPowerLikelihood : 5.34108e-05 s (31393 evaluations, 1.67673 s total)
[theorycollection] Average computation time:
   flamingo.inference.masked_ps.MaskedTSZTheory : 0.0166417 s (31393 evaluations, 522.432 s total)
[mcmc]  - Acceptance rate: 0.376
[mcmc]  - Convergence of means: R-1 = 0.085339 after 10496 accepted steps
[mcmc]  - Updated covariance matrix of proposal pdf.
[mcmc] Learn + convergence test @ 13160 samples accepted.
[likelihoodcollection] Average computation time:
   flamingo.inference.masked_ps.MaskedBandPowerLikelihood : 5.34273e-05 s (31476 evaluations, 1.68168 s total)
[theorycollection] Average computation time:
   flamingo.inference.masked_ps.MaskedTSZTheory : 0.0166412 s (31476 evaluations, 523.798 s total)
[mcmc]  - Acceptance rate: 0.376
[mcmc]  - Convergence of means: R-1 = 0.082066 after 10528 accepted steps
[mcmc]  - Updated covariance matrix of proposal pdf.
[mcmc] Learn + convergence test @ 13200 samples accepted.
[likelihoodcollection] Average computation time:
   flamingo.inference.masked_ps.MaskedBandPowerLikelihood : 5.34228e-05 s (31568 evaluations, 1.68645 s total)
[theorycollection] Average computation time:
   flamingo.inference.masked_ps.MaskedTSZTheory : 0.0166404 s (31568 evaluations, 525.305 s total)
[mcmc]  - Acceptance rate: 0.377
[mcmc]  - Convergence of means: R-1 = 0.083840 after 10560 accepted steps
[mcmc]  - Updated covariance matrix of proposal pdf.
[mcmc] Learn + convergence test @ 13240 samples accepted.
[likelihoodcollection] Average computation time:
   flamingo.inference.masked_ps.MaskedBandPowerLikelihood : 5.34239e-05 s (31665 evaluations, 1.69167 s total)
[theorycollection] Average computation time:
   flamingo.inference.masked_ps.MaskedTSZTheory : 0.01664 s (31665 evaluations, 526.904 s total)
[mcmc]  - Acceptance rate: 0.377
[mcmc]  - Convergence of means: R-1 = 0.084613 after 10592 accepted steps
[mcmc]  - Updated covariance matrix of proposal pdf.
[mcmc] Progress @ 2026-08-03 00:20:58 : 34755 steps taken, and 13279 accepted.
[mcmc] Learn + convergence test @ 13280 samples accepted.
[likelihoodcollection] Average computation time:
   flamingo.inference.masked_ps.MaskedBandPowerLikelihood : 5.34338e-05 s (31780 evaluations, 1.69813 s total)
[theorycollection] Average computation time:
   flamingo.inference.masked_ps.MaskedTSZTheory : 0.0166406 s (31780 evaluations, 528.839 s total)
[mcmc]  - Acceptance rate: 0.377
[mcmc]  - Convergence of means: R-1 = 0.086466 after 10624 accepted steps
[mcmc]  - Updated covariance matrix of proposal pdf.
[mcmc] Learn + convergence test @ 13320 samples accepted.
[likelihoodcollection] Average computation time:
   flamingo.inference.masked_ps.MaskedBandPowerLikelihood : 5.34426e-05 s (31876 evaluations, 1.70354 s total)
[theorycollection] Average computation time:
   flamingo.inference.masked_ps.MaskedTSZTheory : 0.0166407 s (31876 evaluations, 530.439 s total)
[mcmc]  - Acceptance rate: 0.377
[mcmc]  - Convergence of means: R-1 = 0.086844 after 10656 accepted steps
[mcmc]  - Updated covariance matrix of proposal pdf.
[mcmc] Learn + convergence test @ 13360 samples accepted.
[likelihoodcollection] Average computation time:
   flamingo.inference.masked_ps.MaskedBandPowerLikelihood : 5.3436e-05 s (31986 evaluations, 1.70921 s total)
[theorycollection] Average computation time:
   flamingo.inference.masked_ps.MaskedTSZTheory : 0.0166404 s (31986 evaluations, 532.261 s total)
[mcmc]  - Acceptance rate: 0.377
[mcmc]  - Convergence of means: R-1 = 0.080433 after 10688 accepted steps
[mcmc]  - Updated covariance matrix of proposal pdf.
[mcmc] Learn + convergence test @ 13400 samples accepted.
[likelihoodcollection] Average computation time:
   flamingo.inference.masked_ps.MaskedBandPowerLikelihood : 5.34404e-05 s (32079 evaluations, 1.71432 s total)
[theorycollection] Average computation time:
   flamingo.inference.masked_ps.MaskedTSZTheory : 0.0166409 s (32079 evaluations, 533.824 s total)
[mcmc]  - Acceptance rate: 0.377
[mcmc]  - Convergence of means: R-1 = 0.075501 after 10720 accepted steps
[mcmc]  - Updated covariance matrix of proposal pdf.
[mcmc] Learn + convergence test @ 13440 samples accepted.
[likelihoodcollection] Average computation time:
   flamingo.inference.masked_ps.MaskedBandPowerLikelihood : 5.34358e-05 s (32165 evaluations, 1.71876 s total)
[theorycollection] Average computation time:
   flamingo.inference.masked_ps.MaskedTSZTheory : 0.0166398 s (32165 evaluations, 535.22 s total)
[mcmc]  - Acceptance rate: 0.377
[mcmc]  - Convergence of means: R-1 = 0.074285 after 10752 accepted steps
[mcmc]  - Updated covariance matrix of proposal pdf.
[mcmc] Learn + convergence test @ 13480 samples accepted.
[likelihoodcollection] Average computation time:
   flamingo.inference.masked_ps.MaskedBandPowerLikelihood : 5.34372e-05 s (32235 evaluations, 1.72255 s total)
[theorycollection] Average computation time:
   flamingo.inference.masked_ps.MaskedTSZTheory : 0.0166401 s (32235 evaluations, 536.393 s total)
[mcmc]  - Acceptance rate: 0.377
[mcmc]  - Convergence of means: R-1 = 0.072221 after 10784 accepted steps
[mcmc]  - Updated covariance matrix of proposal pdf.
[mcmc] Learn + convergence test @ 13520 samples accepted.
[likelihoodcollection] Average computation time:
   flamingo.inference.masked_ps.MaskedBandPowerLikelihood : 5.34435e-05 s (32340 evaluations, 1.72836 s total)
[theorycollection] Average computation time:
   flamingo.inference.masked_ps.MaskedTSZTheory : 0.0166419 s (32340 evaluations, 538.2 s total)
[mcmc]  - Acceptance rate: 0.377
[mcmc]  - Convergence of means: R-1 = 0.071826 after 10816 accepted steps
[mcmc]  - Updated covariance matrix of proposal pdf.
[mcmc] Learn + convergence test @ 13560 samples accepted.
[likelihoodcollection] Average computation time:
   flamingo.inference.masked_ps.MaskedBandPowerLikelihood : 5.34588e-05 s (32468 evaluations, 1.7357 s total)
[theorycollection] Average computation time:
   flamingo.inference.masked_ps.MaskedTSZTheory : 0.0166427 s (32468 evaluations, 540.355 s total)
[mcmc]  - Acceptance rate: 0.376
[mcmc]  - Convergence of means: R-1 = 0.074735 after 10848 accepted steps
[mcmc]  - Updated covariance matrix of proposal pdf.
[mcmc] Learn + convergence test @ 13600 samples accepted.
[likelihoodcollection] Average computation time:
   flamingo.inference.masked_ps.MaskedBandPowerLikelihood : 5.34673e-05 s (32552 evaluations, 1.74047 s total)
[theorycollection] Average computation time:
   flamingo.inference.masked_ps.MaskedTSZTheory : 0.0166425 s (32552 evaluations, 541.747 s total)
[mcmc]  - Acceptance rate: 0.377
[mcmc]  - Convergence of means: R-1 = 0.076153 after 10880 accepted steps
[mcmc]  - Updated covariance matrix of proposal pdf.
[mcmc] Learn + convergence test @ 13640 samples accepted.
[likelihoodcollection] Average computation time:
   flamingo.inference.masked_ps.MaskedBandPowerLikelihood : 5.34637e-05 s (32637 evaluations, 1.74489 s total)
[theorycollection] Average computation time:
   flamingo.inference.masked_ps.MaskedTSZTheory : 0.0166428 s (32637 evaluations, 543.173 s total)
[mcmc]  - Acceptance rate: 0.377
[mcmc]  - Convergence of means: R-1 = 0.075860 after 10912 accepted steps
[mcmc]  - Updated covariance matrix of proposal pdf.
[mcmc] Learn + convergence test @ 13680 samples accepted.
[likelihoodcollection] Average computation time:
   flamingo.inference.masked_ps.MaskedBandPowerLikelihood : 5.34674e-05 s (32734 evaluations, 1.7502 s total)
[theorycollection] Average computation time:
   flamingo.inference.masked_ps.MaskedTSZTheory : 0.0166427 s (32734 evaluations, 544.782 s total)
[mcmc]  - Acceptance rate: 0.377
[mcmc]  - Convergence of means: R-1 = 0.077374 after 10944 accepted steps
[mcmc]  - Updated covariance matrix of proposal pdf.
[mcmc] Learn + convergence test @ 13720 samples accepted.
[likelihoodcollection] Average computation time:
   flamingo.inference.masked_ps.MaskedBandPowerLikelihood : 5.34677e-05 s (32848 evaluations, 1.75631 s total)
[theorycollection] Average computation time:
   flamingo.inference.masked_ps.MaskedTSZTheory : 0.0166434 s (32848 evaluations, 546.702 s total)
[mcmc]  - Acceptance rate: 0.376
[mcmc]  - Convergence of means: R-1 = 0.080745 after 10976 accepted steps
[mcmc]  - Updated covariance matrix of proposal pdf.
[mcmc] Learn + convergence test @ 13760 samples accepted.
[likelihoodcollection] Average computation time:
   flamingo.inference.masked_ps.MaskedBandPowerLikelihood : 5.34701e-05 s (32941 evaluations, 1.76136 s total)
[theorycollection] Average computation time:
   flamingo.inference.masked_ps.MaskedTSZTheory : 0.0166443 s (32941 evaluations, 548.28 s total)
[mcmc]  - Acceptance rate: 0.376
[mcmc]  - Convergence of means: R-1 = 0.083292 after 11008 accepted steps
[mcmc]  - Updated covariance matrix of proposal pdf.
[mcmc] Learn + convergence test @ 13800 samples accepted.
[likelihoodcollection] Average computation time:
   flamingo.inference.masked_ps.MaskedBandPowerLikelihood : 5.34682e-05 s (33026 evaluations, 1.76584 s total)
[theorycollection] Average computation time:
   flamingo.inference.masked_ps.MaskedTSZTheory : 0.0166441 s (33026 evaluations, 549.69 s total)
[mcmc]  - Acceptance rate: 0.377
[mcmc]  - Convergence of means: R-1 = 0.088962 after 11040 accepted steps
[mcmc]  - Updated covariance matrix of proposal pdf.
[mcmc] Learn + convergence test @ 13840 samples accepted.
[likelihoodcollection] Average computation time:
   flamingo.inference.masked_ps.MaskedBandPowerLikelihood : 5.34664e-05 s (33118 evaluations, 1.7707 s total)
[theorycollection] Average computation time:
   flamingo.inference.masked_ps.MaskedTSZTheory : 0.0166447 s (33118 evaluations, 551.24 s total)
[mcmc]  - Acceptance rate: 0.377
[mcmc]  - Convergence of means: R-1 = 0.092141 after 11072 accepted steps
[mcmc]  - Updated covariance matrix of proposal pdf.
[mcmc] Learn + convergence test @ 13880 samples accepted.
[likelihoodcollection] Average computation time:
   flamingo.inference.masked_ps.MaskedBandPowerLikelihood : 5.34735e-05 s (33219 evaluations, 1.77633 s total)
[theorycollection] Average computation time:
   flamingo.inference.masked_ps.MaskedTSZTheory : 0.0166454 s (33219 evaluations, 552.944 s total)
[mcmc]  - Acceptance rate: 0.377
[mcmc]  - Convergence of means: R-1 = 0.091461 after 11104 accepted steps
[mcmc]  - Updated covariance matrix of proposal pdf.
[mcmc] Learn + convergence test @ 13920 samples accepted.
[likelihoodcollection] Average computation time:
   flamingo.inference.masked_ps.MaskedBandPowerLikelihood : 5.34687e-05 s (33320 evaluations, 1.78158 s total)
[theorycollection] Average computation time:
   flamingo.inference.masked_ps.MaskedTSZTheory : 0.0166449 s (33320 evaluations, 554.608 s total)
[mcmc]  - Acceptance rate: 0.377
[mcmc]  - Convergence of means: R-1 = 0.090479 after 11136 accepted steps
[mcmc]  - Updated covariance matrix of proposal pdf.
[mcmc] Learn + convergence test @ 13960 samples accepted.
[likelihoodcollection] Average computation time:
   flamingo.inference.masked_ps.MaskedBandPowerLikelihood : 5.34649e-05 s (33416 evaluations, 1.78658 s total)
[theorycollection] Average computation time:
   flamingo.inference.masked_ps.MaskedTSZTheory : 0.0166446 s (33416 evaluations, 556.195 s total)
[mcmc]  - Acceptance rate: 0.376
[mcmc]  - Convergence of means: R-1 = 0.087199 after 11168 accepted steps
[mcmc]  - Updated covariance matrix of proposal pdf.
[mcmc] Learn + convergence test @ 14000 samples accepted.
[likelihoodcollection] Average computation time:
   flamingo.inference.masked_ps.MaskedBandPowerLikelihood : 5.34616e-05 s (33505 evaluations, 1.79123 s total)
[theorycollection] Average computation time:
   flamingo.inference.masked_ps.MaskedTSZTheory : 0.0166444 s (33505 evaluations, 557.672 s total)
[mcmc]  - Acceptance rate: 0.377
[mcmc]  - Convergence of means: R-1 = 0.085766 after 11200 accepted steps
[mcmc]  - Updated covariance matrix of proposal pdf.
[mcmc] Learn + convergence test @ 14040 samples accepted.
[likelihoodcollection] Average computation time:
   flamingo.inference.masked_ps.MaskedBandPowerLikelihood : 5.34641e-05 s (33587 evaluations, 1.7957 s total)
[theorycollection] Average computation time:
   flamingo.inference.masked_ps.MaskedTSZTheory : 0.0166448 s (33587 evaluations, 559.047 s total)
[mcmc]  - Acceptance rate: 0.377
[mcmc]  - Convergence of means: R-1 = 0.087428 after 11232 accepted steps
[mcmc]  - Updated covariance matrix of proposal pdf.
[mcmc] Learn + convergence test @ 14080 samples accepted.
[likelihoodcollection] Average computation time:
   flamingo.inference.masked_ps.MaskedBandPowerLikelihood : 5.34691e-05 s (33685 evaluations, 1.80111 s total)
[theorycollection] Average computation time:
   flamingo.inference.masked_ps.MaskedTSZTheory : 0.0166452 s (33685 evaluations, 560.694 s total)
[mcmc]  - Acceptance rate: 0.377
[mcmc]  - Convergence of means: R-1 = 0.093030 after 11264 accepted steps
[mcmc]  - Updated covariance matrix of proposal pdf.
[mcmc] Learn + convergence test @ 14120 samples accepted.
[likelihoodcollection] Average computation time:
   flamingo.inference.masked_ps.MaskedBandPowerLikelihood : 5.34811e-05 s (33768 evaluations, 1.80595 s total)
[theorycollection] Average computation time:
   flamingo.inference.masked_ps.MaskedTSZTheory : 0.0166461 s (33768 evaluations, 562.105 s total)
[mcmc]  - Acceptance rate: 0.377
[mcmc]  - Convergence of means: R-1 = 0.098391 after 11296 accepted steps
[mcmc]  - Updated covariance matrix of proposal pdf.
[mcmc] Learn + convergence test @ 14160 samples accepted.
[likelihoodcollection] Average computation time:
   flamingo.inference.masked_ps.MaskedBandPowerLikelihood : 5.34961e-05 s (33851 evaluations, 1.8109 s total)
[theorycollection] Average computation time:
   flamingo.inference.masked_ps.MaskedTSZTheory : 0.0166464 s (33851 evaluations, 563.497 s total)
[mcmc]  - Acceptance rate: 0.378
[mcmc]  - Convergence of means: R-1 = 0.102713 after 11328 accepted steps
[mcmc]  - Updated covariance matrix of proposal pdf.
[mcmc] Learn + convergence test @ 14200 samples accepted.
[likelihoodcollection] Average computation time:
   flamingo.inference.masked_ps.MaskedBandPowerLikelihood : 5.3508e-05 s (33949 evaluations, 1.81654 s total)
[theorycollection] Average computation time:
   flamingo.inference.masked_ps.MaskedTSZTheory : 0.0166476 s (33949 evaluations, 565.169 s total)
[mcmc]  - Acceptance rate: 0.378
[mcmc]  - Convergence of means: R-1 = 0.100816 after 11360 accepted steps
[mcmc]  - Updated covariance matrix of proposal pdf.
[mcmc] Learn + convergence test @ 14240 samples accepted.
[likelihoodcollection] Average computation time:
   flamingo.inference.masked_ps.MaskedBandPowerLikelihood : 5.35096e-05 s (34033 evaluations, 1.82109 s total)
[theorycollection] Average computation time:
   flamingo.inference.masked_ps.MaskedTSZTheory : 0.0166485 s (34033 evaluations, 566.599 s total)
[mcmc]  - Acceptance rate: 0.378
[mcmc]  - Convergence of means: R-1 = 0.098931 after 11392 accepted steps
[mcmc]  - Updated covariance matrix of proposal pdf.
[mcmc] Learn + convergence test @ 14280 samples accepted.
[likelihoodcollection] Average computation time:
   flamingo.inference.masked_ps.MaskedBandPowerLikelihood : 5.35109e-05 s (34129 evaluations, 1.82627 s total)
[theorycollection] Average computation time:
   flamingo.inference.masked_ps.MaskedTSZTheory : 0.0166489 s (34129 evaluations, 568.211 s total)
[mcmc]  - Acceptance rate: 0.378
[mcmc]  - Convergence of means: R-1 = 0.097232 after 11424 accepted steps
[mcmc]  - Updated covariance matrix of proposal pdf.
[mcmc] Learn + convergence test @ 14320 samples accepted.
[likelihoodcollection] Average computation time:
   flamingo.inference.masked_ps.MaskedBandPowerLikelihood : 5.3516e-05 s (34234 evaluations, 1.83207 s total)
[theorycollection] Average computation time:
   flamingo.inference.masked_ps.MaskedTSZTheory : 0.0166502 s (34234 evaluations, 570.002 s total)
[mcmc]  - Acceptance rate: 0.378
[mcmc]  - Convergence of means: R-1 = 0.097783 after 11456 accepted steps
[mcmc]  - Updated covariance matrix of proposal pdf.
[mcmc] Learn + convergence test @ 14360 samples accepted.
[likelihoodcollection] Average computation time:
   flamingo.inference.masked_ps.MaskedBandPowerLikelihood : 5.35163e-05 s (34350 evaluations, 1.83828 s total)
[theorycollection] Average computation time:
   flamingo.inference.masked_ps.MaskedTSZTheory : 0.01665 s (34350 evaluations, 571.928 s total)
[mcmc]  - Acceptance rate: 0.377
[mcmc]  - Convergence of means: R-1 = 0.098836 after 11488 accepted steps
[mcmc]  - Updated covariance matrix of proposal pdf.
[mcmc] Learn + convergence test @ 14400 samples accepted.
[likelihoodcollection] Average computation time:
   flamingo.inference.masked_ps.MaskedBandPowerLikelihood : 5.35254e-05 s (34462 evaluations, 1.84459 s total)
[theorycollection] Average computation time:
   flamingo.inference.masked_ps.MaskedTSZTheory : 0.0166497 s (34462 evaluations, 573.782 s total)
[mcmc]  - Acceptance rate: 0.377
[mcmc]  - Convergence of means: R-1 = 0.101941 after 11520 accepted steps
[mcmc]  - Updated covariance matrix of proposal pdf.
[mcmc] Learn + convergence test @ 14440 samples accepted.
[likelihoodcollection] Average computation time:
   flamingo.inference.masked_ps.MaskedBandPowerLikelihood : 5.35277e-05 s (34552 evaluations, 1.84949 s total)
[theorycollection] Average computation time:
   flamingo.inference.masked_ps.MaskedTSZTheory : 0.0166503 s (34552 evaluations, 575.3 s total)
[mcmc]  - Acceptance rate: 0.377
[mcmc]  - Convergence of means: R-1 = 0.105362 after 11552 accepted steps
[mcmc]  - Updated covariance matrix of proposal pdf.
[mcmc] Learn + convergence test @ 14480 samples accepted.
[likelihoodcollection] Average computation time:
   flamingo.inference.masked_ps.MaskedBandPowerLikelihood : 5.35328e-05 s (34644 evaluations, 1.85459 s total)
[theorycollection] Average computation time:
   flamingo.inference.masked_ps.MaskedTSZTheory : 0.0166495 s (34644 evaluations, 576.804 s total)
[mcmc]  - Acceptance rate: 0.377
[mcmc]  - Convergence of means: R-1 = 0.106646 after 11584 accepted steps
[mcmc]  - Updated covariance matrix of proposal pdf.
[mcmc] Learn + convergence test @ 14520 samples accepted.
[likelihoodcollection] Average computation time:
   flamingo.inference.masked_ps.MaskedBandPowerLikelihood : 5.35269e-05 s (34747 evaluations, 1.8599 s total)
[theorycollection] Average computation time:
   flamingo.inference.masked_ps.MaskedTSZTheory : 0.0166492 s (34747 evaluations, 578.51 s total)
[mcmc]  - Acceptance rate: 0.377
[mcmc]  - Convergence of means: R-1 = 0.106870 after 11616 accepted steps
[mcmc]  - Updated covariance matrix of proposal pdf.
[mcmc] Learn + convergence test @ 14560 samples accepted.
[likelihoodcollection] Average computation time:
   flamingo.inference.masked_ps.MaskedBandPowerLikelihood : 5.35242e-05 s (34865 evaluations, 1.86612 s total)
[theorycollection] Average computation time:
   flamingo.inference.masked_ps.MaskedTSZTheory : 0.0166493 s (34865 evaluations, 580.479 s total)
[mcmc]  - Acceptance rate: 0.376
[mcmc]  - Convergence of means: R-1 = 0.107678 after 11648 accepted steps
[mcmc]  - Updated covariance matrix of proposal pdf.
[mcmc] Learn + convergence test @ 14600 samples accepted.
[likelihoodcollection] Average computation time:
   flamingo.inference.masked_ps.MaskedBandPowerLikelihood : 5.35218e-05 s (34957 evaluations, 1.87096 s total)
[theorycollection] Average computation time:
   flamingo.inference.masked_ps.MaskedTSZTheory : 0.0166495 s (34957 evaluations, 582.018 s total)
[mcmc]  - Acceptance rate: 0.376
[mcmc]  - Convergence of means: R-1 = 0.107763 after 11680 accepted steps
[mcmc]  - Updated covariance matrix of proposal pdf.
[mcmc] Learn + convergence test @ 14640 samples accepted.
[likelihoodcollection] Average computation time:
   flamingo.inference.masked_ps.MaskedBandPowerLikelihood : 5.3516e-05 s (35066 evaluations, 1.87659 s total)
[theorycollection] Average computation time:
   flamingo.inference.masked_ps.MaskedTSZTheory : 0.0166486 s (35066 evaluations, 583.801 s total)
[mcmc]  - Acceptance rate: 0.376
[mcmc]  - Convergence of means: R-1 = 0.104229 after 11712 accepted steps
[mcmc]  - Updated covariance matrix of proposal pdf.
[mcmc] Learn + convergence test @ 14680 samples accepted.
[likelihoodcollection] Average computation time:
   flamingo.inference.masked_ps.MaskedBandPowerLikelihood : 5.35212e-05 s (35160 evaluations, 1.8818 s total)
[theorycollection] Average computation time:
   flamingo.inference.masked_ps.MaskedTSZTheory : 0.0166488 s (35160 evaluations, 585.372 s total)
[mcmc]  - Acceptance rate: 0.376
[mcmc]  - Convergence of means: R-1 = 0.097281 after 11744 accepted steps
[mcmc]  - Updated covariance matrix of proposal pdf.
[mcmc] Learn + convergence test @ 14720 samples accepted.
[likelihoodcollection] Average computation time:
   flamingo.inference.masked_ps.MaskedBandPowerLikelihood : 5.35194e-05 s (35256 evaluations, 1.88688 s total)
[theorycollection] Average computation time:
   flamingo.inference.masked_ps.MaskedTSZTheory : 0.016649 s (35256 evaluations, 586.979 s total)
[mcmc]  - Acceptance rate: 0.376
[mcmc]  - Convergence of means: R-1 = 0.092419 after 11776 accepted steps
[mcmc]  - Updated covariance matrix of proposal pdf.
[mcmc] Progress @ 2026-08-03 00:21:58 : 38708 steps taken, and 14727 accepted.
[mcmc] Learn + convergence test @ 14760 samples accepted.
[likelihoodcollection] Average computation time:
   flamingo.inference.masked_ps.MaskedBandPowerLikelihood : 5.35174e-05 s (35360 evaluations, 1.89238 s total)
[theorycollection] Average computation time:
   flamingo.inference.masked_ps.MaskedTSZTheory : 0.0166494 s (35360 evaluations, 588.723 s total)
[mcmc]  - Acceptance rate: 0.376
[mcmc]  - Convergence of means: R-1 = 0.085753 after 11808 accepted steps
[mcmc]  - Updated covariance matrix of proposal pdf.
[mcmc] Learn + convergence test @ 14800 samples accepted.
[likelihoodcollection] Average computation time:
   flamingo.inference.masked_ps.MaskedBandPowerLikelihood : 5.3516e-05 s (35459 evaluations, 1.89762 s total)
[theorycollection] Average computation time:
   flamingo.inference.masked_ps.MaskedTSZTheory : 0.0166499 s (35459 evaluations, 590.388 s total)
[mcmc]  - Acceptance rate: 0.376
[mcmc]  - Convergence of means: R-1 = 0.077077 after 11840 accepted steps
[mcmc]  - Updated covariance matrix of proposal pdf.
[mcmc] Learn + convergence test @ 14840 samples accepted.
[likelihoodcollection] Average computation time:
   flamingo.inference.masked_ps.MaskedBandPowerLikelihood : 5.35132e-05 s (35565 evaluations, 1.9032 s total)
[theorycollection] Average computation time:
   flamingo.inference.masked_ps.MaskedTSZTheory : 0.0166494 s (35565 evaluations, 592.134 s total)
[mcmc]  - Acceptance rate: 0.376
[mcmc]  - Convergence of means: R-1 = 0.075489 after 11872 accepted steps
[mcmc]  - Updated covariance matrix of proposal pdf.
[mcmc] Learn + convergence test @ 14880 samples accepted.
[likelihoodcollection] Average computation time:
   flamingo.inference.masked_ps.MaskedBandPowerLikelihood : 5.3512e-05 s (35664 evaluations, 1.90845 s total)
[theorycollection] Average computation time:
   flamingo.inference.masked_ps.MaskedTSZTheory : 0.0166484 s (35664 evaluations, 593.747 s total)
[mcmc]  - Acceptance rate: 0.376
[mcmc]  - Convergence of means: R-1 = 0.073988 after 11904 accepted steps
[mcmc]  - Updated covariance matrix of proposal pdf.
[mcmc] Learn + convergence test @ 14920 samples accepted.
[likelihoodcollection] Average computation time:
   flamingo.inference.masked_ps.MaskedBandPowerLikelihood : 5.35121e-05 s (35765 evaluations, 1.91386 s total)
[theorycollection] Average computation time:
   flamingo.inference.masked_ps.MaskedTSZTheory : 0.0166489 s (35765 evaluations, 595.449 s total)
[mcmc]  - Acceptance rate: 0.376
[mcmc]  - Convergence of means: R-1 = 0.072673 after 11936 accepted steps
[mcmc]  - Updated covariance matrix of proposal pdf.
[mcmc] Learn + convergence test @ 14960 samples accepted.
[likelihoodcollection] Average computation time:
   flamingo.inference.masked_ps.MaskedBandPowerLikelihood : 5.35277e-05 s (35863 evaluations, 1.91966 s total)
[theorycollection] Average computation time:
   flamingo.inference.masked_ps.MaskedTSZTheory : 0.0166494 s (35863 evaluations, 597.096 s total)
[mcmc]  - Acceptance rate: 0.376
[mcmc]  - Convergence of means: R-1 = 0.070173 after 11968 accepted steps
[mcmc]  - Updated covariance matrix of proposal pdf.
[mcmc] Learn + convergence test @ 15000 samples accepted.
[likelihoodcollection] Average computation time:
   flamingo.inference.masked_ps.MaskedBandPowerLikelihood : 5.35401e-05 s (35972 evaluations, 1.92594 s total)
[theorycollection] Average computation time:
   flamingo.inference.masked_ps.MaskedTSZTheory : 0.0166501 s (35972 evaluations, 598.938 s total)
[mcmc]  - Acceptance rate: 0.375
[mcmc]  - Convergence of means: R-1 = 0.070320 after 12000 accepted steps
[mcmc]  - Updated covariance matrix of proposal pdf.
[mcmc] Learn + convergence test @ 15040 samples accepted.
[likelihoodcollection] Average computation time:
   flamingo.inference.masked_ps.MaskedBandPowerLikelihood : 5.3535e-05 s (36064 evaluations, 1.93069 s total)
[theorycollection] Average computation time:
   flamingo.inference.masked_ps.MaskedTSZTheory : 0.0166497 s (36064 evaluations, 600.456 s total)
[mcmc]  - Acceptance rate: 0.375
[mcmc]  - Convergence of means: R-1 = 0.068374 after 12032 accepted steps
[mcmc]  - Updated covariance matrix of proposal pdf.
[mcmc] Learn + convergence test @ 15080 samples accepted.
[likelihoodcollection] Average computation time:
   flamingo.inference.masked_ps.MaskedBandPowerLikelihood : 5.3532e-05 s (36158 evaluations, 1.93561 s total)
[theorycollection] Average computation time:
   flamingo.inference.masked_ps.MaskedTSZTheory : 0.0166495 s (36158 evaluations, 602.013 s total)
[mcmc]  - Acceptance rate: 0.375
[mcmc]  - Convergence of means: R-1 = 0.065925 after 12064 accepted steps
[mcmc]  - Updated covariance matrix of proposal pdf.
[mcmc] Learn + convergence test @ 15120 samples accepted.
[likelihoodcollection] Average computation time:
   flamingo.inference.masked_ps.MaskedBandPowerLikelihood : 5.35297e-05 s (36245 evaluations, 1.94019 s total)
[theorycollection] Average computation time:
   flamingo.inference.masked_ps.MaskedTSZTheory : 0.0166498 s (36245 evaluations, 603.472 s total)
[mcmc]  - Acceptance rate: 0.375
[mcmc]  - Convergence of means: R-1 = 0.067593 after 12096 accepted steps
[mcmc]  - Updated covariance matrix of proposal pdf.
[mcmc] Learn + convergence test @ 15160 samples accepted.
[likelihoodcollection] Average computation time:
   flamingo.inference.masked_ps.MaskedBandPowerLikelihood : 5.35246e-05 s (36334 evaluations, 1.94476 s total)
[theorycollection] Average computation time:
   flamingo.inference.masked_ps.MaskedTSZTheory : 0.0166499 s (36334 evaluations, 604.957 s total)
[mcmc]  - Acceptance rate: 0.375
[mcmc]  - Convergence of means: R-1 = 0.076308 after 12128 accepted steps
[mcmc]  - Updated covariance matrix of proposal pdf.
[mcmc] Learn + convergence test @ 15200 samples accepted.
[likelihoodcollection] Average computation time:
   flamingo.inference.masked_ps.MaskedBandPowerLikelihood : 5.3524e-05 s (36433 evaluations, 1.95004 s total)
[theorycollection] Average computation time:
   flamingo.inference.masked_ps.MaskedTSZTheory : 0.016649 s (36433 evaluations, 606.575 s total)
[mcmc]  - Acceptance rate: 0.375
[mcmc]  - Convergence of means: R-1 = 0.084284 after 12160 accepted steps
[mcmc]  - Updated covariance matrix of proposal pdf.
[mcmc] Learn + convergence test @ 15240 samples accepted.
[likelihoodcollection] Average computation time:
   flamingo.inference.masked_ps.MaskedBandPowerLikelihood : 5.35218e-05 s (36532 evaluations, 1.95526 s total)
[theorycollection] Average computation time:
   flamingo.inference.masked_ps.MaskedTSZTheory : 0.0166486 s (36532 evaluations, 608.208 s total)
[mcmc]  - Acceptance rate: 0.375
[mcmc]  - Convergence of means: R-1 = 0.085246 after 12192 accepted steps
[mcmc]  - Updated covariance matrix of proposal pdf.
[mcmc] Learn + convergence test @ 15280 samples accepted.
[likelihoodcollection] Average computation time:
   flamingo.inference.masked_ps.MaskedBandPowerLikelihood : 5.35203e-05 s (36681 evaluations, 1.96318 s total)
[theorycollection] Average computation time:
   flamingo.inference.masked_ps.MaskedTSZTheory : 0.0166494 s (36681 evaluations, 610.717 s total)
[mcmc]  - Acceptance rate: 0.375
[mcmc]  - Convergence of means: R-1 = 0.086623 after 12224 accepted steps
[mcmc]  - Updated covariance matrix of proposal pdf.
[mcmc] Learn + convergence test @ 15320 samples accepted.
[likelihoodcollection] Average computation time:
   flamingo.inference.masked_ps.MaskedBandPowerLikelihood : 5.35171e-05 s (36764 evaluations, 1.9675 s total)
[theorycollection] Average computation time:
   flamingo.inference.masked_ps.MaskedTSZTheory : 0.0166492 s (36764 evaluations, 612.092 s total)
[mcmc]  - Acceptance rate: 0.375
[mcmc]  - Convergence of means: R-1 = 0.085883 after 12256 accepted steps
[mcmc]  - Updated covariance matrix of proposal pdf.
[mcmc] Learn + convergence test @ 15360 samples accepted.
[likelihoodcollection] Average computation time:
   flamingo.inference.masked_ps.MaskedBandPowerLikelihood : 5.35062e-05 s (36845 evaluations, 1.97143 s total)
[theorycollection] Average computation time:
   flamingo.inference.masked_ps.MaskedTSZTheory : 0.0166486 s (36845 evaluations, 613.419 s total)
[mcmc]  - Acceptance rate: 0.375
[mcmc]  - Convergence of means: R-1 = 0.084144 after 12288 accepted steps
[mcmc]  - Updated covariance matrix of proposal pdf.
[mcmc] Learn + convergence test @ 15400 samples accepted.
[likelihoodcollection] Average computation time:
   flamingo.inference.masked_ps.MaskedBandPowerLikelihood : 5.3514e-05 s (36925 evaluations, 1.97601 s total)
[theorycollection] Average computation time:
   flamingo.inference.masked_ps.MaskedTSZTheory : 0.016649 s (36925 evaluations, 614.766 s total)
[mcmc]  - Acceptance rate: 0.375
[mcmc]  - Convergence of means: R-1 = 0.083400 after 12320 accepted steps
[mcmc]  - Updated covariance matrix of proposal pdf.
[mcmc] Learn + convergence test @ 15440 samples accepted.
[likelihoodcollection] Average computation time:
   flamingo.inference.masked_ps.MaskedBandPowerLikelihood : 5.35134e-05 s (37017 evaluations, 1.9809 s total)
[theorycollection] Average computation time:
   flamingo.inference.masked_ps.MaskedTSZTheory : 0.0166497 s (37017 evaluations, 616.32 s total)
[mcmc]  - Acceptance rate: 0.375
[mcmc]  - Convergence of means: R-1 = 0.089795 after 12352 accepted steps
[mcmc]  - Updated covariance matrix of proposal pdf.
[mcmc] Learn + convergence test @ 15480 samples accepted.
[likelihoodcollection] Average computation time:
   flamingo.inference.masked_ps.MaskedBandPowerLikelihood : 5.35213e-05 s (37130 evaluations, 1.98725 s total)
[theorycollection] Average computation time:
   flamingo.inference.masked_ps.MaskedTSZTheory : 0.0166497 s (37130 evaluations, 618.203 s total)
[mcmc]  - Acceptance rate: 0.375
[mcmc]  - Convergence of means: R-1 = 0.097495 after 12384 accepted steps
[mcmc]  - Updated covariance matrix of proposal pdf.
[mcmc] Learn + convergence test @ 15520 samples accepted.
[likelihoodcollection] Average computation time:
   flamingo.inference.masked_ps.MaskedBandPowerLikelihood : 5.35219e-05 s (37220 evaluations, 1.99208 s total)
[theorycollection] Average computation time:
   flamingo.inference.masked_ps.MaskedTSZTheory : 0.0166487 s (37220 evaluations, 619.665 s total)
[mcmc]  - Acceptance rate: 0.375
[mcmc]  - Convergence of means: R-1 = 0.098572 after 12416 accepted steps
[mcmc]  - Updated covariance matrix of proposal pdf.
[mcmc] Learn + convergence test @ 15560 samples accepted.
[likelihoodcollection] Average computation time:
   flamingo.inference.masked_ps.MaskedBandPowerLikelihood : 5.35169e-05 s (37320 evaluations, 1.99725 s total)
[theorycollection] Average computation time:
   flamingo.inference.masked_ps.MaskedTSZTheory : 0.0166481 s (37320 evaluations, 621.307 s total)
[mcmc]  - Acceptance rate: 0.375
[mcmc]  - Convergence of means: R-1 = 0.096400 after 12448 accepted steps
[mcmc]  - Updated covariance matrix of proposal pdf.
[mcmc] Learn + convergence test @ 15600 samples accepted.
[likelihoodcollection] Average computation time:
   flamingo.inference.masked_ps.MaskedBandPowerLikelihood : 5.35189e-05 s (37414 evaluations, 2.00235 s total)
[theorycollection] Average computation time:
   flamingo.inference.masked_ps.MaskedTSZTheory : 0.0166477 s (37414 evaluations, 622.856 s total)
[mcmc]  - Acceptance rate: 0.375
[mcmc]  - Convergence of means: R-1 = 0.095299 after 12480 accepted steps
[mcmc]  - Updated covariance matrix of proposal pdf.
[mcmc] Learn + convergence test @ 15640 samples accepted.
[likelihoodcollection] Average computation time:
   flamingo.inference.masked_ps.MaskedBandPowerLikelihood : 5.35167e-05 s (37508 evaluations, 2.0073 s total)
[theorycollection] Average computation time:
   flamingo.inference.masked_ps.MaskedTSZTheory : 0.0166475 s (37508 evaluations, 624.414 s total)
[mcmc]  - Acceptance rate: 0.375
[mcmc]  - Convergence of means: R-1 = 0.100134 after 12512 accepted steps
[mcmc]  - Updated covariance matrix of proposal pdf.
[mcmc] Learn + convergence test @ 15680 samples accepted.
[likelihoodcollection] Average computation time:
   flamingo.inference.masked_ps.MaskedBandPowerLikelihood : 5.35078e-05 s (37603 evaluations, 2.01205 s total)
[theorycollection] Average computation time:
   flamingo.inference.masked_ps.MaskedTSZTheory : 0.016647 s (37603 evaluations, 625.978 s total)
[mcmc]  - Acceptance rate: 0.375
[mcmc]  - Convergence of means: R-1 = 0.110454 after 12544 accepted steps
[mcmc]  - Updated covariance matrix of proposal pdf.
[mcmc] Learn + convergence test @ 15720 samples accepted.
[likelihoodcollection] Average computation time:
   flamingo.inference.masked_ps.MaskedBandPowerLikelihood : 5.34983e-05 s (37698 evaluations, 2.01678 s total)
[theorycollection] Average computation time:
   flamingo.inference.masked_ps.MaskedTSZTheory : 0.0166477 s (37698 evaluations, 627.586 s total)
[mcmc]  - Acceptance rate: 0.375
[mcmc]  - Convergence of means: R-1 = 0.122296 after 12576 accepted steps
[mcmc]  - Updated covariance matrix of proposal pdf.
[mcmc] Learn + convergence test @ 15760 samples accepted.
[likelihoodcollection] Average computation time:
   flamingo.inference.masked_ps.MaskedBandPowerLikelihood : 5.34926e-05 s (37780 evaluations, 2.02095 s total)
[theorycollection] Average computation time:
   flamingo.inference.masked_ps.MaskedTSZTheory : 0.0166476 s (37780 evaluations, 628.947 s total)
[mcmc]  - Acceptance rate: 0.376
[mcmc]  - Convergence of means: R-1 = 0.123084 after 12608 accepted steps
[mcmc]  - Updated covariance matrix of proposal pdf.
[mcmc] Learn + convergence test @ 15800 samples accepted.
[likelihoodcollection] Average computation time:
   flamingo.inference.masked_ps.MaskedBandPowerLikelihood : 5.35003e-05 s (37891 evaluations, 2.02718 s total)
[theorycollection] Average computation time:
   flamingo.inference.masked_ps.MaskedTSZTheory : 0.0166471 s (37891 evaluations, 630.776 s total)
[mcmc]  - Acceptance rate: 0.375
[mcmc]  - Convergence of means: R-1 = 0.121534 after 12640 accepted steps
[mcmc]  - Updated covariance matrix of proposal pdf.
[mcmc] Learn + convergence test @ 15840 samples accepted.
[likelihoodcollection] Average computation time:
   flamingo.inference.masked_ps.MaskedBandPowerLikelihood : 5.35029e-05 s (37980 evaluations, 2.03204 s total)
[theorycollection] Average computation time:
   flamingo.inference.masked_ps.MaskedTSZTheory : 0.0166474 s (37980 evaluations, 632.27 s total)
[mcmc]  - Acceptance rate: 0.376
[mcmc]  - Convergence of means: R-1 = 0.116600 after 12672 accepted steps
[mcmc]  - Updated covariance matrix of proposal pdf.
[mcmc] Learn + convergence test @ 15880 samples accepted.
[likelihoodcollection] Average computation time:
   flamingo.inference.masked_ps.MaskedBandPowerLikelihood : 5.34943e-05 s (38067 evaluations, 2.03637 s total)
[theorycollection] Average computation time:
   flamingo.inference.masked_ps.MaskedTSZTheory : 0.016648 s (38067 evaluations, 633.739 s total)
[mcmc]  - Acceptance rate: 0.376
[mcmc]  - Convergence of means: R-1 = 0.110834 after 12704 accepted steps
[mcmc]  - Updated covariance matrix of proposal pdf.
[mcmc] Learn + convergence test @ 15920 samples accepted.
[likelihoodcollection] Average computation time:
   flamingo.inference.masked_ps.MaskedBandPowerLikelihood : 5.34966e-05 s (38155 evaluations, 2.04116 s total)
[theorycollection] Average computation time:
   flamingo.inference.masked_ps.MaskedTSZTheory : 0.016648 s (38155 evaluations, 635.206 s total)
[mcmc]  - Acceptance rate: 0.376
[mcmc]  - Convergence of means: R-1 = 0.106108 after 12736 accepted steps
[mcmc]  - Updated covariance matrix of proposal pdf.
[mcmc] Learn + convergence test @ 15960 samples accepted.
[likelihoodcollection] Average computation time:
   flamingo.inference.masked_ps.MaskedBandPowerLikelihood : 5.34942e-05 s (38251 evaluations, 2.04621 s total)
[theorycollection] Average computation time:
   flamingo.inference.masked_ps.MaskedTSZTheory : 0.0166483 s (38251 evaluations, 636.814 s total)
[mcmc]  - Acceptance rate: 0.376
[mcmc]  - Convergence of means: R-1 = 0.101604 after 12768 accepted steps
[mcmc]  - Updated covariance matrix of proposal pdf.
[mcmc] Learn + convergence test @ 16000 samples accepted.
[likelihoodcollection] Average computation time:
   flamingo.inference.masked_ps.MaskedBandPowerLikelihood : 5.34906e-05 s (38332 evaluations, 2.0504 s total)
[theorycollection] Average computation time:
   flamingo.inference.masked_ps.MaskedTSZTheory : 0.0166483 s (38332 evaluations, 638.162 s total)
[mcmc]  - Acceptance rate: 0.376
[mcmc]  - Convergence of means: R-1 = 0.093289 after 12800 accepted steps
[mcmc]  - Updated covariance matrix of proposal pdf.
[mcmc] Learn + convergence test @ 16040 samples accepted.
[likelihoodcollection] Average computation time:
   flamingo.inference.masked_ps.MaskedBandPowerLikelihood : 5.34956e-05 s (38417 evaluations, 2.05514 s total)
[theorycollection] Average computation time:
   flamingo.inference.masked_ps.MaskedTSZTheory : 0.016649 s (38417 evaluations, 639.603 s total)
[mcmc]  - Acceptance rate: 0.376
[mcmc]  - Convergence of means: R-1 = 0.091241 after 12832 accepted steps
[mcmc]  - Updated covariance matrix of proposal pdf.
[mcmc] Learn + convergence test @ 16080 samples accepted.
[likelihoodcollection] Average computation time:
   flamingo.inference.masked_ps.MaskedBandPowerLikelihood : 5.35002e-05 s (38556 evaluations, 2.06275 s total)
[theorycollection] Average computation time:
   flamingo.inference.masked_ps.MaskedTSZTheory : 0.0166498 s (38556 evaluations, 641.95 s total)
[mcmc]  - Acceptance rate: 0.375
[mcmc]  - Convergence of means: R-1 = 0.089221 after 12864 accepted steps
[mcmc]  - Updated covariance matrix of proposal pdf.
[mcmc] Learn + convergence test @ 16120 samples accepted.
[likelihoodcollection] Average computation time:
   flamingo.inference.masked_ps.MaskedBandPowerLikelihood : 5.34975e-05 s (38659 evaluations, 2.06816 s total)
[theorycollection] Average computation time:
   flamingo.inference.masked_ps.MaskedTSZTheory : 0.0166491 s (38659 evaluations, 643.637 s total)
[mcmc]  - Acceptance rate: 0.374
[mcmc]  - Convergence of means: R-1 = 0.088213 after 12896 accepted steps
[mcmc]  - Updated covariance matrix of proposal pdf.
[mcmc] Learn + convergence test @ 16160 samples accepted.
[likelihoodcollection] Average computation time:
   flamingo.inference.masked_ps.MaskedBandPowerLikelihood : 5.3501e-05 s (38765 evaluations, 2.07397 s total)
[theorycollection] Average computation time:
   flamingo.inference.masked_ps.MaskedTSZTheory : 0.0166499 s (38765 evaluations, 645.432 s total)
[mcmc]  - Acceptance rate: 0.374
[mcmc]  - Convergence of means: R-1 = 0.084167 after 12928 accepted steps
[mcmc]  - Updated covariance matrix of proposal pdf.
[mcmc] Progress @ 2026-08-03 00:22:58 : 42693 steps taken, and 16184 accepted.
[mcmc] Learn + convergence test @ 16200 samples accepted.
[likelihoodcollection] Average computation time:
   flamingo.inference.masked_ps.MaskedBandPowerLikelihood : 5.35027e-05 s (38853 evaluations, 2.07874 s total)
[theorycollection] Average computation time:
   flamingo.inference.masked_ps.MaskedTSZTheory : 0.0166497 s (38853 evaluations, 646.891 s total)
[mcmc]  - Acceptance rate: 0.375
[mcmc]  - Convergence of means: R-1 = 0.082628 after 12960 accepted steps
[mcmc]  - Updated covariance matrix of proposal pdf.
[mcmc] Learn + convergence test @ 16240 samples accepted.
[likelihoodcollection] Average computation time:
   flamingo.inference.masked_ps.MaskedBandPowerLikelihood : 5.35015e-05 s (38951 evaluations, 2.08394 s total)
[theorycollection] Average computation time:
   flamingo.inference.masked_ps.MaskedTSZTheory : 0.0166498 s (38951 evaluations, 648.528 s total)
[mcmc]  - Acceptance rate: 0.374
[mcmc]  - Convergence of means: R-1 = 0.084236 after 12992 accepted steps
[mcmc]  - Updated covariance matrix of proposal pdf.
[mcmc] Learn + convergence test @ 16280 samples accepted.
[likelihoodcollection] Average computation time:
   flamingo.inference.masked_ps.MaskedBandPowerLikelihood : 5.35026e-05 s (39048 evaluations, 2.08917 s total)
[theorycollection] Average computation time:
   flamingo.inference.masked_ps.MaskedTSZTheory : 0.0166504 s (39048 evaluations, 650.164 s total)
[mcmc]  - Acceptance rate: 0.374
[mcmc]  - Convergence of means: R-1 = 0.083307 after 13024 accepted steps
[mcmc]  - Updated covariance matrix of proposal pdf.
[mcmc] Learn + convergence test @ 16320 samples accepted.
[likelihoodcollection] Average computation time:
   flamingo.inference.masked_ps.MaskedBandPowerLikelihood : 5.35019e-05 s (39136 evaluations, 2.09385 s total)
[theorycollection] Average computation time:
   flamingo.inference.masked_ps.MaskedTSZTheory : 0.0166497 s (39136 evaluations, 651.602 s total)
[mcmc]  - Acceptance rate: 0.375
[mcmc]  - Convergence of means: R-1 = 0.079329 after 13056 accepted steps
[mcmc]  - Updated covariance matrix of proposal pdf.
[mcmc] Learn + convergence test @ 16360 samples accepted.
[likelihoodcollection] Average computation time:
   flamingo.inference.masked_ps.MaskedBandPowerLikelihood : 5.35032e-05 s (39235 evaluations, 2.0992 s total)
[theorycollection] Average computation time:
   flamingo.inference.masked_ps.MaskedTSZTheory : 0.0166505 s (39235 evaluations, 653.283 s total)
[mcmc]  - Acceptance rate: 0.375
[mcmc]  - Convergence of means: R-1 = 0.078977 after 13088 accepted steps
[mcmc]  - Updated covariance matrix of proposal pdf.
[mcmc] Learn + convergence test @ 16400 samples accepted.
[likelihoodcollection] Average computation time:
   flamingo.inference.masked_ps.MaskedBandPowerLikelihood : 5.34989e-05 s (39348 evaluations, 2.10508 s total)
[theorycollection] Average computation time:
   flamingo.inference.masked_ps.MaskedTSZTheory : 0.0166506 s (39348 evaluations, 655.168 s total)
[mcmc]  - Acceptance rate: 0.375
[mcmc]  - Convergence of means: R-1 = 0.082496 after 13120 accepted steps
[mcmc]  - Updated covariance matrix of proposal pdf.
[mcmc] Learn + convergence test @ 16440 samples accepted.
[likelihoodcollection] Average computation time:
   flamingo.inference.masked_ps.MaskedBandPowerLikelihood : 5.34939e-05 s (39456 evaluations, 2.11066 s total)
[theorycollection] Average computation time:
   flamingo.inference.masked_ps.MaskedTSZTheory : 0.0166512 s (39456 evaluations, 656.988 s total)
[mcmc]  - Acceptance rate: 0.375
[mcmc]  - Convergence of means: R-1 = 0.078049 after 13152 accepted steps
[mcmc]  - Updated covariance matrix of proposal pdf.
[mcmc] Learn + convergence test @ 16480 samples accepted.
[likelihoodcollection] Average computation time:
   flamingo.inference.masked_ps.MaskedBandPowerLikelihood : 5.34905e-05 s (39568 evaluations, 2.11651 s total)
[theorycollection] Average computation time:
   flamingo.inference.masked_ps.MaskedTSZTheory : 0.0166507 s (39568 evaluations, 658.837 s total)
[mcmc]  - Acceptance rate: 0.374
[mcmc]  - Convergence of means: R-1 = 0.078574 after 13184 accepted steps
[mcmc]  - Updated covariance matrix of proposal pdf.
[mcmc] Learn + convergence test @ 16520 samples accepted.
[likelihoodcollection] Average computation time:
   flamingo.inference.masked_ps.MaskedBandPowerLikelihood : 5.34897e-05 s (39666 evaluations, 2.12172 s total)
[theorycollection] Average computation time:
   flamingo.inference.masked_ps.MaskedTSZTheory : 0.0166505 s (39666 evaluations, 660.459 s total)
[mcmc]  - Acceptance rate: 0.374
[mcmc]  - Convergence of means: R-1 = 0.080105 after 13216 accepted steps
[mcmc]  - Updated covariance matrix of proposal pdf.
[mcmc] Learn + convergence test @ 16560 samples accepted.
[likelihoodcollection] Average computation time:
   flamingo.inference.masked_ps.MaskedBandPowerLikelihood : 5.34864e-05 s (39767 evaluations, 2.12699 s total)
[theorycollection] Average computation time:
   flamingo.inference.masked_ps.MaskedTSZTheory : 0.0166507 s (39767 evaluations, 662.148 s total)
[mcmc]  - Acceptance rate: 0.374
[mcmc]  - Convergence of means: R-1 = 0.080627 after 13248 accepted steps
[mcmc]  - Updated covariance matrix of proposal pdf.
[mcmc] Learn + convergence test @ 16600 samples accepted.
[likelihoodcollection] Average computation time:
   flamingo.inference.masked_ps.MaskedBandPowerLikelihood : 5.34811e-05 s (39849 evaluations, 2.13117 s total)
[theorycollection] Average computation time:
   flamingo.inference.masked_ps.MaskedTSZTheory : 0.0166522 s (39849 evaluations, 663.574 s total)
[mcmc]  - Acceptance rate: 0.375
[mcmc]  - Convergence of means: R-1 = 0.084141 after 13280 accepted steps
[mcmc]  - Updated covariance matrix of proposal pdf.
[mcmc] Learn + convergence test @ 16640 samples accepted.
[likelihoodcollection] Average computation time:
   flamingo.inference.masked_ps.MaskedBandPowerLikelihood : 5.34755e-05 s (39954 evaluations, 2.13656 s total)
[theorycollection] Average computation time:
   flamingo.inference.masked_ps.MaskedTSZTheory : 0.0166516 s (39954 evaluations, 665.298 s total)
[mcmc]  - Acceptance rate: 0.374
[mcmc]  - Convergence of means: R-1 = 0.087388 after 13312 accepted steps
[mcmc]  - Updated covariance matrix of proposal pdf.
[mcmc] Learn + convergence test @ 16680 samples accepted.
[likelihoodcollection] Average computation time:
   flamingo.inference.masked_ps.MaskedBandPowerLikelihood : 5.34764e-05 s (40047 evaluations, 2.14157 s total)
[theorycollection] Average computation time:
   flamingo.inference.masked_ps.MaskedTSZTheory : 0.0166519 s (40047 evaluations, 666.858 s total)
[mcmc]  - Acceptance rate: 0.375
[mcmc]  - Convergence of means: R-1 = 0.086393 after 13344 accepted steps
[mcmc]  - Updated covariance matrix of proposal pdf.
[mcmc] Learn + convergence test @ 16720 samples accepted.
[likelihoodcollection] Average computation time:
   flamingo.inference.masked_ps.MaskedBandPowerLikelihood : 5.34734e-05 s (40129 evaluations, 2.14583 s total)
[theorycollection] Average computation time:
   flamingo.inference.masked_ps.MaskedTSZTheory : 0.0166513 s (40129 evaluations, 668.2 s total)
[mcmc]  - Acceptance rate: 0.375
[mcmc]  - Convergence of means: R-1 = 0.083219 after 13376 accepted steps
[mcmc]  - Updated covariance matrix of proposal pdf.
[mcmc] Learn + convergence test @ 16760 samples accepted.
[likelihoodcollection] Average computation time:
   flamingo.inference.masked_ps.MaskedBandPowerLikelihood : 5.34722e-05 s (40224 evaluations, 2.15086 s total)
[theorycollection] Average computation time:
   flamingo.inference.masked_ps.MaskedTSZTheory : 0.0166519 s (40224 evaluations, 669.804 s total)
[mcmc]  - Acceptance rate: 0.375
[mcmc]  - Convergence of means: R-1 = 0.077705 after 13408 accepted steps
[mcmc]  - Updated covariance matrix of proposal pdf.
[mcmc] Learn + convergence test @ 16800 samples accepted.
[likelihoodcollection] Average computation time:
   flamingo.inference.masked_ps.MaskedBandPowerLikelihood : 5.34721e-05 s (40321 evaluations, 2.15605 s total)
[theorycollection] Average computation time:
   flamingo.inference.masked_ps.MaskedTSZTheory : 0.0166522 s (40321 evaluations, 671.432 s total)
[mcmc]  - Acceptance rate: 0.375
[mcmc]  - Convergence of means: R-1 = 0.068675 after 13440 accepted steps
[mcmc]  - Updated covariance matrix of proposal pdf.
[mcmc] Learn + convergence test @ 16840 samples accepted.
[likelihoodcollection] Average computation time:
   flamingo.inference.masked_ps.MaskedBandPowerLikelihood : 5.34702e-05 s (40465 evaluations, 2.16367 s total)
[theorycollection] Average computation time:
   flamingo.inference.masked_ps.MaskedTSZTheory : 0.0166514 s (40465 evaluations, 673.798 s total)
[mcmc]  - Acceptance rate: 0.374
[mcmc]  - Convergence of means: R-1 = 0.056867 after 13472 accepted steps
[mcmc]  - Updated covariance matrix of proposal pdf.
[mcmc] Learn + convergence test @ 16880 samples accepted.
[likelihoodcollection] Average computation time:
   flamingo.inference.masked_ps.MaskedBandPowerLikelihood : 5.34718e-05 s (40559 evaluations, 2.16876 s total)
[theorycollection] Average computation time:
   flamingo.inference.masked_ps.MaskedTSZTheory : 0.0166517 s (40559 evaluations, 675.377 s total)
[mcmc]  - Acceptance rate: 0.374
[mcmc]  - Convergence of means: R-1 = 0.056451 after 13504 accepted steps
[mcmc]  - Updated covariance matrix of proposal pdf.
[mcmc] Learn + convergence test @ 16920 samples accepted.
[likelihoodcollection] Average computation time:
   flamingo.inference.masked_ps.MaskedBandPowerLikelihood : 5.34719e-05 s (40645 evaluations, 2.17337 s total)
[theorycollection] Average computation time:
   flamingo.inference.masked_ps.MaskedTSZTheory : 0.0166521 s (40645 evaluations, 676.823 s total)
[mcmc]  - Acceptance rate: 0.374
[mcmc]  - Convergence of means: R-1 = 0.055112 after 13536 accepted steps
[mcmc]  - Updated covariance matrix of proposal pdf.
[mcmc] Learn + convergence test @ 16960 samples accepted.
[likelihoodcollection] Average computation time:
   flamingo.inference.masked_ps.MaskedBandPowerLikelihood : 5.34666e-05 s (40772 evaluations, 2.17994 s total)
[theorycollection] Average computation time:
   flamingo.inference.masked_ps.MaskedTSZTheory : 0.0166521 s (40772 evaluations, 678.938 s total)
[mcmc]  - Acceptance rate: 0.373
[mcmc]  - Convergence of means: R-1 = 0.057016 after 13568 accepted steps
[mcmc]  - Updated covariance matrix of proposal pdf.
[mcmc] Learn + convergence test @ 17000 samples accepted.
[likelihoodcollection] Average computation time:
   flamingo.inference.masked_ps.MaskedBandPowerLikelihood : 5.34816e-05 s (40880 evaluations, 2.18633 s total)
[theorycollection] Average computation time:
   flamingo.inference.masked_ps.MaskedTSZTheory : 0.0166518 s (40880 evaluations, 680.727 s total)
[mcmc]  - Acceptance rate: 0.373
[mcmc]  - Convergence of means: R-1 = 0.056665 after 13600 accepted steps
[mcmc]  - Updated covariance matrix of proposal pdf.
[mcmc] Learn + convergence test @ 17040 samples accepted.
[likelihoodcollection] Average computation time:
   flamingo.inference.masked_ps.MaskedBandPowerLikelihood : 5.34849e-05 s (40974 evaluations, 2.19149 s total)
[theorycollection] Average computation time:
   flamingo.inference.masked_ps.MaskedTSZTheory : 0.0166523 s (40974 evaluations, 682.313 s total)
[mcmc]  - Acceptance rate: 0.373
[mcmc]  - Convergence of means: R-1 = 0.056423 after 13632 accepted steps
[mcmc]  - Updated covariance matrix of proposal pdf.
[mcmc] Learn + convergence test @ 17080 samples accepted.
[likelihoodcollection] Average computation time:
   flamingo.inference.masked_ps.MaskedBandPowerLikelihood : 5.34755e-05 s (41087 evaluations, 2.19715 s total)
[theorycollection] Average computation time:
   flamingo.inference.masked_ps.MaskedTSZTheory : 0.0166522 s (41087 evaluations, 684.189 s total)
[mcmc]  - Acceptance rate: 0.372
[mcmc]  - Convergence of means: R-1 = 0.057902 after 13664 accepted steps
[mcmc]  - Updated covariance matrix of proposal pdf.
[mcmc] Learn + convergence test @ 17120 samples accepted.
[likelihoodcollection] Average computation time:
   flamingo.inference.masked_ps.MaskedBandPowerLikelihood : 5.34723e-05 s (41187 evaluations, 2.20236 s total)
[theorycollection] Average computation time:
   flamingo.inference.masked_ps.MaskedTSZTheory : 0.0166524 s (41187 evaluations, 685.861 s total)
[mcmc]  - Acceptance rate: 0.372
[mcmc]  - Convergence of means: R-1 = 0.057284 after 13696 accepted steps
[mcmc]  - Updated covariance matrix of proposal pdf.
[mcmc] Learn + convergence test @ 17160 samples accepted.
[likelihoodcollection] Average computation time:
   flamingo.inference.masked_ps.MaskedBandPowerLikelihood : 5.34803e-05 s (41288 evaluations, 2.20809 s total)
[theorycollection] Average computation time:
   flamingo.inference.masked_ps.MaskedTSZTheory : 0.016653 s (41288 evaluations, 687.568 s total)
[mcmc]  - Acceptance rate: 0.372
[mcmc]  - Convergence of means: R-1 = 0.059279 after 13728 accepted steps
[mcmc]  - Updated covariance matrix of proposal pdf.
[mcmc] Learn + convergence test @ 17200 samples accepted.
[likelihoodcollection] Average computation time:
   flamingo.inference.masked_ps.MaskedBandPowerLikelihood : 5.34723e-05 s (41380 evaluations, 2.21268 s total)
[theorycollection] Average computation time:
   flamingo.inference.masked_ps.MaskedTSZTheory : 0.0166524 s (41380 evaluations, 689.075 s total)
[mcmc]  - Acceptance rate: 0.372
[mcmc]  - Convergence of means: R-1 = 0.059660 after 13760 accepted steps
[mcmc]  - Updated covariance matrix of proposal pdf.
[mcmc] Learn + convergence test @ 17240 samples accepted.
[likelihoodcollection] Average computation time:
   flamingo.inference.masked_ps.MaskedBandPowerLikelihood : 5.34688e-05 s (41482 evaluations, 2.21799 s total)
[theorycollection] Average computation time:
   flamingo.inference.masked_ps.MaskedTSZTheory : 0.0166528 s (41482 evaluations, 690.792 s total)
[mcmc]  - Acceptance rate: 0.372
[mcmc]  - Convergence of means: R-1 = 0.059974 after 13792 accepted steps
[mcmc]  - Updated covariance matrix of proposal pdf.
[mcmc] Learn + convergence test @ 17280 samples accepted.
[likelihoodcollection] Average computation time:
   flamingo.inference.masked_ps.MaskedBandPowerLikelihood : 5.34771e-05 s (41604 evaluations, 2.22486 s total)
[theorycollection] Average computation time:
   flamingo.inference.masked_ps.MaskedTSZTheory : 0.0166535 s (41604 evaluations, 692.853 s total)
[mcmc]  - Acceptance rate: 0.372
[mcmc]  - Convergence of means: R-1 = 0.059904 after 13824 accepted steps
[mcmc]  - Updated covariance matrix of proposal pdf.
[mcmc] Learn + convergence test @ 17320 samples accepted.
[likelihoodcollection] Average computation time:
   flamingo.inference.masked_ps.MaskedBandPowerLikelihood : 5.34737e-05 s (41682 evaluations, 2.22889 s total)
[theorycollection] Average computation time:
   flamingo.inference.masked_ps.MaskedTSZTheory : 0.0166535 s (41682 evaluations, 694.15 s total)
[mcmc]  - Acceptance rate: 0.372
[mcmc]  - Convergence of means: R-1 = 0.059811 after 13856 accepted steps
[mcmc]  - Updated covariance matrix of proposal pdf.
[mcmc] Learn + convergence test @ 17360 samples accepted.
[likelihoodcollection] Average computation time:
   flamingo.inference.masked_ps.MaskedBandPowerLikelihood : 5.34849e-05 s (41785 evaluations, 2.23487 s total)
[theorycollection] Average computation time:
   flamingo.inference.masked_ps.MaskedTSZTheory : 0.0166543 s (41785 evaluations, 695.9 s total)
[mcmc]  - Acceptance rate: 0.372
[mcmc]  - Convergence of means: R-1 = 0.060557 after 13888 accepted steps
[mcmc]  - Updated covariance matrix of proposal pdf.
[mcmc] Learn + convergence test @ 17400 samples accepted.
[likelihoodcollection] Average computation time:
   flamingo.inference.masked_ps.MaskedBandPowerLikelihood : 5.34952e-05 s (41885 evaluations, 2.24065 s total)
[theorycollection] Average computation time:
   flamingo.inference.masked_ps.MaskedTSZTheory : 0.0166543 s (41885 evaluations, 697.564 s total)
[mcmc]  - Acceptance rate: 0.372
[mcmc]  - Convergence of means: R-1 = 0.059435 after 13920 accepted steps
[mcmc]  - Updated covariance matrix of proposal pdf.
[mcmc] Learn + convergence test @ 17440 samples accepted.
[likelihoodcollection] Average computation time:
   flamingo.inference.masked_ps.MaskedBandPowerLikelihood : 5.34898e-05 s (41988 evaluations, 2.24593 s total)
[theorycollection] Average computation time:
   flamingo.inference.masked_ps.MaskedTSZTheory : 0.0166538 s (41988 evaluations, 699.261 s total)
[mcmc]  - Acceptance rate: 0.372
[mcmc]  - Convergence of means: R-1 = 0.059215 after 13952 accepted steps
[mcmc]  - Updated covariance matrix of proposal pdf.
[mcmc] Learn + convergence test @ 17480 samples accepted.
[likelihoodcollection] Average computation time:
   flamingo.inference.masked_ps.MaskedBandPowerLikelihood : 5.34902e-05 s (42092 evaluations, 2.25151 s total)
[theorycollection] Average computation time:
   flamingo.inference.masked_ps.MaskedTSZTheory : 0.0166542 s (42092 evaluations, 701.008 s total)
[mcmc]  - Acceptance rate: 0.372
[mcmc]  - Convergence of means: R-1 = 0.057221 after 13984 accepted steps
[mcmc]  - Updated covariance matrix of proposal pdf.
[mcmc] Learn + convergence test @ 17520 samples accepted.
[likelihoodcollection] Average computation time:
   flamingo.inference.masked_ps.MaskedBandPowerLikelihood : 5.34928e-05 s (42190 evaluations, 2.25686 s total)
[theorycollection] Average computation time:
   flamingo.inference.masked_ps.MaskedTSZTheory : 0.0166547 s (42190 evaluations, 702.661 s total)
[mcmc]  - Acceptance rate: 0.372
[mcmc]  - Convergence of means: R-1 = 0.051594 after 14016 accepted steps
[mcmc]  - Updated covariance matrix of proposal pdf.
[mcmc] Learn + convergence test @ 17560 samples accepted.
[likelihoodcollection] Average computation time:
   flamingo.inference.masked_ps.MaskedBandPowerLikelihood : 5.34892e-05 s (42317 evaluations, 2.2635 s total)
[theorycollection] Average computation time:
   flamingo.inference.masked_ps.MaskedTSZTheory : 0.0166555 s (42317 evaluations, 704.809 s total)
[mcmc]  - Acceptance rate: 0.371
[mcmc]  - Convergence of means: R-1 = 0.048571 after 14048 accepted steps
[mcmc]  - Updated covariance matrix of proposal pdf.
[mcmc] Progress @ 2026-08-03 00:23:58 : 46607 steps taken, and 17564 accepted.
[mcmc] Learn + convergence test @ 17600 samples accepted.
[likelihoodcollection] Average computation time:
   flamingo.inference.masked_ps.MaskedBandPowerLikelihood : 5.34836e-05 s (42472 evaluations, 2.27156 s total)
[theorycollection] Average computation time:
   flamingo.inference.masked_ps.MaskedTSZTheory : 0.0166554 s (42472 evaluations, 707.389 s total)
[mcmc]  - Acceptance rate: 0.371
[mcmc]  - Convergence of means: R-1 = 0.041619 after 14080 accepted steps
[mcmc]  - Updated covariance matrix of proposal pdf.
[mcmc] Learn + convergence test @ 17640 samples accepted.
[likelihoodcollection] Average computation time:
   flamingo.inference.masked_ps.MaskedBandPowerLikelihood : 5.34899e-05 s (42580 evaluations, 2.2776 s total)
[theorycollection] Average computation time:
   flamingo.inference.masked_ps.MaskedTSZTheory : 0.0166554 s (42580 evaluations, 709.189 s total)
[mcmc]  - Acceptance rate: 0.371
[mcmc]  - Convergence of means: R-1 = 0.040554 after 14112 accepted steps
[mcmc]  - Updated covariance matrix of proposal pdf.
[mcmc] Learn + convergence test @ 17680 samples accepted.
[likelihoodcollection] Average computation time:
   flamingo.inference.masked_ps.MaskedBandPowerLikelihood : 5.34971e-05 s (42677 evaluations, 2.2831 s total)
[theorycollection] Average computation time:
   flamingo.inference.masked_ps.MaskedTSZTheory : 0.0166551 s (42677 evaluations, 710.788 s total)
[mcmc]  - Acceptance rate: 0.371
[mcmc]  - Convergence of means: R-1 = 0.041086 after 14144 accepted steps
[mcmc]  - Updated covariance matrix of proposal pdf.
[mcmc] Learn + convergence test @ 17720 samples accepted.
[likelihoodcollection] Average computation time:
   flamingo.inference.masked_ps.MaskedBandPowerLikelihood : 5.35007e-05 s (42779 evaluations, 2.28871 s total)
[theorycollection] Average computation time:
   flamingo.inference.masked_ps.MaskedTSZTheory : 0.0166549 s (42779 evaluations, 712.478 s total)
[mcmc]  - Acceptance rate: 0.371
[mcmc]  - Convergence of means: R-1 = 0.039557 after 14176 accepted steps
[mcmc]  - Updated covariance matrix of proposal pdf.
[mcmc] Learn + convergence test @ 17760 samples accepted.
[likelihoodcollection] Average computation time:
   flamingo.inference.masked_ps.MaskedBandPowerLikelihood : 5.34971e-05 s (42853 evaluations, 2.29251 s total)
[theorycollection] Average computation time:
   flamingo.inference.masked_ps.MaskedTSZTheory : 0.016654 s (42853 evaluations, 713.676 s total)
[mcmc]  - Acceptance rate: 0.371
[mcmc]  - Convergence of means: R-1 = 0.040721 after 14208 accepted steps
[mcmc]  - Updated covariance matrix of proposal pdf.
[mcmc] Learn + convergence test @ 17800 samples accepted.
[likelihoodcollection] Average computation time:
   flamingo.inference.masked_ps.MaskedBandPowerLikelihood : 5.35081e-05 s (42997 evaluations, 2.30069 s total)
[theorycollection] Average computation time:
   flamingo.inference.masked_ps.MaskedTSZTheory : 0.0166544 s (42997 evaluations, 716.088 s total)
[mcmc]  - Acceptance rate: 0.371
[mcmc]  - Convergence of means: R-1 = 0.038736 after 14240 accepted steps
[mcmc]  - Updated covariance matrix of proposal pdf.
[mcmc] Learn + convergence test @ 17840 samples accepted.
[likelihoodcollection] Average computation time:
   flamingo.inference.masked_ps.MaskedBandPowerLikelihood : 5.35089e-05 s (43075 evaluations, 2.3049 s total)
[theorycollection] Average computation time:
   flamingo.inference.masked_ps.MaskedTSZTheory : 0.0166544 s (43075 evaluations, 717.386 s total)
[mcmc]  - Acceptance rate: 0.371
[mcmc]  - Convergence of means: R-1 = 0.036786 after 14272 accepted steps
[mcmc]  - Updated covariance matrix of proposal pdf.
[mcmc] Learn + convergence test @ 17880 samples accepted.
[likelihoodcollection] Average computation time:
   flamingo.inference.masked_ps.MaskedBandPowerLikelihood : 5.35098e-05 s (43164 evaluations, 2.3097 s total)
[theorycollection] Average computation time:
   flamingo.inference.masked_ps.MaskedTSZTheory : 0.0166549 s (43164 evaluations, 718.893 s total)
[mcmc]  - Acceptance rate: 0.371
[mcmc]  - Convergence of means: R-1 = 0.036139 after 14304 accepted steps
[mcmc]  - Updated covariance matrix of proposal pdf.
[mcmc] Learn + convergence test @ 17920 samples accepted.
[likelihoodcollection] Average computation time:
   flamingo.inference.masked_ps.MaskedBandPowerLikelihood : 5.3509e-05 s (43254 evaluations, 2.31448 s total)
[theorycollection] Average computation time:
   flamingo.inference.masked_ps.MaskedTSZTheory : 0.0166549 s (43254 evaluations, 720.391 s total)
[mcmc]  - Acceptance rate: 0.371
[mcmc]  - Convergence of means: R-1 = 0.035890 after 14336 accepted steps
[mcmc]  - Updated covariance matrix of proposal pdf.
[mcmc] Learn + convergence test @ 17960 samples accepted.
[likelihoodcollection] Average computation time:
   flamingo.inference.masked_ps.MaskedBandPowerLikelihood : 5.3504e-05 s (43374 evaluations, 2.32068 s total)
[theorycollection] Average computation time:
   flamingo.inference.masked_ps.MaskedTSZTheory : 0.0166552 s (43374 evaluations, 722.402 s total)
[mcmc]  - Acceptance rate: 0.371
[mcmc]  - Convergence of means: R-1 = 0.035402 after 14368 accepted steps
[mcmc]  - Updated covariance matrix of proposal pdf.
[mcmc] Learn + convergence test @ 18000 samples accepted.
[likelihoodcollection] Average computation time:
   flamingo.inference.masked_ps.MaskedBandPowerLikelihood : 5.35012e-05 s (43475 evaluations, 2.32597 s total)
[theorycollection] Average computation time:
   flamingo.inference.masked_ps.MaskedTSZTheory : 0.0166555 s (43475 evaluations, 724.098 s total)
[mcmc]  - Acceptance rate: 0.371
[mcmc]  - Convergence of means: R-1 = 0.036148 after 14400 accepted steps
[mcmc]  - Updated covariance matrix of proposal pdf.
[mcmc] Learn + convergence test @ 18040 samples accepted.
[likelihoodcollection] Average computation time:
   flamingo.inference.masked_ps.MaskedBandPowerLikelihood : 5.35163e-05 s (43609 evaluations, 2.33379 s total)
[theorycollection] Average computation time:
   flamingo.inference.masked_ps.MaskedTSZTheory : 0.0166552 s (43609 evaluations, 726.319 s total)
[mcmc]  - Acceptance rate: 0.370
[mcmc]  - Convergence of means: R-1 = 0.034771 after 14432 accepted steps
[mcmc]  - Updated covariance matrix of proposal pdf.
[mcmc] Learn + convergence test @ 18080 samples accepted.
[likelihoodcollection] Average computation time:
   flamingo.inference.masked_ps.MaskedBandPowerLikelihood : 5.35278e-05 s (43765 evaluations, 2.34264 s total)
[theorycollection] Average computation time:
   flamingo.inference.masked_ps.MaskedTSZTheory : 0.0166559 s (43765 evaluations, 728.947 s total)
[mcmc]  - Acceptance rate: 0.370
[mcmc]  - Convergence of means: R-1 = 0.034473 after 14464 accepted steps
[mcmc]  - Updated covariance matrix of proposal pdf.
[mcmc] Learn + convergence test @ 18120 samples accepted.
[likelihoodcollection] Average computation time:
   flamingo.inference.masked_ps.MaskedBandPowerLikelihood : 5.35289e-05 s (43900 evaluations, 2.34992 s total)
[theorycollection] Average computation time:
   flamingo.inference.masked_ps.MaskedTSZTheory : 0.0166561 s (43900 evaluations, 731.204 s total)
[mcmc]  - Acceptance rate: 0.370
[mcmc]  - Convergence of means: R-1 = 0.038995 after 14496 accepted steps
[mcmc]  - Updated covariance matrix of proposal pdf.
[mcmc] Learn + convergence test @ 18160 samples accepted.
[likelihoodcollection] Average computation time:
   flamingo.inference.masked_ps.MaskedBandPowerLikelihood : 5.35273e-05 s (44031 evaluations, 2.35686 s total)
[theorycollection] Average computation time:
   flamingo.inference.masked_ps.MaskedTSZTheory : 0.0166563 s (44031 evaluations, 733.393 s total)
[mcmc]  - Acceptance rate: 0.369
[mcmc]  - Convergence of means: R-1 = 0.045125 after 14528 accepted steps
[mcmc]  - Updated covariance matrix of proposal pdf.
[mcmc] Learn + convergence test @ 18200 samples accepted.
[likelihoodcollection] Average computation time:
   flamingo.inference.masked_ps.MaskedBandPowerLikelihood : 5.35293e-05 s (44170 evaluations, 2.36439 s total)
[theorycollection] Average computation time:
   flamingo.inference.masked_ps.MaskedTSZTheory : 0.016656 s (44170 evaluations, 735.695 s total)
[mcmc]  - Acceptance rate: 0.369
[mcmc]  - Convergence of means: R-1 = 0.047660 after 14560 accepted steps
[mcmc]  - Updated covariance matrix of proposal pdf.
[mcmc] Learn + convergence test @ 18240 samples accepted.
[likelihoodcollection] Average computation time:
   flamingo.inference.masked_ps.MaskedBandPowerLikelihood : 5.35311e-05 s (44262 evaluations, 2.36939 s total)
[theorycollection] Average computation time:
   flamingo.inference.masked_ps.MaskedTSZTheory : 0.0166554 s (44262 evaluations, 737.2 s total)
[mcmc]  - Acceptance rate: 0.369
[mcmc]  - Convergence of means: R-1 = 0.046500 after 14592 accepted steps
[mcmc]  - Updated covariance matrix of proposal pdf.
[mcmc] Learn + convergence test @ 18280 samples accepted.
[likelihoodcollection] Average computation time:
   flamingo.inference.masked_ps.MaskedBandPowerLikelihood : 5.35355e-05 s (44368 evaluations, 2.37526 s total)
[theorycollection] Average computation time:
   flamingo.inference.masked_ps.MaskedTSZTheory : 0.0166551 s (44368 evaluations, 738.953 s total)
[mcmc]  - Acceptance rate: 0.369
[mcmc]  - Convergence of means: R-1 = 0.046525 after 14624 accepted steps
[mcmc]  - Updated covariance matrix of proposal pdf.
[mcmc] Learn + convergence test @ 18320 samples accepted.
[likelihoodcollection] Average computation time:
   flamingo.inference.masked_ps.MaskedBandPowerLikelihood : 5.35445e-05 s (44484 evaluations, 2.38187 s total)
[theorycollection] Average computation time:
   flamingo.inference.masked_ps.MaskedTSZTheory : 0.0166546 s (44484 evaluations, 740.861 s total)
[mcmc]  - Acceptance rate: 0.369
[mcmc]  - Convergence of means: R-1 = 0.049362 after 14656 accepted steps
[mcmc]  - Updated covariance matrix of proposal pdf.
[mcmc] Learn + convergence test @ 18360 samples accepted.
[likelihoodcollection] Average computation time:
   flamingo.inference.masked_ps.MaskedBandPowerLikelihood : 5.35496e-05 s (44600 evaluations, 2.38831 s total)
[theorycollection] Average computation time:
   flamingo.inference.masked_ps.MaskedTSZTheory : 0.0166547 s (44600 evaluations, 742.798 s total)
[mcmc]  - Acceptance rate: 0.368
[mcmc]  - Convergence of means: R-1 = 0.050472 after 14688 accepted steps
[mcmc]  - Updated covariance matrix of proposal pdf.
[mcmc] Learn + convergence test @ 18400 samples accepted.
[likelihoodcollection] Average computation time:
   flamingo.inference.masked_ps.MaskedBandPowerLikelihood : 5.3542e-05 s (44714 evaluations, 2.39408 s total)
[theorycollection] Average computation time:
   flamingo.inference.masked_ps.MaskedTSZTheory : 0.0166545 s (44714 evaluations, 744.691 s total)
[mcmc]  - Acceptance rate: 0.368
[mcmc]  - Convergence of means: R-1 = 0.050477 after 14720 accepted steps
[mcmc]  - Updated covariance matrix of proposal pdf.
[mcmc] Learn + convergence test @ 18440 samples accepted.
[likelihoodcollection] Average computation time:
   flamingo.inference.masked_ps.MaskedBandPowerLikelihood : 5.35436e-05 s (44809 evaluations, 2.39923 s total)
[theorycollection] Average computation time:
   flamingo.inference.masked_ps.MaskedTSZTheory : 0.0166547 s (44809 evaluations, 746.283 s total)
[mcmc]  - Acceptance rate: 0.368
[mcmc]  - Convergence of means: R-1 = 0.049406 after 14752 accepted steps
[mcmc]  - Updated covariance matrix of proposal pdf.
[mcmc] Learn + convergence test @ 18480 samples accepted.
[likelihoodcollection] Average computation time:
   flamingo.inference.masked_ps.MaskedBandPowerLikelihood : 5.35413e-05 s (44923 evaluations, 2.40524 s total)
[theorycollection] Average computation time:
   flamingo.inference.masked_ps.MaskedTSZTheory : 0.0166549 s (44923 evaluations, 748.188 s total)
[mcmc]  - Acceptance rate: 0.368
[mcmc]  - Convergence of means: R-1 = 0.047074 after 14784 accepted steps
[mcmc]  - Updated covariance matrix of proposal pdf.
[mcmc] Learn + convergence test @ 18520 samples accepted.
[likelihoodcollection] Average computation time:
   flamingo.inference.masked_ps.MaskedBandPowerLikelihood : 5.35369e-05 s (45027 evaluations, 2.41061 s total)
[theorycollection] Average computation time:
   flamingo.inference.masked_ps.MaskedTSZTheory : 0.0166552 s (45027 evaluations, 749.932 s total)
[mcmc]  - Acceptance rate: 0.368
[mcmc]  - Convergence of means: R-1 = 0.045321 after 14816 accepted steps
[mcmc]  - Updated covariance matrix of proposal pdf.
[mcmc] Learn + convergence test @ 18560 samples accepted.
[likelihoodcollection] Average computation time:
   flamingo.inference.masked_ps.MaskedBandPowerLikelihood : 5.35306e-05 s (45138 evaluations, 2.41626 s total)
[theorycollection] Average computation time:
   flamingo.inference.masked_ps.MaskedTSZTheory : 0.0166538 s (45138 evaluations, 751.718 s total)
[mcmc]  - Acceptance rate: 0.368
[mcmc]  - Convergence of means: R-1 = 0.044034 after 14848 accepted steps
[mcmc]  - Updated covariance matrix of proposal pdf.
[mcmc] Learn + convergence test @ 18600 samples accepted.
[likelihoodcollection] Average computation time:
   flamingo.inference.masked_ps.MaskedBandPowerLikelihood : 5.35257e-05 s (45280 evaluations, 2.42364 s total)
[theorycollection] Average computation time:
   flamingo.inference.masked_ps.MaskedTSZTheory : 0.0166531 s (45280 evaluations, 754.054 s total)
[mcmc]  - Acceptance rate: 0.367
[mcmc]  - Convergence of means: R-1 = 0.046958 after 14880 accepted steps
[mcmc]  - Updated covariance matrix of proposal pdf.
[mcmc] Learn + convergence test @ 18640 samples accepted.
[likelihoodcollection] Average computation time:
   flamingo.inference.masked_ps.MaskedBandPowerLikelihood : 5.35288e-05 s (45397 evaluations, 2.43005 s total)
[theorycollection] Average computation time:
   flamingo.inference.masked_ps.MaskedTSZTheory : 0.0166536 s (45397 evaluations, 756.023 s total)
[mcmc]  - Acceptance rate: 0.366
[mcmc]  - Convergence of means: R-1 = 0.049925 after 14912 accepted steps
[mcmc]  - Updated covariance matrix of proposal pdf.
[mcmc] Learn + convergence test @ 18680 samples accepted.
[likelihoodcollection] Average computation time:
   flamingo.inference.masked_ps.MaskedBandPowerLikelihood : 5.3524e-05 s (45491 evaluations, 2.43486 s total)
[theorycollection] Average computation time:
   flamingo.inference.masked_ps.MaskedTSZTheory : 0.0166533 s (45491 evaluations, 757.575 s total)
[mcmc]  - Acceptance rate: 0.367
[mcmc]  - Convergence of means: R-1 = 0.051768 after 14944 accepted steps
[mcmc]  - Updated covariance matrix of proposal pdf.
[mcmc] Learn + convergence test @ 18720 samples accepted.
[likelihoodcollection] Average computation time:
   flamingo.inference.masked_ps.MaskedBandPowerLikelihood : 5.35326e-05 s (45598 evaluations, 2.44098 s total)
[theorycollection] Average computation time:
   flamingo.inference.masked_ps.MaskedTSZTheory : 0.016654 s (45598 evaluations, 759.389 s total)
[mcmc]  - Acceptance rate: 0.366
[mcmc]  - Convergence of means: R-1 = 0.056868 after 14976 accepted steps
[mcmc]  - Updated covariance matrix of proposal pdf.
[mcmc] Learn + convergence test @ 18760 samples accepted.
[likelihoodcollection] Average computation time:
   flamingo.inference.masked_ps.MaskedBandPowerLikelihood : 5.35325e-05 s (45709 evaluations, 2.44692 s total)
[theorycollection] Average computation time:
   flamingo.inference.masked_ps.MaskedTSZTheory : 0.016655 s (45709 evaluations, 761.283 s total)
[mcmc]  - Acceptance rate: 0.366
[mcmc]  - Convergence of means: R-1 = 0.057809 after 15008 accepted steps
[mcmc]  - Updated covariance matrix of proposal pdf.
[mcmc] Learn + convergence test @ 18800 samples accepted.
[likelihoodcollection] Average computation time:
   flamingo.inference.masked_ps.MaskedBandPowerLikelihood : 5.35324e-05 s (45821 evaluations, 2.45291 s total)
[theorycollection] Average computation time:
   flamingo.inference.masked_ps.MaskedTSZTheory : 0.0166551 s (45821 evaluations, 763.152 s total)
[mcmc]  - Acceptance rate: 0.366
[mcmc]  - Convergence of means: R-1 = 0.058078 after 15040 accepted steps
[mcmc]  - Updated covariance matrix of proposal pdf.
[mcmc] Progress @ 2026-08-03 00:24:58 : 50577 steps taken, and 18809 accepted.
[mcmc] Learn + convergence test @ 18840 samples accepted.
[likelihoodcollection] Average computation time:
   flamingo.inference.masked_ps.MaskedBandPowerLikelihood : 5.35306e-05 s (45917 evaluations, 2.45796 s total)
[theorycollection] Average computation time:
   flamingo.inference.masked_ps.MaskedTSZTheory : 0.0166552 s (45917 evaluations, 764.759 s total)
[mcmc]  - Acceptance rate: 0.366
[mcmc]  - Convergence of means: R-1 = 0.055662 after 15072 accepted steps
[mcmc]  - Updated covariance matrix of proposal pdf.
[mcmc] Learn + convergence test @ 18880 samples accepted.
[likelihoodcollection] Average computation time:
   flamingo.inference.masked_ps.MaskedBandPowerLikelihood : 5.35318e-05 s (46039 evaluations, 2.46455 s total)
[theorycollection] Average computation time:
   flamingo.inference.masked_ps.MaskedTSZTheory : 0.0166548 s (46039 evaluations, 766.772 s total)
[mcmc]  - Acceptance rate: 0.366
[mcmc]  - Convergence of means: R-1 = 0.054415 after 15104 accepted steps
[mcmc]  - Updated covariance matrix of proposal pdf.
[mcmc] Learn + convergence test @ 18920 samples accepted.
[likelihoodcollection] Average computation time:
   flamingo.inference.masked_ps.MaskedBandPowerLikelihood : 5.35264e-05 s (46142 evaluations, 2.46982 s total)
[theorycollection] Average computation time:
   flamingo.inference.masked_ps.MaskedTSZTheory : 0.0166547 s (46142 evaluations, 768.481 s total)
[mcmc]  - Acceptance rate: 0.366
[mcmc]  - Convergence of means: R-1 = 0.051586 after 15136 accepted steps
[mcmc]  - Updated covariance matrix of proposal pdf.
[mcmc] Learn + convergence test @ 18960 samples accepted.
[likelihoodcollection] Average computation time:
   flamingo.inference.masked_ps.MaskedBandPowerLikelihood : 5.35227e-05 s (46234 evaluations, 2.47457 s total)
[theorycollection] Average computation time:
   flamingo.inference.masked_ps.MaskedTSZTheory : 0.0166543 s (46234 evaluations, 769.993 s total)
[mcmc]  - Acceptance rate: 0.366
[mcmc]  - Convergence of means: R-1 = 0.048535 after 15168 accepted steps
[mcmc]  - Updated covariance matrix of proposal pdf.
[mcmc] Learn + convergence test @ 19000 samples accepted.
[likelihoodcollection] Average computation time:
   flamingo.inference.masked_ps.MaskedBandPowerLikelihood : 5.35209e-05 s (46331 evaluations, 2.47968 s total)
[theorycollection] Average computation time:
   flamingo.inference.masked_ps.MaskedTSZTheory : 0.0166536 s (46331 evaluations, 771.579 s total)
[mcmc]  - Acceptance rate: 0.366
[mcmc]  - Convergence of means: R-1 = 0.048300 after 15200 accepted steps
[mcmc]  - Updated covariance matrix of proposal pdf.
[mcmc] Learn + convergence test @ 19040 samples accepted.
[likelihoodcollection] Average computation time:
   flamingo.inference.masked_ps.MaskedBandPowerLikelihood : 5.35294e-05 s (46456 evaluations, 2.48676 s total)
[theorycollection] Average computation time:
   flamingo.inference.masked_ps.MaskedTSZTheory : 0.0166533 s (46456 evaluations, 773.647 s total)
[mcmc]  - Acceptance rate: 0.365
[mcmc]  - Convergence of means: R-1 = 0.051254 after 15232 accepted steps
[mcmc]  - Updated covariance matrix of proposal pdf.
[mcmc] Learn + convergence test @ 19080 samples accepted.
[likelihoodcollection] Average computation time:
   flamingo.inference.masked_ps.MaskedBandPowerLikelihood : 5.35331e-05 s (46568 evaluations, 2.49293 s total)
[theorycollection] Average computation time:
   flamingo.inference.masked_ps.MaskedTSZTheory : 0.0166531 s (46568 evaluations, 775.5 s total)
[mcmc]  - Acceptance rate: 0.365
[mcmc]  - Convergence of means: R-1 = 0.056224 after 15264 accepted steps
[mcmc]  - Updated covariance matrix of proposal pdf.
[mcmc] Learn + convergence test @ 19120 samples accepted.
[likelihoodcollection] Average computation time:
   flamingo.inference.masked_ps.MaskedBandPowerLikelihood : 5.35361e-05 s (46697 evaluations, 2.49997 s total)
[theorycollection] Average computation time:
   flamingo.inference.masked_ps.MaskedTSZTheory : 0.016653 s (46697 evaluations, 777.646 s total)
[mcmc]  - Acceptance rate: 0.365
[mcmc]  - Convergence of means: R-1 = 0.060472 after 15296 accepted steps
[mcmc]  - Updated covariance matrix of proposal pdf.
[mcmc] Learn + convergence test @ 19160 samples accepted.
[likelihoodcollection] Average computation time:
   flamingo.inference.masked_ps.MaskedBandPowerLikelihood : 5.35361e-05 s (46786 evaluations, 2.50474 s total)
[theorycollection] Average computation time:
   flamingo.inference.masked_ps.MaskedTSZTheory : 0.0166531 s (46786 evaluations, 779.134 s total)
[mcmc]  - Acceptance rate: 0.365
[mcmc]  - Convergence of means: R-1 = 0.059935 after 15328 accepted steps
[mcmc]  - Updated covariance matrix of proposal pdf.
[mcmc] Learn + convergence test @ 19200 samples accepted.
[likelihoodcollection] Average computation time:
   flamingo.inference.masked_ps.MaskedBandPowerLikelihood : 5.35354e-05 s (46894 evaluations, 2.51049 s total)
[theorycollection] Average computation time:
   flamingo.inference.masked_ps.MaskedTSZTheory : 0.0166528 s (46894 evaluations, 780.916 s total)
[mcmc]  - Acceptance rate: 0.365
[mcmc]  - Convergence of means: R-1 = 0.058969 after 15360 accepted steps
[mcmc]  - Updated covariance matrix of proposal pdf.
[mcmc] Learn + convergence test @ 19240 samples accepted.
[likelihoodcollection] Average computation time:
   flamingo.inference.masked_ps.MaskedBandPowerLikelihood : 5.35353e-05 s (46998 evaluations, 2.51605 s total)
[theorycollection] Average computation time:
   flamingo.inference.masked_ps.MaskedTSZTheory : 0.0166531 s (46998 evaluations, 782.661 s total)
[mcmc]  - Acceptance rate: 0.365
[mcmc]  - Convergence of means: R-1 = 0.058919 after 15392 accepted steps
[mcmc]  - Updated covariance matrix of proposal pdf.
[mcmc] Learn + convergence test @ 19280 samples accepted.
[likelihoodcollection] Average computation time:
   flamingo.inference.masked_ps.MaskedBandPowerLikelihood : 5.35393e-05 s (47131 evaluations, 2.52336 s total)
[theorycollection] Average computation time:
   flamingo.inference.masked_ps.MaskedTSZTheory : 0.0166533 s (47131 evaluations, 784.887 s total)
[mcmc]  - Acceptance rate: 0.364
[mcmc]  - Convergence of means: R-1 = 0.056831 after 15424 accepted steps
[mcmc]  - Updated covariance matrix of proposal pdf.
[mcmc] Learn + convergence test @ 19320 samples accepted.
[likelihoodcollection] Average computation time:
   flamingo.inference.masked_ps.MaskedBandPowerLikelihood : 5.35458e-05 s (47229 evaluations, 2.52892 s total)
[theorycollection] Average computation time:
   flamingo.inference.masked_ps.MaskedTSZTheory : 0.0166531 s (47229 evaluations, 786.509 s total)
[mcmc]  - Acceptance rate: 0.364
[mcmc]  - Convergence of means: R-1 = 0.056754 after 15456 accepted steps
[mcmc]  - Updated covariance matrix of proposal pdf.
[mcmc] Learn + convergence test @ 19360 samples accepted.
[likelihoodcollection] Average computation time:
   flamingo.inference.masked_ps.MaskedBandPowerLikelihood : 5.35522e-05 s (47320 evaluations, 2.53409 s total)
[theorycollection] Average computation time:
   flamingo.inference.masked_ps.MaskedTSZTheory : 0.0166537 s (47320 evaluations, 788.054 s total)
[mcmc]  - Acceptance rate: 0.365
[mcmc]  - Convergence of means: R-1 = 0.054588 after 15488 accepted steps
[mcmc]  - Updated covariance matrix of proposal pdf.
[mcmc] Learn + convergence test @ 19400 samples accepted.
[likelihoodcollection] Average computation time:
   flamingo.inference.masked_ps.MaskedBandPowerLikelihood : 5.35629e-05 s (47418 evaluations, 2.53985 s total)
[theorycollection] Average computation time:
   flamingo.inference.masked_ps.MaskedTSZTheory : 0.016654 s (47418 evaluations, 789.701 s total)
[mcmc]  - Acceptance rate: 0.365
[mcmc]  - Convergence of means: R-1 = 0.054017 after 15520 accepted steps
[mcmc]  - Updated covariance matrix of proposal pdf.
[mcmc] Learn + convergence test @ 19440 samples accepted.
[likelihoodcollection] Average computation time:
   flamingo.inference.masked_ps.MaskedBandPowerLikelihood : 5.35563e-05 s (47506 evaluations, 2.54425 s total)
[theorycollection] Average computation time:
   flamingo.inference.masked_ps.MaskedTSZTheory : 0.0166536 s (47506 evaluations, 791.144 s total)
[mcmc]  - Acceptance rate: 0.365
[mcmc]  - Convergence of means: R-1 = 0.053211 after 15552 accepted steps
[mcmc]  - Updated covariance matrix of proposal pdf.
[mcmc] Learn + convergence test @ 19480 samples accepted.
[likelihoodcollection] Average computation time:
   flamingo.inference.masked_ps.MaskedBandPowerLikelihood : 5.35533e-05 s (47584 evaluations, 2.54828 s total)
[theorycollection] Average computation time:
   flamingo.inference.masked_ps.MaskedTSZTheory : 0.0166537 s (47584 evaluations, 792.448 s total)
[mcmc]  - Acceptance rate: 0.365
[mcmc]  - Convergence of means: R-1 = 0.050458 after 15584 accepted steps
[mcmc]  - Updated covariance matrix of proposal pdf.
[mcmc] Learn + convergence test @ 19520 samples accepted.
[likelihoodcollection] Average computation time:
   flamingo.inference.masked_ps.MaskedBandPowerLikelihood : 5.35524e-05 s (47692 evaluations, 2.55402 s total)
[theorycollection] Average computation time:
   flamingo.inference.masked_ps.MaskedTSZTheory : 0.016654 s (47692 evaluations, 794.263 s total)
[mcmc]  - Acceptance rate: 0.365
[mcmc]  - Convergence of means: R-1 = 0.050422 after 15616 accepted steps
[mcmc]  - Updated covariance matrix of proposal pdf.
[mcmc] Learn + convergence test @ 19560 samples accepted.
[likelihoodcollection] Average computation time:
   flamingo.inference.masked_ps.MaskedBandPowerLikelihood : 5.35582e-05 s (47820 evaluations, 2.56115 s total)
[theorycollection] Average computation time:
   flamingo.inference.masked_ps.MaskedTSZTheory : 0.0166541 s (47820 evaluations, 796.398 s total)
[mcmc]  - Acceptance rate: 0.364
[mcmc]  - Convergence of means: R-1 = 0.051279 after 15648 accepted steps
[mcmc]  - Updated covariance matrix of proposal pdf.
[mcmc] Learn + convergence test @ 19600 samples accepted.
[likelihoodcollection] Average computation time:
   flamingo.inference.masked_ps.MaskedBandPowerLikelihood : 5.35607e-05 s (47912 evaluations, 2.5662 s total)
[theorycollection] Average computation time:
   flamingo.inference.masked_ps.MaskedTSZTheory : 0.0166544 s (47912 evaluations, 797.946 s total)
[mcmc]  - Acceptance rate: 0.364
[mcmc]  - Convergence of means: R-1 = 0.046890 after 15680 accepted steps
[mcmc]  - Updated covariance matrix of proposal pdf.
[mcmc] Learn + convergence test @ 19640 samples accepted.
[likelihoodcollection] Average computation time:
   flamingo.inference.masked_ps.MaskedBandPowerLikelihood : 5.35634e-05 s (48008 evaluations, 2.57147 s total)
[theorycollection] Average computation time:
   flamingo.inference.masked_ps.MaskedTSZTheory : 0.0166546 s (48008 evaluations, 799.555 s total)
[mcmc]  - Acceptance rate: 0.365
[mcmc]  - Convergence of means: R-1 = 0.045721 after 15712 accepted steps
[mcmc]  - Updated covariance matrix of proposal pdf.
[mcmc] Learn + convergence test @ 19680 samples accepted.
[likelihoodcollection] Average computation time:
   flamingo.inference.masked_ps.MaskedBandPowerLikelihood : 5.35769e-05 s (48108 evaluations, 2.57748 s total)
[theorycollection] Average computation time:
   flamingo.inference.masked_ps.MaskedTSZTheory : 0.016655 s (48108 evaluations, 801.239 s total)
[mcmc]  - Acceptance rate: 0.365
[mcmc]  - Convergence of means: R-1 = 0.045017 after 15744 accepted steps
[mcmc]  - Updated covariance matrix of proposal pdf.
[mcmc] Learn + convergence test @ 19720 samples accepted.
[likelihoodcollection] Average computation time:
   flamingo.inference.masked_ps.MaskedBandPowerLikelihood : 5.35762e-05 s (48211 evaluations, 2.58296 s total)
[theorycollection] Average computation time:
   flamingo.inference.masked_ps.MaskedTSZTheory : 0.0166552 s (48211 evaluations, 802.962 s total)
[mcmc]  - Acceptance rate: 0.365
[mcmc]  - Convergence of means: R-1 = 0.049764 after 15776 accepted steps
[mcmc]  - Updated covariance matrix of proposal pdf.
[mcmc] Learn + convergence test @ 19760 samples accepted.
[likelihoodcollection] Average computation time:
   flamingo.inference.masked_ps.MaskedBandPowerLikelihood : 5.35873e-05 s (48316 evaluations, 2.58912 s total)
[theorycollection] Average computation time:
   flamingo.inference.masked_ps.MaskedTSZTheory : 0.0166555 s (48316 evaluations, 804.727 s total)
[mcmc]  - Acceptance rate: 0.364
[mcmc]  - Convergence of means: R-1 = 0.052622 after 15808 accepted steps
[mcmc]  - Updated covariance matrix of proposal pdf.
[mcmc] Learn + convergence test @ 19800 samples accepted.
[likelihoodcollection] Average computation time:
   flamingo.inference.masked_ps.MaskedBandPowerLikelihood : 5.35877e-05 s (48431 evaluations, 2.5953 s total)
[theorycollection] Average computation time:
   flamingo.inference.masked_ps.MaskedTSZTheory : 0.0166552 s (48431 evaluations, 806.63 s total)
[mcmc]  - Acceptance rate: 0.364
[mcmc]  - Convergence of means: R-1 = 0.054050 after 15840 accepted steps
[mcmc]  - Updated covariance matrix of proposal pdf.
[mcmc] Learn + convergence test @ 19840 samples accepted.
[likelihoodcollection] Average computation time:
   flamingo.inference.masked_ps.MaskedBandPowerLikelihood : 5.35922e-05 s (48532 evaluations, 2.60093 s total)
[theorycollection] Average computation time:
   flamingo.inference.masked_ps.MaskedTSZTheory : 0.0166555 s (48532 evaluations, 808.324 s total)
[mcmc]  - Acceptance rate: 0.364
[mcmc]  - Convergence of means: R-1 = 0.054573 after 15872 accepted steps
[mcmc]  - Updated covariance matrix of proposal pdf.
[mcmc] Learn + convergence test @ 19880 samples accepted.
[likelihoodcollection] Average computation time:
   flamingo.inference.masked_ps.MaskedBandPowerLikelihood : 5.35848e-05 s (48672 evaluations, 2.60808 s total)
[theorycollection] Average computation time:
   flamingo.inference.masked_ps.MaskedTSZTheory : 0.0166558 s (48672 evaluations, 810.669 s total)
[mcmc]  - Acceptance rate: 0.363
[mcmc]  - Convergence of means: R-1 = 0.055429 after 15904 accepted steps
[mcmc]  - Updated covariance matrix of proposal pdf.
[mcmc] Learn + convergence test @ 19920 samples accepted.
[likelihoodcollection] Average computation time:
   flamingo.inference.masked_ps.MaskedBandPowerLikelihood : 5.35897e-05 s (48756 evaluations, 2.61282 s total)
[theorycollection] Average computation time:
   flamingo.inference.masked_ps.MaskedTSZTheory : 0.0166561 s (48756 evaluations, 812.084 s total)
[mcmc]  - Acceptance rate: 0.363
[mcmc]  - Convergence of means: R-1 = 0.058708 after 15936 accepted steps
[mcmc]  - Updated covariance matrix of proposal pdf.
[mcmc] Learn + convergence test @ 19960 samples accepted.
[likelihoodcollection] Average computation time:
   flamingo.inference.masked_ps.MaskedBandPowerLikelihood : 5.35913e-05 s (48851 evaluations, 2.61799 s total)
[theorycollection] Average computation time:
   flamingo.inference.masked_ps.MaskedTSZTheory : 0.0166557 s (48851 evaluations, 813.649 s total)
[mcmc]  - Acceptance rate: 0.363
[mcmc]  - Convergence of means: R-1 = 0.056838 after 15968 accepted steps
[mcmc]  - Updated covariance matrix of proposal pdf.
[mcmc] Learn + convergence test @ 20000 samples accepted.
[likelihoodcollection] Average computation time:
   flamingo.inference.masked_ps.MaskedBandPowerLikelihood : 5.35875e-05 s (48961 evaluations, 2.6237 s total)
[theorycollection] Average computation time:
   flamingo.inference.masked_ps.MaskedTSZTheory : 0.0166555 s (48961 evaluations, 815.468 s total)
[mcmc]  - Acceptance rate: 0.363
[mcmc]  - Convergence of means: R-1 = 0.054333 after 16000 accepted steps
[mcmc]  - Updated covariance matrix of proposal pdf.
[mcmc] Learn + convergence test @ 20040 samples accepted.
[likelihoodcollection] Average computation time:
   flamingo.inference.masked_ps.MaskedBandPowerLikelihood : 5.35893e-05 s (49087 evaluations, 2.63054 s total)
[theorycollection] Average computation time:
   flamingo.inference.masked_ps.MaskedTSZTheory : 0.0166557 s (49087 evaluations, 817.577 s total)
[mcmc]  - Acceptance rate: 0.363
[mcmc]  - Convergence of means: R-1 = 0.051404 after 16032 accepted steps
[mcmc]  - Updated covariance matrix of proposal pdf.
[mcmc] Learn + convergence test @ 20080 samples accepted.
[likelihoodcollection] Average computation time:
   flamingo.inference.masked_ps.MaskedBandPowerLikelihood : 5.35914e-05 s (49197 evaluations, 2.63653 s total)
[theorycollection] Average computation time:
   flamingo.inference.masked_ps.MaskedTSZTheory : 0.0166559 s (49197 evaluations, 819.42 s total)
[mcmc]  - Acceptance rate: 0.363
[mcmc]  - Convergence of means: R-1 = 0.050269 after 16064 accepted steps
[mcmc]  - Updated covariance matrix of proposal pdf.
[mcmc] Learn + convergence test @ 20120 samples accepted.
[likelihoodcollection] Average computation time:
   flamingo.inference.masked_ps.MaskedBandPowerLikelihood : 5.35931e-05 s (49288 evaluations, 2.6415 s total)
[theorycollection] Average computation time:
   flamingo.inference.masked_ps.MaskedTSZTheory : 0.0166554 s (49288 evaluations, 820.913 s total)
[mcmc]  - Acceptance rate: 0.363
[mcmc]  - Convergence of means: R-1 = 0.048236 after 16096 accepted steps
[mcmc]  - Updated covariance matrix of proposal pdf.
[mcmc] Progress @ 2026-08-03 00:25:58 : 54523 steps taken, and 20146 accepted.
[mcmc] Learn + convergence test @ 20160 samples accepted.
[likelihoodcollection] Average computation time:
   flamingo.inference.masked_ps.MaskedBandPowerLikelihood : 5.35923e-05 s (49414 evaluations, 2.64821 s total)
[theorycollection] Average computation time:
   flamingo.inference.masked_ps.MaskedTSZTheory : 0.016655 s (49414 evaluations, 822.989 s total)
[mcmc]  - Acceptance rate: 0.363
[mcmc]  - Convergence of means: R-1 = 0.050451 after 16128 accepted steps
[mcmc]  - Updated covariance matrix of proposal pdf.
[mcmc] Learn + convergence test @ 20200 samples accepted.
[likelihoodcollection] Average computation time:
   flamingo.inference.masked_ps.MaskedBandPowerLikelihood : 5.35986e-05 s (49533 evaluations, 2.6549 s total)
[theorycollection] Average computation time:
   flamingo.inference.masked_ps.MaskedTSZTheory : 0.0166546 s (49533 evaluations, 824.952 s total)
[mcmc]  - Acceptance rate: 0.363
[mcmc]  - Convergence of means: R-1 = 0.051335 after 16160 accepted steps
[mcmc]  - Updated covariance matrix of proposal pdf.
[mcmc] Learn + convergence test @ 20240 samples accepted.
[likelihoodcollection] Average computation time:
   flamingo.inference.masked_ps.MaskedBandPowerLikelihood : 5.35941e-05 s (49644 evaluations, 2.66063 s total)
[theorycollection] Average computation time:
   flamingo.inference.masked_ps.MaskedTSZTheory : 0.0166546 s (49644 evaluations, 826.799 s total)
[mcmc]  - Acceptance rate: 0.363
[mcmc]  - Convergence of means: R-1 = 0.053433 after 16192 accepted steps
[mcmc]  - Updated covariance matrix of proposal pdf.
[mcmc] Learn + convergence test @ 20280 samples accepted.
[likelihoodcollection] Average computation time:
   flamingo.inference.masked_ps.MaskedBandPowerLikelihood : 5.35951e-05 s (49755 evaluations, 2.66663 s total)
[theorycollection] Average computation time:
   flamingo.inference.masked_ps.MaskedTSZTheory : 0.0166546 s (49755 evaluations, 828.651 s total)
[mcmc]  - Acceptance rate: 0.363
[mcmc]  - Convergence of means: R-1 = 0.050051 after 16224 accepted steps
[mcmc]  - Updated covariance matrix of proposal pdf.
[mcmc] Learn + convergence test @ 20320 samples accepted.
[likelihoodcollection] Average computation time:
   flamingo.inference.masked_ps.MaskedBandPowerLikelihood : 5.35978e-05 s (49829 evaluations, 2.67072 s total)
[theorycollection] Average computation time:
   flamingo.inference.masked_ps.MaskedTSZTheory : 0.0166551 s (49829 evaluations, 829.906 s total)
[mcmc]  - Acceptance rate: 0.363
[mcmc]  - Convergence of means: R-1 = 0.047863 after 16256 accepted steps
[mcmc]  - Updated covariance matrix of proposal pdf.
[mcmc] Learn + convergence test @ 20360 samples accepted.
[likelihoodcollection] Average computation time:
   flamingo.inference.masked_ps.MaskedBandPowerLikelihood : 5.35893e-05 s (49932 evaluations, 2.67582 s total)
[theorycollection] Average computation time:
   flamingo.inference.masked_ps.MaskedTSZTheory : 0.0166551 s (49932 evaluations, 831.624 s total)
[mcmc]  - Acceptance rate: 0.363
[mcmc]  - Convergence of means: R-1 = 0.050845 after 16288 accepted steps
[mcmc]  - Updated covariance matrix of proposal pdf.
[mcmc] Learn + convergence test @ 20400 samples accepted.
[likelihoodcollection] Average computation time:
   flamingo.inference.masked_ps.MaskedBandPowerLikelihood : 5.35838e-05 s (50020 evaluations, 2.68026 s total)
[theorycollection] Average computation time:
   flamingo.inference.masked_ps.MaskedTSZTheory : 0.0166544 s (50020 evaluations, 833.055 s total)
[mcmc]  - Acceptance rate: 0.363
[mcmc]  - Convergence of means: R-1 = 0.052167 after 16320 accepted steps
[mcmc]  - Updated covariance matrix of proposal pdf.
[mcmc] Learn + convergence test @ 20440 samples accepted.
[likelihoodcollection] Average computation time:
   flamingo.inference.masked_ps.MaskedBandPowerLikelihood : 5.35888e-05 s (50139 evaluations, 2.68689 s total)
[theorycollection] Average computation time:
   flamingo.inference.masked_ps.MaskedTSZTheory : 0.0166543 s (50139 evaluations, 835.029 s total)
[mcmc]  - Acceptance rate: 0.363
[mcmc]  - Convergence of means: R-1 = 0.053284 after 16352 accepted steps
[mcmc]  - Updated covariance matrix of proposal pdf.
[mcmc] Learn + convergence test @ 20480 samples accepted.
[likelihoodcollection] Average computation time:
   flamingo.inference.masked_ps.MaskedBandPowerLikelihood : 5.35853e-05 s (50256 evaluations, 2.69298 s total)
[theorycollection] Average computation time:
   flamingo.inference.masked_ps.MaskedTSZTheory : 0.0166536 s (50256 evaluations, 836.943 s total)
[mcmc]  - Acceptance rate: 0.363
[mcmc]  - Convergence of means: R-1 = 0.052540 after 16384 accepted steps
[mcmc]  - Updated covariance matrix of proposal pdf.
[mcmc] Learn + convergence test @ 20520 samples accepted.
[likelihoodcollection] Average computation time:
   flamingo.inference.masked_ps.MaskedBandPowerLikelihood : 5.3582e-05 s (50356 evaluations, 2.69817 s total)
[theorycollection] Average computation time:
   flamingo.inference.masked_ps.MaskedTSZTheory : 0.0166532 s (50356 evaluations, 838.588 s total)
[mcmc]  - Acceptance rate: 0.363
[mcmc]  - Convergence of means: R-1 = 0.051206 after 16416 accepted steps
[mcmc]  - Updated covariance matrix of proposal pdf.
[mcmc] Learn + convergence test @ 20560 samples accepted.
[likelihoodcollection] Average computation time:
   flamingo.inference.masked_ps.MaskedBandPowerLikelihood : 5.35815e-05 s (50455 evaluations, 2.70345 s total)
[theorycollection] Average computation time:
   flamingo.inference.masked_ps.MaskedTSZTheory : 0.0166528 s (50455 evaluations, 840.217 s total)
[mcmc]  - Acceptance rate: 0.363
[mcmc]  - Convergence of means: R-1 = 0.048041 after 16448 accepted steps
[mcmc]  - Updated covariance matrix of proposal pdf.
[mcmc] Learn + convergence test @ 20600 samples accepted.
[likelihoodcollection] Average computation time:
   flamingo.inference.masked_ps.MaskedBandPowerLikelihood : 5.35847e-05 s (50576 evaluations, 2.7101 s total)
[theorycollection] Average computation time:
   flamingo.inference.masked_ps.MaskedTSZTheory : 0.0166522 s (50576 evaluations, 842.204 s total)
[mcmc]  - Acceptance rate: 0.362
[mcmc]  - Convergence of means: R-1 = 0.048460 after 16480 accepted steps
[mcmc]  - Updated covariance matrix of proposal pdf.
[mcmc] Learn + convergence test @ 20640 samples accepted.
[likelihoodcollection] Average computation time:
   flamingo.inference.masked_ps.MaskedBandPowerLikelihood : 5.3588e-05 s (50674 evaluations, 2.71552 s total)
[theorycollection] Average computation time:
   flamingo.inference.masked_ps.MaskedTSZTheory : 0.0166523 s (50674 evaluations, 843.836 s total)
[mcmc]  - Acceptance rate: 0.362
[mcmc]  - Convergence of means: R-1 = 0.049592 after 16512 accepted steps
[mcmc]  - Updated covariance matrix of proposal pdf.
[mcmc] Learn + convergence test @ 20680 samples accepted.
[likelihoodcollection] Average computation time:
   flamingo.inference.masked_ps.MaskedBandPowerLikelihood : 5.35884e-05 s (50777 evaluations, 2.72106 s total)
[theorycollection] Average computation time:
   flamingo.inference.masked_ps.MaskedTSZTheory : 0.0166525 s (50777 evaluations, 845.562 s total)
[mcmc]  - Acceptance rate: 0.362
[mcmc]  - Convergence of means: R-1 = 0.051075 after 16544 accepted steps
[mcmc]  - Updated covariance matrix of proposal pdf.
[mcmc] Learn + convergence test @ 20720 samples accepted.
[likelihoodcollection] Average computation time:
   flamingo.inference.masked_ps.MaskedBandPowerLikelihood : 5.35875e-05 s (50878 evaluations, 2.72642 s total)
[theorycollection] Average computation time:
   flamingo.inference.masked_ps.MaskedTSZTheory : 0.0166525 s (50878 evaluations, 847.247 s total)
[mcmc]  - Acceptance rate: 0.362
[mcmc]  - Convergence of means: R-1 = 0.047808 after 16576 accepted steps
[mcmc]  - Updated covariance matrix of proposal pdf.
[mcmc] Learn + convergence test @ 20760 samples accepted.
[likelihoodcollection] Average computation time:
   flamingo.inference.masked_ps.MaskedBandPowerLikelihood : 5.35897e-05 s (50968 evaluations, 2.73136 s total)
[theorycollection] Average computation time:
   flamingo.inference.masked_ps.MaskedTSZTheory : 0.0166524 s (50968 evaluations, 848.74 s total)
[mcmc]  - Acceptance rate: 0.362
[mcmc]  - Convergence of means: R-1 = 0.047081 after 16608 accepted steps
[mcmc]  - Updated covariance matrix of proposal pdf.
[mcmc] Learn + convergence test @ 20800 samples accepted.
[likelihoodcollection] Average computation time:
   flamingo.inference.masked_ps.MaskedBandPowerLikelihood : 5.35892e-05 s (51080 evaluations, 2.73733 s total)
[theorycollection] Average computation time:
   flamingo.inference.masked_ps.MaskedTSZTheory : 0.0166526 s (51080 evaluations, 850.616 s total)
[mcmc]  - Acceptance rate: 0.362
[mcmc]  - Convergence of means: R-1 = 0.048588 after 16640 accepted steps
[mcmc]  - Updated covariance matrix of proposal pdf.
[mcmc] Learn + convergence test @ 20840 samples accepted.
[likelihoodcollection] Average computation time:
   flamingo.inference.masked_ps.MaskedBandPowerLikelihood : 5.35849e-05 s (51189 evaluations, 2.74296 s total)
[theorycollection] Average computation time:
   flamingo.inference.masked_ps.MaskedTSZTheory : 0.0166527 s (51189 evaluations, 852.436 s total)
[mcmc]  - Acceptance rate: 0.362
[mcmc]  - Convergence of means: R-1 = 0.054643 after 16672 accepted steps
[mcmc]  - Updated covariance matrix of proposal pdf.
[mcmc] Learn + convergence test @ 20880 samples accepted.
[likelihoodcollection] Average computation time:
   flamingo.inference.masked_ps.MaskedBandPowerLikelihood : 5.35834e-05 s (51298 evaluations, 2.74872 s total)
[theorycollection] Average computation time:
   flamingo.inference.masked_ps.MaskedTSZTheory : 0.0166524 s (51298 evaluations, 854.234 s total)
[mcmc]  - Acceptance rate: 0.362
[mcmc]  - Convergence of means: R-1 = 0.059648 after 16704 accepted steps
[mcmc]  - Updated covariance matrix of proposal pdf.
[mcmc] Learn + convergence test @ 20920 samples accepted.
[likelihoodcollection] Average computation time:
   flamingo.inference.masked_ps.MaskedBandPowerLikelihood : 5.35833e-05 s (51395 evaluations, 2.75391 s total)
[theorycollection] Average computation time:
   flamingo.inference.masked_ps.MaskedTSZTheory : 0.0166522 s (51395 evaluations, 855.84 s total)
[mcmc]  - Acceptance rate: 0.362
[mcmc]  - Convergence of means: R-1 = 0.064941 after 16736 accepted steps
[mcmc]  - Updated covariance matrix of proposal pdf.
[mcmc] Learn + convergence test @ 20960 samples accepted.
[likelihoodcollection] Average computation time:
   flamingo.inference.masked_ps.MaskedBandPowerLikelihood : 5.3584e-05 s (51497 evaluations, 2.75942 s total)
[theorycollection] Average computation time:
   flamingo.inference.masked_ps.MaskedTSZTheory : 0.0166522 s (51497 evaluations, 857.536 s total)
[mcmc]  - Acceptance rate: 0.362
[mcmc]  - Convergence of means: R-1 = 0.068637 after 16768 accepted steps
[mcmc]  - Updated covariance matrix of proposal pdf.
[mcmc] Learn + convergence test @ 21000 samples accepted.
[likelihoodcollection] Average computation time:
   flamingo.inference.masked_ps.MaskedBandPowerLikelihood : 5.35889e-05 s (51578 evaluations, 2.76401 s total)
[theorycollection] Average computation time:
   flamingo.inference.masked_ps.MaskedTSZTheory : 0.0166521 s (51578 evaluations, 858.881 s total)
[mcmc]  - Acceptance rate: 0.362
[mcmc]  - Convergence of means: R-1 = 0.068584 after 16800 accepted steps
[mcmc]  - Updated covariance matrix of proposal pdf.
[mcmc] Learn + convergence test @ 21040 samples accepted.
[likelihoodcollection] Average computation time:
   flamingo.inference.masked_ps.MaskedBandPowerLikelihood : 5.35907e-05 s (51672 evaluations, 2.76914 s total)
[theorycollection] Average computation time:
   flamingo.inference.masked_ps.MaskedTSZTheory : 0.016652 s (51672 evaluations, 860.444 s total)
[mcmc]  - Acceptance rate: 0.362
[mcmc]  - Convergence of means: R-1 = 0.062510 after 16832 accepted steps
[mcmc]  - Updated covariance matrix of proposal pdf.
[mcmc] Learn + convergence test @ 21080 samples accepted.
[likelihoodcollection] Average computation time:
   flamingo.inference.masked_ps.MaskedBandPowerLikelihood : 5.35878e-05 s (51767 evaluations, 2.77408 s total)
[theorycollection] Average computation time:
   flamingo.inference.masked_ps.MaskedTSZTheory : 0.0166514 s (51767 evaluations, 861.996 s total)
[mcmc]  - Acceptance rate: 0.362
[mcmc]  - Convergence of means: R-1 = 0.059630 after 16864 accepted steps
[mcmc]  - Updated covariance matrix of proposal pdf.
[mcmc] Learn + convergence test @ 21120 samples accepted.
[likelihoodcollection] Average computation time:
   flamingo.inference.masked_ps.MaskedBandPowerLikelihood : 5.35795e-05 s (51876 evaluations, 2.77949 s total)
[theorycollection] Average computation time:
   flamingo.inference.masked_ps.MaskedTSZTheory : 0.0166509 s (51876 evaluations, 863.781 s total)
[mcmc]  - Acceptance rate: 0.362
[mcmc]  - Convergence of means: R-1 = 0.056796 after 16896 accepted steps
[mcmc]  - Updated covariance matrix of proposal pdf.
[mcmc] Learn + convergence test @ 21160 samples accepted.
[likelihoodcollection] Average computation time:
   flamingo.inference.masked_ps.MaskedBandPowerLikelihood : 5.35819e-05 s (51965 evaluations, 2.78439 s total)
[theorycollection] Average computation time:
   flamingo.inference.masked_ps.MaskedTSZTheory : 0.0166503 s (51965 evaluations, 865.232 s total)
[mcmc]  - Acceptance rate: 0.362
[mcmc]  - Convergence of means: R-1 = 0.054178 after 16928 accepted steps
[mcmc]  - Updated covariance matrix of proposal pdf.
[mcmc] Learn + convergence test @ 21200 samples accepted.
[likelihoodcollection] Average computation time:
   flamingo.inference.masked_ps.MaskedBandPowerLikelihood : 5.35911e-05 s (52074 evaluations, 2.7907 s total)
[theorycollection] Average computation time:
   flamingo.inference.masked_ps.MaskedTSZTheory : 0.0166499 s (52074 evaluations, 867.029 s total)
[mcmc]  - Acceptance rate: 0.362
[mcmc]  - Convergence of means: R-1 = 0.052277 after 16960 accepted steps
[mcmc]  - Updated covariance matrix of proposal pdf.
[mcmc] Learn + convergence test @ 21240 samples accepted.
[likelihoodcollection] Average computation time:
   flamingo.inference.masked_ps.MaskedBandPowerLikelihood : 5.35869e-05 s (52187 evaluations, 2.79654 s total)
[theorycollection] Average computation time:
   flamingo.inference.masked_ps.MaskedTSZTheory : 0.0166494 s (52187 evaluations, 868.884 s total)
[mcmc]  - Acceptance rate: 0.361
[mcmc]  - Convergence of means: R-1 = 0.050461 after 16992 accepted steps
[mcmc]  - Updated covariance matrix of proposal pdf.
[mcmc] Learn + convergence test @ 21280 samples accepted.
[likelihoodcollection] Average computation time:
   flamingo.inference.masked_ps.MaskedBandPowerLikelihood : 5.35862e-05 s (52281 evaluations, 2.80154 s total)
[theorycollection] Average computation time:
   flamingo.inference.masked_ps.MaskedTSZTheory : 0.0166489 s (52281 evaluations, 870.421 s total)
[mcmc]  - Acceptance rate: 0.361
[mcmc]  - Convergence of means: R-1 = 0.048821 after 17024 accepted steps
[mcmc]  - Updated covariance matrix of proposal pdf.
[mcmc] Learn + convergence test @ 21320 samples accepted.
[likelihoodcollection] Average computation time:
   flamingo.inference.masked_ps.MaskedBandPowerLikelihood : 5.3587e-05 s (52388 evaluations, 2.80732 s total)
[theorycollection] Average computation time:
   flamingo.inference.masked_ps.MaskedTSZTheory : 0.0166487 s (52388 evaluations, 872.19 s total)
[mcmc]  - Acceptance rate: 0.361
[mcmc]  - Convergence of means: R-1 = 0.045852 after 17056 accepted steps
[mcmc]  - Updated covariance matrix of proposal pdf.
[mcmc] Learn + convergence test @ 21360 samples accepted.
[likelihoodcollection] Average computation time:
   flamingo.inference.masked_ps.MaskedBandPowerLikelihood : 5.35856e-05 s (52511 evaluations, 2.81383 s total)
[theorycollection] Average computation time:
   flamingo.inference.masked_ps.MaskedTSZTheory : 0.0166485 s (52511 evaluations, 874.228 s total)
[mcmc]  - Acceptance rate: 0.361
[mcmc]  - Convergence of means: R-1 = 0.042355 after 17088 accepted steps
[mcmc]  - Updated covariance matrix of proposal pdf.
[mcmc] Learn + convergence test @ 21400 samples accepted.
[likelihoodcollection] Average computation time:
   flamingo.inference.masked_ps.MaskedBandPowerLikelihood : 5.35812e-05 s (52623 evaluations, 2.8196 s total)
[theorycollection] Average computation time:
   flamingo.inference.masked_ps.MaskedTSZTheory : 0.0166482 s (52623 evaluations, 876.08 s total)
[mcmc]  - Acceptance rate: 0.361
[mcmc]  - Convergence of means: R-1 = 0.038842 after 17120 accepted steps
[mcmc]  - Updated covariance matrix of proposal pdf.
[mcmc] Learn + convergence test @ 21440 samples accepted.
[likelihoodcollection] Average computation time:
   flamingo.inference.masked_ps.MaskedBandPowerLikelihood : 5.35769e-05 s (52730 evaluations, 2.82511 s total)
[theorycollection] Average computation time:
   flamingo.inference.masked_ps.MaskedTSZTheory : 0.0166485 s (52730 evaluations, 877.874 s total)
[mcmc]  - Acceptance rate: 0.361
[mcmc]  - Convergence of means: R-1 = 0.036752 after 17152 accepted steps
[mcmc]  - Updated covariance matrix of proposal pdf.
[mcmc] Learn + convergence test @ 21480 samples accepted.
[likelihoodcollection] Average computation time:
   flamingo.inference.masked_ps.MaskedBandPowerLikelihood : 5.35783e-05 s (52810 evaluations, 2.82947 s total)
[theorycollection] Average computation time:
   flamingo.inference.masked_ps.MaskedTSZTheory : 0.0166488 s (52810 evaluations, 879.224 s total)
[mcmc]  - Acceptance rate: 0.361
[mcmc]  - Convergence of means: R-1 = 0.035582 after 17184 accepted steps
[mcmc]  - Updated covariance matrix of proposal pdf.
[mcmc] Learn + convergence test @ 21520 samples accepted.
[likelihoodcollection] Average computation time:
   flamingo.inference.masked_ps.MaskedBandPowerLikelihood : 5.35821e-05 s (52913 evaluations, 2.83519 s total)
[theorycollection] Average computation time:
   flamingo.inference.masked_ps.MaskedTSZTheory : 0.0166486 s (52913 evaluations, 880.928 s total)
[mcmc]  - Acceptance rate: 0.361
[mcmc]  - Convergence of means: R-1 = 0.035109 after 17216 accepted steps
[mcmc]  - Updated covariance matrix of proposal pdf.
[mcmc] Progress @ 2026-08-03 00:26:58 : 58439 steps taken, and 21524 accepted.
[mcmc] Learn + convergence test @ 21560 samples accepted.
[likelihoodcollection] Average computation time:
   flamingo.inference.masked_ps.MaskedBandPowerLikelihood : 5.35746e-05 s (52985 evaluations, 2.83865 s total)
[theorycollection] Average computation time:
   flamingo.inference.masked_ps.MaskedTSZTheory : 0.0166486 s (52985 evaluations, 882.124 s total)
[mcmc]  - Acceptance rate: 0.361
[mcmc]  - Convergence of means: R-1 = 0.033450 after 17248 accepted steps
[mcmc]  - Updated covariance matrix of proposal pdf.
[mcmc] Learn + convergence test @ 21600 samples accepted.
[likelihoodcollection] Average computation time:
   flamingo.inference.masked_ps.MaskedBandPowerLikelihood : 5.35667e-05 s (53100 evaluations, 2.84439 s total)
[theorycollection] Average computation time:
   flamingo.inference.masked_ps.MaskedTSZTheory : 0.0166486 s (53100 evaluations, 884.043 s total)
[mcmc]  - Acceptance rate: 0.361
[mcmc]  - Convergence of means: R-1 = 0.031316 after 17280 accepted steps
[mcmc]  - Updated covariance matrix of proposal pdf.
[mcmc] Learn + convergence test @ 21640 samples accepted.
[likelihoodcollection] Average computation time:
   flamingo.inference.masked_ps.MaskedBandPowerLikelihood : 5.35584e-05 s (53205 evaluations, 2.84957 s total)
[theorycollection] Average computation time:
   flamingo.inference.masked_ps.MaskedTSZTheory : 0.0166482 s (53205 evaluations, 885.768 s total)
[mcmc]  - Acceptance rate: 0.361
[mcmc]  - Convergence of means: R-1 = 0.031062 after 17312 accepted steps
[mcmc]  - Updated covariance matrix of proposal pdf.
[mcmc] Learn + convergence test @ 21680 samples accepted.
[likelihoodcollection] Average computation time:
   flamingo.inference.masked_ps.MaskedBandPowerLikelihood : 5.35566e-05 s (53304 evaluations, 2.85478 s total)
[theorycollection] Average computation time:
   flamingo.inference.masked_ps.MaskedTSZTheory : 0.0166481 s (53304 evaluations, 887.411 s total)
[mcmc]  - Acceptance rate: 0.361
[mcmc]  - Convergence of means: R-1 = 0.031803 after 17344 accepted steps
[mcmc]  - Updated covariance matrix of proposal pdf.
[mcmc] Learn + convergence test @ 21720 samples accepted.
[likelihoodcollection] Average computation time:
   flamingo.inference.masked_ps.MaskedBandPowerLikelihood : 5.35586e-05 s (53386 evaluations, 2.85928 s total)
[theorycollection] Average computation time:
   flamingo.inference.masked_ps.MaskedTSZTheory : 0.0166485 s (53386 evaluations, 888.796 s total)
[mcmc]  - Acceptance rate: 0.361
[mcmc]  - Convergence of means: R-1 = 0.031909 after 17376 accepted steps
[mcmc]  - Updated covariance matrix of proposal pdf.
[mcmc] Learn + convergence test @ 21760 samples accepted.
[likelihoodcollection] Average computation time:
   flamingo.inference.masked_ps.MaskedBandPowerLikelihood : 5.35796e-05 s (53511 evaluations, 2.8671 s total)
[theorycollection] Average computation time:
   flamingo.inference.masked_ps.MaskedTSZTheory : 0.0166484 s (53511 evaluations, 890.871 s total)
[mcmc]  - Acceptance rate: 0.361
[mcmc]  - Convergence of means: R-1 = 0.030679 after 17408 accepted steps
[mcmc]  - Updated covariance matrix of proposal pdf.
[mcmc] Learn + convergence test @ 21800 samples accepted.
[likelihoodcollection] Average computation time:
   flamingo.inference.masked_ps.MaskedBandPowerLikelihood : 5.35776e-05 s (53623 evaluations, 2.87299 s total)
[theorycollection] Average computation time:
   flamingo.inference.masked_ps.MaskedTSZTheory : 0.016648 s (53623 evaluations, 892.716 s total)
[mcmc]  - Acceptance rate: 0.361
[mcmc]  - Convergence of means: R-1 = 0.031210 after 17440 accepted steps
[mcmc]  - Updated covariance matrix of proposal pdf.
[mcmc] Learn + convergence test @ 21840 samples accepted.
[likelihoodcollection] Average computation time:
   flamingo.inference.masked_ps.MaskedBandPowerLikelihood : 5.35701e-05 s (53711 evaluations, 2.87731 s total)
[theorycollection] Average computation time:
   flamingo.inference.masked_ps.MaskedTSZTheory : 0.0166478 s (53711 evaluations, 894.17 s total)
[mcmc]  - Acceptance rate: 0.361
[mcmc]  - Convergence of means: R-1 = 0.030771 after 17472 accepted steps
[mcmc]  - Updated covariance matrix of proposal pdf.
[mcmc] Learn + convergence test @ 21880 samples accepted.
[likelihoodcollection] Average computation time:
   flamingo.inference.masked_ps.MaskedBandPowerLikelihood : 5.35649e-05 s (53828 evaluations, 2.88329 s total)
[theorycollection] Average computation time:
   flamingo.inference.masked_ps.MaskedTSZTheory : 0.0166468 s (53828 evaluations, 896.064 s total)
[mcmc]  - Acceptance rate: 0.361
[mcmc]  - Convergence of means: R-1 = 0.031115 after 17504 accepted steps
[mcmc]  - Updated covariance matrix of proposal pdf.
[mcmc] Learn + convergence test @ 21920 samples accepted.
[likelihoodcollection] Average computation time:
   flamingo.inference.masked_ps.MaskedBandPowerLikelihood : 5.3564e-05 s (53930 evaluations, 2.88871 s total)
[theorycollection] Average computation time:
   flamingo.inference.masked_ps.MaskedTSZTheory : 0.0166462 s (53930 evaluations, 897.729 s total)
[mcmc]  - Acceptance rate: 0.361
[mcmc]  - Convergence of means: R-1 = 0.030870 after 17536 accepted steps
[mcmc]  - Updated covariance matrix of proposal pdf.
[mcmc] Learn + convergence test @ 21960 samples accepted.
[likelihoodcollection] Average computation time:
   flamingo.inference.masked_ps.MaskedBandPowerLikelihood : 5.35604e-05 s (54042 evaluations, 2.89451 s total)
[theorycollection] Average computation time:
   flamingo.inference.masked_ps.MaskedTSZTheory : 0.016646 s (54042 evaluations, 899.584 s total)
[mcmc]  - Acceptance rate: 0.361
[mcmc]  - Convergence of means: R-1 = 0.031868 after 17568 accepted steps
[mcmc]  - Updated covariance matrix of proposal pdf.
[mcmc] Learn + convergence test @ 22000 samples accepted.
[likelihoodcollection] Average computation time:
   flamingo.inference.masked_ps.MaskedBandPowerLikelihood : 5.35559e-05 s (54150 evaluations, 2.90005 s total)
[theorycollection] Average computation time:
   flamingo.inference.masked_ps.MaskedTSZTheory : 0.0166461 s (54150 evaluations, 901.386 s total)
[mcmc]  - Acceptance rate: 0.361
[mcmc]  - Convergence of means: R-1 = 0.032028 after 17600 accepted steps
[mcmc]  - Updated covariance matrix of proposal pdf.
[mcmc] Learn + convergence test @ 22040 samples accepted.
[likelihoodcollection] Average computation time:
   flamingo.inference.masked_ps.MaskedBandPowerLikelihood : 5.35531e-05 s (54257 evaluations, 2.90563 s total)
[theorycollection] Average computation time:
   flamingo.inference.masked_ps.MaskedTSZTheory : 0.016646 s (54257 evaluations, 903.163 s total)
[mcmc]  - Acceptance rate: 0.361
[mcmc]  - Convergence of means: R-1 = 0.033682 after 17632 accepted steps
[mcmc]  - Updated covariance matrix of proposal pdf.
[mcmc] Learn + convergence test @ 22080 samples accepted.
[likelihoodcollection] Average computation time:
   flamingo.inference.masked_ps.MaskedBandPowerLikelihood : 5.35481e-05 s (54349 evaluations, 2.91028 s total)
[theorycollection] Average computation time:
   flamingo.inference.masked_ps.MaskedTSZTheory : 0.0166461 s (54349 evaluations, 904.701 s total)
[mcmc]  - Acceptance rate: 0.361
[mcmc]  - Convergence of means: R-1 = 0.034361 after 17664 accepted steps
[mcmc]  - Updated covariance matrix of proposal pdf.
[mcmc] Learn + convergence test @ 22120 samples accepted.
[likelihoodcollection] Average computation time:
   flamingo.inference.masked_ps.MaskedBandPowerLikelihood : 5.35458e-05 s (54447 evaluations, 2.91541 s total)
[theorycollection] Average computation time:
   flamingo.inference.masked_ps.MaskedTSZTheory : 0.0166461 s (54447 evaluations, 906.331 s total)
[mcmc]  - Acceptance rate: 0.361
[mcmc]  - Convergence of means: R-1 = 0.036026 after 17696 accepted steps
[mcmc]  - Updated covariance matrix of proposal pdf.
[mcmc] Learn + convergence test @ 22160 samples accepted.
[likelihoodcollection] Average computation time:
   flamingo.inference.masked_ps.MaskedBandPowerLikelihood : 5.35436e-05 s (54537 evaluations, 2.92011 s total)
[theorycollection] Average computation time:
   flamingo.inference.masked_ps.MaskedTSZTheory : 0.016646 s (54537 evaluations, 907.825 s total)
[mcmc]  - Acceptance rate: 0.361
[mcmc]  - Convergence of means: R-1 = 0.036926 after 17728 accepted steps
[mcmc]  - Updated covariance matrix of proposal pdf.
[mcmc] Learn + convergence test @ 22200 samples accepted.
[likelihoodcollection] Average computation time:
   flamingo.inference.masked_ps.MaskedBandPowerLikelihood : 5.35461e-05 s (54673 evaluations, 2.92753 s total)
[theorycollection] Average computation time:
   flamingo.inference.masked_ps.MaskedTSZTheory : 0.0166466 s (54673 evaluations, 910.118 s total)
[mcmc]  - Acceptance rate: 0.360
[mcmc]  - Convergence of means: R-1 = 0.035338 after 17760 accepted steps
[mcmc]  - Updated covariance matrix of proposal pdf.
[mcmc] Learn + convergence test @ 22240 samples accepted.
[likelihoodcollection] Average computation time:
   flamingo.inference.masked_ps.MaskedBandPowerLikelihood : 5.35414e-05 s (54771 evaluations, 2.93252 s total)
[theorycollection] Average computation time:
   flamingo.inference.masked_ps.MaskedTSZTheory : 0.0166463 s (54771 evaluations, 911.735 s total)
[mcmc]  - Acceptance rate: 0.360
[mcmc]  - Convergence of means: R-1 = 0.034388 after 17792 accepted steps
[mcmc]  - Updated covariance matrix of proposal pdf.
[mcmc] Learn + convergence test @ 22280 samples accepted.
[likelihoodcollection] Average computation time:
   flamingo.inference.masked_ps.MaskedBandPowerLikelihood : 5.3537e-05 s (54878 evaluations, 2.938 s total)
[theorycollection] Average computation time:
   flamingo.inference.masked_ps.MaskedTSZTheory : 0.0166459 s (54878 evaluations, 913.494 s total)
[mcmc]  - Acceptance rate: 0.360
[mcmc]  - Convergence of means: R-1 = 0.033916 after 17824 accepted steps
[mcmc]  - Updated covariance matrix of proposal pdf.
[mcmc] Learn + convergence test @ 22320 samples accepted.
[likelihoodcollection] Average computation time:
   flamingo.inference.masked_ps.MaskedBandPowerLikelihood : 5.35352e-05 s (54955 evaluations, 2.94202 s total)
[theorycollection] Average computation time:
   flamingo.inference.masked_ps.MaskedTSZTheory : 0.0166457 s (54955 evaluations, 914.765 s total)
[mcmc]  - Acceptance rate: 0.360
[mcmc]  - Convergence of means: R-1 = 0.033805 after 17856 accepted steps
[mcmc]  - Updated covariance matrix of proposal pdf.
[mcmc] Learn + convergence test @ 22360 samples accepted.
[likelihoodcollection] Average computation time:
   flamingo.inference.masked_ps.MaskedBandPowerLikelihood : 5.35463e-05 s (55056 evaluations, 2.94805 s total)
[theorycollection] Average computation time:
   flamingo.inference.masked_ps.MaskedTSZTheory : 0.0166456 s (55056 evaluations, 916.44 s total)
[mcmc]  - Acceptance rate: 0.360
[mcmc]  - Convergence of means: R-1 = 0.033228 after 17888 accepted steps
[mcmc]  - Updated covariance matrix of proposal pdf.
[mcmc] Learn + convergence test @ 22400 samples accepted.
[likelihoodcollection] Average computation time:
   flamingo.inference.masked_ps.MaskedBandPowerLikelihood : 5.35458e-05 s (55151 evaluations, 2.9531 s total)
[theorycollection] Average computation time:
   flamingo.inference.masked_ps.MaskedTSZTheory : 0.0166452 s (55151 evaluations, 918.001 s total)
[mcmc]  - Acceptance rate: 0.360
[mcmc]  - Convergence of means: R-1 = 0.034403 after 17920 accepted steps
[mcmc]  - Updated covariance matrix of proposal pdf.
[mcmc] Learn + convergence test @ 22440 samples accepted.
[likelihoodcollection] Average computation time:
   flamingo.inference.masked_ps.MaskedBandPowerLikelihood : 5.35469e-05 s (55274 evaluations, 2.95975 s total)
[theorycollection] Average computation time:
   flamingo.inference.masked_ps.MaskedTSZTheory : 0.0166452 s (55274 evaluations, 920.047 s total)
[mcmc]  - Acceptance rate: 0.360
[mcmc]  - Convergence of means: R-1 = 0.035309 after 17952 accepted steps
[mcmc]  - Updated covariance matrix of proposal pdf.
[mcmc] Learn + convergence test @ 22480 samples accepted.
[likelihoodcollection] Average computation time:
   flamingo.inference.masked_ps.MaskedBandPowerLikelihood : 5.35552e-05 s (55383 evaluations, 2.96605 s total)
[theorycollection] Average computation time:
   flamingo.inference.masked_ps.MaskedTSZTheory : 0.0166457 s (55383 evaluations, 921.889 s total)
[mcmc]  - Acceptance rate: 0.360
[mcmc]  - Convergence of means: R-1 = 0.034918 after 17984 accepted steps
[mcmc]  - Updated covariance matrix of proposal pdf.
[mcmc] Learn + convergence test @ 22520 samples accepted.
[likelihoodcollection] Average computation time:
   flamingo.inference.masked_ps.MaskedBandPowerLikelihood : 5.35519e-05 s (55500 evaluations, 2.97213 s total)
[theorycollection] Average computation time:
   flamingo.inference.masked_ps.MaskedTSZTheory : 0.0166452 s (55500 evaluations, 923.81 s total)
[mcmc]  - Acceptance rate: 0.360
[mcmc]  - Convergence of means: R-1 = 0.032938 after 18016 accepted steps
[mcmc]  - Updated covariance matrix of proposal pdf.
[mcmc] Learn + convergence test @ 22560 samples accepted.
[likelihoodcollection] Average computation time:
   flamingo.inference.masked_ps.MaskedBandPowerLikelihood : 5.35519e-05 s (55610 evaluations, 2.97802 s total)
[theorycollection] Average computation time:
   flamingo.inference.masked_ps.MaskedTSZTheory : 0.0166448 s (55610 evaluations, 925.617 s total)
[mcmc]  - Acceptance rate: 0.360
[mcmc]  - Convergence of means: R-1 = 0.032494 after 18048 accepted steps
[mcmc]  - Updated covariance matrix of proposal pdf.
[mcmc] Learn + convergence test @ 22600 samples accepted.
[likelihoodcollection] Average computation time:
   flamingo.inference.masked_ps.MaskedBandPowerLikelihood : 5.35472e-05 s (55724 evaluations, 2.98386 s total)
[theorycollection] Average computation time:
   flamingo.inference.masked_ps.MaskedTSZTheory : 0.0166445 s (55724 evaluations, 927.497 s total)
[mcmc]  - Acceptance rate: 0.359
[mcmc]  - Convergence of means: R-1 = 0.033809 after 18080 accepted steps
[mcmc]  - Updated covariance matrix of proposal pdf.
[mcmc] Learn + convergence test @ 22640 samples accepted.
[likelihoodcollection] Average computation time:
   flamingo.inference.masked_ps.MaskedBandPowerLikelihood : 5.35434e-05 s (55825 evaluations, 2.98906 s total)
[theorycollection] Average computation time:
   flamingo.inference.masked_ps.MaskedTSZTheory : 0.0166443 s (55825 evaluations, 929.166 s total)
[mcmc]  - Acceptance rate: 0.359
[mcmc]  - Convergence of means: R-1 = 0.034945 after 18112 accepted steps
[mcmc]  - Updated covariance matrix of proposal pdf.
[mcmc] Learn + convergence test @ 22680 samples accepted.
[likelihoodcollection] Average computation time:
   flamingo.inference.masked_ps.MaskedBandPowerLikelihood : 5.35473e-05 s (55939 evaluations, 2.99538 s total)
[theorycollection] Average computation time:
   flamingo.inference.masked_ps.MaskedTSZTheory : 0.0166448 s (55939 evaluations, 931.092 s total)
[mcmc]  - Acceptance rate: 0.359
[mcmc]  - Convergence of means: R-1 = 0.036910 after 18144 accepted steps
[mcmc]  - Updated covariance matrix of proposal pdf.
[mcmc] Learn + convergence test @ 22720 samples accepted.
[likelihoodcollection] Average computation time:
   flamingo.inference.masked_ps.MaskedBandPowerLikelihood : 5.35457e-05 s (56031 evaluations, 3.00022 s total)
[theorycollection] Average computation time:
   flamingo.inference.masked_ps.MaskedTSZTheory : 0.0166442 s (56031 evaluations, 932.59 s total)
[mcmc]  - Acceptance rate: 0.359
[mcmc]  - Convergence of means: R-1 = 0.038079 after 18176 accepted steps
[mcmc]  - Updated covariance matrix of proposal pdf.
[mcmc] Learn + convergence test @ 22760 samples accepted.
[likelihoodcollection] Average computation time:
   flamingo.inference.masked_ps.MaskedBandPowerLikelihood : 5.35367e-05 s (56125 evaluations, 3.00475 s total)
[theorycollection] Average computation time:
   flamingo.inference.masked_ps.MaskedTSZTheory : 0.0166439 s (56125 evaluations, 934.14 s total)
[mcmc]  - Acceptance rate: 0.359
[mcmc]  - Convergence of means: R-1 = 0.040256 after 18208 accepted steps
[mcmc]  - Updated covariance matrix of proposal pdf.
[mcmc] Learn + convergence test @ 22800 samples accepted.
[likelihoodcollection] Average computation time:
   flamingo.inference.masked_ps.MaskedBandPowerLikelihood : 5.35489e-05 s (56233 evaluations, 3.01122 s total)
[theorycollection] Average computation time:
   flamingo.inference.masked_ps.MaskedTSZTheory : 0.0166446 s (56233 evaluations, 935.978 s total)
[mcmc]  - Acceptance rate: 0.359
[mcmc]  - Convergence of means: R-1 = 0.044763 after 18240 accepted steps
[mcmc]  - Updated covariance matrix of proposal pdf.
[mcmc] Learn + convergence test @ 22840 samples accepted.
[likelihoodcollection] Average computation time:
   flamingo.inference.masked_ps.MaskedBandPowerLikelihood : 5.35541e-05 s (56368 evaluations, 3.01874 s total)
[theorycollection] Average computation time:
   flamingo.inference.masked_ps.MaskedTSZTheory : 0.016644 s (56368 evaluations, 938.191 s total)
[mcmc]  - Acceptance rate: 0.358
[mcmc]  - Convergence of means: R-1 = 0.050500 after 18272 accepted steps
[mcmc]  - Updated covariance matrix of proposal pdf.
[mcmc] Learn + convergence test @ 22880 samples accepted.
[likelihoodcollection] Average computation time:
   flamingo.inference.masked_ps.MaskedBandPowerLikelihood : 5.35512e-05 s (56440 evaluations, 3.02243 s total)
[theorycollection] Average computation time:
   flamingo.inference.masked_ps.MaskedTSZTheory : 0.016644 s (56440 evaluations, 939.39 s total)
[mcmc]  - Acceptance rate: 0.358
[mcmc]  - Convergence of means: R-1 = 0.052127 after 18304 accepted steps
[mcmc]  - Updated covariance matrix of proposal pdf.
[mcmc] Progress @ 2026-08-03 00:27:58 : 62491 steps taken, and 22888 accepted.
[mcmc] Learn + convergence test @ 22920 samples accepted.
[likelihoodcollection] Average computation time:
   flamingo.inference.masked_ps.MaskedBandPowerLikelihood : 5.35481e-05 s (56544 evaluations, 3.02782 s total)
[theorycollection] Average computation time:
   flamingo.inference.masked_ps.MaskedTSZTheory : 0.0166433 s (56544 evaluations, 941.081 s total)
[mcmc]  - Acceptance rate: 0.358
[mcmc]  - Convergence of means: R-1 = 0.051177 after 18336 accepted steps
[mcmc]  - Updated covariance matrix of proposal pdf.
[mcmc] Learn + convergence test @ 22960 samples accepted.
[likelihoodcollection] Average computation time:
   flamingo.inference.masked_ps.MaskedBandPowerLikelihood : 5.35454e-05 s (56648 evaluations, 3.03324 s total)
[theorycollection] Average computation time:
   flamingo.inference.masked_ps.MaskedTSZTheory : 0.0166428 s (56648 evaluations, 942.783 s total)
[mcmc]  - Acceptance rate: 0.358
[mcmc]  - Convergence of means: R-1 = 0.049463 after 18368 accepted steps
[mcmc]  - Updated covariance matrix of proposal pdf.
[mcmc] Learn + convergence test @ 23000 samples accepted.
[likelihoodcollection] Average computation time:
   flamingo.inference.masked_ps.MaskedBandPowerLikelihood : 5.3546e-05 s (56736 evaluations, 3.03799 s total)
[theorycollection] Average computation time:
   flamingo.inference.masked_ps.MaskedTSZTheory : 0.0166429 s (56736 evaluations, 944.251 s total)
[mcmc]  - Acceptance rate: 0.358
[mcmc]  - Convergence of means: R-1 = 0.049091 after 18400 accepted steps
[mcmc]  - Updated covariance matrix of proposal pdf.
[mcmc] Learn + convergence test @ 23040 samples accepted.
[likelihoodcollection] Average computation time:
   flamingo.inference.masked_ps.MaskedBandPowerLikelihood : 5.35482e-05 s (56827 evaluations, 3.04299 s total)
[theorycollection] Average computation time:
   flamingo.inference.masked_ps.MaskedTSZTheory : 0.0166429 s (56827 evaluations, 945.769 s total)
[mcmc]  - Acceptance rate: 0.359
[mcmc]  - Convergence of means: R-1 = 0.049732 after 18432 accepted steps
[mcmc]  - Updated covariance matrix of proposal pdf.
[mcmc] Learn + convergence test @ 23080 samples accepted.
[likelihoodcollection] Average computation time:
   flamingo.inference.masked_ps.MaskedBandPowerLikelihood : 5.35426e-05 s (56926 evaluations, 3.04796 s total)
[theorycollection] Average computation time:
   flamingo.inference.masked_ps.MaskedTSZTheory : 0.0166421 s (56926 evaluations, 947.366 s total)
[mcmc]  - Acceptance rate: 0.359
[mcmc]  - Convergence of means: R-1 = 0.052119 after 18464 accepted steps
[mcmc]  - Updated covariance matrix of proposal pdf.
[mcmc] Learn + convergence test @ 23120 samples accepted.
[likelihoodcollection] Average computation time:
   flamingo.inference.masked_ps.MaskedBandPowerLikelihood : 5.35335e-05 s (57071 evaluations, 3.05521 s total)
[theorycollection] Average computation time:
   flamingo.inference.masked_ps.MaskedTSZTheory : 0.016641 s (57071 evaluations, 949.718 s total)
[mcmc]  - Acceptance rate: 0.358
[mcmc]  - Convergence of means: R-1 = 0.051679 after 18496 accepted steps
[mcmc]  - Updated covariance matrix of proposal pdf.
[mcmc] Learn + convergence test @ 23160 samples accepted.
[likelihoodcollection] Average computation time:
   flamingo.inference.masked_ps.MaskedBandPowerLikelihood : 5.35329e-05 s (57185 evaluations, 3.06128 s total)
[theorycollection] Average computation time:
   flamingo.inference.masked_ps.MaskedTSZTheory : 0.0166406 s (57185 evaluations, 951.591 s total)
[mcmc]  - Acceptance rate: 0.358
[mcmc]  - Convergence of means: R-1 = 0.053698 after 18528 accepted steps
[mcmc]  - Updated covariance matrix of proposal pdf.
[mcmc] Learn + convergence test @ 23200 samples accepted.
[likelihoodcollection] Average computation time:
   flamingo.inference.masked_ps.MaskedBandPowerLikelihood : 5.35308e-05 s (57271 evaluations, 3.06576 s total)
[theorycollection] Average computation time:
   flamingo.inference.masked_ps.MaskedTSZTheory : 0.0166401 s (57271 evaluations, 952.993 s total)
[mcmc]  - Acceptance rate: 0.358
[mcmc]  - Convergence of means: R-1 = 0.053979 after 18560 accepted steps
[mcmc]  - Updated covariance matrix of proposal pdf.
[mcmc] Learn + convergence test @ 23240 samples accepted.
[likelihoodcollection] Average computation time:
   flamingo.inference.masked_ps.MaskedBandPowerLikelihood : 5.35285e-05 s (57379 evaluations, 3.07141 s total)
[theorycollection] Average computation time:
   flamingo.inference.masked_ps.MaskedTSZTheory : 0.01664 s (57379 evaluations, 954.786 s total)
[mcmc]  - Acceptance rate: 0.358
[mcmc]  - Convergence of means: R-1 = 0.055243 after 18592 accepted steps
[mcmc]  - Updated covariance matrix of proposal pdf.
[mcmc] Learn + convergence test @ 23280 samples accepted.
[likelihoodcollection] Average computation time:
   flamingo.inference.masked_ps.MaskedBandPowerLikelihood : 5.35256e-05 s (57469 evaluations, 3.07606 s total)
[theorycollection] Average computation time:
   flamingo.inference.masked_ps.MaskedTSZTheory : 0.0166398 s (57469 evaluations, 956.275 s total)
[mcmc]  - Acceptance rate: 0.358
[mcmc]  - Convergence of means: R-1 = 0.052793 after 18624 accepted steps
[mcmc]  - Updated covariance matrix of proposal pdf.
[mcmc] Learn + convergence test @ 23320 samples accepted.
[likelihoodcollection] Average computation time:
   flamingo.inference.masked_ps.MaskedBandPowerLikelihood : 5.35254e-05 s (57585 evaluations, 3.08226 s total)
[theorycollection] Average computation time:
   flamingo.inference.masked_ps.MaskedTSZTheory : 0.0166394 s (57585 evaluations, 958.181 s total)
[mcmc]  - Acceptance rate: 0.358
[mcmc]  - Convergence of means: R-1 = 0.051099 after 18656 accepted steps
[mcmc]  - Updated covariance matrix of proposal pdf.
[mcmc] Learn + convergence test @ 23360 samples accepted.
[likelihoodcollection] Average computation time:
   flamingo.inference.masked_ps.MaskedBandPowerLikelihood : 5.35292e-05 s (57687 evaluations, 3.08794 s total)
[theorycollection] Average computation time:
   flamingo.inference.masked_ps.MaskedTSZTheory : 0.0166394 s (57687 evaluations, 959.877 s total)
[mcmc]  - Acceptance rate: 0.358
[mcmc]  - Convergence of means: R-1 = 0.050906 after 18688 accepted steps
[mcmc]  - Updated covariance matrix of proposal pdf.
[mcmc] Learn + convergence test @ 23400 samples accepted.
[likelihoodcollection] Average computation time:
   flamingo.inference.masked_ps.MaskedBandPowerLikelihood : 5.35331e-05 s (57785 evaluations, 3.09341 s total)
[theorycollection] Average computation time:
   flamingo.inference.masked_ps.MaskedTSZTheory : 0.0166396 s (57785 evaluations, 961.519 s total)
[mcmc]  - Acceptance rate: 0.358
[mcmc]  - Convergence of means: R-1 = 0.051120 after 18720 accepted steps
[mcmc]  - Updated covariance matrix of proposal pdf.
[mcmc] Learn + convergence test @ 23440 samples accepted.
[likelihoodcollection] Average computation time:
   flamingo.inference.masked_ps.MaskedBandPowerLikelihood : 5.35316e-05 s (57892 evaluations, 3.09905 s total)
[theorycollection] Average computation time:
   flamingo.inference.masked_ps.MaskedTSZTheory : 0.0166397 s (57892 evaluations, 963.308 s total)
[mcmc]  - Acceptance rate: 0.358
[mcmc]  - Convergence of means: R-1 = 0.049867 after 18752 accepted steps
[mcmc]  - Updated covariance matrix of proposal pdf.
[mcmc] Learn + convergence test @ 23480 samples accepted.
[likelihoodcollection] Average computation time:
   flamingo.inference.masked_ps.MaskedBandPowerLikelihood : 5.35288e-05 s (57984 evaluations, 3.10382 s total)
[theorycollection] Average computation time:
   flamingo.inference.masked_ps.MaskedTSZTheory : 0.0166398 s (57984 evaluations, 964.844 s total)
[mcmc]  - Acceptance rate: 0.358
[mcmc]  - Convergence of means: R-1 = 0.048611 after 18784 accepted steps
[mcmc]  - Updated covariance matrix of proposal pdf.
[mcmc] Learn + convergence test @ 23520 samples accepted.
[likelihoodcollection] Average computation time:
   flamingo.inference.masked_ps.MaskedBandPowerLikelihood : 5.35257e-05 s (58089 evaluations, 3.10925 s total)
[theorycollection] Average computation time:
   flamingo.inference.masked_ps.MaskedTSZTheory : 0.0166397 s (58089 evaluations, 966.586 s total)
[mcmc]  - Acceptance rate: 0.358
[mcmc]  - Convergence of means: R-1 = 0.048731 after 18816 accepted steps
[mcmc]  - Updated covariance matrix of proposal pdf.
[mcmc] Learn + convergence test @ 23560 samples accepted.
[likelihoodcollection] Average computation time:
   flamingo.inference.masked_ps.MaskedBandPowerLikelihood : 5.35244e-05 s (58172 evaluations, 3.11362 s total)
[theorycollection] Average computation time:
   flamingo.inference.masked_ps.MaskedTSZTheory : 0.0166395 s (58172 evaluations, 967.952 s total)
[mcmc]  - Acceptance rate: 0.358
[mcmc]  - Convergence of means: R-1 = 0.049575 after 18848 accepted steps
[mcmc]  - Updated covariance matrix of proposal pdf.
[mcmc] Learn + convergence test @ 23600 samples accepted.
[likelihoodcollection] Average computation time:
   flamingo.inference.masked_ps.MaskedBandPowerLikelihood : 5.3519e-05 s (58264 evaluations, 3.11823 s total)
[theorycollection] Average computation time:
   flamingo.inference.masked_ps.MaskedTSZTheory : 0.0166392 s (58264 evaluations, 969.466 s total)
[mcmc]  - Acceptance rate: 0.358
[mcmc]  - Convergence of means: R-1 = 0.050501 after 18880 accepted steps
[mcmc]  - Updated covariance matrix of proposal pdf.
[mcmc] Learn + convergence test @ 23640 samples accepted.
[likelihoodcollection] Average computation time:
   flamingo.inference.masked_ps.MaskedBandPowerLikelihood : 5.35196e-05 s (58366 evaluations, 3.12373 s total)
[theorycollection] Average computation time:
   flamingo.inference.masked_ps.MaskedTSZTheory : 0.0166395 s (58366 evaluations, 971.182 s total)
[mcmc]  - Acceptance rate: 0.358
[mcmc]  - Convergence of means: R-1 = 0.046966 after 18912 accepted steps
[mcmc]  - Updated covariance matrix of proposal pdf.
[mcmc] Learn + convergence test @ 23680 samples accepted.
[likelihoodcollection] Average computation time:
   flamingo.inference.masked_ps.MaskedBandPowerLikelihood : 5.35166e-05 s (58464 evaluations, 3.12879 s total)
[theorycollection] Average computation time:
   flamingo.inference.masked_ps.MaskedTSZTheory : 0.0166398 s (58464 evaluations, 972.831 s total)
[mcmc]  - Acceptance rate: 0.358
[mcmc]  - Convergence of means: R-1 = 0.047620 after 18944 accepted steps
[mcmc]  - Updated covariance matrix of proposal pdf.
[mcmc] Learn + convergence test @ 23720 samples accepted.
[likelihoodcollection] Average computation time:
   flamingo.inference.masked_ps.MaskedBandPowerLikelihood : 5.35149e-05 s (58560 evaluations, 3.13383 s total)
[theorycollection] Average computation time:
   flamingo.inference.masked_ps.MaskedTSZTheory : 0.0166393 s (58560 evaluations, 974.398 s total)
[mcmc]  - Acceptance rate: 0.358
[mcmc]  - Convergence of means: R-1 = 0.051464 after 18976 accepted steps
[mcmc]  - Updated covariance matrix of proposal pdf.
[mcmc] Learn + convergence test @ 23760 samples accepted.
[likelihoodcollection] Average computation time:
   flamingo.inference.masked_ps.MaskedBandPowerLikelihood : 5.35117e-05 s (58674 evaluations, 3.13975 s total)
[theorycollection] Average computation time:
   flamingo.inference.masked_ps.MaskedTSZTheory : 0.016639 s (58674 evaluations, 976.278 s total)
[mcmc]  - Acceptance rate: 0.358
[mcmc]  - Convergence of means: R-1 = 0.052978 after 19008 accepted steps
[mcmc]  - Updated covariance matrix of proposal pdf.
[mcmc] Learn + convergence test @ 23800 samples accepted.
[likelihoodcollection] Average computation time:
   flamingo.inference.masked_ps.MaskedBandPowerLikelihood : 5.35088e-05 s (58827 evaluations, 3.14776 s total)
[theorycollection] Average computation time:
   flamingo.inference.masked_ps.MaskedTSZTheory : 0.0166382 s (58827 evaluations, 978.778 s total)
[mcmc]  - Acceptance rate: 0.358
[mcmc]  - Convergence of means: R-1 = 0.047103 after 19040 accepted steps
[mcmc]  - Updated covariance matrix of proposal pdf.
[mcmc] Learn + convergence test @ 23840 samples accepted.
[likelihoodcollection] Average computation time:
   flamingo.inference.masked_ps.MaskedBandPowerLikelihood : 5.35018e-05 s (58985 evaluations, 3.1558 s total)
[theorycollection] Average computation time:
   flamingo.inference.masked_ps.MaskedTSZTheory : 0.016638 s (58985 evaluations, 981.392 s total)
[mcmc]  - Acceptance rate: 0.357
[mcmc]  - Convergence of means: R-1 = 0.042067 after 19072 accepted steps
[mcmc]  - Updated covariance matrix of proposal pdf.
[mcmc] Learn + convergence test @ 23880 samples accepted.
[likelihoodcollection] Average computation time:
   flamingo.inference.masked_ps.MaskedBandPowerLikelihood : 5.34953e-05 s (59146 evaluations, 3.16403 s total)
[theorycollection] Average computation time:
   flamingo.inference.masked_ps.MaskedTSZTheory : 0.016637 s (59146 evaluations, 984.012 s total)
[mcmc]  - Acceptance rate: 0.357
[mcmc]  - Convergence of means: R-1 = 0.038443 after 19104 accepted steps
[mcmc]  - Updated covariance matrix of proposal pdf.
[mcmc] Learn + convergence test @ 23920 samples accepted.
[likelihoodcollection] Average computation time:
   flamingo.inference.masked_ps.MaskedBandPowerLikelihood : 5.34967e-05 s (59241 evaluations, 3.1692 s total)
[theorycollection] Average computation time:
   flamingo.inference.masked_ps.MaskedTSZTheory : 0.0166364 s (59241 evaluations, 985.557 s total)
[mcmc]  - Acceptance rate: 0.357
[mcmc]  - Convergence of means: R-1 = 0.036542 after 19136 accepted steps
[mcmc]  - Updated covariance matrix of proposal pdf.
[mcmc] Learn + convergence test @ 23960 samples accepted.
[likelihoodcollection] Average computation time:
   flamingo.inference.masked_ps.MaskedBandPowerLikelihood : 5.34976e-05 s (59330 evaluations, 3.17401 s total)
[theorycollection] Average computation time:
   flamingo.inference.masked_ps.MaskedTSZTheory : 0.0166359 s (59330 evaluations, 987.006 s total)
[mcmc]  - Acceptance rate: 0.357
[mcmc]  - Convergence of means: R-1 = 0.036202 after 19168 accepted steps
[mcmc]  - Updated covariance matrix of proposal pdf.
[mcmc] Learn + convergence test @ 24000 samples accepted.
[likelihoodcollection] Average computation time:
   flamingo.inference.masked_ps.MaskedBandPowerLikelihood : 5.34997e-05 s (59451 evaluations, 3.18061 s total)
[theorycollection] Average computation time:
   flamingo.inference.masked_ps.MaskedTSZTheory : 0.0166356 s (59451 evaluations, 989.002 s total)
[mcmc]  - Acceptance rate: 0.357
[mcmc]  - Convergence of means: R-1 = 0.035946 after 19200 accepted steps
[mcmc]  - Updated covariance matrix of proposal pdf.
[mcmc] Learn + convergence test @ 24040 samples accepted.
[likelihoodcollection] Average computation time:
   flamingo.inference.masked_ps.MaskedBandPowerLikelihood : 5.35004e-05 s (59534 evaluations, 3.18509 s total)
[theorycollection] Average computation time:
   flamingo.inference.masked_ps.MaskedTSZTheory : 0.0166357 s (59534 evaluations, 990.391 s total)
[mcmc]  - Acceptance rate: 0.357
[mcmc]  - Convergence of means: R-1 = 0.034335 after 19232 accepted steps
[mcmc]  - Updated covariance matrix of proposal pdf.
[mcmc] Learn + convergence test @ 24080 samples accepted.
[likelihoodcollection] Average computation time:
   flamingo.inference.masked_ps.MaskedBandPowerLikelihood : 5.34979e-05 s (59631 evaluations, 3.19013 s total)
[theorycollection] Average computation time:
   flamingo.inference.masked_ps.MaskedTSZTheory : 0.0166353 s (59631 evaluations, 991.981 s total)
[mcmc]  - Acceptance rate: 0.357
[mcmc]  - Convergence of means: R-1 = 0.033068 after 19264 accepted steps
[mcmc]  - Updated covariance matrix of proposal pdf.
[mcmc] Learn + convergence test @ 24120 samples accepted.
[likelihoodcollection] Average computation time:
   flamingo.inference.masked_ps.MaskedBandPowerLikelihood : 5.3497e-05 s (59742 evaluations, 3.19602 s total)
[theorycollection] Average computation time:
   flamingo.inference.masked_ps.MaskedTSZTheory : 0.0166352 s (59742 evaluations, 993.818 s total)
[mcmc]  - Acceptance rate: 0.357
[mcmc]  - Convergence of means: R-1 = 0.033294 after 19296 accepted steps
[mcmc]  - Updated covariance matrix of proposal pdf.
[mcmc] Learn + convergence test @ 24160 samples accepted.
[likelihoodcollection] Average computation time:
   flamingo.inference.masked_ps.MaskedBandPowerLikelihood : 5.34924e-05 s (59884 evaluations, 3.20334 s total)
[theorycollection] Average computation time:
   flamingo.inference.masked_ps.MaskedTSZTheory : 0.0166346 s (59884 evaluations, 996.144 s total)
[mcmc]  - Acceptance rate: 0.357
[mcmc]  - Convergence of means: R-1 = 0.034378 after 19328 accepted steps
[mcmc]  - Updated covariance matrix of proposal pdf.
[mcmc] Learn + convergence test @ 24200 samples accepted.
[likelihoodcollection] Average computation time:
   flamingo.inference.masked_ps.MaskedBandPowerLikelihood : 5.34907e-05 s (59984 evaluations, 3.20859 s total)
[theorycollection] Average computation time:
   flamingo.inference.masked_ps.MaskedTSZTheory : 0.016634 s (59984 evaluations, 997.773 s total)
[mcmc]  - Acceptance rate: 0.357
[mcmc]  - Convergence of means: R-1 = 0.034787 after 19360 accepted steps
[mcmc]  - Updated covariance matrix of proposal pdf.
[mcmc] Progress @ 2026-08-03 00:28:58 : 66297 steps taken, and 24216 accepted.
[mcmc] Learn + convergence test @ 24240 samples accepted.
[likelihoodcollection] Average computation time:
   flamingo.inference.masked_ps.MaskedBandPowerLikelihood : 5.34874e-05 s (60082 evaluations, 3.21363 s total)
[theorycollection] Average computation time:
   flamingo.inference.masked_ps.MaskedTSZTheory : 0.0166341 s (60082 evaluations, 999.408 s total)
[mcmc]  - Acceptance rate: 0.357
[mcmc]  - Convergence of means: R-1 = 0.034148 after 19392 accepted steps
[mcmc]  - Updated covariance matrix of proposal pdf.
[mcmc] Learn + convergence test @ 24280 samples accepted.
[likelihoodcollection] Average computation time:
   flamingo.inference.masked_ps.MaskedBandPowerLikelihood : 5.34914e-05 s (60171 evaluations, 3.21863 s total)
[theorycollection] Average computation time:
   flamingo.inference.masked_ps.MaskedTSZTheory : 0.0166339 s (60171 evaluations, 1000.88 s total)
[mcmc]  - Acceptance rate: 0.357
[mcmc]  - Convergence of means: R-1 = 0.034658 after 19424 accepted steps
[mcmc]  - Updated covariance matrix of proposal pdf.
[mcmc] Learn + convergence test @ 24320 samples accepted.
[likelihoodcollection] Average computation time:
   flamingo.inference.masked_ps.MaskedBandPowerLikelihood : 5.34936e-05 s (60264 evaluations, 3.22374 s total)
[theorycollection] Average computation time:
   flamingo.inference.masked_ps.MaskedTSZTheory : 0.0166343 s (60264 evaluations, 1002.45 s total)
[mcmc]  - Acceptance rate: 0.357
[mcmc]  - Convergence of means: R-1 = 0.034863 after 19456 accepted steps
[mcmc]  - Updated covariance matrix of proposal pdf.
[mcmc] Learn + convergence test @ 24360 samples accepted.
[likelihoodcollection] Average computation time:
   flamingo.inference.masked_ps.MaskedBandPowerLikelihood : 5.3493e-05 s (60359 evaluations, 3.22878 s total)
[theorycollection] Average computation time:
   flamingo.inference.masked_ps.MaskedTSZTheory : 0.0166342 s (60359 evaluations, 1004.02 s total)
[mcmc]  - Acceptance rate: 0.357
[mcmc]  - Convergence of means: R-1 = 0.034745 after 19488 accepted steps
[mcmc]  - Updated covariance matrix of proposal pdf.
[mcmc] Learn + convergence test @ 24400 samples accepted.
[likelihoodcollection] Average computation time:
   flamingo.inference.masked_ps.MaskedBandPowerLikelihood : 5.34893e-05 s (60454 evaluations, 3.23364 s total)
[theorycollection] Average computation time:
   flamingo.inference.masked_ps.MaskedTSZTheory : 0.0166338 s (60454 evaluations, 1005.58 s total)
[mcmc]  - Acceptance rate: 0.357
[mcmc]  - Convergence of means: R-1 = 0.034595 after 19520 accepted steps
[mcmc]  - Updated covariance matrix of proposal pdf.
[mcmc] Learn + convergence test @ 24440 samples accepted.
[likelihoodcollection] Average computation time:
   flamingo.inference.masked_ps.MaskedBandPowerLikelihood : 5.34953e-05 s (60582 evaluations, 3.24085 s total)
[theorycollection] Average computation time:
   flamingo.inference.masked_ps.MaskedTSZTheory : 0.0166344 s (60582 evaluations, 1007.74 s total)
[mcmc]  - Acceptance rate: 0.357
[mcmc]  - Convergence of means: R-1 = 0.034382 after 19552 accepted steps
[mcmc]  - Updated covariance matrix of proposal pdf.
[mcmc] Learn + convergence test @ 24480 samples accepted.
[likelihoodcollection] Average computation time:
   flamingo.inference.masked_ps.MaskedBandPowerLikelihood : 5.34984e-05 s (60735 evaluations, 3.24922 s total)
[theorycollection] Average computation time:
   flamingo.inference.masked_ps.MaskedTSZTheory : 0.0166347 s (60735 evaluations, 1010.31 s total)
[mcmc]  - Acceptance rate: 0.357
[mcmc]  - Convergence of means: R-1 = 0.033591 after 19584 accepted steps
[mcmc]  - Updated covariance matrix of proposal pdf.
[mcmc] Learn + convergence test @ 24520 samples accepted.
[likelihoodcollection] Average computation time:
   flamingo.inference.masked_ps.MaskedBandPowerLikelihood : 5.34948e-05 s (60832 evaluations, 3.25419 s total)
[theorycollection] Average computation time:
   flamingo.inference.masked_ps.MaskedTSZTheory : 0.0166345 s (60832 evaluations, 1011.91 s total)
[mcmc]  - Acceptance rate: 0.357
[mcmc]  - Convergence of means: R-1 = 0.034098 after 19616 accepted steps
[mcmc]  - Updated covariance matrix of proposal pdf.
[mcmc] Learn + convergence test @ 24560 samples accepted.
[likelihoodcollection] Average computation time:
   flamingo.inference.masked_ps.MaskedBandPowerLikelihood : 5.34967e-05 s (60937 evaluations, 3.25993 s total)
[theorycollection] Average computation time:
   flamingo.inference.masked_ps.MaskedTSZTheory : 0.0166342 s (60937 evaluations, 1013.64 s total)
[mcmc]  - Acceptance rate: 0.356
[mcmc]  - Convergence of means: R-1 = 0.036104 after 19648 accepted steps
[mcmc]  - Updated covariance matrix of proposal pdf.
[mcmc] Learn + convergence test @ 24600 samples accepted.
[likelihoodcollection] Average computation time:
   flamingo.inference.masked_ps.MaskedBandPowerLikelihood : 5.34923e-05 s (61068 evaluations, 3.26667 s total)
[theorycollection] Average computation time:
   flamingo.inference.masked_ps.MaskedTSZTheory : 0.0166338 s (61068 evaluations, 1015.8 s total)
[mcmc]  - Acceptance rate: 0.356
[mcmc]  - Convergence of means: R-1 = 0.036925 after 19680 accepted steps
[mcmc]  - Updated covariance matrix of proposal pdf.
[mcmc] Learn + convergence test @ 24640 samples accepted.
[likelihoodcollection] Average computation time:
   flamingo.inference.masked_ps.MaskedBandPowerLikelihood : 5.34938e-05 s (61185 evaluations, 3.27302 s total)
[theorycollection] Average computation time:
   flamingo.inference.masked_ps.MaskedTSZTheory : 0.0166336 s (61185 evaluations, 1017.73 s total)
[mcmc]  - Acceptance rate: 0.356
[mcmc]  - Convergence of means: R-1 = 0.036329 after 19712 accepted steps
[mcmc]  - Updated covariance matrix of proposal pdf.
[mcmc] Learn + convergence test @ 24680 samples accepted.
[likelihoodcollection] Average computation time:
   flamingo.inference.masked_ps.MaskedBandPowerLikelihood : 5.34937e-05 s (61314 evaluations, 3.27991 s total)
[theorycollection] Average computation time:
   flamingo.inference.masked_ps.MaskedTSZTheory : 0.0166332 s (61314 evaluations, 1019.85 s total)
[mcmc]  - Acceptance rate: 0.356
[mcmc]  - Convergence of means: R-1 = 0.036550 after 19744 accepted steps
[mcmc]  - Updated covariance matrix of proposal pdf.
[mcmc] Learn + convergence test @ 24720 samples accepted.
[likelihoodcollection] Average computation time:
   flamingo.inference.masked_ps.MaskedBandPowerLikelihood : 5.34919e-05 s (61408 evaluations, 3.28483 s total)
[theorycollection] Average computation time:
   flamingo.inference.masked_ps.MaskedTSZTheory : 0.0166327 s (61408 evaluations, 1021.38 s total)
[mcmc]  - Acceptance rate: 0.356
[mcmc]  - Convergence of means: R-1 = 0.036365 after 19776 accepted steps
[mcmc]  - Updated covariance matrix of proposal pdf.
[mcmc] Learn + convergence test @ 24760 samples accepted.
[likelihoodcollection] Average computation time:
   flamingo.inference.masked_ps.MaskedBandPowerLikelihood : 5.34997e-05 s (61532 evaluations, 3.29194 s total)
[theorycollection] Average computation time:
   flamingo.inference.masked_ps.MaskedTSZTheory : 0.0166328 s (61532 evaluations, 1023.45 s total)
[mcmc]  - Acceptance rate: 0.356
[mcmc]  - Convergence of means: R-1 = 0.035247 after 19808 accepted steps
[mcmc]  - Updated covariance matrix of proposal pdf.
[mcmc] Learn + convergence test @ 24800 samples accepted.
[likelihoodcollection] Average computation time:
   flamingo.inference.masked_ps.MaskedBandPowerLikelihood : 5.34993e-05 s (61631 evaluations, 3.29721 s total)
[theorycollection] Average computation time:
   flamingo.inference.masked_ps.MaskedTSZTheory : 0.0166324 s (61631 evaluations, 1025.07 s total)
[mcmc]  - Acceptance rate: 0.356
[mcmc]  - Convergence of means: R-1 = 0.036005 after 19840 accepted steps
[mcmc]  - Updated covariance matrix of proposal pdf.
[mcmc] Learn + convergence test @ 24840 samples accepted.
[likelihoodcollection] Average computation time:
   flamingo.inference.masked_ps.MaskedBandPowerLikelihood : 5.34983e-05 s (61744 evaluations, 3.3032 s total)
[theorycollection] Average computation time:
   flamingo.inference.masked_ps.MaskedTSZTheory : 0.0166324 s (61744 evaluations, 1026.95 s total)
[mcmc]  - Acceptance rate: 0.356
[mcmc]  - Convergence of means: R-1 = 0.036822 after 19872 accepted steps
[mcmc]  - Updated covariance matrix of proposal pdf.
[mcmc] Learn + convergence test @ 24880 samples accepted.
[likelihoodcollection] Average computation time:
   flamingo.inference.masked_ps.MaskedBandPowerLikelihood : 5.34903e-05 s (61867 evaluations, 3.30928 s total)
[theorycollection] Average computation time:
   flamingo.inference.masked_ps.MaskedTSZTheory : 0.0166316 s (61867 evaluations, 1028.94 s total)
[mcmc]  - Acceptance rate: 0.356
[mcmc]  - Convergence of means: R-1 = 0.037802 after 19904 accepted steps
[mcmc]  - Updated covariance matrix of proposal pdf.
[mcmc] Learn + convergence test @ 24920 samples accepted.
[likelihoodcollection] Average computation time:
   flamingo.inference.masked_ps.MaskedBandPowerLikelihood : 5.34909e-05 s (61972 evaluations, 3.31494 s total)
[theorycollection] Average computation time:
   flamingo.inference.masked_ps.MaskedTSZTheory : 0.0166308 s (61972 evaluations, 1030.64 s total)
[mcmc]  - Acceptance rate: 0.356
[mcmc]  - Convergence of means: R-1 = 0.037952 after 19936 accepted steps
[mcmc]  - Updated covariance matrix of proposal pdf.
[mcmc] Learn + convergence test @ 24960 samples accepted.
[likelihoodcollection] Average computation time:
   flamingo.inference.masked_ps.MaskedBandPowerLikelihood : 5.34952e-05 s (62080 evaluations, 3.32098 s total)
[theorycollection] Average computation time:
   flamingo.inference.masked_ps.MaskedTSZTheory : 0.0166306 s (62080 evaluations, 1032.43 s total)
[mcmc]  - Acceptance rate: 0.355
[mcmc]  - Convergence of means: R-1 = 0.039589 after 19968 accepted steps
[mcmc]  - Updated covariance matrix of proposal pdf.
[mcmc] Learn + convergence test @ 25000 samples accepted.
[likelihoodcollection] Average computation time:
   flamingo.inference.masked_ps.MaskedBandPowerLikelihood : 5.34953e-05 s (62173 evaluations, 3.32596 s total)
[theorycollection] Average computation time:
   flamingo.inference.masked_ps.MaskedTSZTheory : 0.0166306 s (62173 evaluations, 1033.97 s total)
[mcmc]  - Acceptance rate: 0.355
[mcmc]  - Convergence of means: R-1 = 0.040651 after 20000 accepted steps
[mcmc]  - Updated covariance matrix of proposal pdf.
[mcmc] Learn + convergence test @ 25040 samples accepted.
[likelihoodcollection] Average computation time:
   flamingo.inference.masked_ps.MaskedBandPowerLikelihood : 5.34952e-05 s (62255 evaluations, 3.33034 s total)
[theorycollection] Average computation time:
   flamingo.inference.masked_ps.MaskedTSZTheory : 0.0166307 s (62255 evaluations, 1035.34 s total)
[mcmc]  - Acceptance rate: 0.355
[mcmc]  - Convergence of means: R-1 = 0.042440 after 20032 accepted steps
[mcmc]  - Updated covariance matrix of proposal pdf.
[mcmc] Learn + convergence test @ 25080 samples accepted.
[likelihoodcollection] Average computation time:
   flamingo.inference.masked_ps.MaskedBandPowerLikelihood : 5.34942e-05 s (62354 evaluations, 3.33558 s total)
[theorycollection] Average computation time:
   flamingo.inference.masked_ps.MaskedTSZTheory : 0.0166306 s (62354 evaluations, 1036.98 s total)
[mcmc]  - Acceptance rate: 0.355
[mcmc]  - Convergence of means: R-1 = 0.043306 after 20064 accepted steps
[mcmc]  - Updated covariance matrix of proposal pdf.
[mcmc] Learn + convergence test @ 25120 samples accepted.
[likelihoodcollection] Average computation time:
   flamingo.inference.masked_ps.MaskedBandPowerLikelihood : 5.34967e-05 s (62453 evaluations, 3.34103 s total)
[theorycollection] Average computation time:
   flamingo.inference.masked_ps.MaskedTSZTheory : 0.0166307 s (62453 evaluations, 1038.64 s total)
[mcmc]  - Acceptance rate: 0.356
[mcmc]  - Convergence of means: R-1 = 0.042656 after 20096 accepted steps
[mcmc]  - Updated covariance matrix of proposal pdf.
[mcmc] Learn + convergence test @ 25160 samples accepted.
[likelihoodcollection] Average computation time:
   flamingo.inference.masked_ps.MaskedBandPowerLikelihood : 5.34974e-05 s (62558 evaluations, 3.34669 s total)
[theorycollection] Average computation time:
   flamingo.inference.masked_ps.MaskedTSZTheory : 0.0166305 s (62558 evaluations, 1040.37 s total)
[mcmc]  - Acceptance rate: 0.355
[mcmc]  - Convergence of means: R-1 = 0.043292 after 20128 accepted steps
[mcmc]  - Updated covariance matrix of proposal pdf.
[mcmc] Learn + convergence test @ 25200 samples accepted.
[likelihoodcollection] Average computation time:
   flamingo.inference.masked_ps.MaskedBandPowerLikelihood : 5.34943e-05 s (62723 evaluations, 3.35533 s total)
[theorycollection] Average computation time:
   flamingo.inference.masked_ps.MaskedTSZTheory : 0.0166309 s (62723 evaluations, 1043.14 s total)
[mcmc]  - Acceptance rate: 0.354
[mcmc]  - Convergence of means: R-1 = 0.042868 after 20160 accepted steps
[mcmc]  - Updated covariance matrix of proposal pdf.
[mcmc] Learn + convergence test @ 25240 samples accepted.
[likelihoodcollection] Average computation time:
   flamingo.inference.masked_ps.MaskedBandPowerLikelihood : 5.34897e-05 s (62827 evaluations, 3.3606 s total)
[theorycollection] Average computation time:
   flamingo.inference.masked_ps.MaskedTSZTheory : 0.0166307 s (62827 evaluations, 1044.86 s total)
[mcmc]  - Acceptance rate: 0.354
[mcmc]  - Convergence of means: R-1 = 0.040629 after 20192 accepted steps
[mcmc]  - Updated covariance matrix of proposal pdf.
[mcmc] Learn + convergence test @ 25280 samples accepted.
[likelihoodcollection] Average computation time:
   flamingo.inference.masked_ps.MaskedBandPowerLikelihood : 5.34889e-05 s (62928 evaluations, 3.36595 s total)
[theorycollection] Average computation time:
   flamingo.inference.masked_ps.MaskedTSZTheory : 0.0166306 s (62928 evaluations, 1046.53 s total)
[mcmc]  - Acceptance rate: 0.354
[mcmc]  - Convergence of means: R-1 = 0.039706 after 20224 accepted steps
[mcmc]  - Updated covariance matrix of proposal pdf.
[mcmc] Learn + convergence test @ 25320 samples accepted.
[likelihoodcollection] Average computation time:
   flamingo.inference.masked_ps.MaskedBandPowerLikelihood : 5.34977e-05 s (63010 evaluations, 3.37089 s total)
[theorycollection] Average computation time:
   flamingo.inference.masked_ps.MaskedTSZTheory : 0.0166306 s (63010 evaluations, 1047.9 s total)
[mcmc]  - Acceptance rate: 0.354
[mcmc]  - Convergence of means: R-1 = 0.039959 after 20256 accepted steps
[mcmc]  - Updated covariance matrix of proposal pdf.
[mcmc] Learn + convergence test @ 25360 samples accepted.
[likelihoodcollection] Average computation time:
   flamingo.inference.masked_ps.MaskedBandPowerLikelihood : 5.34974e-05 s (63108 evaluations, 3.37612 s total)
[theorycollection] Average computation time:
   flamingo.inference.masked_ps.MaskedTSZTheory : 0.0166309 s (63108 evaluations, 1049.54 s total)
[mcmc]  - Acceptance rate: 0.354
[mcmc]  - Convergence of means: R-1 = 0.040150 after 20288 accepted steps
[mcmc]  - Updated covariance matrix of proposal pdf.
[mcmc] Learn + convergence test @ 25400 samples accepted.
[likelihoodcollection] Average computation time:
   flamingo.inference.masked_ps.MaskedBandPowerLikelihood : 5.34933e-05 s (63218 evaluations, 3.38174 s total)
[theorycollection] Average computation time:
   flamingo.inference.masked_ps.MaskedTSZTheory : 0.0166307 s (63218 evaluations, 1051.36 s total)
[mcmc]  - Acceptance rate: 0.354
[mcmc]  - Convergence of means: R-1 = 0.041805 after 20320 accepted steps
[mcmc]  - Updated covariance matrix of proposal pdf.
[mcmc] Learn + convergence test @ 25440 samples accepted.
[likelihoodcollection] Average computation time:
   flamingo.inference.masked_ps.MaskedBandPowerLikelihood : 5.34889e-05 s (63337 evaluations, 3.38783 s total)
[theorycollection] Average computation time:
   flamingo.inference.masked_ps.MaskedTSZTheory : 0.0166305 s (63337 evaluations, 1053.33 s total)
[mcmc]  - Acceptance rate: 0.354
[mcmc]  - Convergence of means: R-1 = 0.042291 after 20352 accepted steps
[mcmc]  - Updated covariance matrix of proposal pdf.
[mcmc] Learn + convergence test @ 25480 samples accepted.
[likelihoodcollection] Average computation time:
   flamingo.inference.masked_ps.MaskedBandPowerLikelihood : 5.34914e-05 s (63434 evaluations, 3.39317 s total)
[theorycollection] Average computation time:
   flamingo.inference.masked_ps.MaskedTSZTheory : 0.0166305 s (63434 evaluations, 1054.94 s total)
[mcmc]  - Acceptance rate: 0.354
[mcmc]  - Convergence of means: R-1 = 0.042732 after 20384 accepted steps
[mcmc]  - Updated covariance matrix of proposal pdf.
[mcmc] Learn + convergence test @ 25520 samples accepted.
[likelihoodcollection] Average computation time:
   flamingo.inference.masked_ps.MaskedBandPowerLikelihood : 5.3492e-05 s (63526 evaluations, 3.39814 s total)
[theorycollection] Average computation time:
   flamingo.inference.masked_ps.MaskedTSZTheory : 0.0166303 s (63526 evaluations, 1056.46 s total)
[mcmc]  - Acceptance rate: 0.354
[mcmc]  - Convergence of means: R-1 = 0.041835 after 20416 accepted steps
[mcmc]  - Updated covariance matrix of proposal pdf.
[mcmc] Progress @ 2026-08-03 00:29:58 : 70313 steps taken, and 25535 accepted.
[mcmc] Learn + convergence test @ 25560 samples accepted.
[likelihoodcollection] Average computation time:
   flamingo.inference.masked_ps.MaskedBandPowerLikelihood : 5.34889e-05 s (63619 evaluations, 3.40291 s total)
[theorycollection] Average computation time:
   flamingo.inference.masked_ps.MaskedTSZTheory : 0.0166303 s (63619 evaluations, 1058 s total)
[mcmc]  - Acceptance rate: 0.354
[mcmc]  - Convergence of means: R-1 = 0.040657 after 20448 accepted steps
[mcmc]  - Updated covariance matrix of proposal pdf.
[mcmc] Learn + convergence test @ 25600 samples accepted.
[likelihoodcollection] Average computation time:
   flamingo.inference.masked_ps.MaskedBandPowerLikelihood : 5.34863e-05 s (63737 evaluations, 3.40906 s total)
[theorycollection] Average computation time:
   flamingo.inference.masked_ps.MaskedTSZTheory : 0.0166296 s (63737 evaluations, 1059.92 s total)
[mcmc]  - Acceptance rate: 0.354
[mcmc]  - Convergence of means: R-1 = 0.040187 after 20480 accepted steps
[mcmc]  - Updated covariance matrix of proposal pdf.
[mcmc] Learn + convergence test @ 25640 samples accepted.
[likelihoodcollection] Average computation time:
   flamingo.inference.masked_ps.MaskedBandPowerLikelihood : 5.34817e-05 s (63852 evaluations, 3.41491 s total)
[theorycollection] Average computation time:
   flamingo.inference.masked_ps.MaskedTSZTheory : 0.0166293 s (63852 evaluations, 1061.82 s total)
[mcmc]  - Acceptance rate: 0.354
[mcmc]  - Convergence of means: R-1 = 0.039673 after 20512 accepted steps
[mcmc]  - Updated covariance matrix of proposal pdf.
[mcmc] Learn + convergence test @ 25680 samples accepted.
[likelihoodcollection] Average computation time:
   flamingo.inference.masked_ps.MaskedBandPowerLikelihood : 5.34861e-05 s (63942 evaluations, 3.42001 s total)
[theorycollection] Average computation time:
   flamingo.inference.masked_ps.MaskedTSZTheory : 0.0166294 s (63942 evaluations, 1063.32 s total)
[mcmc]  - Acceptance rate: 0.354
[mcmc]  - Convergence of means: R-1 = 0.039544 after 20544 accepted steps
[mcmc]  - Updated covariance matrix of proposal pdf.
[mcmc] Learn + convergence test @ 25720 samples accepted.
[likelihoodcollection] Average computation time:
   flamingo.inference.masked_ps.MaskedBandPowerLikelihood : 5.34896e-05 s (64079 evaluations, 3.42756 s total)
[theorycollection] Average computation time:
   flamingo.inference.masked_ps.MaskedTSZTheory : 0.0166291 s (64079 evaluations, 1065.57 s total)
[mcmc]  - Acceptance rate: 0.354
[mcmc]  - Convergence of means: R-1 = 0.038951 after 20576 accepted steps
[mcmc]  - Updated covariance matrix of proposal pdf.
[mcmc] Learn + convergence test @ 25760 samples accepted.
[likelihoodcollection] Average computation time:
   flamingo.inference.masked_ps.MaskedBandPowerLikelihood : 5.34847e-05 s (64208 evaluations, 3.43414 s total)
[theorycollection] Average computation time:
   flamingo.inference.masked_ps.MaskedTSZTheory : 0.0166292 s (64208 evaluations, 1067.73 s total)
[mcmc]  - Acceptance rate: 0.354
[mcmc]  - Convergence of means: R-1 = 0.038668 after 20608 accepted steps
[mcmc]  - Updated covariance matrix of proposal pdf.
[mcmc] Learn + convergence test @ 25800 samples accepted.
[likelihoodcollection] Average computation time:
   flamingo.inference.masked_ps.MaskedBandPowerLikelihood : 5.34796e-05 s (64308 evaluations, 3.43917 s total)
[theorycollection] Average computation time:
   flamingo.inference.masked_ps.MaskedTSZTheory : 0.0166292 s (64308 evaluations, 1069.39 s total)
[mcmc]  - Acceptance rate: 0.354
[mcmc]  - Convergence of means: R-1 = 0.038755 after 20640 accepted steps
[mcmc]  - Updated covariance matrix of proposal pdf.
[mcmc] Learn + convergence test @ 25840 samples accepted.
[likelihoodcollection] Average computation time:
   flamingo.inference.masked_ps.MaskedBandPowerLikelihood : 5.34803e-05 s (64422 evaluations, 3.44531 s total)
[theorycollection] Average computation time:
   flamingo.inference.masked_ps.MaskedTSZTheory : 0.0166293 s (64422 evaluations, 1071.29 s total)
[mcmc]  - Acceptance rate: 0.353
[mcmc]  - Convergence of means: R-1 = 0.040286 after 20672 accepted steps
[mcmc]  - Updated covariance matrix of proposal pdf.
[mcmc] Learn + convergence test @ 25880 samples accepted.
[likelihoodcollection] Average computation time:
   flamingo.inference.masked_ps.MaskedBandPowerLikelihood : 5.3482e-05 s (64523 evaluations, 3.45082 s total)
[theorycollection] Average computation time:
   flamingo.inference.masked_ps.MaskedTSZTheory : 0.0166295 s (64523 evaluations, 1072.99 s total)
[mcmc]  - Acceptance rate: 0.353
[mcmc]  - Convergence of means: R-1 = 0.042065 after 20704 accepted steps
[mcmc]  - Updated covariance matrix of proposal pdf.
[mcmc] Learn + convergence test @ 25920 samples accepted.
[likelihoodcollection] Average computation time:
   flamingo.inference.masked_ps.MaskedBandPowerLikelihood : 5.34825e-05 s (64621 evaluations, 3.4561 s total)
[theorycollection] Average computation time:
   flamingo.inference.masked_ps.MaskedTSZTheory : 0.0166295 s (64621 evaluations, 1074.62 s total)
[mcmc]  - Acceptance rate: 0.353
[mcmc]  - Convergence of means: R-1 = 0.041030 after 20736 accepted steps
[mcmc]  - Updated covariance matrix of proposal pdf.
[mcmc] Learn + convergence test @ 25960 samples accepted.
[likelihoodcollection] Average computation time:
   flamingo.inference.masked_ps.MaskedBandPowerLikelihood : 5.34823e-05 s (64726 evaluations, 3.4617 s total)
[theorycollection] Average computation time:
   flamingo.inference.masked_ps.MaskedTSZTheory : 0.0166293 s (64726 evaluations, 1076.35 s total)
[mcmc]  - Acceptance rate: 0.353
[mcmc]  - Convergence of means: R-1 = 0.040567 after 20768 accepted steps
[mcmc]  - Updated covariance matrix of proposal pdf.
[mcmc] Learn + convergence test @ 26000 samples accepted.
[likelihoodcollection] Average computation time:
   flamingo.inference.masked_ps.MaskedBandPowerLikelihood : 5.34873e-05 s (64836 evaluations, 3.4679 s total)
[theorycollection] Average computation time:
   flamingo.inference.masked_ps.MaskedTSZTheory : 0.0166293 s (64836 evaluations, 1078.18 s total)
[mcmc]  - Acceptance rate: 0.353
[mcmc]  - Convergence of means: R-1 = 0.039449 after 20800 accepted steps
[mcmc]  - Updated covariance matrix of proposal pdf.
[mcmc] Learn + convergence test @ 26040 samples accepted.
[likelihoodcollection] Average computation time:
   flamingo.inference.masked_ps.MaskedBandPowerLikelihood : 5.34938e-05 s (64950 evaluations, 3.47442 s total)
[theorycollection] Average computation time:
   flamingo.inference.masked_ps.MaskedTSZTheory : 0.0166291 s (64950 evaluations, 1080.06 s total)
[mcmc]  - Acceptance rate: 0.353
[mcmc]  - Convergence of means: R-1 = 0.037073 after 20832 accepted steps
[mcmc]  - Updated covariance matrix of proposal pdf.
[mcmc] Learn + convergence test @ 26080 samples accepted.
[likelihoodcollection] Average computation time:
   flamingo.inference.masked_ps.MaskedBandPowerLikelihood : 5.35014e-05 s (65031 evaluations, 3.47925 s total)
[theorycollection] Average computation time:
   flamingo.inference.masked_ps.MaskedTSZTheory : 0.0166293 s (65031 evaluations, 1081.42 s total)
[mcmc]  - Acceptance rate: 0.353
[mcmc]  - Convergence of means: R-1 = 0.037180 after 20864 accepted steps
[mcmc]  - Updated covariance matrix of proposal pdf.
[mcmc] Learn + convergence test @ 26120 samples accepted.
[likelihoodcollection] Average computation time:
   flamingo.inference.masked_ps.MaskedBandPowerLikelihood : 5.34994e-05 s (65127 evaluations, 3.48426 s total)
[theorycollection] Average computation time:
   flamingo.inference.masked_ps.MaskedTSZTheory : 0.016629 s (65127 evaluations, 1083 s total)
[mcmc]  - Acceptance rate: 0.353
[mcmc]  - Convergence of means: R-1 = 0.036429 after 20896 accepted steps
[mcmc]  - Updated covariance matrix of proposal pdf.
[mcmc] Learn + convergence test @ 26160 samples accepted.
[likelihoodcollection] Average computation time:
   flamingo.inference.masked_ps.MaskedBandPowerLikelihood : 5.34973e-05 s (65235 evaluations, 3.4899 s total)
[theorycollection] Average computation time:
   flamingo.inference.masked_ps.MaskedTSZTheory : 0.0166283 s (65235 evaluations, 1084.75 s total)
[mcmc]  - Acceptance rate: 0.353
[mcmc]  - Convergence of means: R-1 = 0.036409 after 20928 accepted steps
[mcmc]  - Updated covariance matrix of proposal pdf.
[mcmc] Learn + convergence test @ 26200 samples accepted.
[likelihoodcollection] Average computation time:
   flamingo.inference.masked_ps.MaskedBandPowerLikelihood : 5.34903e-05 s (65343 evaluations, 3.49521 s total)
[theorycollection] Average computation time:
   flamingo.inference.masked_ps.MaskedTSZTheory : 0.0166281 s (65343 evaluations, 1086.53 s total)
[mcmc]  - Acceptance rate: 0.352
[mcmc]  - Convergence of means: R-1 = 0.034634 after 20960 accepted steps
[mcmc]  - Updated covariance matrix of proposal pdf.
[mcmc] Learn + convergence test @ 26240 samples accepted.
[likelihoodcollection] Average computation time:
   flamingo.inference.masked_ps.MaskedBandPowerLikelihood : 5.34912e-05 s (65461 evaluations, 3.50159 s total)
[theorycollection] Average computation time:
   flamingo.inference.masked_ps.MaskedTSZTheory : 0.0166279 s (65461 evaluations, 1088.48 s total)
[mcmc]  - Acceptance rate: 0.352
[mcmc]  - Convergence of means: R-1 = 0.034555 after 20992 accepted steps
[mcmc]  - Updated covariance matrix of proposal pdf.
[mcmc] Learn + convergence test @ 26280 samples accepted.
[likelihoodcollection] Average computation time:
   flamingo.inference.masked_ps.MaskedBandPowerLikelihood : 5.34946e-05 s (65560 evaluations, 3.50711 s total)
[theorycollection] Average computation time:
   flamingo.inference.masked_ps.MaskedTSZTheory : 0.016628 s (65560 evaluations, 1090.13 s total)
[mcmc]  - Acceptance rate: 0.352
[mcmc]  - Convergence of means: R-1 = 0.035751 after 21024 accepted steps
[mcmc]  - Updated covariance matrix of proposal pdf.
[mcmc] Learn + convergence test @ 26320 samples accepted.
[likelihoodcollection] Average computation time:
   flamingo.inference.masked_ps.MaskedBandPowerLikelihood : 5.34995e-05 s (65658 evaluations, 3.51267 s total)
[theorycollection] Average computation time:
   flamingo.inference.masked_ps.MaskedTSZTheory : 0.0166277 s (65658 evaluations, 1091.74 s total)
[mcmc]  - Acceptance rate: 0.352
[mcmc]  - Convergence of means: R-1 = 0.037185 after 21056 accepted steps
[mcmc]  - Updated covariance matrix of proposal pdf.
[mcmc] Learn + convergence test @ 26360 samples accepted.
[likelihoodcollection] Average computation time:
   flamingo.inference.masked_ps.MaskedBandPowerLikelihood : 5.34991e-05 s (65750 evaluations, 3.51756 s total)
[theorycollection] Average computation time:
   flamingo.inference.masked_ps.MaskedTSZTheory : 0.0166276 s (65750 evaluations, 1093.26 s total)
[mcmc]  - Acceptance rate: 0.352
[mcmc]  - Convergence of means: R-1 = 0.037416 after 21088 accepted steps
[mcmc]  - Updated covariance matrix of proposal pdf.
[mcmc] Learn + convergence test @ 26400 samples accepted.
[likelihoodcollection] Average computation time:
   flamingo.inference.masked_ps.MaskedBandPowerLikelihood : 5.34997e-05 s (65855 evaluations, 3.52322 s total)
[theorycollection] Average computation time:
   flamingo.inference.masked_ps.MaskedTSZTheory : 0.0166278 s (65855 evaluations, 1095.02 s total)
[mcmc]  - Acceptance rate: 0.352
[mcmc]  - Convergence of means: R-1 = 0.037865 after 21120 accepted steps
[mcmc]  - Updated covariance matrix of proposal pdf.
[mcmc] Learn + convergence test @ 26440 samples accepted.
[likelihoodcollection] Average computation time:
   flamingo.inference.masked_ps.MaskedBandPowerLikelihood : 5.34974e-05 s (65943 evaluations, 3.52778 s total)
[theorycollection] Average computation time:
   flamingo.inference.masked_ps.MaskedTSZTheory : 0.0166278 s (65943 evaluations, 1096.49 s total)
[mcmc]  - Acceptance rate: 0.352
[mcmc]  - Convergence of means: R-1 = 0.037939 after 21152 accepted steps
[mcmc]  - Updated covariance matrix of proposal pdf.
[mcmc] Learn + convergence test @ 26480 samples accepted.
[likelihoodcollection] Average computation time:
   flamingo.inference.masked_ps.MaskedBandPowerLikelihood : 5.3493e-05 s (66054 evaluations, 3.53343 s total)
[theorycollection] Average computation time:
   flamingo.inference.masked_ps.MaskedTSZTheory : 0.016628 s (66054 evaluations, 1098.35 s total)
[mcmc]  - Acceptance rate: 0.352
[mcmc]  - Convergence of means: R-1 = 0.037227 after 21184 accepted steps
[mcmc]  - Updated covariance matrix of proposal pdf.
[mcmc] Learn + convergence test @ 26520 samples accepted.
[likelihoodcollection] Average computation time:
   flamingo.inference.masked_ps.MaskedBandPowerLikelihood : 5.34953e-05 s (66132 evaluations, 3.53775 s total)
[theorycollection] Average computation time:
   flamingo.inference.masked_ps.MaskedTSZTheory : 0.0166282 s (66132 evaluations, 1099.66 s total)
[mcmc]  - Acceptance rate: 0.352
[mcmc]  - Convergence of means: R-1 = 0.036691 after 21216 accepted steps
[mcmc]  - Updated covariance matrix of proposal pdf.
[mcmc] Learn + convergence test @ 26560 samples accepted.
[likelihoodcollection] Average computation time:
   flamingo.inference.masked_ps.MaskedBandPowerLikelihood : 5.3504e-05 s (66217 evaluations, 3.54287 s total)
[theorycollection] Average computation time:
   flamingo.inference.masked_ps.MaskedTSZTheory : 0.0166285 s (66217 evaluations, 1101.09 s total)
[mcmc]  - Acceptance rate: 0.353
[mcmc]  - Convergence of means: R-1 = 0.036276 after 21248 accepted steps
[mcmc]  - Updated covariance matrix of proposal pdf.
[mcmc] Learn + convergence test @ 26600 samples accepted.
[likelihoodcollection] Average computation time:
   flamingo.inference.masked_ps.MaskedBandPowerLikelihood : 5.35055e-05 s (66327 evaluations, 3.54886 s total)
[theorycollection] Average computation time:
   flamingo.inference.masked_ps.MaskedTSZTheory : 0.0166286 s (66327 evaluations, 1102.92 s total)
[mcmc]  - Acceptance rate: 0.353
[mcmc]  - Convergence of means: R-1 = 0.035989 after 21280 accepted steps
[mcmc]  - Updated covariance matrix of proposal pdf.
[mcmc] Learn + convergence test @ 26640 samples accepted.
[likelihoodcollection] Average computation time:
   flamingo.inference.masked_ps.MaskedBandPowerLikelihood : 5.35066e-05 s (66410 evaluations, 3.55337 s total)
[theorycollection] Average computation time:
   flamingo.inference.masked_ps.MaskedTSZTheory : 0.0166286 s (66410 evaluations, 1104.31 s total)
[mcmc]  - Acceptance rate: 0.353
[mcmc]  - Convergence of means: R-1 = 0.035613 after 21312 accepted steps
[mcmc]  - Updated covariance matrix of proposal pdf.
[mcmc] Learn + convergence test @ 26680 samples accepted.
[likelihoodcollection] Average computation time:
   flamingo.inference.masked_ps.MaskedBandPowerLikelihood : 5.3502e-05 s (66513 evaluations, 3.55858 s total)
[theorycollection] Average computation time:
   flamingo.inference.masked_ps.MaskedTSZTheory : 0.0166288 s (66513 evaluations, 1106.03 s total)
[mcmc]  - Acceptance rate: 0.353
[mcmc]  - Convergence of means: R-1 = 0.033641 after 21344 accepted steps
[mcmc]  - Updated covariance matrix of proposal pdf.
[mcmc] Learn + convergence test @ 26720 samples accepted.
[likelihoodcollection] Average computation time:
   flamingo.inference.masked_ps.MaskedBandPowerLikelihood : 5.35025e-05 s (66615 evaluations, 3.56407 s total)
[theorycollection] Average computation time:
   flamingo.inference.masked_ps.MaskedTSZTheory : 0.0166285 s (66615 evaluations, 1107.71 s total)
[mcmc]  - Acceptance rate: 0.353
[mcmc]  - Convergence of means: R-1 = 0.032336 after 21376 accepted steps
[mcmc]  - Updated covariance matrix of proposal pdf.
[mcmc] Learn + convergence test @ 26760 samples accepted.
[likelihoodcollection] Average computation time:
   flamingo.inference.masked_ps.MaskedBandPowerLikelihood : 5.35018e-05 s (66700 evaluations, 3.56857 s total)
[theorycollection] Average computation time:
   flamingo.inference.masked_ps.MaskedTSZTheory : 0.0166282 s (66700 evaluations, 1109.1 s total)
[mcmc]  - Acceptance rate: 0.353
[mcmc]  - Convergence of means: R-1 = 0.034476 after 21408 accepted steps
[mcmc]  - Updated covariance matrix of proposal pdf.
[mcmc] Learn + convergence test @ 26800 samples accepted.
[likelihoodcollection] Average computation time:
   flamingo.inference.masked_ps.MaskedBandPowerLikelihood : 5.35019e-05 s (66799 evaluations, 3.57387 s total)
[theorycollection] Average computation time:
   flamingo.inference.masked_ps.MaskedTSZTheory : 0.0166282 s (66799 evaluations, 1110.75 s total)
[mcmc]  - Acceptance rate: 0.353
[mcmc]  - Convergence of means: R-1 = 0.035119 after 21440 accepted steps
[mcmc]  - Updated covariance matrix of proposal pdf.
[mcmc] Learn + convergence test @ 26840 samples accepted.
[likelihoodcollection] Average computation time:
   flamingo.inference.masked_ps.MaskedBandPowerLikelihood : 5.34962e-05 s (66879 evaluations, 3.57777 s total)
[theorycollection] Average computation time:
   flamingo.inference.masked_ps.MaskedTSZTheory : 0.0166281 s (66879 evaluations, 1112.07 s total)
[mcmc]  - Acceptance rate: 0.353
[mcmc]  - Convergence of means: R-1 = 0.035478 after 21472 accepted steps
[mcmc]  - Updated covariance matrix of proposal pdf.
[mcmc] Learn + convergence test @ 26880 samples accepted.
[likelihoodcollection] Average computation time:
   flamingo.inference.masked_ps.MaskedBandPowerLikelihood : 5.34926e-05 s (66970 evaluations, 3.5824 s total)
[theorycollection] Average computation time:
   flamingo.inference.masked_ps.MaskedTSZTheory : 0.0166276 s (66970 evaluations, 1113.55 s total)
[mcmc]  - Acceptance rate: 0.353
[mcmc]  - Convergence of means: R-1 = 0.033735 after 21504 accepted steps
[mcmc]  - Updated covariance matrix of proposal pdf.
[mcmc] Learn + convergence test @ 26920 samples accepted.
[likelihoodcollection] Average computation time:
   flamingo.inference.masked_ps.MaskedBandPowerLikelihood : 5.34881e-05 s (67065 evaluations, 3.58718 s total)
[theorycollection] Average computation time:
   flamingo.inference.masked_ps.MaskedTSZTheory : 0.0166273 s (67065 evaluations, 1115.11 s total)
[mcmc]  - Acceptance rate: 0.353
[mcmc]  - Convergence of means: R-1 = 0.034316 after 21536 accepted steps
[mcmc]  - Updated covariance matrix of proposal pdf.
[mcmc] Progress @ 2026-08-03 00:30:58 : 74478 steps taken, and 26944 accepted.
[mcmc] Learn + convergence test @ 26960 samples accepted.
[likelihoodcollection] Average computation time:
   flamingo.inference.masked_ps.MaskedBandPowerLikelihood : 5.34858e-05 s (67156 evaluations, 3.59189 s total)
[theorycollection] Average computation time:
   flamingo.inference.masked_ps.MaskedTSZTheory : 0.0166275 s (67156 evaluations, 1116.64 s total)
[mcmc]  - Acceptance rate: 0.353
[mcmc]  - Convergence of means: R-1 = 0.033845 after 21568 accepted steps
[mcmc]  - Updated covariance matrix of proposal pdf.
[mcmc] Learn + convergence test @ 27000 samples accepted.
[likelihoodcollection] Average computation time:
   flamingo.inference.masked_ps.MaskedBandPowerLikelihood : 5.34765e-05 s (67248 evaluations, 3.59619 s total)
[theorycollection] Average computation time:
   flamingo.inference.masked_ps.MaskedTSZTheory : 0.0166266 s (67248 evaluations, 1118.11 s total)
[mcmc]  - Acceptance rate: 0.353
[mcmc]  - Convergence of means: R-1 = 0.033116 after 21600 accepted steps
[mcmc]  - Updated covariance matrix of proposal pdf.
[mcmc] Learn + convergence test @ 27040 samples accepted.
[likelihoodcollection] Average computation time:
   flamingo.inference.masked_ps.MaskedBandPowerLikelihood : 5.34776e-05 s (67374 evaluations, 3.603 s total)
[theorycollection] Average computation time:
   flamingo.inference.masked_ps.MaskedTSZTheory : 0.0166267 s (67374 evaluations, 1120.21 s total)
[mcmc]  - Acceptance rate: 0.352
[mcmc]  - Convergence of means: R-1 = 0.033837 after 21632 accepted steps
[mcmc]  - Updated covariance matrix of proposal pdf.
[mcmc] Learn + convergence test @ 27080 samples accepted.
[likelihoodcollection] Average computation time:
   flamingo.inference.masked_ps.MaskedBandPowerLikelihood : 5.34804e-05 s (67466 evaluations, 3.60811 s total)
[theorycollection] Average computation time:
   flamingo.inference.masked_ps.MaskedTSZTheory : 0.0166264 s (67466 evaluations, 1121.72 s total)
[mcmc]  - Acceptance rate: 0.352
[mcmc]  - Convergence of means: R-1 = 0.033815 after 21664 accepted steps
[mcmc]  - Updated covariance matrix of proposal pdf.
[mcmc] Learn + convergence test @ 27120 samples accepted.
[likelihoodcollection] Average computation time:
   flamingo.inference.masked_ps.MaskedBandPowerLikelihood : 5.34811e-05 s (67558 evaluations, 3.61308 s total)
[theorycollection] Average computation time:
   flamingo.inference.masked_ps.MaskedTSZTheory : 0.0166265 s (67558 evaluations, 1123.25 s total)
[mcmc]  - Acceptance rate: 0.352
[mcmc]  - Convergence of means: R-1 = 0.033922 after 21696 accepted steps
[mcmc]  - Updated covariance matrix of proposal pdf.
[mcmc] Learn + convergence test @ 27160 samples accepted.
[likelihoodcollection] Average computation time:
   flamingo.inference.masked_ps.MaskedBandPowerLikelihood : 5.34824e-05 s (67639 evaluations, 3.6175 s total)
[theorycollection] Average computation time:
   flamingo.inference.masked_ps.MaskedTSZTheory : 0.0166261 s (67639 evaluations, 1124.57 s total)
[mcmc]  - Acceptance rate: 0.353
[mcmc]  - Convergence of means: R-1 = 0.035610 after 21728 accepted steps
[mcmc]  - Updated covariance matrix of proposal pdf.
[mcmc] Learn + convergence test @ 27200 samples accepted.
[likelihoodcollection] Average computation time:
   flamingo.inference.masked_ps.MaskedBandPowerLikelihood : 5.34835e-05 s (67742 evaluations, 3.62308 s total)
[theorycollection] Average computation time:
   flamingo.inference.masked_ps.MaskedTSZTheory : 0.0166258 s (67742 evaluations, 1126.26 s total)
[mcmc]  - Acceptance rate: 0.353
[mcmc]  - Convergence of means: R-1 = 0.036490 after 21760 accepted steps
[mcmc]  - Updated covariance matrix of proposal pdf.
[mcmc] Learn + convergence test @ 27240 samples accepted.
[likelihoodcollection] Average computation time:
   flamingo.inference.masked_ps.MaskedBandPowerLikelihood : 5.34835e-05 s (67866 evaluations, 3.62971 s total)
[theorycollection] Average computation time:
   flamingo.inference.masked_ps.MaskedTSZTheory : 0.0166259 s (67866 evaluations, 1128.34 s total)
[mcmc]  - Acceptance rate: 0.352
[mcmc]  - Convergence of means: R-1 = 0.037766 after 21792 accepted steps
[mcmc]  - Updated covariance matrix of proposal pdf.
[mcmc] Learn + convergence test @ 27280 samples accepted.
[likelihoodcollection] Average computation time:
   flamingo.inference.masked_ps.MaskedBandPowerLikelihood : 5.34804e-05 s (67977 evaluations, 3.63544 s total)
[theorycollection] Average computation time:
   flamingo.inference.masked_ps.MaskedTSZTheory : 0.0166259 s (67977 evaluations, 1130.18 s total)
[mcmc]  - Acceptance rate: 0.352
[mcmc]  - Convergence of means: R-1 = 0.037805 after 21824 accepted steps
[mcmc]  - Updated covariance matrix of proposal pdf.
[mcmc] Learn + convergence test @ 27320 samples accepted.
[likelihoodcollection] Average computation time:
   flamingo.inference.masked_ps.MaskedBandPowerLikelihood : 5.34813e-05 s (68069 evaluations, 3.64042 s total)
[theorycollection] Average computation time:
   flamingo.inference.masked_ps.MaskedTSZTheory : 0.0166256 s (68069 evaluations, 1131.68 s total)
[mcmc]  - Acceptance rate: 0.352
[mcmc]  - Convergence of means: R-1 = 0.037315 after 21856 accepted steps
[mcmc]  - Updated covariance matrix of proposal pdf.
[mcmc] Learn + convergence test @ 27360 samples accepted.
[likelihoodcollection] Average computation time:
   flamingo.inference.masked_ps.MaskedBandPowerLikelihood : 5.34864e-05 s (68154 evaluations, 3.64531 s total)
[theorycollection] Average computation time:
   flamingo.inference.masked_ps.MaskedTSZTheory : 0.016625 s (68154 evaluations, 1133.06 s total)
[mcmc]  - Acceptance rate: 0.352
[mcmc]  - Convergence of means: R-1 = 0.034696 after 21888 accepted steps
[mcmc]  - Updated covariance matrix of proposal pdf.
[mcmc] Learn + convergence test @ 27400 samples accepted.
[likelihoodcollection] Average computation time:
   flamingo.inference.masked_ps.MaskedBandPowerLikelihood : 5.34919e-05 s (68271 evaluations, 3.65195 s total)
[theorycollection] Average computation time:
   flamingo.inference.masked_ps.MaskedTSZTheory : 0.016625 s (68271 evaluations, 1135.01 s total)
[mcmc]  - Acceptance rate: 0.352
[mcmc]  - Convergence of means: R-1 = 0.034480 after 21920 accepted steps
[mcmc]  - Updated covariance matrix of proposal pdf.
[mcmc] Learn + convergence test @ 27440 samples accepted.
[likelihoodcollection] Average computation time:
   flamingo.inference.masked_ps.MaskedBandPowerLikelihood : 5.34927e-05 s (68368 evaluations, 3.65719 s total)
[theorycollection] Average computation time:
   flamingo.inference.masked_ps.MaskedTSZTheory : 0.0166248 s (68368 evaluations, 1136.6 s total)
[mcmc]  - Acceptance rate: 0.352
[mcmc]  - Convergence of means: R-1 = 0.034478 after 21952 accepted steps
[mcmc]  - Updated covariance matrix of proposal pdf.
[mcmc] Learn + convergence test @ 27480 samples accepted.
[likelihoodcollection] Average computation time:
   flamingo.inference.masked_ps.MaskedBandPowerLikelihood : 5.34895e-05 s (68455 evaluations, 3.66163 s total)
[theorycollection] Average computation time:
   flamingo.inference.masked_ps.MaskedTSZTheory : 0.0166244 s (68455 evaluations, 1138.02 s total)
[mcmc]  - Acceptance rate: 0.352
[mcmc]  - Convergence of means: R-1 = 0.033984 after 21984 accepted steps
[mcmc]  - Updated covariance matrix of proposal pdf.
[mcmc] Learn + convergence test @ 27520 samples accepted.
[likelihoodcollection] Average computation time:
   flamingo.inference.masked_ps.MaskedBandPowerLikelihood : 5.34839e-05 s (68536 evaluations, 3.66557 s total)
[theorycollection] Average computation time:
   flamingo.inference.masked_ps.MaskedTSZTheory : 0.0166243 s (68536 evaluations, 1139.36 s total)
[mcmc]  - Acceptance rate: 0.352
[mcmc]  - Convergence of means: R-1 = 0.033481 after 22016 accepted steps
[mcmc]  - Updated covariance matrix of proposal pdf.
[mcmc] Learn + convergence test @ 27560 samples accepted.
[likelihoodcollection] Average computation time:
   flamingo.inference.masked_ps.MaskedBandPowerLikelihood : 5.34819e-05 s (68632 evaluations, 3.67057 s total)
[theorycollection] Average computation time:
   flamingo.inference.masked_ps.MaskedTSZTheory : 0.0166247 s (68632 evaluations, 1140.99 s total)
[mcmc]  - Acceptance rate: 0.352
[mcmc]  - Convergence of means: R-1 = 0.033471 after 22048 accepted steps
[mcmc]  - Updated covariance matrix of proposal pdf.
[mcmc] Learn + convergence test @ 27600 samples accepted.
[likelihoodcollection] Average computation time:
   flamingo.inference.masked_ps.MaskedBandPowerLikelihood : 5.34787e-05 s (68718 evaluations, 3.67495 s total)
[theorycollection] Average computation time:
   flamingo.inference.masked_ps.MaskedTSZTheory : 0.0166248 s (68718 evaluations, 1142.42 s total)
[mcmc]  - Acceptance rate: 0.353
[mcmc]  - Convergence of means: R-1 = 0.033318 after 22080 accepted steps
[mcmc]  - Updated covariance matrix of proposal pdf.
[mcmc] Learn + convergence test @ 27640 samples accepted.
[likelihoodcollection] Average computation time:
   flamingo.inference.masked_ps.MaskedBandPowerLikelihood : 5.34772e-05 s (68818 evaluations, 3.68019 s total)
[theorycollection] Average computation time:
   flamingo.inference.masked_ps.MaskedTSZTheory : 0.016625 s (68818 evaluations, 1144.1 s total)
[mcmc]  - Acceptance rate: 0.352
[mcmc]  - Convergence of means: R-1 = 0.033437 after 22112 accepted steps
[mcmc]  - Updated covariance matrix of proposal pdf.
[mcmc] Learn + convergence test @ 27680 samples accepted.
[likelihoodcollection] Average computation time:
   flamingo.inference.masked_ps.MaskedBandPowerLikelihood : 5.34759e-05 s (68896 evaluations, 3.68428 s total)
[theorycollection] Average computation time:
   flamingo.inference.masked_ps.MaskedTSZTheory : 0.0166251 s (68896 evaluations, 1145.4 s total)
[mcmc]  - Acceptance rate: 0.353
[mcmc]  - Convergence of means: R-1 = 0.033167 after 22144 accepted steps
[mcmc]  - Updated covariance matrix of proposal pdf.
[mcmc] Learn + convergence test @ 27720 samples accepted.
[likelihoodcollection] Average computation time:
   flamingo.inference.masked_ps.MaskedBandPowerLikelihood : 5.3472e-05 s (68986 evaluations, 3.68882 s total)
[theorycollection] Average computation time:
   flamingo.inference.masked_ps.MaskedTSZTheory : 0.0166244 s (68986 evaluations, 1146.85 s total)
[mcmc]  - Acceptance rate: 0.353
[mcmc]  - Convergence of means: R-1 = 0.033137 after 22176 accepted steps
[mcmc]  - Updated covariance matrix of proposal pdf.
[mcmc] Learn + convergence test @ 27760 samples accepted.
[likelihoodcollection] Average computation time:
   flamingo.inference.masked_ps.MaskedBandPowerLikelihood : 5.34735e-05 s (69098 evaluations, 3.69491 s total)
[theorycollection] Average computation time:
   flamingo.inference.masked_ps.MaskedTSZTheory : 0.0166241 s (69098 evaluations, 1148.69 s total)
[mcmc]  - Acceptance rate: 0.353
[mcmc]  - Convergence of means: R-1 = 0.035104 after 22208 accepted steps
[mcmc]  - Updated covariance matrix of proposal pdf.
[mcmc] Learn + convergence test @ 27800 samples accepted.
[likelihoodcollection] Average computation time:
   flamingo.inference.masked_ps.MaskedBandPowerLikelihood : 5.34733e-05 s (69204 evaluations, 3.70057 s total)
[theorycollection] Average computation time:
   flamingo.inference.masked_ps.MaskedTSZTheory : 0.0166235 s (69204 evaluations, 1150.42 s total)
[mcmc]  - Acceptance rate: 0.353
[mcmc]  - Convergence of means: R-1 = 0.036770 after 22240 accepted steps
[mcmc]  - Updated covariance matrix of proposal pdf.
[mcmc] Learn + convergence test @ 27840 samples accepted.
[likelihoodcollection] Average computation time:
   flamingo.inference.masked_ps.MaskedBandPowerLikelihood : 5.34753e-05 s (69303 evaluations, 3.706 s total)
[theorycollection] Average computation time:
   flamingo.inference.masked_ps.MaskedTSZTheory : 0.0166235 s (69303 evaluations, 1152.06 s total)
[mcmc]  - Acceptance rate: 0.353
[mcmc]  - Convergence of means: R-1 = 0.036637 after 22272 accepted steps
[mcmc]  - Updated covariance matrix of proposal pdf.
[mcmc] Learn + convergence test @ 27880 samples accepted.
[likelihoodcollection] Average computation time:
   flamingo.inference.masked_ps.MaskedBandPowerLikelihood : 5.34691e-05 s (69419 evaluations, 3.71177 s total)
[theorycollection] Average computation time:
   flamingo.inference.masked_ps.MaskedTSZTheory : 0.0166234 s (69419 evaluations, 1153.98 s total)
[mcmc]  - Acceptance rate: 0.353
[mcmc]  - Convergence of means: R-1 = 0.037020 after 22304 accepted steps
[mcmc]  - Updated covariance matrix of proposal pdf.
[mcmc] Learn + convergence test @ 27920 samples accepted.
[likelihoodcollection] Average computation time:
   flamingo.inference.masked_ps.MaskedBandPowerLikelihood : 5.3465e-05 s (69516 evaluations, 3.71667 s total)
[theorycollection] Average computation time:
   flamingo.inference.masked_ps.MaskedTSZTheory : 0.0166231 s (69516 evaluations, 1155.57 s total)
[mcmc]  - Acceptance rate: 0.353
[mcmc]  - Convergence of means: R-1 = 0.037209 after 22336 accepted steps
[mcmc]  - Updated covariance matrix of proposal pdf.
[mcmc] Learn + convergence test @ 27960 samples accepted.
[likelihoodcollection] Average computation time:
   flamingo.inference.masked_ps.MaskedBandPowerLikelihood : 5.34608e-05 s (69613 evaluations, 3.72156 s total)
[theorycollection] Average computation time:
   flamingo.inference.masked_ps.MaskedTSZTheory : 0.016623 s (69613 evaluations, 1157.18 s total)
[mcmc]  - Acceptance rate: 0.353
[mcmc]  - Convergence of means: R-1 = 0.036619 after 22368 accepted steps
[mcmc]  - Updated covariance matrix of proposal pdf.
[mcmc] Learn + convergence test @ 28000 samples accepted.
[likelihoodcollection] Average computation time:
   flamingo.inference.masked_ps.MaskedBandPowerLikelihood : 5.34593e-05 s (69719 evaluations, 3.72713 s total)
[theorycollection] Average computation time:
   flamingo.inference.masked_ps.MaskedTSZTheory : 0.0166226 s (69719 evaluations, 1158.91 s total)
[mcmc]  - Acceptance rate: 0.353
[mcmc]  - Convergence of means: R-1 = 0.037191 after 22400 accepted steps
[mcmc]  - Updated covariance matrix of proposal pdf.
[mcmc] Learn + convergence test @ 28040 samples accepted.
[likelihoodcollection] Average computation time:
   flamingo.inference.masked_ps.MaskedBandPowerLikelihood : 5.34569e-05 s (69830 evaluations, 3.7329 s total)
[theorycollection] Average computation time:
   flamingo.inference.masked_ps.MaskedTSZTheory : 0.0166222 s (69830 evaluations, 1160.73 s total)
[mcmc]  - Acceptance rate: 0.352
[mcmc]  - Convergence of means: R-1 = 0.039052 after 22432 accepted steps
[mcmc]  - Updated covariance matrix of proposal pdf.
[mcmc] Learn + convergence test @ 28080 samples accepted.
[likelihoodcollection] Average computation time:
   flamingo.inference.masked_ps.MaskedBandPowerLikelihood : 5.34576e-05 s (69934 evaluations, 3.7385 s total)
[theorycollection] Average computation time:
   flamingo.inference.masked_ps.MaskedTSZTheory : 0.0166217 s (69934 evaluations, 1162.42 s total)
[mcmc]  - Acceptance rate: 0.352
[mcmc]  - Convergence of means: R-1 = 0.040137 after 22464 accepted steps
[mcmc]  - Updated covariance matrix of proposal pdf.
[mcmc] Learn + convergence test @ 28120 samples accepted.
[likelihoodcollection] Average computation time:
   flamingo.inference.masked_ps.MaskedBandPowerLikelihood : 5.3455e-05 s (70039 evaluations, 3.74393 s total)
[theorycollection] Average computation time:
   flamingo.inference.masked_ps.MaskedTSZTheory : 0.0166213 s (70039 evaluations, 1164.14 s total)
[mcmc]  - Acceptance rate: 0.352
[mcmc]  - Convergence of means: R-1 = 0.041057 after 22496 accepted steps
[mcmc]  - Updated covariance matrix of proposal pdf.
[mcmc] Learn + convergence test @ 28160 samples accepted.
[likelihoodcollection] Average computation time:
   flamingo.inference.masked_ps.MaskedBandPowerLikelihood : 5.34562e-05 s (70136 evaluations, 3.74921 s total)
[theorycollection] Average computation time:
   flamingo.inference.masked_ps.MaskedTSZTheory : 0.0166214 s (70136 evaluations, 1165.76 s total)
[mcmc]  - Acceptance rate: 0.352
[mcmc]  - Convergence of means: R-1 = 0.041175 after 22528 accepted steps
[mcmc]  - Updated covariance matrix of proposal pdf.
[mcmc] Learn + convergence test @ 28200 samples accepted.
[likelihoodcollection] Average computation time:
   flamingo.inference.masked_ps.MaskedBandPowerLikelihood : 5.34523e-05 s (70239 evaluations, 3.75443 s total)
[theorycollection] Average computation time:
   flamingo.inference.masked_ps.MaskedTSZTheory : 0.0166211 s (70239 evaluations, 1167.45 s total)
[mcmc]  - Acceptance rate: 0.352
[mcmc]  - Convergence of means: R-1 = 0.040922 after 22560 accepted steps
[mcmc]  - Updated covariance matrix of proposal pdf.
[mcmc] Learn + convergence test @ 28240 samples accepted.
[likelihoodcollection] Average computation time:
   flamingo.inference.masked_ps.MaskedBandPowerLikelihood : 5.34583e-05 s (70356 evaluations, 3.76111 s total)
[theorycollection] Average computation time:
   flamingo.inference.masked_ps.MaskedTSZTheory : 0.0166214 s (70356 evaluations, 1169.41 s total)
[mcmc]  - Acceptance rate: 0.352
[mcmc]  - Convergence of means: R-1 = 0.038214 after 22592 accepted steps
[mcmc]  - Updated covariance matrix of proposal pdf.
[mcmc] Learn + convergence test @ 28280 samples accepted.
[likelihoodcollection] Average computation time:
   flamingo.inference.masked_ps.MaskedBandPowerLikelihood : 5.3459e-05 s (70457 evaluations, 3.76656 s total)
[theorycollection] Average computation time:
   flamingo.inference.masked_ps.MaskedTSZTheory : 0.0166215 s (70457 evaluations, 1171.1 s total)
[mcmc]  - Acceptance rate: 0.352
[mcmc]  - Convergence of means: R-1 = 0.037893 after 22624 accepted steps
[mcmc]  - Updated covariance matrix of proposal pdf.
[mcmc] Learn + convergence test @ 28320 samples accepted.
[likelihoodcollection] Average computation time:
   flamingo.inference.masked_ps.MaskedBandPowerLikelihood : 5.34547e-05 s (70566 evaluations, 3.77209 s total)
[theorycollection] Average computation time:
   flamingo.inference.masked_ps.MaskedTSZTheory : 0.0166216 s (70566 evaluations, 1172.92 s total)
[mcmc]  - Acceptance rate: 0.352
[mcmc]  - Convergence of means: R-1 = 0.036847 after 22656 accepted steps
[mcmc]  - Updated covariance matrix of proposal pdf.
[mcmc] Learn + convergence test @ 28360 samples accepted.
[likelihoodcollection] Average computation time:
   flamingo.inference.masked_ps.MaskedBandPowerLikelihood : 5.34542e-05 s (70661 evaluations, 3.77712 s total)
[theorycollection] Average computation time:
   flamingo.inference.masked_ps.MaskedTSZTheory : 0.016621 s (70661 evaluations, 1174.46 s total)
[mcmc]  - Acceptance rate: 0.352
[mcmc]  - Convergence of means: R-1 = 0.034983 after 22688 accepted steps
[mcmc]  - Updated covariance matrix of proposal pdf.
[mcmc] Progress @ 2026-08-03 00:31:58 : 78461 steps taken, and 28360 accepted.
[mcmc] Learn + convergence test @ 28400 samples accepted.
[likelihoodcollection] Average computation time:
   flamingo.inference.masked_ps.MaskedBandPowerLikelihood : 5.34566e-05 s (70762 evaluations, 3.7827 s total)
[theorycollection] Average computation time:
   flamingo.inference.masked_ps.MaskedTSZTheory : 0.0166213 s (70762 evaluations, 1176.16 s total)
[mcmc]  - Acceptance rate: 0.352
[mcmc]  - Convergence of means: R-1 = 0.032926 after 22720 accepted steps
[mcmc]  - Updated covariance matrix of proposal pdf.
[mcmc] Learn + convergence test @ 28440 samples accepted.
[likelihoodcollection] Average computation time:
   flamingo.inference.masked_ps.MaskedBandPowerLikelihood : 5.34529e-05 s (70846 evaluations, 3.78692 s total)
[theorycollection] Average computation time:
   flamingo.inference.masked_ps.MaskedTSZTheory : 0.0166209 s (70846 evaluations, 1177.53 s total)
[mcmc]  - Acceptance rate: 0.352
[mcmc]  - Convergence of means: R-1 = 0.032332 after 22752 accepted steps
[mcmc]  - Updated covariance matrix of proposal pdf.
[mcmc] Learn + convergence test @ 28480 samples accepted.
[likelihoodcollection] Average computation time:
   flamingo.inference.masked_ps.MaskedBandPowerLikelihood : 5.34539e-05 s (70960 evaluations, 3.79309 s total)
[theorycollection] Average computation time:
   flamingo.inference.masked_ps.MaskedTSZTheory : 0.0166212 s (70960 evaluations, 1179.44 s total)
[mcmc]  - Acceptance rate: 0.352
[mcmc]  - Convergence of means: R-1 = 0.032180 after 22784 accepted steps
[mcmc]  - Updated covariance matrix of proposal pdf.
[mcmc] Learn + convergence test @ 28520 samples accepted.
[likelihoodcollection] Average computation time:
   flamingo.inference.masked_ps.MaskedBandPowerLikelihood : 5.3455e-05 s (71056 evaluations, 3.7983 s total)
[theorycollection] Average computation time:
   flamingo.inference.masked_ps.MaskedTSZTheory : 0.0166214 s (71056 evaluations, 1181.05 s total)
[mcmc]  - Acceptance rate: 0.352
[mcmc]  - Convergence of means: R-1 = 0.033126 after 22816 accepted steps
[mcmc]  - Updated covariance matrix of proposal pdf.
[mcmc] Learn + convergence test @ 28560 samples accepted.
[likelihoodcollection] Average computation time:
   flamingo.inference.masked_ps.MaskedBandPowerLikelihood : 5.3458e-05 s (71153 evaluations, 3.8037 s total)
[theorycollection] Average computation time:
   flamingo.inference.masked_ps.MaskedTSZTheory : 0.016621 s (71153 evaluations, 1182.63 s total)
[mcmc]  - Acceptance rate: 0.352
[mcmc]  - Convergence of means: R-1 = 0.033852 after 22848 accepted steps
[mcmc]  - Updated covariance matrix of proposal pdf.
[mcmc] Learn + convergence test @ 28600 samples accepted.
[likelihoodcollection] Average computation time:
   flamingo.inference.masked_ps.MaskedBandPowerLikelihood : 5.3454e-05 s (71245 evaluations, 3.80833 s total)
[theorycollection] Average computation time:
   flamingo.inference.masked_ps.MaskedTSZTheory : 0.0166211 s (71245 evaluations, 1184.17 s total)
[mcmc]  - Acceptance rate: 0.352
[mcmc]  - Convergence of means: R-1 = 0.034302 after 22880 accepted steps
[mcmc]  - Updated covariance matrix of proposal pdf.
[mcmc] Learn + convergence test @ 28640 samples accepted.
[likelihoodcollection] Average computation time:
   flamingo.inference.masked_ps.MaskedBandPowerLikelihood : 5.34528e-05 s (71338 evaluations, 3.81322 s total)
[theorycollection] Average computation time:
   flamingo.inference.masked_ps.MaskedTSZTheory : 0.016621 s (71338 evaluations, 1185.71 s total)
[mcmc]  - Acceptance rate: 0.352
[mcmc]  - Convergence of means: R-1 = 0.034025 after 22912 accepted steps
[mcmc]  - Updated covariance matrix of proposal pdf.
[mcmc] Learn + convergence test @ 28680 samples accepted.
[likelihoodcollection] Average computation time:
   flamingo.inference.masked_ps.MaskedBandPowerLikelihood : 5.34552e-05 s (71434 evaluations, 3.81852 s total)
[theorycollection] Average computation time:
   flamingo.inference.masked_ps.MaskedTSZTheory : 0.0166209 s (71434 evaluations, 1187.3 s total)
[mcmc]  - Acceptance rate: 0.352
[mcmc]  - Convergence of means: R-1 = 0.035017 after 22944 accepted steps
[mcmc]  - Updated covariance matrix of proposal pdf.
[mcmc] Learn + convergence test @ 28720 samples accepted.
[likelihoodcollection] Average computation time:
   flamingo.inference.masked_ps.MaskedBandPowerLikelihood : 5.34568e-05 s (71535 evaluations, 3.82403 s total)
[theorycollection] Average computation time:
   flamingo.inference.masked_ps.MaskedTSZTheory : 0.0166205 s (71535 evaluations, 1188.95 s total)
[mcmc]  - Acceptance rate: 0.352
[mcmc]  - Convergence of means: R-1 = 0.035285 after 22976 accepted steps
[mcmc]  - Updated covariance matrix of proposal pdf.
[mcmc] Learn + convergence test @ 28760 samples accepted.
[likelihoodcollection] Average computation time:
   flamingo.inference.masked_ps.MaskedBandPowerLikelihood : 5.34542e-05 s (71627 evaluations, 3.82876 s total)
[theorycollection] Average computation time:
   flamingo.inference.masked_ps.MaskedTSZTheory : 0.0166201 s (71627 evaluations, 1190.45 s total)
[mcmc]  - Acceptance rate: 0.352
[mcmc]  - Convergence of means: R-1 = 0.036637 after 23008 accepted steps
[mcmc]  - Updated covariance matrix of proposal pdf.
[mcmc] Learn + convergence test @ 28800 samples accepted.
[likelihoodcollection] Average computation time:
   flamingo.inference.masked_ps.MaskedBandPowerLikelihood : 5.34525e-05 s (71735 evaluations, 3.83442 s total)
[theorycollection] Average computation time:
   flamingo.inference.masked_ps.MaskedTSZTheory : 0.01662 s (71735 evaluations, 1192.23 s total)
[mcmc]  - Acceptance rate: 0.352
[mcmc]  - Convergence of means: R-1 = 0.036095 after 23040 accepted steps
[mcmc]  - Updated covariance matrix of proposal pdf.
[mcmc] Learn + convergence test @ 28840 samples accepted.
[likelihoodcollection] Average computation time:
   flamingo.inference.masked_ps.MaskedBandPowerLikelihood : 5.34554e-05 s (71831 evaluations, 3.83976 s total)
[theorycollection] Average computation time:
   flamingo.inference.masked_ps.MaskedTSZTheory : 0.0166198 s (71831 evaluations, 1193.82 s total)
[mcmc]  - Acceptance rate: 0.352
[mcmc]  - Convergence of means: R-1 = 0.035646 after 23072 accepted steps
[mcmc]  - Updated covariance matrix of proposal pdf.
[mcmc] Learn + convergence test @ 28880 samples accepted.
[likelihoodcollection] Average computation time:
   flamingo.inference.masked_ps.MaskedBandPowerLikelihood : 5.34513e-05 s (71929 evaluations, 3.8447 s total)
[theorycollection] Average computation time:
   flamingo.inference.masked_ps.MaskedTSZTheory : 0.0166193 s (71929 evaluations, 1195.41 s total)
[mcmc]  - Acceptance rate: 0.353
[mcmc]  - Convergence of means: R-1 = 0.036916 after 23104 accepted steps
[mcmc]  - Updated covariance matrix of proposal pdf.
[mcmc] Learn + convergence test @ 28920 samples accepted.
[likelihoodcollection] Average computation time:
   flamingo.inference.masked_ps.MaskedBandPowerLikelihood : 5.34495e-05 s (72030 evaluations, 3.84997 s total)
[theorycollection] Average computation time:
   flamingo.inference.masked_ps.MaskedTSZTheory : 0.0166198 s (72030 evaluations, 1197.12 s total)
[mcmc]  - Acceptance rate: 0.353
[mcmc]  - Convergence of means: R-1 = 0.037515 after 23136 accepted steps
[mcmc]  - Updated covariance matrix of proposal pdf.
[mcmc] Learn + convergence test @ 28960 samples accepted.
[likelihoodcollection] Average computation time:
   flamingo.inference.masked_ps.MaskedBandPowerLikelihood : 5.34468e-05 s (72131 evaluations, 3.85517 s total)
[theorycollection] Average computation time:
   flamingo.inference.masked_ps.MaskedTSZTheory : 0.0166194 s (72131 evaluations, 1198.77 s total)
[mcmc]  - Acceptance rate: 0.353
[mcmc]  - Convergence of means: R-1 = 0.036898 after 23168 accepted steps
[mcmc]  - Updated covariance matrix of proposal pdf.
[mcmc] Learn + convergence test @ 29000 samples accepted.
[likelihoodcollection] Average computation time:
   flamingo.inference.masked_ps.MaskedBandPowerLikelihood : 5.345e-05 s (72241 evaluations, 3.86128 s total)
[theorycollection] Average computation time:
   flamingo.inference.masked_ps.MaskedTSZTheory : 0.0166192 s (72241 evaluations, 1200.59 s total)
[mcmc]  - Acceptance rate: 0.353
[mcmc]  - Convergence of means: R-1 = 0.036643 after 23200 accepted steps
[mcmc]  - Updated covariance matrix of proposal pdf.
[mcmc] Learn + convergence test @ 29040 samples accepted.
[likelihoodcollection] Average computation time:
   flamingo.inference.masked_ps.MaskedBandPowerLikelihood : 5.34479e-05 s (72328 evaluations, 3.86578 s total)
[theorycollection] Average computation time:
   flamingo.inference.masked_ps.MaskedTSZTheory : 0.0166191 s (72328 evaluations, 1202.03 s total)
[mcmc]  - Acceptance rate: 0.353
[mcmc]  - Convergence of means: R-1 = 0.035734 after 23232 accepted steps
[mcmc]  - Updated covariance matrix of proposal pdf.
[mcmc] Learn + convergence test @ 29080 samples accepted.
[likelihoodcollection] Average computation time:
   flamingo.inference.masked_ps.MaskedBandPowerLikelihood : 5.34475e-05 s (72431 evaluations, 3.87125 s total)
[theorycollection] Average computation time:
   flamingo.inference.masked_ps.MaskedTSZTheory : 0.0166187 s (72431 evaluations, 1203.71 s total)
[mcmc]  - Acceptance rate: 0.353
[mcmc]  - Convergence of means: R-1 = 0.034706 after 23264 accepted steps
[mcmc]  - Updated covariance matrix of proposal pdf.
[mcmc] Learn + convergence test @ 29120 samples accepted.
[likelihoodcollection] Average computation time:
   flamingo.inference.masked_ps.MaskedBandPowerLikelihood : 5.34466e-05 s (72521 evaluations, 3.876 s total)
[theorycollection] Average computation time:
   flamingo.inference.masked_ps.MaskedTSZTheory : 0.0166184 s (72521 evaluations, 1205.18 s total)
[mcmc]  - Acceptance rate: 0.353
[mcmc]  - Convergence of means: R-1 = 0.034053 after 23296 accepted steps
[mcmc]  - Updated covariance matrix of proposal pdf.
[mcmc] Learn + convergence test @ 29160 samples accepted.
[likelihoodcollection] Average computation time:
   flamingo.inference.masked_ps.MaskedBandPowerLikelihood : 5.34465e-05 s (72650 evaluations, 3.88289 s total)
[theorycollection] Average computation time:
   flamingo.inference.masked_ps.MaskedTSZTheory : 0.0166183 s (72650 evaluations, 1207.32 s total)
[mcmc]  - Acceptance rate: 0.352
[mcmc]  - Convergence of means: R-1 = 0.034267 after 23328 accepted steps
[mcmc]  - Updated covariance matrix of proposal pdf.
[mcmc] Learn + convergence test @ 29200 samples accepted.
[likelihoodcollection] Average computation time:
   flamingo.inference.masked_ps.MaskedBandPowerLikelihood : 5.3444e-05 s (72737 evaluations, 3.88735 s total)
[theorycollection] Average computation time:
   flamingo.inference.masked_ps.MaskedTSZTheory : 0.0166178 s (72737 evaluations, 1208.73 s total)
[mcmc]  - Acceptance rate: 0.352
[mcmc]  - Convergence of means: R-1 = 0.034223 after 23360 accepted steps
[mcmc]  - Updated covariance matrix of proposal pdf.
[mcmc] Learn + convergence test @ 29240 samples accepted.
[likelihoodcollection] Average computation time:
   flamingo.inference.masked_ps.MaskedBandPowerLikelihood : 5.34413e-05 s (72822 evaluations, 3.8917 s total)
[theorycollection] Average computation time:
   flamingo.inference.masked_ps.MaskedTSZTheory : 0.0166175 s (72822 evaluations, 1210.12 s total)
[mcmc]  - Acceptance rate: 0.352
[mcmc]  - Convergence of means: R-1 = 0.033469 after 23392 accepted steps
[mcmc]  - Updated covariance matrix of proposal pdf.
[mcmc] Learn + convergence test @ 29280 samples accepted.
[likelihoodcollection] Average computation time:
   flamingo.inference.masked_ps.MaskedBandPowerLikelihood : 5.34457e-05 s (72927 evaluations, 3.89764 s total)
[theorycollection] Average computation time:
   flamingo.inference.masked_ps.MaskedTSZTheory : 0.0166178 s (72927 evaluations, 1211.88 s total)
[mcmc]  - Acceptance rate: 0.352
[mcmc]  - Convergence of means: R-1 = 0.034057 after 23424 accepted steps
[mcmc]  - Updated covariance matrix of proposal pdf.
[mcmc] Learn + convergence test @ 29320 samples accepted.
[likelihoodcollection] Average computation time:
   flamingo.inference.masked_ps.MaskedBandPowerLikelihood : 5.34461e-05 s (73042 evaluations, 3.90381 s total)
[theorycollection] Average computation time:
   flamingo.inference.masked_ps.MaskedTSZTheory : 0.0166175 s (73042 evaluations, 1213.78 s total)
[mcmc]  - Acceptance rate: 0.352
[mcmc]  - Convergence of means: R-1 = 0.033848 after 23456 accepted steps
[mcmc]  - Updated covariance matrix of proposal pdf.
[mcmc] Learn + convergence test @ 29360 samples accepted.
[likelihoodcollection] Average computation time:
   flamingo.inference.masked_ps.MaskedBandPowerLikelihood : 5.34449e-05 s (73140 evaluations, 3.90896 s total)
[theorycollection] Average computation time:
   flamingo.inference.masked_ps.MaskedTSZTheory : 0.0166172 s (73140 evaluations, 1215.38 s total)
[mcmc]  - Acceptance rate: 0.352
[mcmc]  - Convergence of means: R-1 = 0.033436 after 23488 accepted steps
[mcmc]  - Updated covariance matrix of proposal pdf.
[mcmc] Learn + convergence test @ 29400 samples accepted.
[likelihoodcollection] Average computation time:
   flamingo.inference.masked_ps.MaskedBandPowerLikelihood : 5.34422e-05 s (73231 evaluations, 3.91362 s total)
[theorycollection] Average computation time:
   flamingo.inference.masked_ps.MaskedTSZTheory : 0.0166175 s (73231 evaluations, 1216.92 s total)
[mcmc]  - Acceptance rate: 0.352
[mcmc]  - Convergence of means: R-1 = 0.034734 after 23520 accepted steps
[mcmc]  - Updated covariance matrix of proposal pdf.
[mcmc] Learn + convergence test @ 29440 samples accepted.
[likelihoodcollection] Average computation time:
   flamingo.inference.masked_ps.MaskedBandPowerLikelihood : 5.34444e-05 s (73350 evaluations, 3.92014 s total)
[theorycollection] Average computation time:
   flamingo.inference.masked_ps.MaskedTSZTheory : 0.0166176 s (73350 evaluations, 1218.9 s total)
[mcmc]  - Acceptance rate: 0.352
[mcmc]  - Convergence of means: R-1 = 0.035478 after 23552 accepted steps
[mcmc]  - Updated covariance matrix of proposal pdf.
[mcmc] Learn + convergence test @ 29480 samples accepted.
[likelihoodcollection] Average computation time:
   flamingo.inference.masked_ps.MaskedBandPowerLikelihood : 5.34428e-05 s (73421 evaluations, 3.92383 s total)
[theorycollection] Average computation time:
   flamingo.inference.masked_ps.MaskedTSZTheory : 0.0166171 s (73421 evaluations, 1220.04 s total)
[mcmc]  - Acceptance rate: 0.352
[mcmc]  - Convergence of means: R-1 = 0.035412 after 23584 accepted steps
[mcmc]  - Updated covariance matrix of proposal pdf.
[mcmc] Learn + convergence test @ 29520 samples accepted.
[likelihoodcollection] Average computation time:
   flamingo.inference.masked_ps.MaskedBandPowerLikelihood : 5.34396e-05 s (73516 evaluations, 3.92866 s total)
[theorycollection] Average computation time:
   flamingo.inference.masked_ps.MaskedTSZTheory : 0.0166164 s (73516 evaluations, 1221.57 s total)
[mcmc]  - Acceptance rate: 0.353
[mcmc]  - Convergence of means: R-1 = 0.035965 after 23616 accepted steps
[mcmc]  - Updated covariance matrix of proposal pdf.
[mcmc] Learn + convergence test @ 29560 samples accepted.
[likelihoodcollection] Average computation time:
   flamingo.inference.masked_ps.MaskedBandPowerLikelihood : 5.34332e-05 s (73617 evaluations, 3.93359 s total)
[theorycollection] Average computation time:
   flamingo.inference.masked_ps.MaskedTSZTheory : 0.0166165 s (73617 evaluations, 1223.25 s total)
[mcmc]  - Acceptance rate: 0.352
[mcmc]  - Convergence of means: R-1 = 0.036540 after 23648 accepted steps
[mcmc]  - Updated covariance matrix of proposal pdf.
[mcmc] Learn + convergence test @ 29600 samples accepted.
[likelihoodcollection] Average computation time:
   flamingo.inference.masked_ps.MaskedBandPowerLikelihood : 5.34355e-05 s (73719 evaluations, 3.93921 s total)
[theorycollection] Average computation time:
   flamingo.inference.masked_ps.MaskedTSZTheory : 0.0166163 s (73719 evaluations, 1224.93 s total)
[mcmc]  - Acceptance rate: 0.352
[mcmc]  - Convergence of means: R-1 = 0.036378 after 23680 accepted steps
[mcmc]  - Updated covariance matrix of proposal pdf.
[mcmc] Learn + convergence test @ 29640 samples accepted.
[likelihoodcollection] Average computation time:
   flamingo.inference.masked_ps.MaskedBandPowerLikelihood : 5.34357e-05 s (73838 evaluations, 3.94558 s total)
[theorycollection] Average computation time:
   flamingo.inference.masked_ps.MaskedTSZTheory : 0.0166165 s (73838 evaluations, 1226.93 s total)
[mcmc]  - Acceptance rate: 0.352
[mcmc]  - Convergence of means: R-1 = 0.036758 after 23712 accepted steps
[mcmc]  - Updated covariance matrix of proposal pdf.
[mcmc] Learn + convergence test @ 29680 samples accepted.
[likelihoodcollection] Average computation time:
   flamingo.inference.masked_ps.MaskedBandPowerLikelihood : 5.34368e-05 s (73929 evaluations, 3.95053 s total)
[theorycollection] Average computation time:
   flamingo.inference.masked_ps.MaskedTSZTheory : 0.0166165 s (73929 evaluations, 1228.44 s total)
[mcmc]  - Acceptance rate: 0.353
[mcmc]  - Convergence of means: R-1 = 0.036798 after 23744 accepted steps
[mcmc]  - Updated covariance matrix of proposal pdf.
[mcmc] Learn + convergence test @ 29720 samples accepted.
[likelihoodcollection] Average computation time:
   flamingo.inference.masked_ps.MaskedBandPowerLikelihood : 5.34487e-05 s (74017 evaluations, 3.95611 s total)
[theorycollection] Average computation time:
   flamingo.inference.masked_ps.MaskedTSZTheory : 0.0166164 s (74017 evaluations, 1229.9 s total)
[mcmc]  - Acceptance rate: 0.353
[mcmc]  - Convergence of means: R-1 = 0.036904 after 23776 accepted steps
[mcmc]  - Updated covariance matrix of proposal pdf.
[mcmc] Learn + convergence test @ 29760 samples accepted.
[likelihoodcollection] Average computation time:
   flamingo.inference.masked_ps.MaskedBandPowerLikelihood : 5.34481e-05 s (74114 evaluations, 3.96125 s total)
[theorycollection] Average computation time:
   flamingo.inference.masked_ps.MaskedTSZTheory : 0.0166156 s (74114 evaluations, 1231.45 s total)
[mcmc]  - Acceptance rate: 0.353
[mcmc]  - Convergence of means: R-1 = 0.036770 after 23808 accepted steps
[mcmc]  - Updated covariance matrix of proposal pdf.
[mcmc] Learn + convergence test @ 29800 samples accepted.
[likelihoodcollection] Average computation time:
   flamingo.inference.masked_ps.MaskedBandPowerLikelihood : 5.34475e-05 s (74207 evaluations, 3.96618 s total)
[theorycollection] Average computation time:
   flamingo.inference.masked_ps.MaskedTSZTheory : 0.0166155 s (74207 evaluations, 1232.99 s total)
[mcmc]  - Acceptance rate: 0.353
[mcmc]  - Convergence of means: R-1 = 0.036876 after 23840 accepted steps
[mcmc]  - Updated covariance matrix of proposal pdf.
[mcmc] Progress @ 2026-08-03 00:32:58 : 82341 steps taken, and 29802 accepted.
[mcmc] Learn + convergence test @ 29840 samples accepted.
[likelihoodcollection] Average computation time:
   flamingo.inference.masked_ps.MaskedBandPowerLikelihood : 5.34509e-05 s (74309 evaluations, 3.97188 s total)
[theorycollection] Average computation time:
   flamingo.inference.masked_ps.MaskedTSZTheory : 0.0166156 s (74309 evaluations, 1234.68 s total)
[mcmc]  - Acceptance rate: 0.353
[mcmc]  - Convergence of means: R-1 = 0.036687 after 23872 accepted steps
[mcmc]  - Updated covariance matrix of proposal pdf.
[mcmc] Learn + convergence test @ 29880 samples accepted.
[likelihoodcollection] Average computation time:
   flamingo.inference.masked_ps.MaskedBandPowerLikelihood : 5.34453e-05 s (74405 evaluations, 3.9766 s total)
[theorycollection] Average computation time:
   flamingo.inference.masked_ps.MaskedTSZTheory : 0.0166151 s (74405 evaluations, 1236.25 s total)
[mcmc]  - Acceptance rate: 0.353
[mcmc]  - Convergence of means: R-1 = 0.036034 after 23904 accepted steps
[mcmc]  - Updated covariance matrix of proposal pdf.
[mcmc] Learn + convergence test @ 29920 samples accepted.
[likelihoodcollection] Average computation time:
   flamingo.inference.masked_ps.MaskedBandPowerLikelihood : 5.34476e-05 s (74507 evaluations, 3.98222 s total)
[theorycollection] Average computation time:
   flamingo.inference.masked_ps.MaskedTSZTheory : 0.016615 s (74507 evaluations, 1237.93 s total)
[mcmc]  - Acceptance rate: 0.353
[mcmc]  - Convergence of means: R-1 = 0.035185 after 23936 accepted steps
[mcmc]  - Updated covariance matrix of proposal pdf.
[mcmc] Learn + convergence test @ 29960 samples accepted.
[likelihoodcollection] Average computation time:
   flamingo.inference.masked_ps.MaskedBandPowerLikelihood : 5.34432e-05 s (74593 evaluations, 3.98649 s total)
[theorycollection] Average computation time:
   flamingo.inference.masked_ps.MaskedTSZTheory : 0.0166143 s (74593 evaluations, 1239.31 s total)
[mcmc]  - Acceptance rate: 0.353
[mcmc]  - Convergence of means: R-1 = 0.032124 after 23968 accepted steps
[mcmc]  - Updated covariance matrix of proposal pdf.
[mcmc] Learn + convergence test @ 30000 samples accepted.
[likelihoodcollection] Average computation time:
   flamingo.inference.masked_ps.MaskedBandPowerLikelihood : 5.34396e-05 s (74681 evaluations, 3.99092 s total)
[theorycollection] Average computation time:
   flamingo.inference.masked_ps.MaskedTSZTheory : 0.0166141 s (74681 evaluations, 1240.76 s total)
[mcmc]  - Acceptance rate: 0.353
[mcmc]  - Convergence of means: R-1 = 0.031777 after 24000 accepted steps
[mcmc]  - Updated covariance matrix of proposal pdf.
[mcmc] Learn + convergence test @ 30040 samples accepted.
[likelihoodcollection] Average computation time:
   flamingo.inference.masked_ps.MaskedBandPowerLikelihood : 5.34359e-05 s (74798 evaluations, 3.9969 s total)
[theorycollection] Average computation time:
   flamingo.inference.masked_ps.MaskedTSZTheory : 0.0166142 s (74798 evaluations, 1242.71 s total)
[mcmc]  - Acceptance rate: 0.353
[mcmc]  - Convergence of means: R-1 = 0.032369 after 24032 accepted steps
[mcmc]  - Updated covariance matrix of proposal pdf.
[mcmc] Learn + convergence test @ 30080 samples accepted.
[likelihoodcollection] Average computation time:
   flamingo.inference.masked_ps.MaskedBandPowerLikelihood : 5.34421e-05 s (74919 evaluations, 4.00383 s total)
[theorycollection] Average computation time:
   flamingo.inference.masked_ps.MaskedTSZTheory : 0.0166142 s (74919 evaluations, 1244.72 s total)
[mcmc]  - Acceptance rate: 0.353
[mcmc]  - Convergence of means: R-1 = 0.033446 after 24064 accepted steps
[mcmc]  - Updated covariance matrix of proposal pdf.
[mcmc] Learn + convergence test @ 30120 samples accepted.
[likelihoodcollection] Average computation time:
   flamingo.inference.masked_ps.MaskedBandPowerLikelihood : 5.34361e-05 s (75007 evaluations, 4.00808 s total)
[theorycollection] Average computation time:
   flamingo.inference.masked_ps.MaskedTSZTheory : 0.0166137 s (75007 evaluations, 1246.14 s total)
[mcmc]  - Acceptance rate: 0.353
[mcmc]  - Convergence of means: R-1 = 0.034590 after 24096 accepted steps
[mcmc]  - Updated covariance matrix of proposal pdf.
[mcmc] Learn + convergence test @ 30160 samples accepted.
[likelihoodcollection] Average computation time:
   flamingo.inference.masked_ps.MaskedBandPowerLikelihood : 5.34337e-05 s (75102 evaluations, 4.01298 s total)
[theorycollection] Average computation time:
   flamingo.inference.masked_ps.MaskedTSZTheory : 0.0166138 s (75102 evaluations, 1247.73 s total)
[mcmc]  - Acceptance rate: 0.353
[mcmc]  - Convergence of means: R-1 = 0.035331 after 24128 accepted steps
[mcmc]  - Updated covariance matrix of proposal pdf.
[mcmc] Learn + convergence test @ 30200 samples accepted.
[likelihoodcollection] Average computation time:
   flamingo.inference.masked_ps.MaskedBandPowerLikelihood : 5.34314e-05 s (75190 evaluations, 4.01751 s total)
[theorycollection] Average computation time:
   flamingo.inference.masked_ps.MaskedTSZTheory : 0.0166136 s (75190 evaluations, 1249.17 s total)
[mcmc]  - Acceptance rate: 0.353
[mcmc]  - Convergence of means: R-1 = 0.035029 after 24160 accepted steps
[mcmc]  - Updated covariance matrix of proposal pdf.
[mcmc] Learn + convergence test @ 30240 samples accepted.
[likelihoodcollection] Average computation time:
   flamingo.inference.masked_ps.MaskedBandPowerLikelihood : 5.34311e-05 s (75304 evaluations, 4.02357 s total)
[theorycollection] Average computation time:
   flamingo.inference.masked_ps.MaskedTSZTheory : 0.0166134 s (75304 evaluations, 1251.06 s total)
[mcmc]  - Acceptance rate: 0.353
[mcmc]  - Convergence of means: R-1 = 0.035107 after 24192 accepted steps
[mcmc]  - Updated covariance matrix of proposal pdf.
[mcmc] Learn + convergence test @ 30280 samples accepted.
[likelihoodcollection] Average computation time:
   flamingo.inference.masked_ps.MaskedBandPowerLikelihood : 5.34293e-05 s (75406 evaluations, 4.02889 s total)
[theorycollection] Average computation time:
   flamingo.inference.masked_ps.MaskedTSZTheory : 0.0166133 s (75406 evaluations, 1252.74 s total)
[mcmc]  - Acceptance rate: 0.353
[mcmc]  - Convergence of means: R-1 = 0.036643 after 24224 accepted steps
[mcmc]  - Updated covariance matrix of proposal pdf.
[mcmc] Learn + convergence test @ 30320 samples accepted.
[likelihoodcollection] Average computation time:
   flamingo.inference.masked_ps.MaskedBandPowerLikelihood : 5.34272e-05 s (75494 evaluations, 4.03343 s total)
[theorycollection] Average computation time:
   flamingo.inference.masked_ps.MaskedTSZTheory : 0.016613 s (75494 evaluations, 1254.18 s total)
[mcmc]  - Acceptance rate: 0.353
[mcmc]  - Convergence of means: R-1 = 0.038595 after 24256 accepted steps
[mcmc]  - Updated covariance matrix of proposal pdf.
[mcmc] Learn + convergence test @ 30360 samples accepted.
[likelihoodcollection] Average computation time:
   flamingo.inference.masked_ps.MaskedBandPowerLikelihood : 5.34279e-05 s (75607 evaluations, 4.03952 s total)
[theorycollection] Average computation time:
   flamingo.inference.masked_ps.MaskedTSZTheory : 0.0166127 s (75607 evaluations, 1256.04 s total)
[mcmc]  - Acceptance rate: 0.353
[mcmc]  - Convergence of means: R-1 = 0.037841 after 24288 accepted steps
[mcmc]  - Updated covariance matrix of proposal pdf.
[mcmc] Learn + convergence test @ 30400 samples accepted.
[likelihoodcollection] Average computation time:
   flamingo.inference.masked_ps.MaskedBandPowerLikelihood : 5.34272e-05 s (75716 evaluations, 4.0453 s total)
[theorycollection] Average computation time:
   flamingo.inference.masked_ps.MaskedTSZTheory : 0.0166129 s (75716 evaluations, 1257.87 s total)
[mcmc]  - Acceptance rate: 0.352
[mcmc]  - Convergence of means: R-1 = 0.037333 after 24320 accepted steps
[mcmc]  - Updated covariance matrix of proposal pdf.
[mcmc] Learn + convergence test @ 30440 samples accepted.
[likelihoodcollection] Average computation time:
   flamingo.inference.masked_ps.MaskedBandPowerLikelihood : 5.34244e-05 s (75797 evaluations, 4.04941 s total)
[theorycollection] Average computation time:
   flamingo.inference.masked_ps.MaskedTSZTheory : 0.0166128 s (75797 evaluations, 1259.2 s total)
[mcmc]  - Acceptance rate: 0.353
[mcmc]  - Convergence of means: R-1 = 0.038231 after 24352 accepted steps
[mcmc]  - Updated covariance matrix of proposal pdf.
[mcmc] Learn + convergence test @ 30480 samples accepted.
[likelihoodcollection] Average computation time:
   flamingo.inference.masked_ps.MaskedBandPowerLikelihood : 5.34293e-05 s (75918 evaluations, 4.05625 s total)
[theorycollection] Average computation time:
   flamingo.inference.masked_ps.MaskedTSZTheory : 0.0166131 s (75918 evaluations, 1261.23 s total)
[mcmc]  - Acceptance rate: 0.352
[mcmc]  - Convergence of means: R-1 = 0.038585 after 24384 accepted steps
[mcmc]  - Updated covariance matrix of proposal pdf.
[mcmc] Learn + convergence test @ 30520 samples accepted.
[likelihoodcollection] Average computation time:
   flamingo.inference.masked_ps.MaskedBandPowerLikelihood : 5.34326e-05 s (76028 evaluations, 4.06237 s total)
[theorycollection] Average computation time:
   flamingo.inference.masked_ps.MaskedTSZTheory : 0.0166131 s (76028 evaluations, 1263.06 s total)
[mcmc]  - Acceptance rate: 0.352
[mcmc]  - Convergence of means: R-1 = 0.038958 after 24416 accepted steps
[mcmc]  - Updated covariance matrix of proposal pdf.
[mcmc] Learn + convergence test @ 30560 samples accepted.
[likelihoodcollection] Average computation time:
   flamingo.inference.masked_ps.MaskedBandPowerLikelihood : 5.34295e-05 s (76135 evaluations, 4.06785 s total)
[theorycollection] Average computation time:
   flamingo.inference.masked_ps.MaskedTSZTheory : 0.016613 s (76135 evaluations, 1264.83 s total)
[mcmc]  - Acceptance rate: 0.352
[mcmc]  - Convergence of means: R-1 = 0.039093 after 24448 accepted steps
[mcmc]  - Updated covariance matrix of proposal pdf.
[mcmc] Learn + convergence test @ 30600 samples accepted.
[likelihoodcollection] Average computation time:
   flamingo.inference.masked_ps.MaskedBandPowerLikelihood : 5.34304e-05 s (76228 evaluations, 4.07289 s total)
[theorycollection] Average computation time:
   flamingo.inference.masked_ps.MaskedTSZTheory : 0.0166131 s (76228 evaluations, 1266.38 s total)
[mcmc]  - Acceptance rate: 0.352
[mcmc]  - Convergence of means: R-1 = 0.038163 after 24480 accepted steps
[mcmc]  - Updated covariance matrix of proposal pdf.
[mcmc] Learn + convergence test @ 30640 samples accepted.
[likelihoodcollection] Average computation time:
   flamingo.inference.masked_ps.MaskedBandPowerLikelihood : 5.34239e-05 s (76324 evaluations, 4.07753 s total)
[theorycollection] Average computation time:
   flamingo.inference.masked_ps.MaskedTSZTheory : 0.0166128 s (76324 evaluations, 1267.96 s total)
[mcmc]  - Acceptance rate: 0.352
[mcmc]  - Convergence of means: R-1 = 0.037412 after 24512 accepted steps
[mcmc]  - Updated covariance matrix of proposal pdf.
[mcmc] Learn + convergence test @ 30680 samples accepted.
[likelihoodcollection] Average computation time:
   flamingo.inference.masked_ps.MaskedBandPowerLikelihood : 5.34208e-05 s (76466 evaluations, 4.08487 s total)
[theorycollection] Average computation time:
   flamingo.inference.masked_ps.MaskedTSZTheory : 0.0166128 s (76466 evaluations, 1270.31 s total)
[mcmc]  - Acceptance rate: 0.352
[mcmc]  - Convergence of means: R-1 = 0.039520 after 24544 accepted steps
[mcmc]  - Updated covariance matrix of proposal pdf.
[mcmc] Learn + convergence test @ 30720 samples accepted.
[likelihoodcollection] Average computation time:
   flamingo.inference.masked_ps.MaskedBandPowerLikelihood : 5.34227e-05 s (76578 evaluations, 4.09101 s total)
[theorycollection] Average computation time:
   flamingo.inference.masked_ps.MaskedTSZTheory : 0.0166123 s (76578 evaluations, 1272.14 s total)
[mcmc]  - Acceptance rate: 0.352
[mcmc]  - Convergence of means: R-1 = 0.040091 after 24576 accepted steps
[mcmc]  - Updated covariance matrix of proposal pdf.
[mcmc] Learn + convergence test @ 30760 samples accepted.
[likelihoodcollection] Average computation time:
   flamingo.inference.masked_ps.MaskedBandPowerLikelihood : 5.3423e-05 s (76701 evaluations, 4.0976 s total)
[theorycollection] Average computation time:
   flamingo.inference.masked_ps.MaskedTSZTheory : 0.0166127 s (76701 evaluations, 1274.21 s total)
[mcmc]  - Acceptance rate: 0.352
[mcmc]  - Convergence of means: R-1 = 0.040983 after 24608 accepted steps
[mcmc]  - Updated covariance matrix of proposal pdf.
[mcmc] Learn + convergence test @ 30800 samples accepted.
[likelihoodcollection] Average computation time:
   flamingo.inference.masked_ps.MaskedBandPowerLikelihood : 5.34227e-05 s (76800 evaluations, 4.10286 s total)
[theorycollection] Average computation time:
   flamingo.inference.masked_ps.MaskedTSZTheory : 0.016613 s (76800 evaluations, 1275.88 s total)
[mcmc]  - Acceptance rate: 0.352
[mcmc]  - Convergence of means: R-1 = 0.040785 after 24640 accepted steps
[mcmc]  - Updated covariance matrix of proposal pdf.
[mcmc] Learn + convergence test @ 30840 samples accepted.
[likelihoodcollection] Average computation time:
   flamingo.inference.masked_ps.MaskedBandPowerLikelihood : 5.34212e-05 s (76890 evaluations, 4.10755 s total)
[theorycollection] Average computation time:
   flamingo.inference.masked_ps.MaskedTSZTheory : 0.0166125 s (76890 evaluations, 1277.34 s total)
[mcmc]  - Acceptance rate: 0.352
[mcmc]  - Convergence of means: R-1 = 0.039389 after 24672 accepted steps
[mcmc]  - Updated covariance matrix of proposal pdf.
[mcmc] Learn + convergence test @ 30880 samples accepted.
[likelihoodcollection] Average computation time:
   flamingo.inference.masked_ps.MaskedBandPowerLikelihood : 5.3428e-05 s (76978 evaluations, 4.11278 s total)
[theorycollection] Average computation time:
   flamingo.inference.masked_ps.MaskedTSZTheory : 0.0166122 s (76978 evaluations, 1278.77 s total)
[mcmc]  - Acceptance rate: 0.352
[mcmc]  - Convergence of means: R-1 = 0.039214 after 24704 accepted steps
[mcmc]  - Updated covariance matrix of proposal pdf.
[mcmc] Learn + convergence test @ 30920 samples accepted.
[likelihoodcollection] Average computation time:
   flamingo.inference.masked_ps.MaskedBandPowerLikelihood : 5.34278e-05 s (77102 evaluations, 4.11939 s total)
[theorycollection] Average computation time:
   flamingo.inference.masked_ps.MaskedTSZTheory : 0.0166123 s (77102 evaluations, 1280.84 s total)
[mcmc]  - Acceptance rate: 0.351
[mcmc]  - Convergence of means: R-1 = 0.039399 after 24736 accepted steps
[mcmc]  - Updated covariance matrix of proposal pdf.
[mcmc] Learn + convergence test @ 30960 samples accepted.
[likelihoodcollection] Average computation time:
   flamingo.inference.masked_ps.MaskedBandPowerLikelihood : 5.34253e-05 s (77197 evaluations, 4.12427 s total)
[theorycollection] Average computation time:
   flamingo.inference.masked_ps.MaskedTSZTheory : 0.0166124 s (77197 evaluations, 1282.42 s total)
[mcmc]  - Acceptance rate: 0.351
[mcmc]  - Convergence of means: R-1 = 0.041563 after 24768 accepted steps
[mcmc]  - Updated covariance matrix of proposal pdf.
[mcmc] Learn + convergence test @ 31000 samples accepted.
[likelihoodcollection] Average computation time:
   flamingo.inference.masked_ps.MaskedBandPowerLikelihood : 5.34251e-05 s (77286 evaluations, 4.12901 s total)
[theorycollection] Average computation time:
   flamingo.inference.masked_ps.MaskedTSZTheory : 0.0166119 s (77286 evaluations, 1283.87 s total)
[mcmc]  - Acceptance rate: 0.351
[mcmc]  - Convergence of means: R-1 = 0.042365 after 24800 accepted steps
[mcmc]  - Updated covariance matrix of proposal pdf.
[mcmc] Learn + convergence test @ 31040 samples accepted.
[likelihoodcollection] Average computation time:
   flamingo.inference.masked_ps.MaskedBandPowerLikelihood : 5.34235e-05 s (77379 evaluations, 4.13386 s total)
[theorycollection] Average computation time:
   flamingo.inference.masked_ps.MaskedTSZTheory : 0.0166115 s (77379 evaluations, 1285.38 s total)
[mcmc]  - Acceptance rate: 0.351
[mcmc]  - Convergence of means: R-1 = 0.041682 after 24832 accepted steps
[mcmc]  - Updated covariance matrix of proposal pdf.
[mcmc] Learn + convergence test @ 31080 samples accepted.
[likelihoodcollection] Average computation time:
   flamingo.inference.masked_ps.MaskedBandPowerLikelihood : 5.34239e-05 s (77467 evaluations, 4.13859 s total)
[theorycollection] Average computation time:
   flamingo.inference.masked_ps.MaskedTSZTheory : 0.0166116 s (77467 evaluations, 1286.85 s total)
[mcmc]  - Acceptance rate: 0.352
[mcmc]  - Convergence of means: R-1 = 0.041948 after 24864 accepted steps
[mcmc]  - Updated covariance matrix of proposal pdf.
[mcmc] Learn + convergence test @ 31120 samples accepted.
[likelihoodcollection] Average computation time:
   flamingo.inference.masked_ps.MaskedBandPowerLikelihood : 5.34238e-05 s (77565 evaluations, 4.14382 s total)
[theorycollection] Average computation time:
   flamingo.inference.masked_ps.MaskedTSZTheory : 0.0166114 s (77565 evaluations, 1288.46 s total)
[mcmc]  - Acceptance rate: 0.352
[mcmc]  - Convergence of means: R-1 = 0.040946 after 24896 accepted steps
[mcmc]  - Updated covariance matrix of proposal pdf.
[mcmc] Learn + convergence test @ 31160 samples accepted.
[likelihoodcollection] Average computation time:
   flamingo.inference.masked_ps.MaskedBandPowerLikelihood : 5.3428e-05 s (77650 evaluations, 4.14868 s total)
[theorycollection] Average computation time:
   flamingo.inference.masked_ps.MaskedTSZTheory : 0.0166113 s (77650 evaluations, 1289.87 s total)
[mcmc]  - Acceptance rate: 0.352
[mcmc]  - Convergence of means: R-1 = 0.040274 after 24928 accepted steps
[mcmc]  - Updated covariance matrix of proposal pdf.
[mcmc] Learn + convergence test @ 31200 samples accepted.
[likelihoodcollection] Average computation time:
   flamingo.inference.masked_ps.MaskedBandPowerLikelihood : 5.34297e-05 s (77757 evaluations, 4.15453 s total)
[theorycollection] Average computation time:
   flamingo.inference.masked_ps.MaskedTSZTheory : 0.0166113 s (77757 evaluations, 1291.64 s total)
[mcmc]  - Acceptance rate: 0.352
[mcmc]  - Convergence of means: R-1 = 0.039813 after 24960 accepted steps
[mcmc]  - Updated covariance matrix of proposal pdf.
[mcmc] Progress @ 2026-08-03 00:33:58 : 86373 steps taken, and 31202 accepted.
[mcmc] Learn + convergence test @ 31240 samples accepted.
[likelihoodcollection] Average computation time:
   flamingo.inference.masked_ps.MaskedBandPowerLikelihood : 5.34307e-05 s (77874 evaluations, 4.16086 s total)
[theorycollection] Average computation time:
   flamingo.inference.masked_ps.MaskedTSZTheory : 0.0166107 s (77874 evaluations, 1293.54 s total)
[mcmc]  - Acceptance rate: 0.352
[mcmc]  - Convergence of means: R-1 = 0.039793 after 24992 accepted steps
[mcmc]  - Updated covariance matrix of proposal pdf.
[mcmc] Learn + convergence test @ 31280 samples accepted.
[likelihoodcollection] Average computation time:
   flamingo.inference.masked_ps.MaskedBandPowerLikelihood : 5.34309e-05 s (77984 evaluations, 4.16675 s total)
[theorycollection] Average computation time:
   flamingo.inference.masked_ps.MaskedTSZTheory : 0.0166102 s (77984 evaluations, 1295.33 s total)
[mcmc]  - Acceptance rate: 0.351
[mcmc]  - Convergence of means: R-1 = 0.039996 after 25024 accepted steps
[mcmc]  - Updated covariance matrix of proposal pdf.
[mcmc] Learn + convergence test @ 31320 samples accepted.
[likelihoodcollection] Average computation time:
   flamingo.inference.masked_ps.MaskedBandPowerLikelihood : 5.34344e-05 s (78105 evaluations, 4.1735 s total)
[theorycollection] Average computation time:
   flamingo.inference.masked_ps.MaskedTSZTheory : 0.0166098 s (78105 evaluations, 1297.31 s total)
[mcmc]  - Acceptance rate: 0.351
[mcmc]  - Convergence of means: R-1 = 0.040575 after 25056 accepted steps
[mcmc]  - Updated covariance matrix of proposal pdf.
[mcmc] Learn + convergence test @ 31360 samples accepted.
[likelihoodcollection] Average computation time:
   flamingo.inference.masked_ps.MaskedBandPowerLikelihood : 5.34362e-05 s (78193 evaluations, 4.17834 s total)
[theorycollection] Average computation time:
   flamingo.inference.masked_ps.MaskedTSZTheory : 0.0166097 s (78193 evaluations, 1298.76 s total)
[mcmc]  - Acceptance rate: 0.351
[mcmc]  - Convergence of means: R-1 = 0.041806 after 25088 accepted steps
[mcmc]  - Updated covariance matrix of proposal pdf.
[mcmc] Learn + convergence test @ 31400 samples accepted.
[likelihoodcollection] Average computation time:
   flamingo.inference.masked_ps.MaskedBandPowerLikelihood : 5.34367e-05 s (78304 evaluations, 4.1843 s total)
[theorycollection] Average computation time:
   flamingo.inference.masked_ps.MaskedTSZTheory : 0.0166098 s (78304 evaluations, 1300.62 s total)
[mcmc]  - Acceptance rate: 0.351
[mcmc]  - Convergence of means: R-1 = 0.044349 after 25120 accepted steps
[mcmc]  - Updated covariance matrix of proposal pdf.
[mcmc] Learn + convergence test @ 31440 samples accepted.
[likelihoodcollection] Average computation time:
   flamingo.inference.masked_ps.MaskedBandPowerLikelihood : 5.34356e-05 s (78392 evaluations, 4.18893 s total)
[theorycollection] Average computation time:
   flamingo.inference.masked_ps.MaskedTSZTheory : 0.0166095 s (78392 evaluations, 1302.05 s total)
[mcmc]  - Acceptance rate: 0.351
[mcmc]  - Convergence of means: R-1 = 0.046700 after 25152 accepted steps
[mcmc]  - Updated covariance matrix of proposal pdf.
[mcmc] Learn + convergence test @ 31480 samples accepted.
[likelihoodcollection] Average computation time:
   flamingo.inference.masked_ps.MaskedBandPowerLikelihood : 5.34341e-05 s (78492 evaluations, 4.19415 s total)
[theorycollection] Average computation time:
   flamingo.inference.masked_ps.MaskedTSZTheory : 0.0166094 s (78492 evaluations, 1303.7 s total)
[mcmc]  - Acceptance rate: 0.351
[mcmc]  - Convergence of means: R-1 = 0.046601 after 25184 accepted steps
[mcmc]  - Updated covariance matrix of proposal pdf.
[mcmc] Learn + convergence test @ 31520 samples accepted.
[likelihoodcollection] Average computation time:
   flamingo.inference.masked_ps.MaskedBandPowerLikelihood : 5.34316e-05 s (78595 evaluations, 4.19946 s total)
[theorycollection] Average computation time:
   flamingo.inference.masked_ps.MaskedTSZTheory : 0.016609 s (78595 evaluations, 1305.38 s total)
[mcmc]  - Acceptance rate: 0.351
[mcmc]  - Convergence of means: R-1 = 0.046650 after 25216 accepted steps
[mcmc]  - Updated covariance matrix of proposal pdf.
[mcmc] Learn + convergence test @ 31560 samples accepted.
[likelihoodcollection] Average computation time:
   flamingo.inference.masked_ps.MaskedBandPowerLikelihood : 5.34318e-05 s (78705 evaluations, 4.20535 s total)
[theorycollection] Average computation time:
   flamingo.inference.masked_ps.MaskedTSZTheory : 0.0166094 s (78705 evaluations, 1307.24 s total)
[mcmc]  - Acceptance rate: 0.351
[mcmc]  - Convergence of means: R-1 = 0.046028 after 25248 accepted steps
[mcmc]  - Updated covariance matrix of proposal pdf.
[mcmc] Learn + convergence test @ 31600 samples accepted.
[likelihoodcollection] Average computation time:
   flamingo.inference.masked_ps.MaskedBandPowerLikelihood : 5.34276e-05 s (78794 evaluations, 4.20978 s total)
[theorycollection] Average computation time:
   flamingo.inference.masked_ps.MaskedTSZTheory : 0.0166087 s (78794 evaluations, 1308.67 s total)
[mcmc]  - Acceptance rate: 0.351
[mcmc]  - Convergence of means: R-1 = 0.046289 after 25280 accepted steps
[mcmc]  - Updated covariance matrix of proposal pdf.
[mcmc] Learn + convergence test @ 31640 samples accepted.
[likelihoodcollection] Average computation time:
   flamingo.inference.masked_ps.MaskedBandPowerLikelihood : 5.34292e-05 s (78903 evaluations, 4.21572 s total)
[theorycollection] Average computation time:
   flamingo.inference.masked_ps.MaskedTSZTheory : 0.0166087 s (78903 evaluations, 1310.48 s total)
[mcmc]  - Acceptance rate: 0.351
[mcmc]  - Convergence of means: R-1 = 0.046398 after 25312 accepted steps
[mcmc]  - Updated covariance matrix of proposal pdf.
[mcmc] Learn + convergence test @ 31680 samples accepted.
[likelihoodcollection] Average computation time:
   flamingo.inference.masked_ps.MaskedBandPowerLikelihood : 5.3431e-05 s (78993 evaluations, 4.22067 s total)
[theorycollection] Average computation time:
   flamingo.inference.masked_ps.MaskedTSZTheory : 0.0166089 s (78993 evaluations, 1311.99 s total)
[mcmc]  - Acceptance rate: 0.351
[mcmc]  - Convergence of means: R-1 = 0.046362 after 25344 accepted steps
[mcmc]  - Updated covariance matrix of proposal pdf.
[mcmc] Learn + convergence test @ 31720 samples accepted.
[likelihoodcollection] Average computation time:
   flamingo.inference.masked_ps.MaskedBandPowerLikelihood : 5.34323e-05 s (79100 evaluations, 4.2265 s total)
[theorycollection] Average computation time:
   flamingo.inference.masked_ps.MaskedTSZTheory : 0.0166089 s (79100 evaluations, 1313.77 s total)
[mcmc]  - Acceptance rate: 0.351
[mcmc]  - Convergence of means: R-1 = 0.046102 after 25376 accepted steps
[mcmc]  - Updated covariance matrix of proposal pdf.
[mcmc] Learn + convergence test @ 31760 samples accepted.
[likelihoodcollection] Average computation time:
   flamingo.inference.masked_ps.MaskedBandPowerLikelihood : 5.34305e-05 s (79194 evaluations, 4.23138 s total)
[theorycollection] Average computation time:
   flamingo.inference.masked_ps.MaskedTSZTheory : 0.016609 s (79194 evaluations, 1315.33 s total)
[mcmc]  - Acceptance rate: 0.351
[mcmc]  - Convergence of means: R-1 = 0.044984 after 25408 accepted steps
[mcmc]  - Updated covariance matrix of proposal pdf.
[mcmc] Learn + convergence test @ 31800 samples accepted.
[likelihoodcollection] Average computation time:
   flamingo.inference.masked_ps.MaskedBandPowerLikelihood : 5.34323e-05 s (79294 evaluations, 4.23686 s total)
[theorycollection] Average computation time:
   flamingo.inference.masked_ps.MaskedTSZTheory : 0.0166089 s (79294 evaluations, 1316.99 s total)
[mcmc]  - Acceptance rate: 0.351
[mcmc]  - Convergence of means: R-1 = 0.044705 after 25440 accepted steps
[mcmc]  - Updated covariance matrix of proposal pdf.
[mcmc] Learn + convergence test @ 31840 samples accepted.
[likelihoodcollection] Average computation time:
   flamingo.inference.masked_ps.MaskedBandPowerLikelihood : 5.34302e-05 s (79402 evaluations, 4.24246 s total)
[theorycollection] Average computation time:
   flamingo.inference.masked_ps.MaskedTSZTheory : 0.0166086 s (79402 evaluations, 1318.75 s total)
[mcmc]  - Acceptance rate: 0.351
[mcmc]  - Convergence of means: R-1 = 0.043487 after 25472 accepted steps
[mcmc]  - Updated covariance matrix of proposal pdf.
[mcmc] Learn + convergence test @ 31880 samples accepted.
[likelihoodcollection] Average computation time:
   flamingo.inference.masked_ps.MaskedBandPowerLikelihood : 5.34307e-05 s (79504 evaluations, 4.24795 s total)
[theorycollection] Average computation time:
   flamingo.inference.masked_ps.MaskedTSZTheory : 0.0166083 s (79504 evaluations, 1320.43 s total)
[mcmc]  - Acceptance rate: 0.351
[mcmc]  - Convergence of means: R-1 = 0.043620 after 25504 accepted steps
[mcmc]  - Updated covariance matrix of proposal pdf.
[mcmc] Learn + convergence test @ 31920 samples accepted.
[likelihoodcollection] Average computation time:
   flamingo.inference.masked_ps.MaskedBandPowerLikelihood : 5.34333e-05 s (79616 evaluations, 4.25415 s total)
[theorycollection] Average computation time:
   flamingo.inference.masked_ps.MaskedTSZTheory : 0.0166085 s (79616 evaluations, 1322.3 s total)
[mcmc]  - Acceptance rate: 0.351
[mcmc]  - Convergence of means: R-1 = 0.043175 after 25536 accepted steps
[mcmc]  - Updated covariance matrix of proposal pdf.
[mcmc] Learn + convergence test @ 31960 samples accepted.
[likelihoodcollection] Average computation time:
   flamingo.inference.masked_ps.MaskedBandPowerLikelihood : 5.34303e-05 s (79707 evaluations, 4.25877 s total)
[theorycollection] Average computation time:
   flamingo.inference.masked_ps.MaskedTSZTheory : 0.0166084 s (79707 evaluations, 1323.8 s total)
[mcmc]  - Acceptance rate: 0.351
[mcmc]  - Convergence of means: R-1 = 0.042417 after 25568 accepted steps
[mcmc]  - Updated covariance matrix of proposal pdf.
[mcmc] Learn + convergence test @ 32000 samples accepted.
[likelihoodcollection] Average computation time:
   flamingo.inference.masked_ps.MaskedBandPowerLikelihood : 5.34316e-05 s (79794 evaluations, 4.26352 s total)
[theorycollection] Average computation time:
   flamingo.inference.masked_ps.MaskedTSZTheory : 0.0166084 s (79794 evaluations, 1325.25 s total)
[mcmc]  - Acceptance rate: 0.351
[mcmc]  - Convergence of means: R-1 = 0.041055 after 25600 accepted steps
[mcmc]  - Updated covariance matrix of proposal pdf.
[mcmc] Learn + convergence test @ 32040 samples accepted.
[likelihoodcollection] Average computation time:
   flamingo.inference.masked_ps.MaskedBandPowerLikelihood : 5.34306e-05 s (79903 evaluations, 4.26927 s total)
[theorycollection] Average computation time:
   flamingo.inference.masked_ps.MaskedTSZTheory : 0.0166083 s (79903 evaluations, 1327.06 s total)
[mcmc]  - Acceptance rate: 0.351
[mcmc]  - Convergence of means: R-1 = 0.040380 after 25632 accepted steps
[mcmc]  - Updated covariance matrix of proposal pdf.
[mcmc] Learn + convergence test @ 32080 samples accepted.
[likelihoodcollection] Average computation time:
   flamingo.inference.masked_ps.MaskedBandPowerLikelihood : 5.34298e-05 s (80002 evaluations, 4.27449 s total)
[theorycollection] Average computation time:
   flamingo.inference.masked_ps.MaskedTSZTheory : 0.0166082 s (80002 evaluations, 1328.69 s total)
[mcmc]  - Acceptance rate: 0.351
[mcmc]  - Convergence of means: R-1 = 0.040644 after 25664 accepted steps
[mcmc]  - Updated covariance matrix of proposal pdf.
[mcmc] Learn + convergence test @ 32120 samples accepted.
[likelihoodcollection] Average computation time:
   flamingo.inference.masked_ps.MaskedBandPowerLikelihood : 5.34318e-05 s (80105 evaluations, 4.28015 s total)
[theorycollection] Average computation time:
   flamingo.inference.masked_ps.MaskedTSZTheory : 0.016608 s (80105 evaluations, 1330.39 s total)
[mcmc]  - Acceptance rate: 0.351
[mcmc]  - Convergence of means: R-1 = 0.041076 after 25696 accepted steps
[mcmc]  - Updated covariance matrix of proposal pdf.
[mcmc] Learn + convergence test @ 32160 samples accepted.
[likelihoodcollection] Average computation time:
   flamingo.inference.masked_ps.MaskedBandPowerLikelihood : 5.34324e-05 s (80216 evaluations, 4.28613 s total)
[theorycollection] Average computation time:
   flamingo.inference.masked_ps.MaskedTSZTheory : 0.0166086 s (80216 evaluations, 1332.27 s total)
[mcmc]  - Acceptance rate: 0.351
[mcmc]  - Convergence of means: R-1 = 0.042032 after 25728 accepted steps
[mcmc]  - Updated covariance matrix of proposal pdf.
[mcmc] Learn + convergence test @ 32200 samples accepted.
[likelihoodcollection] Average computation time:
   flamingo.inference.masked_ps.MaskedBandPowerLikelihood : 5.34324e-05 s (80296 evaluations, 4.29041 s total)
[theorycollection] Average computation time:
   flamingo.inference.masked_ps.MaskedTSZTheory : 0.0166086 s (80296 evaluations, 1333.61 s total)
[mcmc]  - Acceptance rate: 0.351
[mcmc]  - Convergence of means: R-1 = 0.041935 after 25760 accepted steps
[mcmc]  - Updated covariance matrix of proposal pdf.
[mcmc] Learn + convergence test @ 32240 samples accepted.
[likelihoodcollection] Average computation time:
   flamingo.inference.masked_ps.MaskedBandPowerLikelihood : 5.34295e-05 s (80391 evaluations, 4.29525 s total)
[theorycollection] Average computation time:
   flamingo.inference.masked_ps.MaskedTSZTheory : 0.0166082 s (80391 evaluations, 1335.15 s total)
[mcmc]  - Acceptance rate: 0.351
[mcmc]  - Convergence of means: R-1 = 0.042287 after 25792 accepted steps
[mcmc]  - Updated covariance matrix of proposal pdf.
[mcmc] Learn + convergence test @ 32280 samples accepted.
[likelihoodcollection] Average computation time:
   flamingo.inference.masked_ps.MaskedBandPowerLikelihood : 5.34071e-05 s (80493 evaluations, 4.2989 s total)
[theorycollection] Average computation time:
   flamingo.inference.masked_ps.MaskedTSZTheory : 0.0166058 s (80493 evaluations, 1336.65 s total)
[mcmc]  - Acceptance rate: 0.351
[mcmc]  - Convergence of means: R-1 = 0.042278 after 25824 accepted steps
[mcmc]  - Updated covariance matrix of proposal pdf.
[mcmc] Learn + convergence test @ 32320 samples accepted.
[likelihoodcollection] Average computation time:
   flamingo.inference.masked_ps.MaskedBandPowerLikelihood : 5.33745e-05 s (80606 evaluations, 4.3023 s total)
[theorycollection] Average computation time:
   flamingo.inference.masked_ps.MaskedTSZTheory : 0.0166024 s (80606 evaluations, 1338.25 s total)
[mcmc]  - Acceptance rate: 0.351
[mcmc]  - Convergence of means: R-1 = 0.042133 after 25856 accepted steps
[mcmc]  - Updated covariance matrix of proposal pdf.
[mcmc] Learn + convergence test @ 32360 samples accepted.
[likelihoodcollection] Average computation time:
   flamingo.inference.masked_ps.MaskedBandPowerLikelihood : 5.33613e-05 s (80715 evaluations, 4.30706 s total)
[theorycollection] Average computation time:
   flamingo.inference.masked_ps.MaskedTSZTheory : 0.0166011 s (80715 evaluations, 1339.95 s total)
[mcmc]  - Acceptance rate: 0.351
[mcmc]  - Convergence of means: R-1 = 0.042268 after 25888 accepted steps
[mcmc]  - Updated covariance matrix of proposal pdf.
[mcmc] Learn + convergence test @ 32400 samples accepted.
[likelihoodcollection] Average computation time:
   flamingo.inference.masked_ps.MaskedBandPowerLikelihood : 5.33487e-05 s (80826 evaluations, 4.31196 s total)
[theorycollection] Average computation time:
   flamingo.inference.masked_ps.MaskedTSZTheory : 0.0165991 s (80826 evaluations, 1341.63 s total)
[mcmc]  - Acceptance rate: 0.351
[mcmc]  - Convergence of means: R-1 = 0.041782 after 25920 accepted steps
[mcmc]  - Updated covariance matrix of proposal pdf.
[mcmc] Learn + convergence test @ 32440 samples accepted.
[likelihoodcollection] Average computation time:
   flamingo.inference.masked_ps.MaskedBandPowerLikelihood : 5.3344e-05 s (80915 evaluations, 4.31633 s total)
[theorycollection] Average computation time:
   flamingo.inference.masked_ps.MaskedTSZTheory : 0.0165987 s (80915 evaluations, 1343.08 s total)
[mcmc]  - Acceptance rate: 0.352
[mcmc]  - Convergence of means: R-1 = 0.041547 after 25952 accepted steps
[mcmc]  - Updated covariance matrix of proposal pdf.
[mcmc] Learn + convergence test @ 32480 samples accepted.
[likelihoodcollection] Average computation time:
   flamingo.inference.masked_ps.MaskedBandPowerLikelihood : 5.33445e-05 s (81031 evaluations, 4.32256 s total)
[theorycollection] Average computation time:
   flamingo.inference.masked_ps.MaskedTSZTheory : 0.0165988 s (81031 evaluations, 1345.02 s total)
[mcmc]  - Acceptance rate: 0.351
[mcmc]  - Convergence of means: R-1 = 0.041150 after 25984 accepted steps
[mcmc]  - Updated covariance matrix of proposal pdf.
[mcmc] Learn + convergence test @ 32520 samples accepted.
[likelihoodcollection] Average computation time:
   flamingo.inference.masked_ps.MaskedBandPowerLikelihood : 5.33417e-05 s (81124 evaluations, 4.32729 s total)
[theorycollection] Average computation time:
   flamingo.inference.masked_ps.MaskedTSZTheory : 0.0165979 s (81124 evaluations, 1346.49 s total)
[mcmc]  - Acceptance rate: 0.351
[mcmc]  - Convergence of means: R-1 = 0.041143 after 26016 accepted steps
[mcmc]  - Updated covariance matrix of proposal pdf.
[mcmc] Learn + convergence test @ 32560 samples accepted.
[likelihoodcollection] Average computation time:
   flamingo.inference.masked_ps.MaskedBandPowerLikelihood : 5.33429e-05 s (81210 evaluations, 4.33198 s total)
[theorycollection] Average computation time:
   flamingo.inference.masked_ps.MaskedTSZTheory : 0.0165977 s (81210 evaluations, 1347.9 s total)
[mcmc]  - Acceptance rate: 0.352
[mcmc]  - Convergence of means: R-1 = 0.040606 after 26048 accepted steps
[mcmc]  - Updated covariance matrix of proposal pdf.
[mcmc] Learn + convergence test @ 32600 samples accepted.
[likelihoodcollection] Average computation time:
   flamingo.inference.masked_ps.MaskedBandPowerLikelihood : 5.33401e-05 s (81307 evaluations, 4.33693 s total)
[theorycollection] Average computation time:
   flamingo.inference.masked_ps.MaskedTSZTheory : 0.016597 s (81307 evaluations, 1349.45 s total)
[mcmc]  - Acceptance rate: 0.351
[mcmc]  - Convergence of means: R-1 = 0.040312 after 26080 accepted steps
[mcmc]  - Updated covariance matrix of proposal pdf.
[mcmc] Progress @ 2026-08-03 00:34:58 : 90401 steps taken, and 32625 accepted.
[mcmc] Learn + convergence test @ 32640 samples accepted.
[likelihoodcollection] Average computation time:
   flamingo.inference.masked_ps.MaskedBandPowerLikelihood : 5.33458e-05 s (81396 evaluations, 4.34213 s total)
[theorycollection] Average computation time:
   flamingo.inference.masked_ps.MaskedTSZTheory : 0.0165972 s (81396 evaluations, 1350.94 s total)
[mcmc]  - Acceptance rate: 0.352
[mcmc]  - Convergence of means: R-1 = 0.040183 after 26112 accepted steps
[mcmc]  - Updated covariance matrix of proposal pdf.
[mcmc] Learn + convergence test @ 32680 samples accepted.
[likelihoodcollection] Average computation time:
   flamingo.inference.masked_ps.MaskedBandPowerLikelihood : 5.33441e-05 s (81492 evaluations, 4.34711 s total)
[theorycollection] Average computation time:
   flamingo.inference.masked_ps.MaskedTSZTheory : 0.0165968 s (81492 evaluations, 1352.5 s total)
[mcmc]  - Acceptance rate: 0.352
[mcmc]  - Convergence of means: R-1 = 0.040611 after 26144 accepted steps
[mcmc]  - Updated covariance matrix of proposal pdf.
[mcmc] Learn + convergence test @ 32720 samples accepted.
[likelihoodcollection] Average computation time:
   flamingo.inference.masked_ps.MaskedBandPowerLikelihood : 5.33442e-05 s (81596 evaluations, 4.35267 s total)
[theorycollection] Average computation time:
   flamingo.inference.masked_ps.MaskedTSZTheory : 0.0165962 s (81596 evaluations, 1354.18 s total)
[mcmc]  - Acceptance rate: 0.351
[mcmc]  - Convergence of means: R-1 = 0.040834 after 26176 accepted steps
[mcmc]  - Updated covariance matrix of proposal pdf.
[mcmc] Learn + convergence test @ 32760 samples accepted.
[likelihoodcollection] Average computation time:
   flamingo.inference.masked_ps.MaskedBandPowerLikelihood : 5.33446e-05 s (81727 evaluations, 4.35969 s total)
[theorycollection] Average computation time:
   flamingo.inference.masked_ps.MaskedTSZTheory : 0.0165959 s (81727 evaluations, 1356.33 s total)
[mcmc]  - Acceptance rate: 0.351
[mcmc]  - Convergence of means: R-1 = 0.040942 after 26208 accepted steps
[mcmc]  - Updated covariance matrix of proposal pdf.
[mcmc] Learn + convergence test @ 32800 samples accepted.
[likelihoodcollection] Average computation time:
   flamingo.inference.masked_ps.MaskedBandPowerLikelihood : 5.33456e-05 s (81824 evaluations, 4.36495 s total)
[theorycollection] Average computation time:
   flamingo.inference.masked_ps.MaskedTSZTheory : 0.0165954 s (81824 evaluations, 1357.91 s total)
[mcmc]  - Acceptance rate: 0.351
[mcmc]  - Convergence of means: R-1 = 0.041023 after 26240 accepted steps
[mcmc]  - Updated covariance matrix of proposal pdf.
[mcmc] Learn + convergence test @ 32840 samples accepted.
[likelihoodcollection] Average computation time:
   flamingo.inference.masked_ps.MaskedBandPowerLikelihood : 5.33445e-05 s (81920 evaluations, 4.36998 s total)
[theorycollection] Average computation time:
   flamingo.inference.masked_ps.MaskedTSZTheory : 0.0165951 s (81920 evaluations, 1359.47 s total)
[mcmc]  - Acceptance rate: 0.351
[mcmc]  - Convergence of means: R-1 = 0.040114 after 26272 accepted steps
[mcmc]  - Updated covariance matrix of proposal pdf.
[mcmc] Learn + convergence test @ 32880 samples accepted.
[likelihoodcollection] Average computation time:
   flamingo.inference.masked_ps.MaskedBandPowerLikelihood : 5.33475e-05 s (82025 evaluations, 4.37583 s total)
[theorycollection] Average computation time:
   flamingo.inference.masked_ps.MaskedTSZTheory : 0.0165949 s (82025 evaluations, 1361.2 s total)
[mcmc]  - Acceptance rate: 0.351
[mcmc]  - Convergence of means: R-1 = 0.040349 after 26304 accepted steps
[mcmc]  - Updated covariance matrix of proposal pdf.
[mcmc] Learn + convergence test @ 32920 samples accepted.
[likelihoodcollection] Average computation time:
   flamingo.inference.masked_ps.MaskedBandPowerLikelihood : 5.33491e-05 s (82111 evaluations, 4.38055 s total)
[theorycollection] Average computation time:
   flamingo.inference.masked_ps.MaskedTSZTheory : 0.0165951 s (82111 evaluations, 1362.64 s total)
[mcmc]  - Acceptance rate: 0.351
[mcmc]  - Convergence of means: R-1 = 0.041080 after 26336 accepted steps
[mcmc]  - Updated covariance matrix of proposal pdf.
[mcmc] Learn + convergence test @ 32960 samples accepted.
[likelihoodcollection] Average computation time:
   flamingo.inference.masked_ps.MaskedBandPowerLikelihood : 5.33461e-05 s (82211 evaluations, 4.38564 s total)
[theorycollection] Average computation time:
   flamingo.inference.masked_ps.MaskedTSZTheory : 0.0165948 s (82211 evaluations, 1364.28 s total)
[mcmc]  - Acceptance rate: 0.351
[mcmc]  - Convergence of means: R-1 = 0.040651 after 26368 accepted steps
[mcmc]  - Updated covariance matrix of proposal pdf.
[mcmc] Learn + convergence test @ 33000 samples accepted.
[likelihoodcollection] Average computation time:
   flamingo.inference.masked_ps.MaskedBandPowerLikelihood : 5.33498e-05 s (82351 evaluations, 4.39341 s total)
[theorycollection] Average computation time:
   flamingo.inference.masked_ps.MaskedTSZTheory : 0.0165947 s (82351 evaluations, 1366.59 s total)
[mcmc]  - Acceptance rate: 0.351
[mcmc]  - Convergence of means: R-1 = 0.038544 after 26400 accepted steps
[mcmc]  - Updated covariance matrix of proposal pdf.
[mcmc] Learn + convergence test @ 33040 samples accepted.
[likelihoodcollection] Average computation time:
   flamingo.inference.masked_ps.MaskedBandPowerLikelihood : 5.33478e-05 s (82460 evaluations, 4.39906 s total)
[theorycollection] Average computation time:
   flamingo.inference.masked_ps.MaskedTSZTheory : 0.0165945 s (82460 evaluations, 1368.38 s total)
[mcmc]  - Acceptance rate: 0.351
[mcmc]  - Convergence of means: R-1 = 0.037686 after 26432 accepted steps
[mcmc]  - Updated covariance matrix of proposal pdf.
[mcmc] Learn + convergence test @ 33080 samples accepted.
[likelihoodcollection] Average computation time:
   flamingo.inference.masked_ps.MaskedBandPowerLikelihood : 5.33472e-05 s (82547 evaluations, 4.40365 s total)
[theorycollection] Average computation time:
   flamingo.inference.masked_ps.MaskedTSZTheory : 0.0165943 s (82547 evaluations, 1369.81 s total)
[mcmc]  - Acceptance rate: 0.351
[mcmc]  - Convergence of means: R-1 = 0.037876 after 26464 accepted steps
[mcmc]  - Updated covariance matrix of proposal pdf.
[mcmc] Learn + convergence test @ 33120 samples accepted.
[likelihoodcollection] Average computation time:
   flamingo.inference.masked_ps.MaskedBandPowerLikelihood : 5.33422e-05 s (82675 evaluations, 4.41007 s total)
[theorycollection] Average computation time:
   flamingo.inference.masked_ps.MaskedTSZTheory : 0.0165937 s (82675 evaluations, 1371.89 s total)
[mcmc]  - Acceptance rate: 0.351
[mcmc]  - Convergence of means: R-1 = 0.038281 after 26496 accepted steps
[mcmc]  - Updated covariance matrix of proposal pdf.
[mcmc] Learn + convergence test @ 33160 samples accepted.
[likelihoodcollection] Average computation time:
   flamingo.inference.masked_ps.MaskedBandPowerLikelihood : 5.33393e-05 s (82805 evaluations, 4.41676 s total)
[theorycollection] Average computation time:
   flamingo.inference.masked_ps.MaskedTSZTheory : 0.0165936 s (82805 evaluations, 1374.03 s total)
[mcmc]  - Acceptance rate: 0.351
[mcmc]  - Convergence of means: R-1 = 0.037661 after 26528 accepted steps
[mcmc]  - Updated covariance matrix of proposal pdf.
[mcmc] Learn + convergence test @ 33200 samples accepted.
[likelihoodcollection] Average computation time:
   flamingo.inference.masked_ps.MaskedBandPowerLikelihood : 5.33367e-05 s (82896 evaluations, 4.4214 s total)
[theorycollection] Average computation time:
   flamingo.inference.masked_ps.MaskedTSZTheory : 0.0165934 s (82896 evaluations, 1375.52 s total)
[mcmc]  - Acceptance rate: 0.351
[mcmc]  - Convergence of means: R-1 = 0.038624 after 26560 accepted steps
[mcmc]  - Updated covariance matrix of proposal pdf.
[mcmc] Learn + convergence test @ 33240 samples accepted.
[likelihoodcollection] Average computation time:
   flamingo.inference.masked_ps.MaskedBandPowerLikelihood : 5.33371e-05 s (82996 evaluations, 4.42677 s total)
[theorycollection] Average computation time:
   flamingo.inference.masked_ps.MaskedTSZTheory : 0.0165933 s (82996 evaluations, 1377.17 s total)
[mcmc]  - Acceptance rate: 0.351
[mcmc]  - Convergence of means: R-1 = 0.039663 after 26592 accepted steps
[mcmc]  - Updated covariance matrix of proposal pdf.
[mcmc] Learn + convergence test @ 33280 samples accepted.
[likelihoodcollection] Average computation time:
   flamingo.inference.masked_ps.MaskedBandPowerLikelihood : 5.3336e-05 s (83084 evaluations, 4.43137 s total)
[theorycollection] Average computation time:
   flamingo.inference.masked_ps.MaskedTSZTheory : 0.0165931 s (83084 evaluations, 1378.62 s total)
[mcmc]  - Acceptance rate: 0.351
[mcmc]  - Convergence of means: R-1 = 0.039827 after 26624 accepted steps
[mcmc]  - Updated covariance matrix of proposal pdf.
[mcmc] Learn + convergence test @ 33320 samples accepted.
[likelihoodcollection] Average computation time:
   flamingo.inference.masked_ps.MaskedBandPowerLikelihood : 5.33365e-05 s (83175 evaluations, 4.43626 s total)
[theorycollection] Average computation time:
   flamingo.inference.masked_ps.MaskedTSZTheory : 0.016593 s (83175 evaluations, 1380.13 s total)
[mcmc]  - Acceptance rate: 0.351
[mcmc]  - Convergence of means: R-1 = 0.039533 after 26656 accepted steps
[mcmc]  - Updated covariance matrix of proposal pdf.
[mcmc] Learn + convergence test @ 33360 samples accepted.
[likelihoodcollection] Average computation time:
   flamingo.inference.masked_ps.MaskedBandPowerLikelihood : 5.3339e-05 s (83281 evaluations, 4.44212 s total)
[theorycollection] Average computation time:
   flamingo.inference.masked_ps.MaskedTSZTheory : 0.0165931 s (83281 evaluations, 1381.89 s total)
[mcmc]  - Acceptance rate: 0.351
[mcmc]  - Convergence of means: R-1 = 0.038741 after 26688 accepted steps
[mcmc]  - Updated covariance matrix of proposal pdf.
[mcmc] Learn + convergence test @ 33400 samples accepted.
[likelihoodcollection] Average computation time:
   flamingo.inference.masked_ps.MaskedBandPowerLikelihood : 5.33379e-05 s (83379 evaluations, 4.44726 s total)
[theorycollection] Average computation time:
   flamingo.inference.masked_ps.MaskedTSZTheory : 0.0165932 s (83379 evaluations, 1383.53 s total)
[mcmc]  - Acceptance rate: 0.351
[mcmc]  - Convergence of means: R-1 = 0.038701 after 26720 accepted steps
[mcmc]  - Updated covariance matrix of proposal pdf.
[mcmc] Learn + convergence test @ 33440 samples accepted.
[likelihoodcollection] Average computation time:
   flamingo.inference.masked_ps.MaskedBandPowerLikelihood : 5.33436e-05 s (83502 evaluations, 4.4543 s total)
[theorycollection] Average computation time:
   flamingo.inference.masked_ps.MaskedTSZTheory : 0.0165933 s (83502 evaluations, 1385.57 s total)
[mcmc]  - Acceptance rate: 0.351
[mcmc]  - Convergence of means: R-1 = 0.037799 after 26752 accepted steps
[mcmc]  - Updated covariance matrix of proposal pdf.
[mcmc] Learn + convergence test @ 33480 samples accepted.
[likelihoodcollection] Average computation time:
   flamingo.inference.masked_ps.MaskedBandPowerLikelihood : 5.33427e-05 s (83588 evaluations, 4.45881 s total)
[theorycollection] Average computation time:
   flamingo.inference.masked_ps.MaskedTSZTheory : 0.016593 s (83588 evaluations, 1386.98 s total)
[mcmc]  - Acceptance rate: 0.351
[mcmc]  - Convergence of means: R-1 = 0.037583 after 26784 accepted steps
[mcmc]  - Updated covariance matrix of proposal pdf.
[mcmc] Learn + convergence test @ 33520 samples accepted.
[likelihoodcollection] Average computation time:
   flamingo.inference.masked_ps.MaskedBandPowerLikelihood : 5.33451e-05 s (83695 evaluations, 4.46472 s total)
[theorycollection] Average computation time:
   flamingo.inference.masked_ps.MaskedTSZTheory : 0.016593 s (83695 evaluations, 1388.76 s total)
[mcmc]  - Acceptance rate: 0.351
[mcmc]  - Convergence of means: R-1 = 0.036981 after 26816 accepted steps
[mcmc]  - Updated covariance matrix of proposal pdf.
[mcmc] Learn + convergence test @ 33560 samples accepted.
[likelihoodcollection] Average computation time:
   flamingo.inference.masked_ps.MaskedBandPowerLikelihood : 5.33442e-05 s (83790 evaluations, 4.46971 s total)
[theorycollection] Average computation time:
   flamingo.inference.masked_ps.MaskedTSZTheory : 0.0165931 s (83790 evaluations, 1390.34 s total)
[mcmc]  - Acceptance rate: 0.351
[mcmc]  - Convergence of means: R-1 = 0.036838 after 26848 accepted steps
[mcmc]  - Updated covariance matrix of proposal pdf.
[mcmc] Learn + convergence test @ 33600 samples accepted.
[likelihoodcollection] Average computation time:
   flamingo.inference.masked_ps.MaskedBandPowerLikelihood : 5.33432e-05 s (83891 evaluations, 4.47502 s total)
[theorycollection] Average computation time:
   flamingo.inference.masked_ps.MaskedTSZTheory : 0.0165935 s (83891 evaluations, 1392.05 s total)
[mcmc]  - Acceptance rate: 0.351
[mcmc]  - Convergence of means: R-1 = 0.036998 after 26880 accepted steps
[mcmc]  - Updated covariance matrix of proposal pdf.
[mcmc] Learn + convergence test @ 33640 samples accepted.
[likelihoodcollection] Average computation time:
   flamingo.inference.masked_ps.MaskedBandPowerLikelihood : 5.33439e-05 s (84002 evaluations, 4.481 s total)
[theorycollection] Average computation time:
   flamingo.inference.masked_ps.MaskedTSZTheory : 0.0165938 s (84002 evaluations, 1393.91 s total)
[mcmc]  - Acceptance rate: 0.351
[mcmc]  - Convergence of means: R-1 = 0.037365 after 26912 accepted steps
[mcmc]  - Updated covariance matrix of proposal pdf.
[mcmc] Learn + convergence test @ 33680 samples accepted.
[likelihoodcollection] Average computation time:
   flamingo.inference.masked_ps.MaskedBandPowerLikelihood : 5.33386e-05 s (84120 evaluations, 4.48684 s total)
[theorycollection] Average computation time:
   flamingo.inference.masked_ps.MaskedTSZTheory : 0.0165931 s (84120 evaluations, 1395.81 s total)
[mcmc]  - Acceptance rate: 0.351
[mcmc]  - Convergence of means: R-1 = 0.037656 after 26944 accepted steps
[mcmc]  - Updated covariance matrix of proposal pdf.
[mcmc] Learn + convergence test @ 33720 samples accepted.
[likelihoodcollection] Average computation time:
   flamingo.inference.masked_ps.MaskedBandPowerLikelihood : 5.33387e-05 s (84215 evaluations, 4.49192 s total)
[theorycollection] Average computation time:
   flamingo.inference.masked_ps.MaskedTSZTheory : 0.0165932 s (84215 evaluations, 1397.4 s total)
[mcmc]  - Acceptance rate: 0.351
[mcmc]  - Convergence of means: R-1 = 0.037190 after 26976 accepted steps
[mcmc]  - Updated covariance matrix of proposal pdf.
[mcmc] Learn + convergence test @ 33760 samples accepted.
[likelihoodcollection] Average computation time:
   flamingo.inference.masked_ps.MaskedBandPowerLikelihood : 5.33365e-05 s (84310 evaluations, 4.4968 s total)
[theorycollection] Average computation time:
   flamingo.inference.masked_ps.MaskedTSZTheory : 0.0165933 s (84310 evaluations, 1398.98 s total)
[mcmc]  - Acceptance rate: 0.352
[mcmc]  - Convergence of means: R-1 = 0.036327 after 27008 accepted steps
[mcmc]  - Updated covariance matrix of proposal pdf.
[mcmc] Learn + convergence test @ 33800 samples accepted.
[likelihoodcollection] Average computation time:
   flamingo.inference.masked_ps.MaskedBandPowerLikelihood : 5.33375e-05 s (84400 evaluations, 4.50169 s total)
[theorycollection] Average computation time:
   flamingo.inference.masked_ps.MaskedTSZTheory : 0.0165932 s (84400 evaluations, 1400.46 s total)
[mcmc]  - Acceptance rate: 0.352
[mcmc]  - Convergence of means: R-1 = 0.036559 after 27040 accepted steps
[mcmc]  - Updated covariance matrix of proposal pdf.
[mcmc] Learn + convergence test @ 33840 samples accepted.
[likelihoodcollection] Average computation time:
   flamingo.inference.masked_ps.MaskedBandPowerLikelihood : 5.33379e-05 s (84502 evaluations, 4.50716 s total)
[theorycollection] Average computation time:
   flamingo.inference.masked_ps.MaskedTSZTheory : 0.0165931 s (84502 evaluations, 1402.15 s total)
[mcmc]  - Acceptance rate: 0.352
[mcmc]  - Convergence of means: R-1 = 0.036226 after 27072 accepted steps
[mcmc]  - Updated covariance matrix of proposal pdf.
[mcmc] Learn + convergence test @ 33880 samples accepted.
[likelihoodcollection] Average computation time:
   flamingo.inference.masked_ps.MaskedBandPowerLikelihood : 5.33395e-05 s (84630 evaluations, 4.51412 s total)
[theorycollection] Average computation time:
   flamingo.inference.masked_ps.MaskedTSZTheory : 0.0165931 s (84630 evaluations, 1404.27 s total)
[mcmc]  - Acceptance rate: 0.352
[mcmc]  - Convergence of means: R-1 = 0.035682 after 27104 accepted steps
[mcmc]  - Updated covariance matrix of proposal pdf.
[mcmc] Learn + convergence test @ 33920 samples accepted.
[likelihoodcollection] Average computation time:
   flamingo.inference.masked_ps.MaskedBandPowerLikelihood : 5.33407e-05 s (84709 evaluations, 4.51844 s total)
[theorycollection] Average computation time:
   flamingo.inference.masked_ps.MaskedTSZTheory : 0.0165931 s (84709 evaluations, 1405.58 s total)
[mcmc]  - Acceptance rate: 0.352
[mcmc]  - Convergence of means: R-1 = 0.035502 after 27136 accepted steps
[mcmc]  - Updated covariance matrix of proposal pdf.
[mcmc] Learn + convergence test @ 33960 samples accepted.
[likelihoodcollection] Average computation time:
   flamingo.inference.masked_ps.MaskedBandPowerLikelihood : 5.33462e-05 s (84812 evaluations, 4.52439 s total)
[theorycollection] Average computation time:
   flamingo.inference.masked_ps.MaskedTSZTheory : 0.0165933 s (84812 evaluations, 1407.31 s total)
[mcmc]  - Acceptance rate: 0.352
[mcmc]  - Convergence of means: R-1 = 0.035438 after 27168 accepted steps
[mcmc]  - Updated covariance matrix of proposal pdf.
[mcmc] Learn + convergence test @ 34000 samples accepted.
[likelihoodcollection] Average computation time:
   flamingo.inference.masked_ps.MaskedBandPowerLikelihood : 5.33453e-05 s (84918 evaluations, 4.52998 s total)
[theorycollection] Average computation time:
   flamingo.inference.masked_ps.MaskedTSZTheory : 0.0165926 s (84918 evaluations, 1409.01 s total)
[mcmc]  - Acceptance rate: 0.352
[mcmc]  - Convergence of means: R-1 = 0.035858 after 27200 accepted steps
[mcmc]  - Updated covariance matrix of proposal pdf.
[mcmc] Progress @ 2026-08-03 00:35:58 : 94420 steps taken, and 34003 accepted.
[mcmc] Learn + convergence test @ 34040 samples accepted.
[likelihoodcollection] Average computation time:
   flamingo.inference.masked_ps.MaskedBandPowerLikelihood : 5.33441e-05 s (85022 evaluations, 4.53542 s total)
[theorycollection] Average computation time:
   flamingo.inference.masked_ps.MaskedTSZTheory : 0.0165928 s (85022 evaluations, 1410.76 s total)
[mcmc]  - Acceptance rate: 0.352
[mcmc]  - Convergence of means: R-1 = 0.036288 after 27232 accepted steps
[mcmc]  - Updated covariance matrix of proposal pdf.
[mcmc] Learn + convergence test @ 34080 samples accepted.
[likelihoodcollection] Average computation time:
   flamingo.inference.masked_ps.MaskedBandPowerLikelihood : 5.33457e-05 s (85114 evaluations, 4.54046 s total)
[theorycollection] Average computation time:
   flamingo.inference.masked_ps.MaskedTSZTheory : 0.0165928 s (85114 evaluations, 1412.28 s total)
[mcmc]  - Acceptance rate: 0.352
[mcmc]  - Convergence of means: R-1 = 0.036031 after 27264 accepted steps
[mcmc]  - Updated covariance matrix of proposal pdf.
[mcmc] Learn + convergence test @ 34120 samples accepted.
[likelihoodcollection] Average computation time:
   flamingo.inference.masked_ps.MaskedBandPowerLikelihood : 5.33432e-05 s (85200 evaluations, 4.54484 s total)
[theorycollection] Average computation time:
   flamingo.inference.masked_ps.MaskedTSZTheory : 0.0165924 s (85200 evaluations, 1413.67 s total)
[mcmc]  - Acceptance rate: 0.352
[mcmc]  - Convergence of means: R-1 = 0.036521 after 27296 accepted steps
[mcmc]  - Updated covariance matrix of proposal pdf.
[mcmc] Learn + convergence test @ 34160 samples accepted.
[likelihoodcollection] Average computation time:
   flamingo.inference.masked_ps.MaskedBandPowerLikelihood : 5.33431e-05 s (85298 evaluations, 4.55006 s total)
[theorycollection] Average computation time:
   flamingo.inference.masked_ps.MaskedTSZTheory : 0.0165926 s (85298 evaluations, 1415.31 s total)
[mcmc]  - Acceptance rate: 0.352
[mcmc]  - Convergence of means: R-1 = 0.035923 after 27328 accepted steps
[mcmc]  - Updated covariance matrix of proposal pdf.
[mcmc] Learn + convergence test @ 34200 samples accepted.
[likelihoodcollection] Average computation time:
   flamingo.inference.masked_ps.MaskedBandPowerLikelihood : 5.33435e-05 s (85379 evaluations, 4.55441 s total)
[theorycollection] Average computation time:
   flamingo.inference.masked_ps.MaskedTSZTheory : 0.0165927 s (85379 evaluations, 1416.67 s total)
[mcmc]  - Acceptance rate: 0.352
[mcmc]  - Convergence of means: R-1 = 0.035600 after 27360 accepted steps
[mcmc]  - Updated covariance matrix of proposal pdf.
[mcmc] Learn + convergence test @ 34240 samples accepted.
[likelihoodcollection] Average computation time:
   flamingo.inference.masked_ps.MaskedBandPowerLikelihood : 5.33464e-05 s (85494 evaluations, 4.5608 s total)
[theorycollection] Average computation time:
   flamingo.inference.masked_ps.MaskedTSZTheory : 0.0165927 s (85494 evaluations, 1418.58 s total)
[mcmc]  - Acceptance rate: 0.352
[mcmc]  - Convergence of means: R-1 = 0.036033 after 27392 accepted steps
[mcmc]  - Updated covariance matrix of proposal pdf.
[mcmc] Learn + convergence test @ 34280 samples accepted.
[likelihoodcollection] Average computation time:
   flamingo.inference.masked_ps.MaskedBandPowerLikelihood : 5.33438e-05 s (85592 evaluations, 4.5658 s total)
[theorycollection] Average computation time:
   flamingo.inference.masked_ps.MaskedTSZTheory : 0.0165927 s (85592 evaluations, 1420.2 s total)
[mcmc]  - Acceptance rate: 0.352
[mcmc]  - Convergence of means: R-1 = 0.036688 after 27424 accepted steps
[mcmc]  - Updated covariance matrix of proposal pdf.
[mcmc] Learn + convergence test @ 34320 samples accepted.
[likelihoodcollection] Average computation time:
   flamingo.inference.masked_ps.MaskedBandPowerLikelihood : 5.3344e-05 s (85677 evaluations, 4.57036 s total)
[theorycollection] Average computation time:
   flamingo.inference.masked_ps.MaskedTSZTheory : 0.0165926 s (85677 evaluations, 1421.6 s total)
[mcmc]  - Acceptance rate: 0.352
[mcmc]  - Convergence of means: R-1 = 0.037168 after 27456 accepted steps
[mcmc]  - Updated covariance matrix of proposal pdf.
[mcmc] Learn + convergence test @ 34360 samples accepted.
[likelihoodcollection] Average computation time:
   flamingo.inference.masked_ps.MaskedBandPowerLikelihood : 5.33448e-05 s (85745 evaluations, 4.57405 s total)
[theorycollection] Average computation time:
   flamingo.inference.masked_ps.MaskedTSZTheory : 0.0165924 s (85745 evaluations, 1422.72 s total)
[mcmc]  - Acceptance rate: 0.352
[mcmc]  - Convergence of means: R-1 = 0.037068 after 27488 accepted steps
[mcmc]  - Updated covariance matrix of proposal pdf.
[mcmc] Learn + convergence test @ 34400 samples accepted.
[likelihoodcollection] Average computation time:
   flamingo.inference.masked_ps.MaskedBandPowerLikelihood : 5.33459e-05 s (85839 evaluations, 4.57916 s total)
[theorycollection] Average computation time:
   flamingo.inference.masked_ps.MaskedTSZTheory : 0.0165922 s (85839 evaluations, 1424.26 s total)
[mcmc]  - Acceptance rate: 0.352
[mcmc]  - Convergence of means: R-1 = 0.036778 after 27520 accepted steps
[mcmc]  - Updated covariance matrix of proposal pdf.
[mcmc] Learn + convergence test @ 34440 samples accepted.
[likelihoodcollection] Average computation time:
   flamingo.inference.masked_ps.MaskedBandPowerLikelihood : 5.33499e-05 s (85917 evaluations, 4.58367 s total)
[theorycollection] Average computation time:
   flamingo.inference.masked_ps.MaskedTSZTheory : 0.0165923 s (85917 evaluations, 1425.56 s total)
[mcmc]  - Acceptance rate: 0.352
[mcmc]  - Convergence of means: R-1 = 0.036535 after 27552 accepted steps
[mcmc]  - Updated covariance matrix of proposal pdf.
[mcmc] Learn + convergence test @ 34480 samples accepted.
[likelihoodcollection] Average computation time:
   flamingo.inference.masked_ps.MaskedBandPowerLikelihood : 5.33478e-05 s (86032 evaluations, 4.58962 s total)
[theorycollection] Average computation time:
   flamingo.inference.masked_ps.MaskedTSZTheory : 0.016592 s (86032 evaluations, 1427.45 s total)
[mcmc]  - Acceptance rate: 0.352
[mcmc]  - Convergence of means: R-1 = 0.036460 after 27584 accepted steps
[mcmc]  - Updated covariance matrix of proposal pdf.
[mcmc] Learn + convergence test @ 34520 samples accepted.
[likelihoodcollection] Average computation time:
   flamingo.inference.masked_ps.MaskedBandPowerLikelihood : 5.33435e-05 s (86134 evaluations, 4.59469 s total)
[theorycollection] Average computation time:
   flamingo.inference.masked_ps.MaskedTSZTheory : 0.016592 s (86134 evaluations, 1429.14 s total)
[mcmc]  - Acceptance rate: 0.352
[mcmc]  - Convergence of means: R-1 = 0.036528 after 27616 accepted steps
[mcmc]  - Updated covariance matrix of proposal pdf.
[mcmc] Learn + convergence test @ 34560 samples accepted.
[likelihoodcollection] Average computation time:
   flamingo.inference.masked_ps.MaskedBandPowerLikelihood : 5.33446e-05 s (86229 evaluations, 4.59986 s total)
[theorycollection] Average computation time:
   flamingo.inference.masked_ps.MaskedTSZTheory : 0.0165921 s (86229 evaluations, 1430.72 s total)
[mcmc]  - Acceptance rate: 0.352
[mcmc]  - Convergence of means: R-1 = 0.036963 after 27648 accepted steps
[mcmc]  - Updated covariance matrix of proposal pdf.
[mcmc] Learn + convergence test @ 34600 samples accepted.
[likelihoodcollection] Average computation time:
   flamingo.inference.masked_ps.MaskedBandPowerLikelihood : 5.33442e-05 s (86321 evaluations, 4.60472 s total)
[theorycollection] Average computation time:
   flamingo.inference.masked_ps.MaskedTSZTheory : 0.0165916 s (86321 evaluations, 1432.2 s total)
[mcmc]  - Acceptance rate: 0.352
[mcmc]  - Convergence of means: R-1 = 0.037265 after 27680 accepted steps
[mcmc]  - Updated covariance matrix of proposal pdf.
[mcmc] Learn + convergence test @ 34640 samples accepted.
[likelihoodcollection] Average computation time:
   flamingo.inference.masked_ps.MaskedBandPowerLikelihood : 5.33429e-05 s (86424 evaluations, 4.6101 s total)
[theorycollection] Average computation time:
   flamingo.inference.masked_ps.MaskedTSZTheory : 0.0165915 s (86424 evaluations, 1433.9 s total)
[mcmc]  - Acceptance rate: 0.352
[mcmc]  - Convergence of means: R-1 = 0.036950 after 27712 accepted steps
[mcmc]  - Updated covariance matrix of proposal pdf.
[mcmc] Learn + convergence test @ 34680 samples accepted.
[likelihoodcollection] Average computation time:
   flamingo.inference.masked_ps.MaskedBandPowerLikelihood : 5.33415e-05 s (86551 evaluations, 4.61676 s total)
[theorycollection] Average computation time:
   flamingo.inference.masked_ps.MaskedTSZTheory : 0.0165914 s (86551 evaluations, 1436 s total)
[mcmc]  - Acceptance rate: 0.352
[mcmc]  - Convergence of means: R-1 = 0.036894 after 27744 accepted steps
[mcmc]  - Updated covariance matrix of proposal pdf.
[mcmc] Learn + convergence test @ 34720 samples accepted.
[likelihoodcollection] Average computation time:
   flamingo.inference.masked_ps.MaskedBandPowerLikelihood : 5.33366e-05 s (86661 evaluations, 4.6222 s total)
[theorycollection] Average computation time:
   flamingo.inference.masked_ps.MaskedTSZTheory : 0.0165911 s (86661 evaluations, 1437.81 s total)
[mcmc]  - Acceptance rate: 0.352
[mcmc]  - Convergence of means: R-1 = 0.036112 after 27776 accepted steps
[mcmc]  - Updated covariance matrix of proposal pdf.
[mcmc] Learn + convergence test @ 34760 samples accepted.
[likelihoodcollection] Average computation time:
   flamingo.inference.masked_ps.MaskedBandPowerLikelihood : 5.33361e-05 s (86748 evaluations, 4.6268 s total)
[theorycollection] Average computation time:
   flamingo.inference.masked_ps.MaskedTSZTheory : 0.016591 s (86748 evaluations, 1439.24 s total)
[mcmc]  - Acceptance rate: 0.352
[mcmc]  - Convergence of means: R-1 = 0.035593 after 27808 accepted steps
[mcmc]  - Updated covariance matrix of proposal pdf.
[mcmc] Learn + convergence test @ 34800 samples accepted.
[likelihoodcollection] Average computation time:
   flamingo.inference.masked_ps.MaskedBandPowerLikelihood : 5.33341e-05 s (86835 evaluations, 4.63127 s total)
[theorycollection] Average computation time:
   flamingo.inference.masked_ps.MaskedTSZTheory : 0.016591 s (86835 evaluations, 1440.68 s total)
[mcmc]  - Acceptance rate: 0.352
[mcmc]  - Convergence of means: R-1 = 0.034968 after 27840 accepted steps
[mcmc]  - Updated covariance matrix of proposal pdf.
[mcmc] Learn + convergence test @ 34840 samples accepted.
[likelihoodcollection] Average computation time:
   flamingo.inference.masked_ps.MaskedBandPowerLikelihood : 5.33317e-05 s (86937 evaluations, 4.6365 s total)
[theorycollection] Average computation time:
   flamingo.inference.masked_ps.MaskedTSZTheory : 0.016591 s (86937 evaluations, 1442.37 s total)
[mcmc]  - Acceptance rate: 0.352
[mcmc]  - Convergence of means: R-1 = 0.034735 after 27872 accepted steps
[mcmc]  - Updated covariance matrix of proposal pdf.
[mcmc] Learn + convergence test @ 34880 samples accepted.
[likelihoodcollection] Average computation time:
   flamingo.inference.masked_ps.MaskedBandPowerLikelihood : 5.33288e-05 s (87048 evaluations, 4.64216 s total)
[theorycollection] Average computation time:
   flamingo.inference.masked_ps.MaskedTSZTheory : 0.0165913 s (87048 evaluations, 1444.24 s total)
[mcmc]  - Acceptance rate: 0.352
[mcmc]  - Convergence of means: R-1 = 0.034858 after 27904 accepted steps
[mcmc]  - Updated covariance matrix of proposal pdf.
[mcmc] Learn + convergence test @ 34920 samples accepted.
[likelihoodcollection] Average computation time:
   flamingo.inference.masked_ps.MaskedBandPowerLikelihood : 5.33272e-05 s (87138 evaluations, 4.64682 s total)
[theorycollection] Average computation time:
   flamingo.inference.masked_ps.MaskedTSZTheory : 0.016591 s (87138 evaluations, 1445.71 s total)
[mcmc]  - Acceptance rate: 0.352
[mcmc]  - Convergence of means: R-1 = 0.034483 after 27936 accepted steps
[mcmc]  - Updated covariance matrix of proposal pdf.
[mcmc] Learn + convergence test @ 34960 samples accepted.
[likelihoodcollection] Average computation time:
   flamingo.inference.masked_ps.MaskedBandPowerLikelihood : 5.33257e-05 s (87222 evaluations, 4.65117 s total)
[theorycollection] Average computation time:
   flamingo.inference.masked_ps.MaskedTSZTheory : 0.0165904 s (87222 evaluations, 1447.05 s total)
[mcmc]  - Acceptance rate: 0.353
[mcmc]  - Convergence of means: R-1 = 0.033621 after 27968 accepted steps
[mcmc]  - Updated covariance matrix of proposal pdf.
[mcmc] Learn + convergence test @ 35000 samples accepted.
[likelihoodcollection] Average computation time:
   flamingo.inference.masked_ps.MaskedBandPowerLikelihood : 5.33245e-05 s (87320 evaluations, 4.65629 s total)
[theorycollection] Average computation time:
   flamingo.inference.masked_ps.MaskedTSZTheory : 0.0165904 s (87320 evaluations, 1448.68 s total)
[mcmc]  - Acceptance rate: 0.353
[mcmc]  - Convergence of means: R-1 = 0.032990 after 28000 accepted steps
[mcmc]  - Updated covariance matrix of proposal pdf.
[mcmc] Learn + convergence test @ 35040 samples accepted.
[likelihoodcollection] Average computation time:
   flamingo.inference.masked_ps.MaskedBandPowerLikelihood : 5.33219e-05 s (87423 evaluations, 4.66156 s total)
[theorycollection] Average computation time:
   flamingo.inference.masked_ps.MaskedTSZTheory : 0.0165902 s (87423 evaluations, 1450.37 s total)
[mcmc]  - Acceptance rate: 0.353
[mcmc]  - Convergence of means: R-1 = 0.033181 after 28032 accepted steps
[mcmc]  - Updated covariance matrix of proposal pdf.
[mcmc] Learn + convergence test @ 35080 samples accepted.
[likelihoodcollection] Average computation time:
   flamingo.inference.masked_ps.MaskedBandPowerLikelihood : 5.33192e-05 s (87526 evaluations, 4.66682 s total)
[theorycollection] Average computation time:
   flamingo.inference.masked_ps.MaskedTSZTheory : 0.01659 s (87526 evaluations, 1452.06 s total)
[mcmc]  - Acceptance rate: 0.352
[mcmc]  - Convergence of means: R-1 = 0.033240 after 28064 accepted steps
[mcmc]  - Updated covariance matrix of proposal pdf.
[mcmc] Learn + convergence test @ 35120 samples accepted.
[likelihoodcollection] Average computation time:
   flamingo.inference.masked_ps.MaskedBandPowerLikelihood : 5.33195e-05 s (87619 evaluations, 4.6718 s total)
[theorycollection] Average computation time:
   flamingo.inference.masked_ps.MaskedTSZTheory : 0.0165901 s (87619 evaluations, 1453.61 s total)
[mcmc]  - Acceptance rate: 0.352
[mcmc]  - Convergence of means: R-1 = 0.033319 after 28096 accepted steps
[mcmc]  - Updated covariance matrix of proposal pdf.
[mcmc] Learn + convergence test @ 35160 samples accepted.
[likelihoodcollection] Average computation time:
   flamingo.inference.masked_ps.MaskedBandPowerLikelihood : 5.3319e-05 s (87719 evaluations, 4.67709 s total)
[theorycollection] Average computation time:
   flamingo.inference.masked_ps.MaskedTSZTheory : 0.0165897 s (87719 evaluations, 1455.23 s total)
[mcmc]  - Acceptance rate: 0.353
[mcmc]  - Convergence of means: R-1 = 0.033120 after 28128 accepted steps
[mcmc]  - Updated covariance matrix of proposal pdf.
[mcmc] Learn + convergence test @ 35200 samples accepted.
[likelihoodcollection] Average computation time:
   flamingo.inference.masked_ps.MaskedBandPowerLikelihood : 5.33222e-05 s (87824 evaluations, 4.68297 s total)
[theorycollection] Average computation time:
   flamingo.inference.masked_ps.MaskedTSZTheory : 0.0165896 s (87824 evaluations, 1456.96 s total)
[mcmc]  - Acceptance rate: 0.353
[mcmc]  - Convergence of means: R-1 = 0.032686 after 28160 accepted steps
[mcmc]  - Updated covariance matrix of proposal pdf.
[mcmc] Learn + convergence test @ 35240 samples accepted.
[likelihoodcollection] Average computation time:
   flamingo.inference.masked_ps.MaskedBandPowerLikelihood : 5.33229e-05 s (87914 evaluations, 4.68783 s total)
[theorycollection] Average computation time:
   flamingo.inference.masked_ps.MaskedTSZTheory : 0.0165893 s (87914 evaluations, 1458.43 s total)
[mcmc]  - Acceptance rate: 0.353
[mcmc]  - Convergence of means: R-1 = 0.032550 after 28192 accepted steps
[mcmc]  - Updated covariance matrix of proposal pdf.
[mcmc] Learn + convergence test @ 35280 samples accepted.
[likelihoodcollection] Average computation time:
   flamingo.inference.masked_ps.MaskedBandPowerLikelihood : 5.33249e-05 s (88019 evaluations, 4.6936 s total)
[theorycollection] Average computation time:
   flamingo.inference.masked_ps.MaskedTSZTheory : 0.0165895 s (88019 evaluations, 1460.19 s total)
[mcmc]  - Acceptance rate: 0.353
[mcmc]  - Convergence of means: R-1 = 0.032243 after 28224 accepted steps
[mcmc]  - Updated covariance matrix of proposal pdf.
[mcmc] Learn + convergence test @ 35320 samples accepted.
[likelihoodcollection] Average computation time:
   flamingo.inference.masked_ps.MaskedBandPowerLikelihood : 5.33244e-05 s (88116 evaluations, 4.69873 s total)
[theorycollection] Average computation time:
   flamingo.inference.masked_ps.MaskedTSZTheory : 0.0165898 s (88116 evaluations, 1461.83 s total)
[mcmc]  - Acceptance rate: 0.353
[mcmc]  - Convergence of means: R-1 = 0.032574 after 28256 accepted steps
[mcmc]  - Updated covariance matrix of proposal pdf.
[mcmc] Learn + convergence test @ 35360 samples accepted.
[likelihoodcollection] Average computation time:
   flamingo.inference.masked_ps.MaskedBandPowerLikelihood : 5.33273e-05 s (88218 evaluations, 4.70443 s total)
[theorycollection] Average computation time:
   flamingo.inference.masked_ps.MaskedTSZTheory : 0.0165901 s (88218 evaluations, 1463.54 s total)
[mcmc]  - Acceptance rate: 0.353
[mcmc]  - Convergence of means: R-1 = 0.032329 after 28288 accepted steps
[mcmc]  - Updated covariance matrix of proposal pdf.
[mcmc] Learn + convergence test @ 35400 samples accepted.
[likelihoodcollection] Average computation time:
   flamingo.inference.masked_ps.MaskedBandPowerLikelihood : 5.33253e-05 s (88322 evaluations, 4.70979 s total)
[theorycollection] Average computation time:
   flamingo.inference.masked_ps.MaskedTSZTheory : 0.0165899 s (88322 evaluations, 1465.26 s total)
[mcmc]  - Acceptance rate: 0.353
[mcmc]  - Convergence of means: R-1 = 0.032096 after 28320 accepted steps
[mcmc]  - Updated covariance matrix of proposal pdf.
[mcmc] Learn + convergence test @ 35440 samples accepted.
[likelihoodcollection] Average computation time:
   flamingo.inference.masked_ps.MaskedBandPowerLikelihood : 5.33235e-05 s (88442 evaluations, 4.71604 s total)
[theorycollection] Average computation time:
   flamingo.inference.masked_ps.MaskedTSZTheory : 0.0165899 s (88442 evaluations, 1467.24 s total)
[mcmc]  - Acceptance rate: 0.353
[mcmc]  - Convergence of means: R-1 = 0.031138 after 28352 accepted steps
[mcmc]  - Updated covariance matrix of proposal pdf.
[mcmc] Progress @ 2026-08-03 00:36:58 : 98264 steps taken, and 35446 accepted.
[mcmc] Learn + convergence test @ 35480 samples accepted.
[likelihoodcollection] Average computation time:
   flamingo.inference.masked_ps.MaskedBandPowerLikelihood : 5.33252e-05 s (88573 evaluations, 4.72317 s total)
[theorycollection] Average computation time:
   flamingo.inference.masked_ps.MaskedTSZTheory : 0.0165897 s (88573 evaluations, 1469.4 s total)
[mcmc]  - Acceptance rate: 0.352
[mcmc]  - Convergence of means: R-1 = 0.030839 after 28384 accepted steps
[mcmc]  - Updated covariance matrix of proposal pdf.
[mcmc] Learn + convergence test @ 35520 samples accepted.
[likelihoodcollection] Average computation time:
   flamingo.inference.masked_ps.MaskedBandPowerLikelihood : 5.33283e-05 s (88645 evaluations, 4.72728 s total)
[theorycollection] Average computation time:
   flamingo.inference.masked_ps.MaskedTSZTheory : 0.0165898 s (88645 evaluations, 1470.6 s total)
[mcmc]  - Acceptance rate: 0.352
[mcmc]  - Convergence of means: R-1 = 0.030620 after 28416 accepted steps
[mcmc]  - Updated covariance matrix of proposal pdf.
[mcmc] Learn + convergence test @ 35560 samples accepted.
[likelihoodcollection] Average computation time:
   flamingo.inference.masked_ps.MaskedBandPowerLikelihood : 5.3328e-05 s (88749 evaluations, 4.7328 s total)
[theorycollection] Average computation time:
   flamingo.inference.masked_ps.MaskedTSZTheory : 0.0165898 s (88749 evaluations, 1472.33 s total)
[mcmc]  - Acceptance rate: 0.352
[mcmc]  - Convergence of means: R-1 = 0.030814 after 28448 accepted steps
[mcmc]  - Updated covariance matrix of proposal pdf.
[mcmc] Learn + convergence test @ 35600 samples accepted.
[likelihoodcollection] Average computation time:
   flamingo.inference.masked_ps.MaskedBandPowerLikelihood : 5.3325e-05 s (88824 evaluations, 4.73654 s total)
[theorycollection] Average computation time:
   flamingo.inference.masked_ps.MaskedTSZTheory : 0.0165898 s (88824 evaluations, 1473.57 s total)
[mcmc]  - Acceptance rate: 0.352
[mcmc]  - Convergence of means: R-1 = 0.030643 after 28480 accepted steps
[mcmc]  - Updated covariance matrix of proposal pdf.
[mcmc] Learn + convergence test @ 35640 samples accepted.
[likelihoodcollection] Average computation time:
   flamingo.inference.masked_ps.MaskedBandPowerLikelihood : 5.33245e-05 s (88926 evaluations, 4.74193 s total)
[theorycollection] Average computation time:
   flamingo.inference.masked_ps.MaskedTSZTheory : 0.0165896 s (88926 evaluations, 1475.25 s total)
[mcmc]  - Acceptance rate: 0.352
[mcmc]  - Convergence of means: R-1 = 0.031208 after 28512 accepted steps
[mcmc]  - Updated covariance matrix of proposal pdf.
[mcmc] Learn + convergence test @ 35680 samples accepted.
[likelihoodcollection] Average computation time:
   flamingo.inference.masked_ps.MaskedBandPowerLikelihood : 5.33261e-05 s (89025 evaluations, 4.74736 s total)
[theorycollection] Average computation time:
   flamingo.inference.masked_ps.MaskedTSZTheory : 0.0165893 s (89025 evaluations, 1476.86 s total)
[mcmc]  - Acceptance rate: 0.352
[mcmc]  - Convergence of means: R-1 = 0.031853 after 28544 accepted steps
[mcmc]  - Updated covariance matrix of proposal pdf.
[mcmc] Learn + convergence test @ 35720 samples accepted.
[likelihoodcollection] Average computation time:
   flamingo.inference.masked_ps.MaskedBandPowerLikelihood : 5.33256e-05 s (89144 evaluations, 4.75366 s total)
[theorycollection] Average computation time:
   flamingo.inference.masked_ps.MaskedTSZTheory : 0.0165889 s (89144 evaluations, 1478.8 s total)
[mcmc]  - Acceptance rate: 0.352
[mcmc]  - Convergence of means: R-1 = 0.031495 after 28576 accepted steps
[mcmc]  - Updated covariance matrix of proposal pdf.
[mcmc] Learn + convergence test @ 35760 samples accepted.
[likelihoodcollection] Average computation time:
   flamingo.inference.masked_ps.MaskedBandPowerLikelihood : 5.33238e-05 s (89226 evaluations, 4.75787 s total)
[theorycollection] Average computation time:
   flamingo.inference.masked_ps.MaskedTSZTheory : 0.0165888 s (89226 evaluations, 1480.15 s total)
[mcmc]  - Acceptance rate: 0.353
[mcmc]  - Convergence of means: R-1 = 0.031889 after 28608 accepted steps
[mcmc]  - Updated covariance matrix of proposal pdf.
[mcmc] Learn + convergence test @ 35800 samples accepted.
[likelihoodcollection] Average computation time:
   flamingo.inference.masked_ps.MaskedBandPowerLikelihood : 5.33215e-05 s (89325 evaluations, 4.76294 s total)
[theorycollection] Average computation time:
   flamingo.inference.masked_ps.MaskedTSZTheory : 0.0165888 s (89325 evaluations, 1481.79 s total)
[mcmc]  - Acceptance rate: 0.353
[mcmc]  - Convergence of means: R-1 = 0.032345 after 28640 accepted steps
[mcmc]  - Updated covariance matrix of proposal pdf.
[mcmc] Learn + convergence test @ 35840 samples accepted.
[likelihoodcollection] Average computation time:
   flamingo.inference.masked_ps.MaskedBandPowerLikelihood : 5.33187e-05 s (89427 evaluations, 4.76813 s total)
[theorycollection] Average computation time:
   flamingo.inference.masked_ps.MaskedTSZTheory : 0.0165883 s (89427 evaluations, 1483.45 s total)
[mcmc]  - Acceptance rate: 0.353
[mcmc]  - Convergence of means: R-1 = 0.032059 after 28672 accepted steps
[mcmc]  - Updated covariance matrix of proposal pdf.
[mcmc] Learn + convergence test @ 35880 samples accepted.
[likelihoodcollection] Average computation time:
   flamingo.inference.masked_ps.MaskedBandPowerLikelihood : 5.33199e-05 s (89518 evaluations, 4.77309 s total)
[theorycollection] Average computation time:
   flamingo.inference.masked_ps.MaskedTSZTheory : 0.0165883 s (89518 evaluations, 1484.95 s total)
[mcmc]  - Acceptance rate: 0.353
[mcmc]  - Convergence of means: R-1 = 0.031597 after 28704 accepted steps
[mcmc]  - Updated covariance matrix of proposal pdf.
[mcmc] Learn + convergence test @ 35920 samples accepted.
[likelihoodcollection] Average computation time:
   flamingo.inference.masked_ps.MaskedBandPowerLikelihood : 5.33175e-05 s (89630 evaluations, 4.77885 s total)
[theorycollection] Average computation time:
   flamingo.inference.masked_ps.MaskedTSZTheory : 0.016588 s (89630 evaluations, 1486.79 s total)
[mcmc]  - Acceptance rate: 0.353
[mcmc]  - Convergence of means: R-1 = 0.032186 after 28736 accepted steps
[mcmc]  - Updated covariance matrix of proposal pdf.
[mcmc] Learn + convergence test @ 35960 samples accepted.
[likelihoodcollection] Average computation time:
   flamingo.inference.masked_ps.MaskedBandPowerLikelihood : 5.33166e-05 s (89756 evaluations, 4.78548 s total)
[theorycollection] Average computation time:
   flamingo.inference.masked_ps.MaskedTSZTheory : 0.0165881 s (89756 evaluations, 1488.88 s total)
[mcmc]  - Acceptance rate: 0.353
[mcmc]  - Convergence of means: R-1 = 0.032141 after 28768 accepted steps
[mcmc]  - Updated covariance matrix of proposal pdf.
[mcmc] Learn + convergence test @ 36000 samples accepted.
[likelihoodcollection] Average computation time:
   flamingo.inference.masked_ps.MaskedBandPowerLikelihood : 5.33175e-05 s (89866 evaluations, 4.79143 s total)
[theorycollection] Average computation time:
   flamingo.inference.masked_ps.MaskedTSZTheory : 0.0165877 s (89866 evaluations, 1490.67 s total)
[mcmc]  - Acceptance rate: 0.353
[mcmc]  - Convergence of means: R-1 = 0.031949 after 28800 accepted steps
[mcmc]  - Updated covariance matrix of proposal pdf.
[mcmc] Learn + convergence test @ 36040 samples accepted.
[likelihoodcollection] Average computation time:
   flamingo.inference.masked_ps.MaskedBandPowerLikelihood : 5.33222e-05 s (89955 evaluations, 4.7966 s total)
[theorycollection] Average computation time:
   flamingo.inference.masked_ps.MaskedTSZTheory : 0.0165875 s (89955 evaluations, 1492.13 s total)
[mcmc]  - Acceptance rate: 0.353
[mcmc]  - Convergence of means: R-1 = 0.031639 after 28832 accepted steps
[mcmc]  - Updated covariance matrix of proposal pdf.
[mcmc] Learn + convergence test @ 36080 samples accepted.
[likelihoodcollection] Average computation time:
   flamingo.inference.masked_ps.MaskedBandPowerLikelihood : 5.33233e-05 s (90030 evaluations, 4.8007 s total)
[theorycollection] Average computation time:
   flamingo.inference.masked_ps.MaskedTSZTheory : 0.0165873 s (90030 evaluations, 1493.36 s total)
[mcmc]  - Acceptance rate: 0.353
[mcmc]  - Convergence of means: R-1 = 0.031071 after 28864 accepted steps
[mcmc]  - Updated covariance matrix of proposal pdf.
[mcmc] Learn + convergence test @ 36120 samples accepted.
[likelihoodcollection] Average computation time:
   flamingo.inference.masked_ps.MaskedBandPowerLikelihood : 5.33234e-05 s (90122 evaluations, 4.80561 s total)
[theorycollection] Average computation time:
   flamingo.inference.masked_ps.MaskedTSZTheory : 0.0165872 s (90122 evaluations, 1494.87 s total)
[mcmc]  - Acceptance rate: 0.353
[mcmc]  - Convergence of means: R-1 = 0.030595 after 28896 accepted steps
[mcmc]  - Updated covariance matrix of proposal pdf.
[mcmc] Learn + convergence test @ 36160 samples accepted.
[likelihoodcollection] Average computation time:
   flamingo.inference.masked_ps.MaskedBandPowerLikelihood : 5.33244e-05 s (90268 evaluations, 4.81349 s total)
[theorycollection] Average computation time:
   flamingo.inference.masked_ps.MaskedTSZTheory : 0.0165868 s (90268 evaluations, 1497.26 s total)
[mcmc]  - Acceptance rate: 0.352
[mcmc]  - Convergence of means: R-1 = 0.031236 after 28928 accepted steps
[mcmc]  - Updated covariance matrix of proposal pdf.
[mcmc] Learn + convergence test @ 36200 samples accepted.
[likelihoodcollection] Average computation time:
   flamingo.inference.masked_ps.MaskedBandPowerLikelihood : 5.33244e-05 s (90358 evaluations, 4.81829 s total)
[theorycollection] Average computation time:
   flamingo.inference.masked_ps.MaskedTSZTheory : 0.0165868 s (90358 evaluations, 1498.75 s total)
[mcmc]  - Acceptance rate: 0.352
[mcmc]  - Convergence of means: R-1 = 0.031756 after 28960 accepted steps
[mcmc]  - Updated covariance matrix of proposal pdf.
[mcmc] Learn + convergence test @ 36240 samples accepted.
[likelihoodcollection] Average computation time:
   flamingo.inference.masked_ps.MaskedBandPowerLikelihood : 5.33241e-05 s (90461 evaluations, 4.82375 s total)
[theorycollection] Average computation time:
   flamingo.inference.masked_ps.MaskedTSZTheory : 0.0165866 s (90461 evaluations, 1500.44 s total)
[mcmc]  - Acceptance rate: 0.352
[mcmc]  - Convergence of means: R-1 = 0.032394 after 28992 accepted steps
[mcmc]  - Updated covariance matrix of proposal pdf.
[mcmc] Learn + convergence test @ 36280 samples accepted.
[likelihoodcollection] Average computation time:
   flamingo.inference.masked_ps.MaskedBandPowerLikelihood : 5.3324e-05 s (90530 evaluations, 4.82742 s total)
[theorycollection] Average computation time:
   flamingo.inference.masked_ps.MaskedTSZTheory : 0.0165869 s (90530 evaluations, 1501.61 s total)
[mcmc]  - Acceptance rate: 0.352
[mcmc]  - Convergence of means: R-1 = 0.032587 after 29024 accepted steps
[mcmc]  - Updated covariance matrix of proposal pdf.
[mcmc] Learn + convergence test @ 36320 samples accepted.
[likelihoodcollection] Average computation time:
   flamingo.inference.masked_ps.MaskedBandPowerLikelihood : 5.33267e-05 s (90624 evaluations, 4.83268 s total)
[theorycollection] Average computation time:
   flamingo.inference.masked_ps.MaskedTSZTheory : 0.016587 s (90624 evaluations, 1503.18 s total)
[mcmc]  - Acceptance rate: 0.353
[mcmc]  - Convergence of means: R-1 = 0.032827 after 29056 accepted steps
[mcmc]  - Updated covariance matrix of proposal pdf.
[mcmc] Learn + convergence test @ 36360 samples accepted.
[likelihoodcollection] Average computation time:
   flamingo.inference.masked_ps.MaskedBandPowerLikelihood : 5.33292e-05 s (90713 evaluations, 4.83765 s total)
[theorycollection] Average computation time:
   flamingo.inference.masked_ps.MaskedTSZTheory : 0.016587 s (90713 evaluations, 1504.66 s total)
[mcmc]  - Acceptance rate: 0.353
[mcmc]  - Convergence of means: R-1 = 0.032623 after 29088 accepted steps
[mcmc]  - Updated covariance matrix of proposal pdf.
[mcmc] Learn + convergence test @ 36400 samples accepted.
[likelihoodcollection] Average computation time:
   flamingo.inference.masked_ps.MaskedBandPowerLikelihood : 5.33309e-05 s (90791 evaluations, 4.84197 s total)
[theorycollection] Average computation time:
   flamingo.inference.masked_ps.MaskedTSZTheory : 0.0165871 s (90791 evaluations, 1505.96 s total)
[mcmc]  - Acceptance rate: 0.353
[mcmc]  - Convergence of means: R-1 = 0.032722 after 29120 accepted steps
[mcmc]  - Updated covariance matrix of proposal pdf.
[mcmc] Learn + convergence test @ 36440 samples accepted.
[likelihoodcollection] Average computation time:
   flamingo.inference.masked_ps.MaskedBandPowerLikelihood : 5.33289e-05 s (90906 evaluations, 4.84792 s total)
[theorycollection] Average computation time:
   flamingo.inference.masked_ps.MaskedTSZTheory : 0.016587 s (90906 evaluations, 1507.86 s total)
[mcmc]  - Acceptance rate: 0.353
[mcmc]  - Convergence of means: R-1 = 0.032769 after 29152 accepted steps
[mcmc]  - Updated covariance matrix of proposal pdf.
[mcmc] Learn + convergence test @ 36480 samples accepted.
[likelihoodcollection] Average computation time:
   flamingo.inference.masked_ps.MaskedBandPowerLikelihood : 5.33226e-05 s (91009 evaluations, 4.85283 s total)
[theorycollection] Average computation time:
   flamingo.inference.masked_ps.MaskedTSZTheory : 0.0165871 s (91009 evaluations, 1509.57 s total)
[mcmc]  - Acceptance rate: 0.353
[mcmc]  - Convergence of means: R-1 = 0.032510 after 29184 accepted steps
[mcmc]  - Updated covariance matrix of proposal pdf.
[mcmc] Learn + convergence test @ 36520 samples accepted.
[likelihoodcollection] Average computation time:
   flamingo.inference.masked_ps.MaskedBandPowerLikelihood : 5.33155e-05 s (91150 evaluations, 4.85971 s total)
[theorycollection] Average computation time:
   flamingo.inference.masked_ps.MaskedTSZTheory : 0.0165867 s (91150 evaluations, 1511.88 s total)
[mcmc]  - Acceptance rate: 0.352
[mcmc]  - Convergence of means: R-1 = 0.032694 after 29216 accepted steps
[mcmc]  - Updated covariance matrix of proposal pdf.
[mcmc] Learn + convergence test @ 36560 samples accepted.
[likelihoodcollection] Average computation time:
   flamingo.inference.masked_ps.MaskedBandPowerLikelihood : 5.33187e-05 s (91249 evaluations, 4.86528 s total)
[theorycollection] Average computation time:
   flamingo.inference.masked_ps.MaskedTSZTheory : 0.016587 s (91249 evaluations, 1513.55 s total)
[mcmc]  - Acceptance rate: 0.352
[mcmc]  - Convergence of means: R-1 = 0.032929 after 29248 accepted steps
[mcmc]  - Updated covariance matrix of proposal pdf.
[mcmc] Learn + convergence test @ 36600 samples accepted.
[likelihoodcollection] Average computation time:
   flamingo.inference.masked_ps.MaskedBandPowerLikelihood : 5.33186e-05 s (91340 evaluations, 4.87012 s total)
[theorycollection] Average computation time:
   flamingo.inference.masked_ps.MaskedTSZTheory : 0.0165867 s (91340 evaluations, 1515.03 s total)
[mcmc]  - Acceptance rate: 0.352
[mcmc]  - Convergence of means: R-1 = 0.032843 after 29280 accepted steps
[mcmc]  - Updated covariance matrix of proposal pdf.
[mcmc] Learn + convergence test @ 36640 samples accepted.
[likelihoodcollection] Average computation time:
   flamingo.inference.masked_ps.MaskedBandPowerLikelihood : 5.33204e-05 s (91462 evaluations, 4.87679 s total)
[theorycollection] Average computation time:
   flamingo.inference.masked_ps.MaskedTSZTheory : 0.016587 s (91462 evaluations, 1517.08 s total)
[mcmc]  - Acceptance rate: 0.352
[mcmc]  - Convergence of means: R-1 = 0.032748 after 29312 accepted steps
[mcmc]  - Updated covariance matrix of proposal pdf.
[mcmc] Learn + convergence test @ 36680 samples accepted.
[likelihoodcollection] Average computation time:
   flamingo.inference.masked_ps.MaskedBandPowerLikelihood : 5.33191e-05 s (91537 evaluations, 4.88067 s total)
[theorycollection] Average computation time:
   flamingo.inference.masked_ps.MaskedTSZTheory : 0.0165871 s (91537 evaluations, 1518.33 s total)
[mcmc]  - Acceptance rate: 0.352
[mcmc]  - Convergence of means: R-1 = 0.031923 after 29344 accepted steps
[mcmc]  - Updated covariance matrix of proposal pdf.
[mcmc] Learn + convergence test @ 36720 samples accepted.
[likelihoodcollection] Average computation time:
   flamingo.inference.masked_ps.MaskedBandPowerLikelihood : 5.33212e-05 s (91643 evaluations, 4.88651 s total)
[theorycollection] Average computation time:
   flamingo.inference.masked_ps.MaskedTSZTheory : 0.016587 s (91643 evaluations, 1520.08 s total)
[mcmc]  - Acceptance rate: 0.352
[mcmc]  - Convergence of means: R-1 = 0.031411 after 29376 accepted steps
[mcmc]  - Updated covariance matrix of proposal pdf.
[mcmc] Learn + convergence test @ 36760 samples accepted.
[likelihoodcollection] Average computation time:
   flamingo.inference.masked_ps.MaskedBandPowerLikelihood : 5.332e-05 s (91737 evaluations, 4.89141 s total)
[theorycollection] Average computation time:
   flamingo.inference.masked_ps.MaskedTSZTheory : 0.0165869 s (91737 evaluations, 1521.63 s total)
[mcmc]  - Acceptance rate: 0.352
[mcmc]  - Convergence of means: R-1 = 0.031131 after 29408 accepted steps
[mcmc]  - Updated covariance matrix of proposal pdf.
[mcmc] Learn + convergence test @ 36800 samples accepted.
[likelihoodcollection] Average computation time:
   flamingo.inference.masked_ps.MaskedBandPowerLikelihood : 5.3317e-05 s (91834 evaluations, 4.89631 s total)
[theorycollection] Average computation time:
   flamingo.inference.masked_ps.MaskedTSZTheory : 0.0165872 s (91834 evaluations, 1523.27 s total)
[mcmc]  - Acceptance rate: 0.352
[mcmc]  - Convergence of means: R-1 = 0.031432 after 29440 accepted steps
[mcmc]  - Updated covariance matrix of proposal pdf.
[mcmc] Learn + convergence test @ 36840 samples accepted.
[likelihoodcollection] Average computation time:
   flamingo.inference.masked_ps.MaskedBandPowerLikelihood : 5.33171e-05 s (91915 evaluations, 4.90064 s total)
[theorycollection] Average computation time:
   flamingo.inference.masked_ps.MaskedTSZTheory : 0.0165869 s (91915 evaluations, 1524.59 s total)
[mcmc]  - Acceptance rate: 0.352
[mcmc]  - Convergence of means: R-1 = 0.031074 after 29472 accepted steps
[mcmc]  - Updated covariance matrix of proposal pdf.
[mcmc] Learn + convergence test @ 36880 samples accepted.
[likelihoodcollection] Average computation time:
   flamingo.inference.masked_ps.MaskedBandPowerLikelihood : 5.33158e-05 s (92002 evaluations, 4.90516 s total)
[theorycollection] Average computation time:
   flamingo.inference.masked_ps.MaskedTSZTheory : 0.0165868 s (92002 evaluations, 1526.02 s total)
[mcmc]  - Acceptance rate: 0.353
[mcmc]  - Convergence of means: R-1 = 0.030370 after 29504 accepted steps
[mcmc]  - Updated covariance matrix of proposal pdf.
[mcmc] Progress @ 2026-08-03 00:37:58 : 102177 steps taken, and 36890 accepted.
[mcmc] Learn + convergence test @ 36920 samples accepted.
[likelihoodcollection] Average computation time:
   flamingo.inference.masked_ps.MaskedBandPowerLikelihood : 5.33162e-05 s (92108 evaluations, 4.91084 s total)
[theorycollection] Average computation time:
   flamingo.inference.masked_ps.MaskedTSZTheory : 0.0165871 s (92108 evaluations, 1527.81 s total)
[mcmc]  - Acceptance rate: 0.353
[mcmc]  - Convergence of means: R-1 = 0.030043 after 29536 accepted steps
[mcmc]  - Updated covariance matrix of proposal pdf.
[mcmc] Learn + convergence test @ 36960 samples accepted.
[likelihoodcollection] Average computation time:
   flamingo.inference.masked_ps.MaskedBandPowerLikelihood : 5.3319e-05 s (92213 evaluations, 4.9167 s total)
[theorycollection] Average computation time:
   flamingo.inference.masked_ps.MaskedTSZTheory : 0.0165869 s (92213 evaluations, 1529.53 s total)
[mcmc]  - Acceptance rate: 0.353
[mcmc]  - Convergence of means: R-1 = 0.029845 after 29568 accepted steps
[mcmc]  - Updated covariance matrix of proposal pdf.
[mcmc] Learn + convergence test @ 37000 samples accepted.
[likelihoodcollection] Average computation time:
   flamingo.inference.masked_ps.MaskedBandPowerLikelihood : 5.33206e-05 s (92313 evaluations, 4.92219 s total)
[theorycollection] Average computation time:
   flamingo.inference.masked_ps.MaskedTSZTheory : 0.0165873 s (92313 evaluations, 1531.22 s total)
[mcmc]  - Acceptance rate: 0.353
[mcmc]  - Convergence of means: R-1 = 0.030375 after 29600 accepted steps
[mcmc]  - Updated covariance matrix of proposal pdf.
[mcmc] Learn + convergence test @ 37040 samples accepted.
[likelihoodcollection] Average computation time:
   flamingo.inference.masked_ps.MaskedBandPowerLikelihood : 5.33202e-05 s (92405 evaluations, 4.92705 s total)
[theorycollection] Average computation time:
   flamingo.inference.masked_ps.MaskedTSZTheory : 0.0165874 s (92405 evaluations, 1532.76 s total)
[mcmc]  - Acceptance rate: 0.353
[mcmc]  - Convergence of means: R-1 = 0.030387 after 29632 accepted steps
[mcmc]  - Updated covariance matrix of proposal pdf.
[mcmc] Learn + convergence test @ 37080 samples accepted.
[likelihoodcollection] Average computation time:
   flamingo.inference.masked_ps.MaskedBandPowerLikelihood : 5.33192e-05 s (92506 evaluations, 4.93235 s total)
[theorycollection] Average computation time:
   flamingo.inference.masked_ps.MaskedTSZTheory : 0.0165869 s (92506 evaluations, 1534.39 s total)
[mcmc]  - Acceptance rate: 0.353
[mcmc]  - Convergence of means: R-1 = 0.030131 after 29664 accepted steps
[mcmc]  - Updated covariance matrix of proposal pdf.
[mcmc] Learn + convergence test @ 37120 samples accepted.
[likelihoodcollection] Average computation time:
   flamingo.inference.masked_ps.MaskedBandPowerLikelihood : 5.33172e-05 s (92619 evaluations, 4.93818 s total)
[theorycollection] Average computation time:
   flamingo.inference.masked_ps.MaskedTSZTheory : 0.0165869 s (92619 evaluations, 1536.26 s total)
[mcmc]  - Acceptance rate: 0.353
[mcmc]  - Convergence of means: R-1 = 0.030255 after 29696 accepted steps
[mcmc]  - Updated covariance matrix of proposal pdf.
[mcmc] Learn + convergence test @ 37160 samples accepted.
[likelihoodcollection] Average computation time:
   flamingo.inference.masked_ps.MaskedBandPowerLikelihood : 5.3313e-05 s (92727 evaluations, 4.94355 s total)
[theorycollection] Average computation time:
   flamingo.inference.masked_ps.MaskedTSZTheory : 0.016587 s (92727 evaluations, 1538.06 s total)
[mcmc]  - Acceptance rate: 0.353
[mcmc]  - Convergence of means: R-1 = 0.029913 after 29728 accepted steps
[mcmc]  - Updated covariance matrix of proposal pdf.
[mcmc] Learn + convergence test @ 37200 samples accepted.
[likelihoodcollection] Average computation time:
   flamingo.inference.masked_ps.MaskedBandPowerLikelihood : 5.33104e-05 s (92835 evaluations, 4.94907 s total)
[theorycollection] Average computation time:
   flamingo.inference.masked_ps.MaskedTSZTheory : 0.016587 s (92835 evaluations, 1539.85 s total)
[mcmc]  - Acceptance rate: 0.353
[mcmc]  - Convergence of means: R-1 = 0.029208 after 29760 accepted steps
[mcmc]  - Updated covariance matrix of proposal pdf.
[mcmc] Learn + convergence test @ 37240 samples accepted.
[likelihoodcollection] Average computation time:
   flamingo.inference.masked_ps.MaskedBandPowerLikelihood : 5.33101e-05 s (92943 evaluations, 4.9548 s total)
[theorycollection] Average computation time:
   flamingo.inference.masked_ps.MaskedTSZTheory : 0.016587 s (92943 evaluations, 1541.64 s total)
[mcmc]  - Acceptance rate: 0.353
[mcmc]  - Convergence of means: R-1 = 0.029166 after 29792 accepted steps
[mcmc]  - Updated covariance matrix of proposal pdf.
[mcmc] Learn + convergence test @ 37280 samples accepted.
[likelihoodcollection] Average computation time:
   flamingo.inference.masked_ps.MaskedBandPowerLikelihood : 5.33147e-05 s (93025 evaluations, 4.9596 s total)
[theorycollection] Average computation time:
   flamingo.inference.masked_ps.MaskedTSZTheory : 0.0165873 s (93025 evaluations, 1543.03 s total)
[mcmc]  - Acceptance rate: 0.353
[mcmc]  - Convergence of means: R-1 = 0.028748 after 29824 accepted steps
[mcmc]  - Updated covariance matrix of proposal pdf.
[mcmc] Learn + convergence test @ 37320 samples accepted.
[likelihoodcollection] Average computation time:
   flamingo.inference.masked_ps.MaskedBandPowerLikelihood : 5.33201e-05 s (93140 evaluations, 4.96624 s total)
[theorycollection] Average computation time:
   flamingo.inference.masked_ps.MaskedTSZTheory : 0.0165874 s (93140 evaluations, 1544.95 s total)
[mcmc]  - Acceptance rate: 0.353
[mcmc]  - Convergence of means: R-1 = 0.028317 after 29856 accepted steps
[mcmc]  - Updated covariance matrix of proposal pdf.
[mcmc] Learn + convergence test @ 37360 samples accepted.
[likelihoodcollection] Average computation time:
   flamingo.inference.masked_ps.MaskedBandPowerLikelihood : 5.332e-05 s (93242 evaluations, 4.97167 s total)
[theorycollection] Average computation time:
   flamingo.inference.masked_ps.MaskedTSZTheory : 0.0165871 s (93242 evaluations, 1546.61 s total)
[mcmc]  - Acceptance rate: 0.353
[mcmc]  - Convergence of means: R-1 = 0.028484 after 29888 accepted steps
[mcmc]  - Updated covariance matrix of proposal pdf.
[mcmc] Learn + convergence test @ 37400 samples accepted.
[likelihoodcollection] Average computation time:
   flamingo.inference.masked_ps.MaskedBandPowerLikelihood : 5.33262e-05 s (93346 evaluations, 4.97779 s total)
[theorycollection] Average computation time:
   flamingo.inference.masked_ps.MaskedTSZTheory : 0.0165872 s (93346 evaluations, 1548.35 s total)
[mcmc]  - Acceptance rate: 0.352
[mcmc]  - Convergence of means: R-1 = 0.029573 after 29920 accepted steps
[mcmc]  - Updated covariance matrix of proposal pdf.
[mcmc] Learn + convergence test @ 37440 samples accepted.
[likelihoodcollection] Average computation time:
   flamingo.inference.masked_ps.MaskedBandPowerLikelihood : 5.33205e-05 s (93464 evaluations, 4.98355 s total)
[theorycollection] Average computation time:
   flamingo.inference.masked_ps.MaskedTSZTheory : 0.0165868 s (93464 evaluations, 1550.27 s total)
[mcmc]  - Acceptance rate: 0.352
[mcmc]  - Convergence of means: R-1 = 0.030407 after 29952 accepted steps
[mcmc]  - Updated covariance matrix of proposal pdf.
[mcmc] Learn + convergence test @ 37480 samples accepted.
[likelihoodcollection] Average computation time:
   flamingo.inference.masked_ps.MaskedBandPowerLikelihood : 5.33282e-05 s (93548 evaluations, 4.98874 s total)
[theorycollection] Average computation time:
   flamingo.inference.masked_ps.MaskedTSZTheory : 0.016587 s (93548 evaluations, 1551.68 s total)
[mcmc]  - Acceptance rate: 0.352
[mcmc]  - Convergence of means: R-1 = 0.030372 after 29984 accepted steps
[mcmc]  - Updated covariance matrix of proposal pdf.
[mcmc] Learn + convergence test @ 37520 samples accepted.
[likelihoodcollection] Average computation time:
   flamingo.inference.masked_ps.MaskedBandPowerLikelihood : 5.3326e-05 s (93634 evaluations, 4.99313 s total)
[theorycollection] Average computation time:
   flamingo.inference.masked_ps.MaskedTSZTheory : 0.0165871 s (93634 evaluations, 1553.12 s total)
[mcmc]  - Acceptance rate: 0.353
[mcmc]  - Convergence of means: R-1 = 0.030439 after 30016 accepted steps
[mcmc]  - Updated covariance matrix of proposal pdf.
[mcmc] Learn + convergence test @ 37560 samples accepted.
[likelihoodcollection] Average computation time:
   flamingo.inference.masked_ps.MaskedBandPowerLikelihood : 5.33239e-05 s (93739 evaluations, 4.99853 s total)
[theorycollection] Average computation time:
   flamingo.inference.masked_ps.MaskedTSZTheory : 0.0165868 s (93739 evaluations, 1554.83 s total)
[mcmc]  - Acceptance rate: 0.353
[mcmc]  - Convergence of means: R-1 = 0.030470 after 30048 accepted steps
[mcmc]  - Updated covariance matrix of proposal pdf.
[mcmc] Learn + convergence test @ 37600 samples accepted.
[likelihoodcollection] Average computation time:
   flamingo.inference.masked_ps.MaskedBandPowerLikelihood : 5.33192e-05 s (93832 evaluations, 5.00304 s total)
[theorycollection] Average computation time:
   flamingo.inference.masked_ps.MaskedTSZTheory : 0.0165867 s (93832 evaluations, 1556.37 s total)
[mcmc]  - Acceptance rate: 0.353
[mcmc]  - Convergence of means: R-1 = 0.030532 after 30080 accepted steps
[mcmc]  - Updated covariance matrix of proposal pdf.
[mcmc] Learn + convergence test @ 37640 samples accepted.
[likelihoodcollection] Average computation time:
   flamingo.inference.masked_ps.MaskedBandPowerLikelihood : 5.33191e-05 s (93916 evaluations, 5.00752 s total)
[theorycollection] Average computation time:
   flamingo.inference.masked_ps.MaskedTSZTheory : 0.0165866 s (93916 evaluations, 1557.75 s total)
[mcmc]  - Acceptance rate: 0.353
[mcmc]  - Convergence of means: R-1 = 0.030544 after 30112 accepted steps
[mcmc]  - Updated covariance matrix of proposal pdf.
[mcmc] Learn + convergence test @ 37680 samples accepted.
[likelihoodcollection] Average computation time:
   flamingo.inference.masked_ps.MaskedBandPowerLikelihood : 5.33188e-05 s (94010 evaluations, 5.0125 s total)
[theorycollection] Average computation time:
   flamingo.inference.masked_ps.MaskedTSZTheory : 0.0165865 s (94010 evaluations, 1559.3 s total)
[mcmc]  - Acceptance rate: 0.353
[mcmc]  - Convergence of means: R-1 = 0.030206 after 30144 accepted steps
[mcmc]  - Updated covariance matrix of proposal pdf.
[mcmc] Learn + convergence test @ 37720 samples accepted.
[likelihoodcollection] Average computation time:
   flamingo.inference.masked_ps.MaskedBandPowerLikelihood : 5.33201e-05 s (94125 evaluations, 5.01876 s total)
[theorycollection] Average computation time:
   flamingo.inference.masked_ps.MaskedTSZTheory : 0.0165868 s (94125 evaluations, 1561.24 s total)
[mcmc]  - Acceptance rate: 0.352
[mcmc]  - Convergence of means: R-1 = 0.030377 after 30176 accepted steps
[mcmc]  - Updated covariance matrix of proposal pdf.
[mcmc] Learn + convergence test @ 37760 samples accepted.
[likelihoodcollection] Average computation time:
   flamingo.inference.masked_ps.MaskedBandPowerLikelihood : 5.33152e-05 s (94231 evaluations, 5.02394 s total)
[theorycollection] Average computation time:
   flamingo.inference.masked_ps.MaskedTSZTheory : 0.0165871 s (94231 evaluations, 1563.02 s total)
[mcmc]  - Acceptance rate: 0.352
[mcmc]  - Convergence of means: R-1 = 0.029886 after 30208 accepted steps
[mcmc]  - Updated covariance matrix of proposal pdf.
[mcmc] Learn + convergence test @ 37800 samples accepted.
[likelihoodcollection] Average computation time:
   flamingo.inference.masked_ps.MaskedBandPowerLikelihood : 5.33141e-05 s (94314 evaluations, 5.02827 s total)
[theorycollection] Average computation time:
   flamingo.inference.masked_ps.MaskedTSZTheory : 0.016587 s (94314 evaluations, 1564.38 s total)
[mcmc]  - Acceptance rate: 0.352
[mcmc]  - Convergence of means: R-1 = 0.029650 after 30240 accepted steps
[mcmc]  - Updated covariance matrix of proposal pdf.
[mcmc] Learn + convergence test @ 37840 samples accepted.
[likelihoodcollection] Average computation time:
   flamingo.inference.masked_ps.MaskedBandPowerLikelihood : 5.33123e-05 s (94439 evaluations, 5.03476 s total)
[theorycollection] Average computation time:
   flamingo.inference.masked_ps.MaskedTSZTheory : 0.0165868 s (94439 evaluations, 1566.44 s total)
[mcmc]  - Acceptance rate: 0.352
[mcmc]  - Convergence of means: R-1 = 0.029196 after 30272 accepted steps
[mcmc]  - Updated covariance matrix of proposal pdf.
[mcmc] Learn + convergence test @ 37880 samples accepted.
[likelihoodcollection] Average computation time:
   flamingo.inference.masked_ps.MaskedBandPowerLikelihood : 5.33137e-05 s (94548 evaluations, 5.04071 s total)
[theorycollection] Average computation time:
   flamingo.inference.masked_ps.MaskedTSZTheory : 0.016587 s (94548 evaluations, 1568.27 s total)
[mcmc]  - Acceptance rate: 0.352
[mcmc]  - Convergence of means: R-1 = 0.029069 after 30304 accepted steps
[mcmc]  - Updated covariance matrix of proposal pdf.
[mcmc] Learn + convergence test @ 37920 samples accepted.
[likelihoodcollection] Average computation time:
   flamingo.inference.masked_ps.MaskedBandPowerLikelihood : 5.33159e-05 s (94643 evaluations, 5.04598 s total)
[theorycollection] Average computation time:
   flamingo.inference.masked_ps.MaskedTSZTheory : 0.0165869 s (94643 evaluations, 1569.83 s total)
[mcmc]  - Acceptance rate: 0.352
[mcmc]  - Convergence of means: R-1 = 0.029378 after 30336 accepted steps
[mcmc]  - Updated covariance matrix of proposal pdf.
[mcmc] Learn + convergence test @ 37960 samples accepted.
[likelihoodcollection] Average computation time:
   flamingo.inference.masked_ps.MaskedBandPowerLikelihood : 5.33178e-05 s (94747 evaluations, 5.0517 s total)
[theorycollection] Average computation time:
   flamingo.inference.masked_ps.MaskedTSZTheory : 0.0165866 s (94747 evaluations, 1571.53 s total)
[mcmc]  - Acceptance rate: 0.352
[mcmc]  - Convergence of means: R-1 = 0.029560 after 30368 accepted steps
[mcmc]  - Updated covariance matrix of proposal pdf.
[mcmc] Learn + convergence test @ 38000 samples accepted.
[likelihoodcollection] Average computation time:
   flamingo.inference.masked_ps.MaskedBandPowerLikelihood : 5.33208e-05 s (94832 evaluations, 5.05652 s total)
[theorycollection] Average computation time:
   flamingo.inference.masked_ps.MaskedTSZTheory : 0.0165868 s (94832 evaluations, 1572.96 s total)
[mcmc]  - Acceptance rate: 0.352
[mcmc]  - Convergence of means: R-1 = 0.029673 after 30400 accepted steps
[mcmc]  - Updated covariance matrix of proposal pdf.
[mcmc] Learn + convergence test @ 38040 samples accepted.
[likelihoodcollection] Average computation time:
   flamingo.inference.masked_ps.MaskedBandPowerLikelihood : 5.33185e-05 s (94952 evaluations, 5.0627 s total)
[theorycollection] Average computation time:
   flamingo.inference.masked_ps.MaskedTSZTheory : 0.0165866 s (94952 evaluations, 1574.93 s total)
[mcmc]  - Acceptance rate: 0.352
[mcmc]  - Convergence of means: R-1 = 0.030461 after 30432 accepted steps
[mcmc]  - Updated covariance matrix of proposal pdf.
[mcmc] Learn + convergence test @ 38080 samples accepted.
[likelihoodcollection] Average computation time:
   flamingo.inference.masked_ps.MaskedBandPowerLikelihood : 5.33215e-05 s (95040 evaluations, 5.06767 s total)
[theorycollection] Average computation time:
   flamingo.inference.masked_ps.MaskedTSZTheory : 0.0165866 s (95040 evaluations, 1576.39 s total)
[mcmc]  - Acceptance rate: 0.352
[mcmc]  - Convergence of means: R-1 = 0.030861 after 30464 accepted steps
[mcmc]  - Updated covariance matrix of proposal pdf.
[mcmc] Learn + convergence test @ 38120 samples accepted.
[likelihoodcollection] Average computation time:
   flamingo.inference.masked_ps.MaskedBandPowerLikelihood : 5.33284e-05 s (95133 evaluations, 5.07329 s total)
[theorycollection] Average computation time:
   flamingo.inference.masked_ps.MaskedTSZTheory : 0.0165869 s (95133 evaluations, 1577.97 s total)
[mcmc]  - Acceptance rate: 0.352
[mcmc]  - Convergence of means: R-1 = 0.030988 after 30496 accepted steps
[mcmc]  - Updated covariance matrix of proposal pdf.
[mcmc] Learn + convergence test @ 38160 samples accepted.
[likelihoodcollection] Average computation time:
   flamingo.inference.masked_ps.MaskedBandPowerLikelihood : 5.33287e-05 s (95226 evaluations, 5.07828 s total)
[theorycollection] Average computation time:
   flamingo.inference.masked_ps.MaskedTSZTheory : 0.0165872 s (95226 evaluations, 1579.54 s total)
[mcmc]  - Acceptance rate: 0.353
[mcmc]  - Convergence of means: R-1 = 0.030771 after 30528 accepted steps
[mcmc]  - Updated covariance matrix of proposal pdf.
[mcmc] Learn + convergence test @ 38200 samples accepted.
[likelihoodcollection] Average computation time:
   flamingo.inference.masked_ps.MaskedBandPowerLikelihood : 5.33265e-05 s (95314 evaluations, 5.08276 s total)
[theorycollection] Average computation time:
   flamingo.inference.masked_ps.MaskedTSZTheory : 0.0165872 s (95314 evaluations, 1580.99 s total)
[mcmc]  - Acceptance rate: 0.353
[mcmc]  - Convergence of means: R-1 = 0.031242 after 30560 accepted steps
[mcmc]  - Updated covariance matrix of proposal pdf.
[mcmc] Learn + convergence test @ 38240 samples accepted.
[likelihoodcollection] Average computation time:
   flamingo.inference.masked_ps.MaskedBandPowerLikelihood : 5.33254e-05 s (95401 evaluations, 5.0873 s total)
[theorycollection] Average computation time:
   flamingo.inference.masked_ps.MaskedTSZTheory : 0.0165872 s (95401 evaluations, 1582.43 s total)
[mcmc]  - Acceptance rate: 0.353
[mcmc]  - Convergence of means: R-1 = 0.031103 after 30592 accepted steps
[mcmc]  - Updated covariance matrix of proposal pdf.
[mcmc] Learn + convergence test @ 38280 samples accepted.
[likelihoodcollection] Average computation time:
   flamingo.inference.masked_ps.MaskedBandPowerLikelihood : 5.33262e-05 s (95491 evaluations, 5.09218 s total)
[theorycollection] Average computation time:
   flamingo.inference.masked_ps.MaskedTSZTheory : 0.0165872 s (95491 evaluations, 1583.93 s total)
[mcmc]  - Acceptance rate: 0.353
[mcmc]  - Convergence of means: R-1 = 0.030566 after 30624 accepted steps
[mcmc]  - Updated covariance matrix of proposal pdf.
[mcmc] Progress @ 2026-08-03 00:38:58 : 106095 steps taken, and 38308 accepted.
[mcmc] Learn + convergence test @ 38320 samples accepted.
[likelihoodcollection] Average computation time:
   flamingo.inference.masked_ps.MaskedBandPowerLikelihood : 5.33306e-05 s (95580 evaluations, 5.09733 s total)
[theorycollection] Average computation time:
   flamingo.inference.masked_ps.MaskedTSZTheory : 0.0165876 s (95580 evaluations, 1585.44 s total)
[mcmc]  - Acceptance rate: 0.353
[mcmc]  - Convergence of means: R-1 = 0.030595 after 30656 accepted steps
[mcmc]  - Updated covariance matrix of proposal pdf.
[mcmc] Learn + convergence test @ 38360 samples accepted.
[likelihoodcollection] Average computation time:
   flamingo.inference.masked_ps.MaskedBandPowerLikelihood : 5.33274e-05 s (95676 evaluations, 5.10215 s total)
[theorycollection] Average computation time:
   flamingo.inference.masked_ps.MaskedTSZTheory : 0.0165873 s (95676 evaluations, 1587.01 s total)
[mcmc]  - Acceptance rate: 0.353
[mcmc]  - Convergence of means: R-1 = 0.030187 after 30688 accepted steps
[mcmc]  - Updated covariance matrix of proposal pdf.
[mcmc] Learn + convergence test @ 38400 samples accepted.
[likelihoodcollection] Average computation time:
   flamingo.inference.masked_ps.MaskedBandPowerLikelihood : 5.33279e-05 s (95768 evaluations, 5.10711 s total)
[theorycollection] Average computation time:
   flamingo.inference.masked_ps.MaskedTSZTheory : 0.0165876 s (95768 evaluations, 1588.56 s total)
[mcmc]  - Acceptance rate: 0.353
[mcmc]  - Convergence of means: R-1 = 0.030468 after 30720 accepted steps
[mcmc]  - Updated covariance matrix of proposal pdf.
[mcmc] Learn + convergence test @ 38440 samples accepted.
[likelihoodcollection] Average computation time:
   flamingo.inference.masked_ps.MaskedBandPowerLikelihood : 5.33307e-05 s (95864 evaluations, 5.11249 s total)
[theorycollection] Average computation time:
   flamingo.inference.masked_ps.MaskedTSZTheory : 0.0165876 s (95864 evaluations, 1590.15 s total)
[mcmc]  - Acceptance rate: 0.353
[mcmc]  - Convergence of means: R-1 = 0.030668 after 30752 accepted steps
[mcmc]  - Updated covariance matrix of proposal pdf.
[mcmc] Learn + convergence test @ 38480 samples accepted.
[likelihoodcollection] Average computation time:
   flamingo.inference.masked_ps.MaskedBandPowerLikelihood : 5.33279e-05 s (95946 evaluations, 5.1166 s total)
[theorycollection] Average computation time:
   flamingo.inference.masked_ps.MaskedTSZTheory : 0.0165873 s (95946 evaluations, 1591.48 s total)
[mcmc]  - Acceptance rate: 0.353
[mcmc]  - Convergence of means: R-1 = 0.030605 after 30784 accepted steps
[mcmc]  - Updated covariance matrix of proposal pdf.
[mcmc] Learn + convergence test @ 38520 samples accepted.
[likelihoodcollection] Average computation time:
   flamingo.inference.masked_ps.MaskedBandPowerLikelihood : 5.33313e-05 s (96036 evaluations, 5.12173 s total)
[theorycollection] Average computation time:
   flamingo.inference.masked_ps.MaskedTSZTheory : 0.0165872 s (96036 evaluations, 1592.97 s total)
[mcmc]  - Acceptance rate: 0.353
[mcmc]  - Convergence of means: R-1 = 0.031432 after 30816 accepted steps
[mcmc]  - Updated covariance matrix of proposal pdf.
[mcmc] Learn + convergence test @ 38560 samples accepted.
[likelihoodcollection] Average computation time:
   flamingo.inference.masked_ps.MaskedBandPowerLikelihood : 5.33299e-05 s (96129 evaluations, 5.12655 s total)
[theorycollection] Average computation time:
   flamingo.inference.masked_ps.MaskedTSZTheory : 0.0165872 s (96129 evaluations, 1594.51 s total)
[mcmc]  - Acceptance rate: 0.353
[mcmc]  - Convergence of means: R-1 = 0.031197 after 30848 accepted steps
[mcmc]  - Updated covariance matrix of proposal pdf.
[mcmc] Learn + convergence test @ 38600 samples accepted.
[likelihoodcollection] Average computation time:
   flamingo.inference.masked_ps.MaskedBandPowerLikelihood : 5.33306e-05 s (96208 evaluations, 5.13083 s total)
[theorycollection] Average computation time:
   flamingo.inference.masked_ps.MaskedTSZTheory : 0.0165874 s (96208 evaluations, 1595.84 s total)
[mcmc]  - Acceptance rate: 0.353
[mcmc]  - Convergence of means: R-1 = 0.031056 after 30880 accepted steps
[mcmc]  - Updated covariance matrix of proposal pdf.
[mcmc] Learn + convergence test @ 38640 samples accepted.
[likelihoodcollection] Average computation time:
   flamingo.inference.masked_ps.MaskedBandPowerLikelihood : 5.33305e-05 s (96287 evaluations, 5.13504 s total)
[theorycollection] Average computation time:
   flamingo.inference.masked_ps.MaskedTSZTheory : 0.0165873 s (96287 evaluations, 1597.15 s total)
[mcmc]  - Acceptance rate: 0.353
[mcmc]  - Convergence of means: R-1 = 0.030971 after 30912 accepted steps
[mcmc]  - Updated covariance matrix of proposal pdf.
[mcmc] Learn + convergence test @ 38680 samples accepted.
[likelihoodcollection] Average computation time:
   flamingo.inference.masked_ps.MaskedBandPowerLikelihood : 5.33321e-05 s (96371 evaluations, 5.13967 s total)
[theorycollection] Average computation time:
   flamingo.inference.masked_ps.MaskedTSZTheory : 0.0165875 s (96371 evaluations, 1598.55 s total)
[mcmc]  - Acceptance rate: 0.353
[mcmc]  - Convergence of means: R-1 = 0.030793 after 30944 accepted steps
[mcmc]  - Updated covariance matrix of proposal pdf.
[mcmc] Learn + convergence test @ 38720 samples accepted.
[likelihoodcollection] Average computation time:
   flamingo.inference.masked_ps.MaskedBandPowerLikelihood : 5.33283e-05 s (96482 evaluations, 5.14523 s total)
[theorycollection] Average computation time:
   flamingo.inference.masked_ps.MaskedTSZTheory : 0.0165874 s (96482 evaluations, 1600.39 s total)
[mcmc]  - Acceptance rate: 0.353
[mcmc]  - Convergence of means: R-1 = 0.030175 after 30976 accepted steps
[mcmc]  - Updated covariance matrix of proposal pdf.
[mcmc] Learn + convergence test @ 38760 samples accepted.
[likelihoodcollection] Average computation time:
   flamingo.inference.masked_ps.MaskedBandPowerLikelihood : 5.33319e-05 s (96570 evaluations, 5.15026 s total)
[theorycollection] Average computation time:
   flamingo.inference.masked_ps.MaskedTSZTheory : 0.0165875 s (96570 evaluations, 1601.86 s total)
[mcmc]  - Acceptance rate: 0.353
[mcmc]  - Convergence of means: R-1 = 0.029858 after 31008 accepted steps
[mcmc]  - Updated covariance matrix of proposal pdf.
[mcmc] Learn + convergence test @ 38800 samples accepted.
[likelihoodcollection] Average computation time:
   flamingo.inference.masked_ps.MaskedBandPowerLikelihood : 5.33311e-05 s (96663 evaluations, 5.15515 s total)
[theorycollection] Average computation time:
   flamingo.inference.masked_ps.MaskedTSZTheory : 0.0165874 s (96663 evaluations, 1603.38 s total)
[mcmc]  - Acceptance rate: 0.353
[mcmc]  - Convergence of means: R-1 = 0.029044 after 31040 accepted steps
[mcmc]  - Updated covariance matrix of proposal pdf.
[mcmc] Learn + convergence test @ 38840 samples accepted.
[likelihoodcollection] Average computation time:
   flamingo.inference.masked_ps.MaskedBandPowerLikelihood : 5.33291e-05 s (96756 evaluations, 5.15991 s total)
[theorycollection] Average computation time:
   flamingo.inference.masked_ps.MaskedTSZTheory : 0.0165873 s (96756 evaluations, 1604.92 s total)
[mcmc]  - Acceptance rate: 0.353
[mcmc]  - Convergence of means: R-1 = 0.028641 after 31072 accepted steps
[mcmc]  - Updated covariance matrix of proposal pdf.
[mcmc] Learn + convergence test @ 38880 samples accepted.
[likelihoodcollection] Average computation time:
   flamingo.inference.masked_ps.MaskedBandPowerLikelihood : 5.33295e-05 s (96846 evaluations, 5.16475 s total)
[theorycollection] Average computation time:
   flamingo.inference.masked_ps.MaskedTSZTheory : 0.0165868 s (96846 evaluations, 1606.36 s total)
[mcmc]  - Acceptance rate: 0.353
[mcmc]  - Convergence of means: R-1 = 0.028279 after 31104 accepted steps
[mcmc]  - Updated covariance matrix of proposal pdf.
[mcmc] Learn + convergence test @ 38920 samples accepted.
[likelihoodcollection] Average computation time:
   flamingo.inference.masked_ps.MaskedBandPowerLikelihood : 5.33276e-05 s (96938 evaluations, 5.16947 s total)
[theorycollection] Average computation time:
   flamingo.inference.masked_ps.MaskedTSZTheory : 0.0165866 s (96938 evaluations, 1607.87 s total)
[mcmc]  - Acceptance rate: 0.354
[mcmc]  - Convergence of means: R-1 = 0.029233 after 31136 accepted steps
[mcmc]  - Updated covariance matrix of proposal pdf.
[mcmc] Learn + convergence test @ 38960 samples accepted.
[likelihoodcollection] Average computation time:
   flamingo.inference.masked_ps.MaskedBandPowerLikelihood : 5.3325e-05 s (97040 evaluations, 5.17465 s total)
[theorycollection] Average computation time:
   flamingo.inference.masked_ps.MaskedTSZTheory : 0.0165861 s (97040 evaluations, 1609.52 s total)
[mcmc]  - Acceptance rate: 0.354
[mcmc]  - Convergence of means: R-1 = 0.029831 after 31168 accepted steps
[mcmc]  - Updated covariance matrix of proposal pdf.
[mcmc] Learn + convergence test @ 39000 samples accepted.
[likelihoodcollection] Average computation time:
   flamingo.inference.masked_ps.MaskedBandPowerLikelihood : 5.33219e-05 s (97139 evaluations, 5.17964 s total)
[theorycollection] Average computation time:
   flamingo.inference.masked_ps.MaskedTSZTheory : 0.0165858 s (97139 evaluations, 1611.13 s total)
[mcmc]  - Acceptance rate: 0.353
[mcmc]  - Convergence of means: R-1 = 0.029519 after 31200 accepted steps
[mcmc]  - Updated covariance matrix of proposal pdf.
[mcmc] Learn + convergence test @ 39040 samples accepted.
[likelihoodcollection] Average computation time:
   flamingo.inference.masked_ps.MaskedBandPowerLikelihood : 5.33222e-05 s (97242 evaluations, 5.18516 s total)
[theorycollection] Average computation time:
   flamingo.inference.masked_ps.MaskedTSZTheory : 0.0165859 s (97242 evaluations, 1612.84 s total)
[mcmc]  - Acceptance rate: 0.353
[mcmc]  - Convergence of means: R-1 = 0.029699 after 31232 accepted steps
[mcmc]  - Updated covariance matrix of proposal pdf.
[mcmc] Learn + convergence test @ 39080 samples accepted.
[likelihoodcollection] Average computation time:
   flamingo.inference.masked_ps.MaskedBandPowerLikelihood : 5.332e-05 s (97327 evaluations, 5.18948 s total)
[theorycollection] Average computation time:
   flamingo.inference.masked_ps.MaskedTSZTheory : 0.0165859 s (97327 evaluations, 1614.26 s total)
[mcmc]  - Acceptance rate: 0.353
[mcmc]  - Convergence of means: R-1 = 0.030497 after 31264 accepted steps
[mcmc]  - Updated covariance matrix of proposal pdf.
[mcmc] Learn + convergence test @ 39120 samples accepted.
[likelihoodcollection] Average computation time:
   flamingo.inference.masked_ps.MaskedBandPowerLikelihood : 5.33186e-05 s (97411 evaluations, 5.19382 s total)
[theorycollection] Average computation time:
   flamingo.inference.masked_ps.MaskedTSZTheory : 0.0165859 s (97411 evaluations, 1615.65 s total)
[mcmc]  - Acceptance rate: 0.354
[mcmc]  - Convergence of means: R-1 = 0.030630 after 31296 accepted steps
[mcmc]  - Updated covariance matrix of proposal pdf.
[mcmc] Learn + convergence test @ 39160 samples accepted.
[likelihoodcollection] Average computation time:
   flamingo.inference.masked_ps.MaskedBandPowerLikelihood : 5.33185e-05 s (97512 evaluations, 5.19919 s total)
[theorycollection] Average computation time:
   flamingo.inference.masked_ps.MaskedTSZTheory : 0.0165859 s (97512 evaluations, 1617.33 s total)
[mcmc]  - Acceptance rate: 0.354
[mcmc]  - Convergence of means: R-1 = 0.030487 after 31328 accepted steps
[mcmc]  - Updated covariance matrix of proposal pdf.
[mcmc] Learn + convergence test @ 39200 samples accepted.
[likelihoodcollection] Average computation time:
   flamingo.inference.masked_ps.MaskedBandPowerLikelihood : 5.33179e-05 s (97605 evaluations, 5.2041 s total)
[theorycollection] Average computation time:
   flamingo.inference.masked_ps.MaskedTSZTheory : 0.0165861 s (97605 evaluations, 1618.88 s total)
[mcmc]  - Acceptance rate: 0.354
[mcmc]  - Convergence of means: R-1 = 0.030443 after 31360 accepted steps
[mcmc]  - Updated covariance matrix of proposal pdf.
[mcmc] Learn + convergence test @ 39240 samples accepted.
[likelihoodcollection] Average computation time:
   flamingo.inference.masked_ps.MaskedBandPowerLikelihood : 5.3315e-05 s (97702 evaluations, 5.20898 s total)
[theorycollection] Average computation time:
   flamingo.inference.masked_ps.MaskedTSZTheory : 0.0165861 s (97702 evaluations, 1620.5 s total)
[mcmc]  - Acceptance rate: 0.354
[mcmc]  - Convergence of means: R-1 = 0.030018 after 31392 accepted steps
[mcmc]  - Updated covariance matrix of proposal pdf.
[mcmc] Learn + convergence test @ 39280 samples accepted.
[likelihoodcollection] Average computation time:
   flamingo.inference.masked_ps.MaskedBandPowerLikelihood : 5.33162e-05 s (97798 evaluations, 5.21422 s total)
[theorycollection] Average computation time:
   flamingo.inference.masked_ps.MaskedTSZTheory : 0.016586 s (97798 evaluations, 1622.07 s total)
[mcmc]  - Acceptance rate: 0.354
[mcmc]  - Convergence of means: R-1 = 0.029780 after 31424 accepted steps
[mcmc]  - Updated covariance matrix of proposal pdf.
[mcmc] Learn + convergence test @ 39320 samples accepted.
[likelihoodcollection] Average computation time:
   flamingo.inference.masked_ps.MaskedBandPowerLikelihood : 5.33112e-05 s (97930 evaluations, 5.22076 s total)
[theorycollection] Average computation time:
   flamingo.inference.masked_ps.MaskedTSZTheory : 0.0165858 s (97930 evaluations, 1624.24 s total)
[mcmc]  - Acceptance rate: 0.353
[mcmc]  - Convergence of means: R-1 = 0.027525 after 31456 accepted steps
[mcmc]  - Updated covariance matrix of proposal pdf.
[mcmc] Learn + convergence test @ 39360 samples accepted.
[likelihoodcollection] Average computation time:
   flamingo.inference.masked_ps.MaskedBandPowerLikelihood : 5.33058e-05 s (98106 evaluations, 5.22962 s total)
[theorycollection] Average computation time:
   flamingo.inference.masked_ps.MaskedTSZTheory : 0.0165854 s (98106 evaluations, 1627.13 s total)
[mcmc]  - Acceptance rate: 0.353
[mcmc]  - Convergence of means: R-1 = 0.022554 after 31488 accepted steps
[mcmc]  - Updated covariance matrix of proposal pdf.
[mcmc] Learn + convergence test @ 39400 samples accepted.
[likelihoodcollection] Average computation time:
   flamingo.inference.masked_ps.MaskedBandPowerLikelihood : 5.33132e-05 s (98270 evaluations, 5.23909 s total)
[theorycollection] Average computation time:
   flamingo.inference.masked_ps.MaskedTSZTheory : 0.0165853 s (98270 evaluations, 1629.84 s total)
[mcmc]  - Acceptance rate: 0.353
[mcmc]  - Convergence of means: R-1 = 0.020160 after 31520 accepted steps
[mcmc]  - Updated covariance matrix of proposal pdf.
[mcmc] Learn + convergence test @ 39440 samples accepted.
[likelihoodcollection] Average computation time:
   flamingo.inference.masked_ps.MaskedBandPowerLikelihood : 5.33104e-05 s (98423 evaluations, 5.24697 s total)
[theorycollection] Average computation time:
   flamingo.inference.masked_ps.MaskedTSZTheory : 0.0165852 s (98423 evaluations, 1632.36 s total)
[mcmc]  - Acceptance rate: 0.353
[mcmc]  - Convergence of means: R-1 = 0.020413 after 31552 accepted steps
[mcmc]  - Updated covariance matrix of proposal pdf.
[mcmc] Learn + convergence test @ 39480 samples accepted.
[likelihoodcollection] Average computation time:
   flamingo.inference.masked_ps.MaskedBandPowerLikelihood : 5.33064e-05 s (98528 evaluations, 5.25217 s total)
[theorycollection] Average computation time:
   flamingo.inference.masked_ps.MaskedTSZTheory : 0.0165852 s (98528 evaluations, 1634.11 s total)
[mcmc]  - Acceptance rate: 0.353
[mcmc]  - Convergence of means: R-1 = 0.020364 after 31584 accepted steps
[mcmc]  - Updated covariance matrix of proposal pdf.
[mcmc] Learn + convergence test @ 39520 samples accepted.
[likelihoodcollection] Average computation time:
   flamingo.inference.masked_ps.MaskedBandPowerLikelihood : 5.33092e-05 s (98654 evaluations, 5.25917 s total)
[theorycollection] Average computation time:
   flamingo.inference.masked_ps.MaskedTSZTheory : 0.0165857 s (98654 evaluations, 1636.25 s total)
[mcmc]  - Acceptance rate: 0.352
[mcmc]  - Convergence of means: R-1 = 0.021046 after 31616 accepted steps
[mcmc]  - Updated covariance matrix of proposal pdf.
[mcmc] Learn + convergence test @ 39560 samples accepted.
[likelihoodcollection] Average computation time:
   flamingo.inference.masked_ps.MaskedBandPowerLikelihood : 5.33055e-05 s (98740 evaluations, 5.26338 s total)
[theorycollection] Average computation time:
   flamingo.inference.masked_ps.MaskedTSZTheory : 0.0165857 s (98740 evaluations, 1637.67 s total)
[mcmc]  - Acceptance rate: 0.352
[mcmc]  - Convergence of means: R-1 = 0.021786 after 31648 accepted steps
[mcmc]  - Updated covariance matrix of proposal pdf.
[mcmc] Learn + convergence test @ 39600 samples accepted.
[likelihoodcollection] Average computation time:
   flamingo.inference.masked_ps.MaskedBandPowerLikelihood : 5.33042e-05 s (98835 evaluations, 5.26832 s total)
[theorycollection] Average computation time:
   flamingo.inference.masked_ps.MaskedTSZTheory : 0.0165855 s (98835 evaluations, 1639.23 s total)
[mcmc]  - Acceptance rate: 0.353
[mcmc]  - Convergence of means: R-1 = 0.022392 after 31680 accepted steps
[mcmc]  - Updated covariance matrix of proposal pdf.
[mcmc] Learn + convergence test @ 39640 samples accepted.
[likelihoodcollection] Average computation time:
   flamingo.inference.masked_ps.MaskedBandPowerLikelihood : 5.33052e-05 s (98949 evaluations, 5.27449 s total)
[theorycollection] Average computation time:
   flamingo.inference.masked_ps.MaskedTSZTheory : 0.0165853 s (98949 evaluations, 1641.09 s total)
[mcmc]  - Acceptance rate: 0.352
[mcmc]  - Convergence of means: R-1 = 0.021885 after 31712 accepted steps
[mcmc]  - Updated covariance matrix of proposal pdf.
[mcmc] Learn + convergence test @ 39680 samples accepted.
[likelihoodcollection] Average computation time:
   flamingo.inference.masked_ps.MaskedBandPowerLikelihood : 5.33029e-05 s (99073 evaluations, 5.28088 s total)
[theorycollection] Average computation time:
   flamingo.inference.masked_ps.MaskedTSZTheory : 0.0165848 s (99073 evaluations, 1643.11 s total)
[mcmc]  - Acceptance rate: 0.352
[mcmc]  - Convergence of means: R-1 = 0.021755 after 31744 accepted steps
[mcmc]  - Updated covariance matrix of proposal pdf.
[mcmc] Progress @ 2026-08-03 00:39:58 : 110010 steps taken, and 39698 accepted.
[mcmc] Learn + convergence test @ 39720 samples accepted.
[likelihoodcollection] Average computation time:
   flamingo.inference.masked_ps.MaskedBandPowerLikelihood : 5.33046e-05 s (99155 evaluations, 5.28542 s total)
[theorycollection] Average computation time:
   flamingo.inference.masked_ps.MaskedTSZTheory : 0.0165848 s (99155 evaluations, 1644.46 s total)
[mcmc]  - Acceptance rate: 0.352
[mcmc]  - Convergence of means: R-1 = 0.022800 after 31776 accepted steps
[mcmc]  - Updated covariance matrix of proposal pdf.
[mcmc] Learn + convergence test @ 39760 samples accepted.
[likelihoodcollection] Average computation time:
   flamingo.inference.masked_ps.MaskedBandPowerLikelihood : 5.33086e-05 s (99239 evaluations, 5.29029 s total)
[theorycollection] Average computation time:
   flamingo.inference.masked_ps.MaskedTSZTheory : 0.0165848 s (99239 evaluations, 1645.86 s total)
[mcmc]  - Acceptance rate: 0.352
[mcmc]  - Convergence of means: R-1 = 0.024371 after 31808 accepted steps
[mcmc]  - Updated covariance matrix of proposal pdf.
[mcmc] Learn + convergence test @ 39800 samples accepted.
[likelihoodcollection] Average computation time:
   flamingo.inference.masked_ps.MaskedBandPowerLikelihood : 5.3307e-05 s (99350 evaluations, 5.29605 s total)
[theorycollection] Average computation time:
   flamingo.inference.masked_ps.MaskedTSZTheory : 0.0165847 s (99350 evaluations, 1647.69 s total)
[mcmc]  - Acceptance rate: 0.352
[mcmc]  - Convergence of means: R-1 = 0.024880 after 31840 accepted steps
[mcmc]  - Updated covariance matrix of proposal pdf.
[mcmc] Learn + convergence test @ 39840 samples accepted.
[likelihoodcollection] Average computation time:
   flamingo.inference.masked_ps.MaskedBandPowerLikelihood : 5.33041e-05 s (99465 evaluations, 5.30189 s total)
[theorycollection] Average computation time:
   flamingo.inference.masked_ps.MaskedTSZTheory : 0.0165846 s (99465 evaluations, 1649.58 s total)
[mcmc]  - Acceptance rate: 0.352
[mcmc]  - Convergence of means: R-1 = 0.025332 after 31872 accepted steps
[mcmc]  - Updated covariance matrix of proposal pdf.
[mcmc] Learn + convergence test @ 39880 samples accepted.
[likelihoodcollection] Average computation time:
   flamingo.inference.masked_ps.MaskedBandPowerLikelihood : 5.33044e-05 s (99567 evaluations, 5.30736 s total)
[theorycollection] Average computation time:
   flamingo.inference.masked_ps.MaskedTSZTheory : 0.0165841 s (99567 evaluations, 1651.23 s total)
[mcmc]  - Acceptance rate: 0.352
[mcmc]  - Convergence of means: R-1 = 0.025382 after 31904 accepted steps
[mcmc]  - Updated covariance matrix of proposal pdf.
[mcmc] Learn + convergence test @ 39920 samples accepted.
[likelihoodcollection] Average computation time:
   flamingo.inference.masked_ps.MaskedBandPowerLikelihood : 5.33083e-05 s (99676 evaluations, 5.31356 s total)
[theorycollection] Average computation time:
   flamingo.inference.masked_ps.MaskedTSZTheory : 0.016584 s (99676 evaluations, 1653.03 s total)
[mcmc]  - Acceptance rate: 0.352
[mcmc]  - Convergence of means: R-1 = 0.024877 after 31936 accepted steps
[mcmc]  - Updated covariance matrix of proposal pdf.
[mcmc] Learn + convergence test @ 39960 samples accepted.
[likelihoodcollection] Average computation time:
   flamingo.inference.masked_ps.MaskedBandPowerLikelihood : 5.33069e-05 s (99800 evaluations, 5.32002 s total)
[theorycollection] Average computation time:
   flamingo.inference.masked_ps.MaskedTSZTheory : 0.0165837 s (99800 evaluations, 1655.06 s total)
[mcmc]  - Acceptance rate: 0.352
[mcmc]  - Convergence of means: R-1 = 0.024669 after 31968 accepted steps
[mcmc]  - Updated covariance matrix of proposal pdf.
[mcmc] Learn + convergence test @ 40000 samples accepted.
[likelihoodcollection] Average computation time:
   flamingo.inference.masked_ps.MaskedBandPowerLikelihood : 5.33091e-05 s (99894 evaluations, 5.32526 s total)
[theorycollection] Average computation time:
   flamingo.inference.masked_ps.MaskedTSZTheory : 0.0165836 s (99894 evaluations, 1656.61 s total)
[mcmc]  - Acceptance rate: 0.352
[mcmc]  - Convergence of means: R-1 = 0.024724 after 32000 accepted steps
[mcmc]  - Updated covariance matrix of proposal pdf.
[mcmc] Learn + convergence test @ 40040 samples accepted.
[likelihoodcollection] Average computation time:
   flamingo.inference.masked_ps.MaskedBandPowerLikelihood : 5.33059e-05 s (99986 evaluations, 5.32984 s total)
[theorycollection] Average computation time:
   flamingo.inference.masked_ps.MaskedTSZTheory : 0.0165834 s (99986 evaluations, 1658.11 s total)
[mcmc]  - Acceptance rate: 0.352
[mcmc]  - Convergence of means: R-1 = 0.023979 after 32032 accepted steps
[mcmc]  - Updated covariance matrix of proposal pdf.
[mcmc] Learn + convergence test @ 40080 samples accepted.
[likelihoodcollection] Average computation time:
   flamingo.inference.masked_ps.MaskedBandPowerLikelihood : 5.33036e-05 s (100080 evaluations, 5.33462 s total)
[theorycollection] Average computation time:
   flamingo.inference.masked_ps.MaskedTSZTheory : 0.0165834 s (100080 evaluations, 1659.66 s total)
[mcmc]  - Acceptance rate: 0.352
[mcmc]  - Convergence of means: R-1 = 0.024060 after 32064 accepted steps
[mcmc]  - Updated covariance matrix of proposal pdf.
[mcmc] Learn + convergence test @ 40120 samples accepted.
[likelihoodcollection] Average computation time:
   flamingo.inference.masked_ps.MaskedBandPowerLikelihood : 5.33103e-05 s (100187 evaluations, 5.341 s total)
[theorycollection] Average computation time:
   flamingo.inference.masked_ps.MaskedTSZTheory : 0.0165831 s (100187 evaluations, 1661.42 s total)
[mcmc]  - Acceptance rate: 0.352
[mcmc]  - Convergence of means: R-1 = 0.024312 after 32096 accepted steps
[mcmc]  - Updated covariance matrix of proposal pdf.
[mcmc] Learn + convergence test @ 40160 samples accepted.
[likelihoodcollection] Average computation time:
   flamingo.inference.masked_ps.MaskedBandPowerLikelihood : 5.33105e-05 s (100302 evaluations, 5.34715 s total)
[theorycollection] Average computation time:
   flamingo.inference.masked_ps.MaskedTSZTheory : 0.0165828 s (100302 evaluations, 1663.29 s total)
[mcmc]  - Acceptance rate: 0.352
[mcmc]  - Convergence of means: R-1 = 0.024234 after 32128 accepted steps
[mcmc]  - Updated covariance matrix of proposal pdf.
[mcmc] Learn + convergence test @ 40200 samples accepted.
[likelihoodcollection] Average computation time:
   flamingo.inference.masked_ps.MaskedBandPowerLikelihood : 5.33144e-05 s (100440 evaluations, 5.3549 s total)
[theorycollection] Average computation time:
   flamingo.inference.masked_ps.MaskedTSZTheory : 0.0165829 s (100440 evaluations, 1665.58 s total)
[mcmc]  - Acceptance rate: 0.352
[mcmc]  - Convergence of means: R-1 = 0.024016 after 32160 accepted steps
[mcmc]  - Updated covariance matrix of proposal pdf.
[mcmc] Learn + convergence test @ 40240 samples accepted.
[likelihoodcollection] Average computation time:
   flamingo.inference.masked_ps.MaskedBandPowerLikelihood : 5.33135e-05 s (100542 evaluations, 5.36024 s total)
[theorycollection] Average computation time:
   flamingo.inference.masked_ps.MaskedTSZTheory : 0.0165825 s (100542 evaluations, 1667.24 s total)
[mcmc]  - Acceptance rate: 0.352
[mcmc]  - Convergence of means: R-1 = 0.024067 after 32192 accepted steps
[mcmc]  - Updated covariance matrix of proposal pdf.
[mcmc] Learn + convergence test @ 40280 samples accepted.
[likelihoodcollection] Average computation time:
   flamingo.inference.masked_ps.MaskedBandPowerLikelihood : 5.33128e-05 s (100634 evaluations, 5.36508 s total)
[theorycollection] Average computation time:
   flamingo.inference.masked_ps.MaskedTSZTheory : 0.0165822 s (100634 evaluations, 1668.74 s total)
[mcmc]  - Acceptance rate: 0.352
[mcmc]  - Convergence of means: R-1 = 0.023870 after 32224 accepted steps
[mcmc]  - Updated covariance matrix of proposal pdf.
[mcmc] Learn + convergence test @ 40320 samples accepted.
[likelihoodcollection] Average computation time:
   flamingo.inference.masked_ps.MaskedBandPowerLikelihood : 5.33126e-05 s (100724 evaluations, 5.36986 s total)
[theorycollection] Average computation time:
   flamingo.inference.masked_ps.MaskedTSZTheory : 0.016582 s (100724 evaluations, 1670.21 s total)
[mcmc]  - Acceptance rate: 0.352
[mcmc]  - Convergence of means: R-1 = 0.023109 after 32256 accepted steps
[mcmc]  - Updated covariance matrix of proposal pdf.
[mcmc] Learn + convergence test @ 40360 samples accepted.
[likelihoodcollection] Average computation time:
   flamingo.inference.masked_ps.MaskedBandPowerLikelihood : 5.33125e-05 s (100815 evaluations, 5.3747 s total)
[theorycollection] Average computation time:
   flamingo.inference.masked_ps.MaskedTSZTheory : 0.016582 s (100815 evaluations, 1671.71 s total)
[mcmc]  - Acceptance rate: 0.352
[mcmc]  - Convergence of means: R-1 = 0.022864 after 32288 accepted steps
[mcmc]  - Updated covariance matrix of proposal pdf.
[mcmc] Learn + convergence test @ 40400 samples accepted.
[likelihoodcollection] Average computation time:
   flamingo.inference.masked_ps.MaskedBandPowerLikelihood : 5.33129e-05 s (100910 evaluations, 5.37981 s total)
[theorycollection] Average computation time:
   flamingo.inference.masked_ps.MaskedTSZTheory : 0.0165819 s (100910 evaluations, 1673.28 s total)
[mcmc]  - Acceptance rate: 0.352
[mcmc]  - Convergence of means: R-1 = 0.021832 after 32320 accepted steps
[mcmc]  - Updated covariance matrix of proposal pdf.
[mcmc] Learn + convergence test @ 40440 samples accepted.
[likelihoodcollection] Average computation time:
   flamingo.inference.masked_ps.MaskedBandPowerLikelihood : 5.3311e-05 s (101000 evaluations, 5.38441 s total)
[theorycollection] Average computation time:
   flamingo.inference.masked_ps.MaskedTSZTheory : 0.0165814 s (101000 evaluations, 1674.72 s total)
[mcmc]  - Acceptance rate: 0.352
[mcmc]  - Convergence of means: R-1 = 0.022069 after 32352 accepted steps
[mcmc]  - Updated covariance matrix of proposal pdf.
[mcmc] Learn + convergence test @ 40480 samples accepted.
[likelihoodcollection] Average computation time:
   flamingo.inference.masked_ps.MaskedBandPowerLikelihood : 5.33095e-05 s (101105 evaluations, 5.38985 s total)
[theorycollection] Average computation time:
   flamingo.inference.masked_ps.MaskedTSZTheory : 0.0165812 s (101105 evaluations, 1676.44 s total)
[mcmc]  - Acceptance rate: 0.352
[mcmc]  - Convergence of means: R-1 = 0.022319 after 32384 accepted steps
[mcmc]  - Updated covariance matrix of proposal pdf.
[mcmc] Learn + convergence test @ 40520 samples accepted.
[likelihoodcollection] Average computation time:
   flamingo.inference.masked_ps.MaskedBandPowerLikelihood : 5.3311e-05 s (101206 evaluations, 5.39539 s total)
[theorycollection] Average computation time:
   flamingo.inference.masked_ps.MaskedTSZTheory : 0.0165812 s (101206 evaluations, 1678.12 s total)
[mcmc]  - Acceptance rate: 0.352
[mcmc]  - Convergence of means: R-1 = 0.022037 after 32416 accepted steps
[mcmc]  - Updated covariance matrix of proposal pdf.
[mcmc] Learn + convergence test @ 40560 samples accepted.
[likelihoodcollection] Average computation time:
   flamingo.inference.masked_ps.MaskedBandPowerLikelihood : 5.33088e-05 s (101315 evaluations, 5.40098 s total)
[theorycollection] Average computation time:
   flamingo.inference.masked_ps.MaskedTSZTheory : 0.016581 s (101315 evaluations, 1679.91 s total)
[mcmc]  - Acceptance rate: 0.352
[mcmc]  - Convergence of means: R-1 = 0.021930 after 32448 accepted steps
[mcmc]  - Updated covariance matrix of proposal pdf.
[mcmc] Learn + convergence test @ 40600 samples accepted.
[likelihoodcollection] Average computation time:
   flamingo.inference.masked_ps.MaskedBandPowerLikelihood : 5.33064e-05 s (101436 evaluations, 5.40719 s total)
[theorycollection] Average computation time:
   flamingo.inference.masked_ps.MaskedTSZTheory : 0.0165806 s (101436 evaluations, 1681.87 s total)
[mcmc]  - Acceptance rate: 0.352
[mcmc]  - Convergence of means: R-1 = 0.020610 after 32480 accepted steps
[mcmc]  - Updated covariance matrix of proposal pdf.
[mcmc] Learn + convergence test @ 40640 samples accepted.
[likelihoodcollection] Average computation time:
   flamingo.inference.masked_ps.MaskedBandPowerLikelihood : 5.33081e-05 s (101541 evaluations, 5.41295 s total)
[theorycollection] Average computation time:
   flamingo.inference.masked_ps.MaskedTSZTheory : 0.0165806 s (101541 evaluations, 1683.61 s total)
[mcmc]  - Acceptance rate: 0.352
[mcmc]  - Convergence of means: R-1 = 0.020561 after 32512 accepted steps
[mcmc]  - Updated covariance matrix of proposal pdf.
[mcmc] Learn + convergence test @ 40680 samples accepted.
[likelihoodcollection] Average computation time:
   flamingo.inference.masked_ps.MaskedBandPowerLikelihood : 5.33073e-05 s (101635 evaluations, 5.41789 s total)
[theorycollection] Average computation time:
   flamingo.inference.masked_ps.MaskedTSZTheory : 0.0165807 s (101635 evaluations, 1685.18 s total)
[mcmc]  - Acceptance rate: 0.352
[mcmc]  - Convergence of means: R-1 = 0.020468 after 32544 accepted steps
[mcmc]  - Updated covariance matrix of proposal pdf.
[mcmc] Learn + convergence test @ 40720 samples accepted.
[likelihoodcollection] Average computation time:
   flamingo.inference.masked_ps.MaskedBandPowerLikelihood : 5.33107e-05 s (101716 evaluations, 5.42255 s total)
[theorycollection] Average computation time:
   flamingo.inference.masked_ps.MaskedTSZTheory : 0.0165808 s (101716 evaluations, 1686.53 s total)
[mcmc]  - Acceptance rate: 0.352
[mcmc]  - Convergence of means: R-1 = 0.020054 after 32576 accepted steps
[mcmc]  - Updated covariance matrix of proposal pdf.
[mcmc] Learn + convergence test @ 40760 samples accepted.
[likelihoodcollection] Average computation time:
   flamingo.inference.masked_ps.MaskedBandPowerLikelihood : 5.33146e-05 s (101811 evaluations, 5.42801 s total)
[theorycollection] Average computation time:
   flamingo.inference.masked_ps.MaskedTSZTheory : 0.0165809 s (101811 evaluations, 1688.11 s total)
[mcmc]  - Acceptance rate: 0.352
[mcmc]  - Convergence of means: R-1 = 0.019817 after 32608 accepted steps
[mcmc]  - Updated covariance matrix of proposal pdf.
[mcmc] Learn + convergence test @ 40800 samples accepted.
[likelihoodcollection] Average computation time:
   flamingo.inference.masked_ps.MaskedBandPowerLikelihood : 5.33208e-05 s (101989 evaluations, 5.43814 s total)
[theorycollection] Average computation time:
   flamingo.inference.masked_ps.MaskedTSZTheory : 0.0165809 s (101989 evaluations, 1691.07 s total)
[mcmc]  - Acceptance rate: 0.351
[mcmc]  - Convergence of means: R-1 = 0.019752 after 32640 accepted steps
[mcmc]  - Updated covariance matrix of proposal pdf.
[mcmc] Learn + convergence test @ 40840 samples accepted.
[likelihoodcollection] Average computation time:
   flamingo.inference.masked_ps.MaskedBandPowerLikelihood : 5.33272e-05 s (102076 evaluations, 5.44343 s total)
[theorycollection] Average computation time:
   flamingo.inference.masked_ps.MaskedTSZTheory : 0.0165811 s (102076 evaluations, 1692.54 s total)
[mcmc]  - Acceptance rate: 0.352
[mcmc]  - Convergence of means: R-1 = 0.020538 after 32672 accepted steps
[mcmc]  - Updated covariance matrix of proposal pdf.
[mcmc] Learn + convergence test @ 40880 samples accepted.
[likelihoodcollection] Average computation time:
   flamingo.inference.masked_ps.MaskedBandPowerLikelihood : 5.33266e-05 s (102160 evaluations, 5.44784 s total)
[theorycollection] Average computation time:
   flamingo.inference.masked_ps.MaskedTSZTheory : 0.0165809 s (102160 evaluations, 1693.91 s total)
[mcmc]  - Acceptance rate: 0.352
[mcmc]  - Convergence of means: R-1 = 0.020478 after 32704 accepted steps
[mcmc]  - Updated covariance matrix of proposal pdf.
[mcmc] Learn + convergence test @ 40920 samples accepted.
[likelihoodcollection] Average computation time:
   flamingo.inference.masked_ps.MaskedBandPowerLikelihood : 5.33257e-05 s (102244 evaluations, 5.45223 s total)
[theorycollection] Average computation time:
   flamingo.inference.masked_ps.MaskedTSZTheory : 0.0165809 s (102244 evaluations, 1695.3 s total)
[mcmc]  - Acceptance rate: 0.352
[mcmc]  - Convergence of means: R-1 = 0.020415 after 32736 accepted steps
[mcmc]  - Updated covariance matrix of proposal pdf.
[mcmc] Learn + convergence test @ 40960 samples accepted.
[likelihoodcollection] Average computation time:
   flamingo.inference.masked_ps.MaskedBandPowerLikelihood : 5.33241e-05 s (102350 evaluations, 5.45772 s total)
[theorycollection] Average computation time:
   flamingo.inference.masked_ps.MaskedTSZTheory : 0.016581 s (102350 evaluations, 1697.06 s total)
[mcmc]  - Acceptance rate: 0.352
[mcmc]  - Convergence of means: R-1 = 0.019781 after 32768 accepted steps
[mcmc]  - Updated covariance matrix of proposal pdf.
[mcmc] Learn + convergence test @ 41000 samples accepted.
[likelihoodcollection] Average computation time:
   flamingo.inference.masked_ps.MaskedBandPowerLikelihood : 5.33193e-05 s (102455 evaluations, 5.46283 s total)
[theorycollection] Average computation time:
   flamingo.inference.masked_ps.MaskedTSZTheory : 0.0165808 s (102455 evaluations, 1698.79 s total)
[mcmc]  - Acceptance rate: 0.352
[mcmc]  - Convergence of means: R-1 = 0.019569 after 32800 accepted steps
[mcmc]  - Updated covariance matrix of proposal pdf.
[mcmc] Learn + convergence test @ 41040 samples accepted.
[likelihoodcollection] Average computation time:
   flamingo.inference.masked_ps.MaskedBandPowerLikelihood : 5.33203e-05 s (102546 evaluations, 5.46779 s total)
[theorycollection] Average computation time:
   flamingo.inference.masked_ps.MaskedTSZTheory : 0.0165808 s (102546 evaluations, 1700.3 s total)
[mcmc]  - Acceptance rate: 0.352
[mcmc]  - Convergence of means: R-1 = 0.019294 after 32832 accepted steps
[mcmc]  - Updated covariance matrix of proposal pdf.
[mcmc] Progress @ 2026-08-03 00:40:58 : 114078 steps taken, and 41077 accepted.
[mcmc] Learn + convergence test @ 41080 samples accepted.
[likelihoodcollection] Average computation time:
   flamingo.inference.masked_ps.MaskedBandPowerLikelihood : 5.33186e-05 s (102672 evaluations, 5.47433 s total)
[theorycollection] Average computation time:
   flamingo.inference.masked_ps.MaskedTSZTheory : 0.0165805 s (102672 evaluations, 1702.35 s total)
[mcmc]  - Acceptance rate: 0.352
[mcmc]  - Convergence of means: R-1 = 0.018474 after 32864 accepted steps
[mcmc]  - Updated covariance matrix of proposal pdf.
[mcmc] Learn + convergence test @ 41120 samples accepted.
[likelihoodcollection] Average computation time:
   flamingo.inference.masked_ps.MaskedBandPowerLikelihood : 5.33223e-05 s (102771 evaluations, 5.47999 s total)
[theorycollection] Average computation time:
   flamingo.inference.masked_ps.MaskedTSZTheory : 0.0165803 s (102771 evaluations, 1703.97 s total)
[mcmc]  - Acceptance rate: 0.352
[mcmc]  - Convergence of means: R-1 = 0.018528 after 32896 accepted steps
[mcmc]  - Updated covariance matrix of proposal pdf.
[mcmc] Learn + convergence test @ 41160 samples accepted.
[likelihoodcollection] Average computation time:
   flamingo.inference.masked_ps.MaskedBandPowerLikelihood : 5.33184e-05 s (102865 evaluations, 5.4846 s total)
[theorycollection] Average computation time:
   flamingo.inference.masked_ps.MaskedTSZTheory : 0.0165801 s (102865 evaluations, 1705.51 s total)
[mcmc]  - Acceptance rate: 0.352
[mcmc]  - Convergence of means: R-1 = 0.019280 after 32928 accepted steps
[mcmc]  - Updated covariance matrix of proposal pdf.
[mcmc] Learn + convergence test @ 41200 samples accepted.
[likelihoodcollection] Average computation time:
   flamingo.inference.masked_ps.MaskedBandPowerLikelihood : 5.33172e-05 s (102963 evaluations, 5.4897 s total)
[theorycollection] Average computation time:
   flamingo.inference.masked_ps.MaskedTSZTheory : 0.0165799 s (102963 evaluations, 1707.12 s total)
[mcmc]  - Acceptance rate: 0.352
[mcmc]  - Convergence of means: R-1 = 0.019029 after 32960 accepted steps
[mcmc]  - Updated covariance matrix of proposal pdf.
[mcmc] Learn + convergence test @ 41240 samples accepted.
[likelihoodcollection] Average computation time:
   flamingo.inference.masked_ps.MaskedBandPowerLikelihood : 5.33173e-05 s (103067 evaluations, 5.49526 s total)
[theorycollection] Average computation time:
   flamingo.inference.masked_ps.MaskedTSZTheory : 0.0165797 s (103067 evaluations, 1708.82 s total)
[mcmc]  - Acceptance rate: 0.352
[mcmc]  - Convergence of means: R-1 = 0.018973 after 32992 accepted steps
[mcmc]  - Updated covariance matrix of proposal pdf.
[mcmc] Learn + convergence test @ 41280 samples accepted.
[likelihoodcollection] Average computation time:
   flamingo.inference.masked_ps.MaskedBandPowerLikelihood : 5.33153e-05 s (103176 evaluations, 5.50085 s total)
[theorycollection] Average computation time:
   flamingo.inference.masked_ps.MaskedTSZTheory : 0.0165801 s (103176 evaluations, 1710.67 s total)
[mcmc]  - Acceptance rate: 0.352
[mcmc]  - Convergence of means: R-1 = 0.020147 after 33024 accepted steps
[mcmc]  - Updated covariance matrix of proposal pdf.
[mcmc] Learn + convergence test @ 41320 samples accepted.
[likelihoodcollection] Average computation time:
   flamingo.inference.masked_ps.MaskedBandPowerLikelihood : 5.33138e-05 s (103260 evaluations, 5.50519 s total)
[theorycollection] Average computation time:
   flamingo.inference.masked_ps.MaskedTSZTheory : 0.0165801 s (103260 evaluations, 1712.06 s total)
[mcmc]  - Acceptance rate: 0.352
[mcmc]  - Convergence of means: R-1 = 0.020177 after 33056 accepted steps
[mcmc]  - Updated covariance matrix of proposal pdf.
[mcmc] Learn + convergence test @ 41360 samples accepted.
[likelihoodcollection] Average computation time:
   flamingo.inference.masked_ps.MaskedBandPowerLikelihood : 5.33139e-05 s (103348 evaluations, 5.50989 s total)
[theorycollection] Average computation time:
   flamingo.inference.masked_ps.MaskedTSZTheory : 0.0165801 s (103348 evaluations, 1713.52 s total)
[mcmc]  - Acceptance rate: 0.352
[mcmc]  - Convergence of means: R-1 = 0.020154 after 33088 accepted steps
[mcmc]  - Updated covariance matrix of proposal pdf.
[mcmc] Learn + convergence test @ 41400 samples accepted.
[likelihoodcollection] Average computation time:
   flamingo.inference.masked_ps.MaskedBandPowerLikelihood : 5.33159e-05 s (103440 evaluations, 5.515 s total)
[theorycollection] Average computation time:
   flamingo.inference.masked_ps.MaskedTSZTheory : 0.0165803 s (103440 evaluations, 1715.06 s total)
[mcmc]  - Acceptance rate: 0.352
[mcmc]  - Convergence of means: R-1 = 0.020530 after 33120 accepted steps
[mcmc]  - Updated covariance matrix of proposal pdf.
[mcmc] Learn + convergence test @ 41440 samples accepted.
[likelihoodcollection] Average computation time:
   flamingo.inference.masked_ps.MaskedBandPowerLikelihood : 5.33162e-05 s (103569 evaluations, 5.52191 s total)
[theorycollection] Average computation time:
   flamingo.inference.masked_ps.MaskedTSZTheory : 0.0165799 s (103569 evaluations, 1717.16 s total)
[mcmc]  - Acceptance rate: 0.352
[mcmc]  - Convergence of means: R-1 = 0.020514 after 33152 accepted steps
[mcmc]  - Updated covariance matrix of proposal pdf.
[mcmc] Learn + convergence test @ 41480 samples accepted.
[likelihoodcollection] Average computation time:
   flamingo.inference.masked_ps.MaskedBandPowerLikelihood : 5.33142e-05 s (103685 evaluations, 5.52788 s total)
[theorycollection] Average computation time:
   flamingo.inference.masked_ps.MaskedTSZTheory : 0.01658 s (103685 evaluations, 1719.1 s total)
[mcmc]  - Acceptance rate: 0.352
[mcmc]  - Convergence of means: R-1 = 0.020392 after 33184 accepted steps
[mcmc]  - Updated covariance matrix of proposal pdf.
[mcmc] Learn + convergence test @ 41520 samples accepted.
[likelihoodcollection] Average computation time:
   flamingo.inference.masked_ps.MaskedBandPowerLikelihood : 5.33129e-05 s (103779 evaluations, 5.53276 s total)
[theorycollection] Average computation time:
   flamingo.inference.masked_ps.MaskedTSZTheory : 0.0165801 s (103779 evaluations, 1720.67 s total)
[mcmc]  - Acceptance rate: 0.352
[mcmc]  - Convergence of means: R-1 = 0.020526 after 33216 accepted steps
[mcmc]  - Updated covariance matrix of proposal pdf.
[mcmc] Learn + convergence test @ 41560 samples accepted.
[likelihoodcollection] Average computation time:
   flamingo.inference.masked_ps.MaskedBandPowerLikelihood : 5.33145e-05 s (103869 evaluations, 5.53772 s total)
[theorycollection] Average computation time:
   flamingo.inference.masked_ps.MaskedTSZTheory : 0.0165801 s (103869 evaluations, 1722.16 s total)
[mcmc]  - Acceptance rate: 0.352
[mcmc]  - Convergence of means: R-1 = 0.019466 after 33248 accepted steps
[mcmc]  - Updated covariance matrix of proposal pdf.
[mcmc] Learn + convergence test @ 41600 samples accepted.
[likelihoodcollection] Average computation time:
   flamingo.inference.masked_ps.MaskedBandPowerLikelihood : 5.33136e-05 s (103974 evaluations, 5.54323 s total)
[theorycollection] Average computation time:
   flamingo.inference.masked_ps.MaskedTSZTheory : 0.0165802 s (103974 evaluations, 1723.91 s total)
[mcmc]  - Acceptance rate: 0.351
[mcmc]  - Convergence of means: R-1 = 0.019518 after 33280 accepted steps
[mcmc]  - Updated covariance matrix of proposal pdf.
[mcmc] Learn + convergence test @ 41640 samples accepted.
[likelihoodcollection] Average computation time:
   flamingo.inference.masked_ps.MaskedBandPowerLikelihood : 5.33151e-05 s (104057 evaluations, 5.54781 s total)
[theorycollection] Average computation time:
   flamingo.inference.masked_ps.MaskedTSZTheory : 0.0165801 s (104057 evaluations, 1725.27 s total)
[mcmc]  - Acceptance rate: 0.352
[mcmc]  - Convergence of means: R-1 = 0.019645 after 33312 accepted steps
[mcmc]  - Updated covariance matrix of proposal pdf.
[mcmc] Learn + convergence test @ 41680 samples accepted.
[likelihoodcollection] Average computation time:
   flamingo.inference.masked_ps.MaskedBandPowerLikelihood : 5.3309e-05 s (104198 evaluations, 5.55469 s total)
[theorycollection] Average computation time:
   flamingo.inference.masked_ps.MaskedTSZTheory : 0.0165799 s (104198 evaluations, 1727.59 s total)
[mcmc]  - Acceptance rate: 0.351
[mcmc]  - Convergence of means: R-1 = 0.019439 after 33344 accepted steps
[mcmc]  - Updated covariance matrix of proposal pdf.
[mcmc] Learn + convergence test @ 41720 samples accepted.
[likelihoodcollection] Average computation time:
   flamingo.inference.masked_ps.MaskedBandPowerLikelihood : 5.33057e-05 s (104316 evaluations, 5.56064 s total)
[theorycollection] Average computation time:
   flamingo.inference.masked_ps.MaskedTSZTheory : 0.0165796 s (104316 evaluations, 1729.52 s total)
[mcmc]  - Acceptance rate: 0.351
[mcmc]  - Convergence of means: R-1 = 0.019179 after 33376 accepted steps
[mcmc]  - Updated covariance matrix of proposal pdf.
[mcmc] Learn + convergence test @ 41760 samples accepted.
[likelihoodcollection] Average computation time:
   flamingo.inference.masked_ps.MaskedBandPowerLikelihood : 5.33072e-05 s (104408 evaluations, 5.56569 s total)
[theorycollection] Average computation time:
   flamingo.inference.masked_ps.MaskedTSZTheory : 0.0165796 s (104408 evaluations, 1731.04 s total)
[mcmc]  - Acceptance rate: 0.351
[mcmc]  - Convergence of means: R-1 = 0.018613 after 33408 accepted steps
[mcmc]  - Updated covariance matrix of proposal pdf.
[mcmc] Learn + convergence test @ 41800 samples accepted.
[likelihoodcollection] Average computation time:
   flamingo.inference.masked_ps.MaskedBandPowerLikelihood : 5.33074e-05 s (104503 evaluations, 5.57078 s total)
[theorycollection] Average computation time:
   flamingo.inference.masked_ps.MaskedTSZTheory : 0.0165798 s (104503 evaluations, 1732.63 s total)
[mcmc]  - Acceptance rate: 0.351
[mcmc]  - Convergence of means: R-1 = 0.018283 after 33440 accepted steps
[mcmc]  - Updated covariance matrix of proposal pdf.
[mcmc] Learn + convergence test @ 41840 samples accepted.
[likelihoodcollection] Average computation time:
   flamingo.inference.masked_ps.MaskedBandPowerLikelihood : 5.3308e-05 s (104588 evaluations, 5.57537 s total)
[theorycollection] Average computation time:
   flamingo.inference.masked_ps.MaskedTSZTheory : 0.0165796 s (104588 evaluations, 1734.03 s total)
[mcmc]  - Acceptance rate: 0.351
[mcmc]  - Convergence of means: R-1 = 0.018188 after 33472 accepted steps
[mcmc]  - Updated covariance matrix of proposal pdf.
[mcmc] Learn + convergence test @ 41880 samples accepted.
[likelihoodcollection] Average computation time:
   flamingo.inference.masked_ps.MaskedBandPowerLikelihood : 5.33105e-05 s (104691 evaluations, 5.58113 s total)
[theorycollection] Average computation time:
   flamingo.inference.masked_ps.MaskedTSZTheory : 0.0165798 s (104691 evaluations, 1735.76 s total)
[mcmc]  - Acceptance rate: 0.351
[mcmc]  - Convergence of means: R-1 = 0.018211 after 33504 accepted steps
[mcmc]  - Updated covariance matrix of proposal pdf.
[mcmc] Learn + convergence test @ 41920 samples accepted.
[likelihoodcollection] Average computation time:
   flamingo.inference.masked_ps.MaskedBandPowerLikelihood : 5.33127e-05 s (104792 evaluations, 5.58674 s total)
[theorycollection] Average computation time:
   flamingo.inference.masked_ps.MaskedTSZTheory : 0.0165798 s (104792 evaluations, 1737.43 s total)
[mcmc]  - Acceptance rate: 0.351
[mcmc]  - Convergence of means: R-1 = 0.017980 after 33536 accepted steps
[mcmc]  - Updated covariance matrix of proposal pdf.
[mcmc] Learn + convergence test @ 41960 samples accepted.
[likelihoodcollection] Average computation time:
   flamingo.inference.masked_ps.MaskedBandPowerLikelihood : 5.33163e-05 s (104896 evaluations, 5.59267 s total)
[theorycollection] Average computation time:
   flamingo.inference.masked_ps.MaskedTSZTheory : 0.0165797 s (104896 evaluations, 1739.15 s total)
[mcmc]  - Acceptance rate: 0.351
[mcmc]  - Convergence of means: R-1 = 0.018281 after 33568 accepted steps
[mcmc]  - Updated covariance matrix of proposal pdf.
[mcmc] Learn + convergence test @ 42000 samples accepted.
[likelihoodcollection] Average computation time:
   flamingo.inference.masked_ps.MaskedBandPowerLikelihood : 5.33145e-05 s (104990 evaluations, 5.59749 s total)
[theorycollection] Average computation time:
   flamingo.inference.masked_ps.MaskedTSZTheory : 0.0165795 s (104990 evaluations, 1740.68 s total)
[mcmc]  - Acceptance rate: 0.351
[mcmc]  - Convergence of means: R-1 = 0.018808 after 33600 accepted steps
[mcmc]  - Updated covariance matrix of proposal pdf.
[mcmc] Learn + convergence test @ 42040 samples accepted.
[likelihoodcollection] Average computation time:
   flamingo.inference.masked_ps.MaskedBandPowerLikelihood : 5.33174e-05 s (105081 evaluations, 5.60264 s total)
[theorycollection] Average computation time:
   flamingo.inference.masked_ps.MaskedTSZTheory : 0.0165796 s (105081 evaluations, 1742.2 s total)
[mcmc]  - Acceptance rate: 0.351
[mcmc]  - Convergence of means: R-1 = 0.018977 after 33632 accepted steps
[mcmc]  - Updated covariance matrix of proposal pdf.
[mcmc] Learn + convergence test @ 42080 samples accepted.
[likelihoodcollection] Average computation time:
   flamingo.inference.masked_ps.MaskedBandPowerLikelihood : 5.3316e-05 s (105176 evaluations, 5.60756 s total)
[theorycollection] Average computation time:
   flamingo.inference.masked_ps.MaskedTSZTheory : 0.0165796 s (105176 evaluations, 1743.77 s total)
[mcmc]  - Acceptance rate: 0.351
[mcmc]  - Convergence of means: R-1 = 0.019198 after 33664 accepted steps
[mcmc]  - Updated covariance matrix of proposal pdf.
[mcmc] Learn + convergence test @ 42120 samples accepted.
[likelihoodcollection] Average computation time:
   flamingo.inference.masked_ps.MaskedBandPowerLikelihood : 5.33184e-05 s (105264 evaluations, 5.61251 s total)
[theorycollection] Average computation time:
   flamingo.inference.masked_ps.MaskedTSZTheory : 0.0165796 s (105264 evaluations, 1745.23 s total)
[mcmc]  - Acceptance rate: 0.351
[mcmc]  - Convergence of means: R-1 = 0.019105 after 33696 accepted steps
[mcmc]  - Updated covariance matrix of proposal pdf.
[mcmc] Learn + convergence test @ 42160 samples accepted.
[likelihoodcollection] Average computation time:
   flamingo.inference.masked_ps.MaskedBandPowerLikelihood : 5.33182e-05 s (105387 evaluations, 5.61904 s total)
[theorycollection] Average computation time:
   flamingo.inference.masked_ps.MaskedTSZTheory : 0.0165795 s (105387 evaluations, 1747.27 s total)
[mcmc]  - Acceptance rate: 0.351
[mcmc]  - Convergence of means: R-1 = 0.019178 after 33728 accepted steps
[mcmc]  - Updated covariance matrix of proposal pdf.
[mcmc] Learn + convergence test @ 42200 samples accepted.
[likelihoodcollection] Average computation time:
   flamingo.inference.masked_ps.MaskedBandPowerLikelihood : 5.3319e-05 s (105475 evaluations, 5.62382 s total)
[theorycollection] Average computation time:
   flamingo.inference.masked_ps.MaskedTSZTheory : 0.0165797 s (105475 evaluations, 1748.74 s total)
[mcmc]  - Acceptance rate: 0.351
[mcmc]  - Convergence of means: R-1 = 0.019355 after 33760 accepted steps
[mcmc]  - Updated covariance matrix of proposal pdf.
[mcmc] Learn + convergence test @ 42240 samples accepted.
[likelihoodcollection] Average computation time:
   flamingo.inference.masked_ps.MaskedBandPowerLikelihood : 5.33161e-05 s (105569 evaluations, 5.62853 s total)
[theorycollection] Average computation time:
   flamingo.inference.masked_ps.MaskedTSZTheory : 0.0165796 s (105569 evaluations, 1750.29 s total)
[mcmc]  - Acceptance rate: 0.351
[mcmc]  - Convergence of means: R-1 = 0.019536 after 33792 accepted steps
[mcmc]  - Updated covariance matrix of proposal pdf.
[mcmc] Learn + convergence test @ 42280 samples accepted.
[likelihoodcollection] Average computation time:
   flamingo.inference.masked_ps.MaskedBandPowerLikelihood : 5.33159e-05 s (105659 evaluations, 5.63331 s total)
[theorycollection] Average computation time:
   flamingo.inference.masked_ps.MaskedTSZTheory : 0.0165793 s (105659 evaluations, 1751.75 s total)
[mcmc]  - Acceptance rate: 0.351
[mcmc]  - Convergence of means: R-1 = 0.019827 after 33824 accepted steps
[mcmc]  - Updated covariance matrix of proposal pdf.
[mcmc] Learn + convergence test @ 42320 samples accepted.
[likelihoodcollection] Average computation time:
   flamingo.inference.masked_ps.MaskedBandPowerLikelihood : 5.3315e-05 s (105731 evaluations, 5.63705 s total)
[theorycollection] Average computation time:
   flamingo.inference.masked_ps.MaskedTSZTheory : 0.0165794 s (105731 evaluations, 1752.96 s total)
[mcmc]  - Acceptance rate: 0.351
[mcmc]  - Convergence of means: R-1 = 0.020312 after 33856 accepted steps
[mcmc]  - Updated covariance matrix of proposal pdf.
[mcmc] Learn + convergence test @ 42360 samples accepted.
[likelihoodcollection] Average computation time:
   flamingo.inference.masked_ps.MaskedBandPowerLikelihood : 5.33167e-05 s (105852 evaluations, 5.64368 s total)
[theorycollection] Average computation time:
   flamingo.inference.masked_ps.MaskedTSZTheory : 0.0165796 s (105852 evaluations, 1754.98 s total)
[mcmc]  - Acceptance rate: 0.351
[mcmc]  - Convergence of means: R-1 = 0.020736 after 33888 accepted steps
[mcmc]  - Updated covariance matrix of proposal pdf.
[mcmc] Learn + convergence test @ 42400 samples accepted.
[likelihoodcollection] Average computation time:
   flamingo.inference.masked_ps.MaskedBandPowerLikelihood : 5.33152e-05 s (105941 evaluations, 5.64826 s total)
[theorycollection] Average computation time:
   flamingo.inference.masked_ps.MaskedTSZTheory : 0.0165793 s (105941 evaluations, 1756.43 s total)
[mcmc]  - Acceptance rate: 0.351
[mcmc]  - Convergence of means: R-1 = 0.021915 after 33920 accepted steps
[mcmc]  - Updated covariance matrix of proposal pdf.
[mcmc] Learn + convergence test @ 42440 samples accepted.
[likelihoodcollection] Average computation time:
   flamingo.inference.masked_ps.MaskedBandPowerLikelihood : 5.33173e-05 s (106044 evaluations, 5.65398 s total)
[theorycollection] Average computation time:
   flamingo.inference.masked_ps.MaskedTSZTheory : 0.0165794 s (106044 evaluations, 1758.14 s total)
[mcmc]  - Acceptance rate: 0.351
[mcmc]  - Convergence of means: R-1 = 0.021425 after 33952 accepted steps
[mcmc]  - Updated covariance matrix of proposal pdf.
[mcmc] Learn + convergence test @ 42480 samples accepted.
[likelihoodcollection] Average computation time:
   flamingo.inference.masked_ps.MaskedBandPowerLikelihood : 5.33192e-05 s (106152 evaluations, 5.65994 s total)
[theorycollection] Average computation time:
   flamingo.inference.masked_ps.MaskedTSZTheory : 0.0165796 s (106152 evaluations, 1759.96 s total)
[mcmc]  - Acceptance rate: 0.351
[mcmc]  - Convergence of means: R-1 = 0.020594 after 33984 accepted steps
[mcmc]  - Updated covariance matrix of proposal pdf.
[mcmc] Progress @ 2026-08-03 00:41:58 : 118083 steps taken, and 42507 accepted.
[mcmc] Learn + convergence test @ 42520 samples accepted.
[likelihoodcollection] Average computation time:
   flamingo.inference.masked_ps.MaskedBandPowerLikelihood : 5.33175e-05 s (106238 evaluations, 5.66434 s total)
[theorycollection] Average computation time:
   flamingo.inference.masked_ps.MaskedTSZTheory : 0.0165796 s (106238 evaluations, 1761.38 s total)
[mcmc]  - Acceptance rate: 0.351
[mcmc]  - Convergence of means: R-1 = 0.020910 after 34016 accepted steps
[mcmc]  - Updated covariance matrix of proposal pdf.
[mcmc] Learn + convergence test @ 42560 samples accepted.
[likelihoodcollection] Average computation time:
   flamingo.inference.masked_ps.MaskedBandPowerLikelihood : 5.33209e-05 s (106333 evaluations, 5.66977 s total)
[theorycollection] Average computation time:
   flamingo.inference.masked_ps.MaskedTSZTheory : 0.0165798 s (106333 evaluations, 1762.98 s total)
[mcmc]  - Acceptance rate: 0.351
[mcmc]  - Convergence of means: R-1 = 0.021097 after 34048 accepted steps
[mcmc]  - Updated covariance matrix of proposal pdf.
[mcmc] Learn + convergence test @ 42600 samples accepted.
[likelihoodcollection] Average computation time:
   flamingo.inference.masked_ps.MaskedBandPowerLikelihood : 5.33189e-05 s (106438 evaluations, 5.67515 s total)
[theorycollection] Average computation time:
   flamingo.inference.masked_ps.MaskedTSZTheory : 0.0165795 s (106438 evaluations, 1764.69 s total)
[mcmc]  - Acceptance rate: 0.351
[mcmc]  - Convergence of means: R-1 = 0.020449 after 34080 accepted steps
[mcmc]  - Updated covariance matrix of proposal pdf.
[mcmc] Learn + convergence test @ 42640 samples accepted.
[likelihoodcollection] Average computation time:
   flamingo.inference.masked_ps.MaskedBandPowerLikelihood : 5.33184e-05 s (106543 evaluations, 5.6807 s total)
[theorycollection] Average computation time:
   flamingo.inference.masked_ps.MaskedTSZTheory : 0.0165797 s (106543 evaluations, 1766.45 s total)
[mcmc]  - Acceptance rate: 0.351
[mcmc]  - Convergence of means: R-1 = 0.019497 after 34112 accepted steps
[mcmc]  - Updated covariance matrix of proposal pdf.
[mcmc] Learn + convergence test @ 42680 samples accepted.
[likelihoodcollection] Average computation time:
   flamingo.inference.masked_ps.MaskedBandPowerLikelihood : 5.33177e-05 s (106663 evaluations, 5.68703 s total)
[theorycollection] Average computation time:
   flamingo.inference.masked_ps.MaskedTSZTheory : 0.0165796 s (106663 evaluations, 1768.43 s total)
[mcmc]  - Acceptance rate: 0.351
[mcmc]  - Convergence of means: R-1 = 0.018635 after 34144 accepted steps
[mcmc]  - Updated covariance matrix of proposal pdf.
[mcmc] Learn + convergence test @ 42720 samples accepted.
[likelihoodcollection] Average computation time:
   flamingo.inference.masked_ps.MaskedBandPowerLikelihood : 5.33147e-05 s (106776 evaluations, 5.69273 s total)
[theorycollection] Average computation time:
   flamingo.inference.masked_ps.MaskedTSZTheory : 0.0165795 s (106776 evaluations, 1770.29 s total)
[mcmc]  - Acceptance rate: 0.351
[mcmc]  - Convergence of means: R-1 = 0.018541 after 34176 accepted steps
[mcmc]  - Updated covariance matrix of proposal pdf.
[mcmc] Learn + convergence test @ 42760 samples accepted.
[likelihoodcollection] Average computation time:
   flamingo.inference.masked_ps.MaskedBandPowerLikelihood : 5.33156e-05 s (106889 evaluations, 5.69885 s total)
[theorycollection] Average computation time:
   flamingo.inference.masked_ps.MaskedTSZTheory : 0.0165793 s (106889 evaluations, 1772.15 s total)
[mcmc]  - Acceptance rate: 0.351
[mcmc]  - Convergence of means: R-1 = 0.019095 after 34208 accepted steps
[mcmc]  - Updated covariance matrix of proposal pdf.
[mcmc] Learn + convergence test @ 42800 samples accepted.
[likelihoodcollection] Average computation time:
   flamingo.inference.masked_ps.MaskedBandPowerLikelihood : 5.33127e-05 s (106991 evaluations, 5.70398 s total)
[theorycollection] Average computation time:
   flamingo.inference.masked_ps.MaskedTSZTheory : 0.0165795 s (106991 evaluations, 1773.86 s total)
[mcmc]  - Acceptance rate: 0.351
[mcmc]  - Convergence of means: R-1 = 0.019406 after 34240 accepted steps
[mcmc]  - Updated covariance matrix of proposal pdf.
[mcmc] Learn + convergence test @ 42840 samples accepted.
[likelihoodcollection] Average computation time:
   flamingo.inference.masked_ps.MaskedBandPowerLikelihood : 5.33123e-05 s (107098 evaluations, 5.70964 s total)
[theorycollection] Average computation time:
   flamingo.inference.masked_ps.MaskedTSZTheory : 0.0165797 s (107098 evaluations, 1775.65 s total)
[mcmc]  - Acceptance rate: 0.351
[mcmc]  - Convergence of means: R-1 = 0.018721 after 34272 accepted steps
[mcmc]  - Updated covariance matrix of proposal pdf.
[mcmc] Learn + convergence test @ 42880 samples accepted.
[likelihoodcollection] Average computation time:
   flamingo.inference.masked_ps.MaskedBandPowerLikelihood : 5.33095e-05 s (107187 evaluations, 5.71408 s total)
[theorycollection] Average computation time:
   flamingo.inference.masked_ps.MaskedTSZTheory : 0.0165794 s (107187 evaluations, 1777.1 s total)
[mcmc]  - Acceptance rate: 0.351
[mcmc]  - Convergence of means: R-1 = 0.019478 after 34304 accepted steps
[mcmc]  - Updated covariance matrix of proposal pdf.
[mcmc] Learn + convergence test @ 42920 samples accepted.
[likelihoodcollection] Average computation time:
   flamingo.inference.masked_ps.MaskedBandPowerLikelihood : 5.33077e-05 s (107292 evaluations, 5.71949 s total)
[theorycollection] Average computation time:
   flamingo.inference.masked_ps.MaskedTSZTheory : 0.0165797 s (107292 evaluations, 1778.87 s total)
[mcmc]  - Acceptance rate: 0.351
[mcmc]  - Convergence of means: R-1 = 0.019211 after 34336 accepted steps
[mcmc]  - Updated covariance matrix of proposal pdf.
[mcmc] Learn + convergence test @ 42960 samples accepted.
[likelihoodcollection] Average computation time:
   flamingo.inference.masked_ps.MaskedBandPowerLikelihood : 5.33093e-05 s (107390 evaluations, 5.72489 s total)
[theorycollection] Average computation time:
   flamingo.inference.masked_ps.MaskedTSZTheory : 0.0165796 s (107390 evaluations, 1780.48 s total)
[mcmc]  - Acceptance rate: 0.352
[mcmc]  - Convergence of means: R-1 = 0.017869 after 34368 accepted steps
[mcmc]  - Updated covariance matrix of proposal pdf.
[mcmc] Learn + convergence test @ 43000 samples accepted.
[likelihoodcollection] Average computation time:
   flamingo.inference.masked_ps.MaskedBandPowerLikelihood : 5.33057e-05 s (107481 evaluations, 5.72935 s total)
[theorycollection] Average computation time:
   flamingo.inference.masked_ps.MaskedTSZTheory : 0.0165792 s (107481 evaluations, 1781.95 s total)
[mcmc]  - Acceptance rate: 0.352
[mcmc]  - Convergence of means: R-1 = 0.017647 after 34400 accepted steps
[mcmc]  - Updated covariance matrix of proposal pdf.
[mcmc] Learn + convergence test @ 43040 samples accepted.
[likelihoodcollection] Average computation time:
   flamingo.inference.masked_ps.MaskedBandPowerLikelihood : 5.33046e-05 s (107570 evaluations, 5.73397 s total)
[theorycollection] Average computation time:
   flamingo.inference.masked_ps.MaskedTSZTheory : 0.016579 s (107570 evaluations, 1783.4 s total)
[mcmc]  - Acceptance rate: 0.352
[mcmc]  - Convergence of means: R-1 = 0.017672 after 34432 accepted steps
[mcmc]  - Updated covariance matrix of proposal pdf.
[mcmc] Learn + convergence test @ 43080 samples accepted.
[likelihoodcollection] Average computation time:
   flamingo.inference.masked_ps.MaskedBandPowerLikelihood : 5.33055e-05 s (107646 evaluations, 5.73812 s total)
[theorycollection] Average computation time:
   flamingo.inference.masked_ps.MaskedTSZTheory : 0.0165789 s (107646 evaluations, 1784.65 s total)
[mcmc]  - Acceptance rate: 0.352
[mcmc]  - Convergence of means: R-1 = 0.017869 after 34464 accepted steps
[mcmc]  - Updated covariance matrix of proposal pdf.
[mcmc] Learn + convergence test @ 43120 samples accepted.
[likelihoodcollection] Average computation time:
   flamingo.inference.masked_ps.MaskedBandPowerLikelihood : 5.33019e-05 s (107754 evaluations, 5.7435 s total)
[theorycollection] Average computation time:
   flamingo.inference.masked_ps.MaskedTSZTheory : 0.0165787 s (107754 evaluations, 1786.42 s total)
[mcmc]  - Acceptance rate: 0.352
[mcmc]  - Convergence of means: R-1 = 0.018247 after 34496 accepted steps
[mcmc]  - Updated covariance matrix of proposal pdf.
[mcmc] Learn + convergence test @ 43160 samples accepted.
[likelihoodcollection] Average computation time:
   flamingo.inference.masked_ps.MaskedBandPowerLikelihood : 5.33021e-05 s (107841 evaluations, 5.74815 s total)
[theorycollection] Average computation time:
   flamingo.inference.masked_ps.MaskedTSZTheory : 0.0165789 s (107841 evaluations, 1787.88 s total)
[mcmc]  - Acceptance rate: 0.352
[mcmc]  - Convergence of means: R-1 = 0.018278 after 34528 accepted steps
[mcmc]  - Updated covariance matrix of proposal pdf.
[mcmc] Learn + convergence test @ 43200 samples accepted.
[likelihoodcollection] Average computation time:
   flamingo.inference.masked_ps.MaskedBandPowerLikelihood : 5.33001e-05 s (107960 evaluations, 5.75427 s total)
[theorycollection] Average computation time:
   flamingo.inference.masked_ps.MaskedTSZTheory : 0.0165788 s (107960 evaluations, 1789.85 s total)
[mcmc]  - Acceptance rate: 0.352
[mcmc]  - Convergence of means: R-1 = 0.018406 after 34560 accepted steps
[mcmc]  - Updated covariance matrix of proposal pdf.
[mcmc] Learn + convergence test @ 43240 samples accepted.
[likelihoodcollection] Average computation time:
   flamingo.inference.masked_ps.MaskedBandPowerLikelihood : 5.33003e-05 s (108060 evaluations, 5.75963 s total)
[theorycollection] Average computation time:
   flamingo.inference.masked_ps.MaskedTSZTheory : 0.0165789 s (108060 evaluations, 1791.51 s total)
[mcmc]  - Acceptance rate: 0.352
[mcmc]  - Convergence of means: R-1 = 0.018300 after 34592 accepted steps
[mcmc]  - Updated covariance matrix of proposal pdf.
[mcmc] Learn + convergence test @ 43280 samples accepted.
[likelihoodcollection] Average computation time:
   flamingo.inference.masked_ps.MaskedBandPowerLikelihood : 5.32995e-05 s (108158 evaluations, 5.76477 s total)
[theorycollection] Average computation time:
   flamingo.inference.masked_ps.MaskedTSZTheory : 0.016579 s (108158 evaluations, 1793.15 s total)
[mcmc]  - Acceptance rate: 0.352
[mcmc]  - Convergence of means: R-1 = 0.018050 after 34624 accepted steps
[mcmc]  - Updated covariance matrix of proposal pdf.
[mcmc] Learn + convergence test @ 43320 samples accepted.
[likelihoodcollection] Average computation time:
   flamingo.inference.masked_ps.MaskedBandPowerLikelihood : 5.33012e-05 s (108266 evaluations, 5.77071 s total)
[theorycollection] Average computation time:
   flamingo.inference.masked_ps.MaskedTSZTheory : 0.0165789 s (108266 evaluations, 1794.93 s total)
[mcmc]  - Acceptance rate: 0.352
[mcmc]  - Convergence of means: R-1 = 0.017354 after 34656 accepted steps
[mcmc]  - Updated covariance matrix of proposal pdf.
[mcmc] Learn + convergence test @ 43360 samples accepted.
[likelihoodcollection] Average computation time:
   flamingo.inference.masked_ps.MaskedBandPowerLikelihood : 5.33019e-05 s (108352 evaluations, 5.77536 s total)
[theorycollection] Average computation time:
   flamingo.inference.masked_ps.MaskedTSZTheory : 0.0165788 s (108352 evaluations, 1796.35 s total)
[mcmc]  - Acceptance rate: 0.352
[mcmc]  - Convergence of means: R-1 = 0.016848 after 34688 accepted steps
[mcmc]  - Updated covariance matrix of proposal pdf.
[mcmc] Learn + convergence test @ 43400 samples accepted.
[likelihoodcollection] Average computation time:
   flamingo.inference.masked_ps.MaskedBandPowerLikelihood : 5.33011e-05 s (108458 evaluations, 5.78093 s total)
[theorycollection] Average computation time:
   flamingo.inference.masked_ps.MaskedTSZTheory : 0.0165788 s (108458 evaluations, 1798.1 s total)
[mcmc]  - Acceptance rate: 0.352
[mcmc]  - Convergence of means: R-1 = 0.016339 after 34720 accepted steps
[mcmc]  - Updated covariance matrix of proposal pdf.
[mcmc] Learn + convergence test @ 43440 samples accepted.
[likelihoodcollection] Average computation time:
   flamingo.inference.masked_ps.MaskedBandPowerLikelihood : 5.32974e-05 s (108571 evaluations, 5.78655 s total)
[theorycollection] Average computation time:
   flamingo.inference.masked_ps.MaskedTSZTheory : 0.0165788 s (108571 evaluations, 1799.97 s total)
[mcmc]  - Acceptance rate: 0.352
[mcmc]  - Convergence of means: R-1 = 0.016100 after 34752 accepted steps
[mcmc]  - Updated covariance matrix of proposal pdf.
[mcmc] Learn + convergence test @ 43480 samples accepted.
[likelihoodcollection] Average computation time:
   flamingo.inference.masked_ps.MaskedBandPowerLikelihood : 5.32977e-05 s (108684 evaluations, 5.79261 s total)
[theorycollection] Average computation time:
   flamingo.inference.masked_ps.MaskedTSZTheory : 0.0165786 s (108684 evaluations, 1801.83 s total)
[mcmc]  - Acceptance rate: 0.352
[mcmc]  - Convergence of means: R-1 = 0.016280 after 34784 accepted steps
[mcmc]  - Updated covariance matrix of proposal pdf.
[mcmc] Learn + convergence test @ 43520 samples accepted.
[likelihoodcollection] Average computation time:
   flamingo.inference.masked_ps.MaskedBandPowerLikelihood : 5.32978e-05 s (108792 evaluations, 5.79838 s total)
[theorycollection] Average computation time:
   flamingo.inference.masked_ps.MaskedTSZTheory : 0.0165785 s (108792 evaluations, 1803.61 s total)
[mcmc]  - Acceptance rate: 0.352
[mcmc]  - Convergence of means: R-1 = 0.016467 after 34816 accepted steps
[mcmc]  - Updated covariance matrix of proposal pdf.
[mcmc] Learn + convergence test @ 43560 samples accepted.
[likelihoodcollection] Average computation time:
   flamingo.inference.masked_ps.MaskedBandPowerLikelihood : 5.3301e-05 s (108904 evaluations, 5.80469 s total)
[theorycollection] Average computation time:
   flamingo.inference.masked_ps.MaskedTSZTheory : 0.0165784 s (108904 evaluations, 1805.46 s total)
[mcmc]  - Acceptance rate: 0.352
[mcmc]  - Convergence of means: R-1 = 0.016359 after 34848 accepted steps
[mcmc]  - Updated covariance matrix of proposal pdf.
[mcmc] Learn + convergence test @ 43600 samples accepted.
[likelihoodcollection] Average computation time:
   flamingo.inference.masked_ps.MaskedBandPowerLikelihood : 5.33048e-05 s (109016 evaluations, 5.81107 s total)
[theorycollection] Average computation time:
   flamingo.inference.masked_ps.MaskedTSZTheory : 0.0165785 s (109016 evaluations, 1807.32 s total)
[mcmc]  - Acceptance rate: 0.352
[mcmc]  - Convergence of means: R-1 = 0.016583 after 34880 accepted steps
[mcmc]  - Updated covariance matrix of proposal pdf.
[mcmc] Learn + convergence test @ 43640 samples accepted.
[likelihoodcollection] Average computation time:
   flamingo.inference.masked_ps.MaskedBandPowerLikelihood : 5.33036e-05 s (109131 evaluations, 5.81708 s total)
[theorycollection] Average computation time:
   flamingo.inference.masked_ps.MaskedTSZTheory : 0.0165784 s (109131 evaluations, 1809.22 s total)
[mcmc]  - Acceptance rate: 0.352
[mcmc]  - Convergence of means: R-1 = 0.016507 after 34912 accepted steps
[mcmc]  - Updated covariance matrix of proposal pdf.
[mcmc] Learn + convergence test @ 43680 samples accepted.
[likelihoodcollection] Average computation time:
   flamingo.inference.masked_ps.MaskedBandPowerLikelihood : 5.33043e-05 s (109250 evaluations, 5.82349 s total)
[theorycollection] Average computation time:
   flamingo.inference.masked_ps.MaskedTSZTheory : 0.0165781 s (109250 evaluations, 1811.16 s total)
[mcmc]  - Acceptance rate: 0.352
[mcmc]  - Convergence of means: R-1 = 0.016154 after 34944 accepted steps
[mcmc]  - Updated covariance matrix of proposal pdf.
[mcmc] Learn + convergence test @ 43720 samples accepted.
[likelihoodcollection] Average computation time:
   flamingo.inference.masked_ps.MaskedBandPowerLikelihood : 5.3306e-05 s (109372 evaluations, 5.83018 s total)
[theorycollection] Average computation time:
   flamingo.inference.masked_ps.MaskedTSZTheory : 0.0165784 s (109372 evaluations, 1813.21 s total)
[mcmc]  - Acceptance rate: 0.352
[mcmc]  - Convergence of means: R-1 = 0.015674 after 34976 accepted steps
[mcmc]  - Updated covariance matrix of proposal pdf.
[mcmc] Learn + convergence test @ 43760 samples accepted.
[likelihoodcollection] Average computation time:
   flamingo.inference.masked_ps.MaskedBandPowerLikelihood : 5.33105e-05 s (109456 evaluations, 5.83515 s total)
[theorycollection] Average computation time:
   flamingo.inference.masked_ps.MaskedTSZTheory : 0.0165783 s (109456 evaluations, 1814.59 s total)
[mcmc]  - Acceptance rate: 0.352
[mcmc]  - Convergence of means: R-1 = 0.015922 after 35008 accepted steps
[mcmc]  - Updated covariance matrix of proposal pdf.
[mcmc] Learn + convergence test @ 43800 samples accepted.
[likelihoodcollection] Average computation time:
   flamingo.inference.masked_ps.MaskedBandPowerLikelihood : 5.33088e-05 s (109576 evaluations, 5.84137 s total)
[theorycollection] Average computation time:
   flamingo.inference.masked_ps.MaskedTSZTheory : 0.0165782 s (109576 evaluations, 1816.57 s total)
[mcmc]  - Acceptance rate: 0.352
[mcmc]  - Convergence of means: R-1 = 0.016224 after 35040 accepted steps
[mcmc]  - Updated covariance matrix of proposal pdf.
[mcmc] Learn + convergence test @ 43840 samples accepted.
[likelihoodcollection] Average computation time:
   flamingo.inference.masked_ps.MaskedBandPowerLikelihood : 5.33063e-05 s (109661 evaluations, 5.84563 s total)
[theorycollection] Average computation time:
   flamingo.inference.masked_ps.MaskedTSZTheory : 0.016578 s (109661 evaluations, 1817.96 s total)
[mcmc]  - Acceptance rate: 0.352
[mcmc]  - Convergence of means: R-1 = 0.016913 after 35072 accepted steps
[mcmc]  - Updated covariance matrix of proposal pdf.
[mcmc] Progress @ 2026-08-03 00:42:58 : 121845 steps taken, and 43867 accepted.
[mcmc] Learn + convergence test @ 43880 samples accepted.
[likelihoodcollection] Average computation time:
   flamingo.inference.masked_ps.MaskedBandPowerLikelihood : 5.33052e-05 s (109776 evaluations, 5.85163 s total)
[theorycollection] Average computation time:
   flamingo.inference.masked_ps.MaskedTSZTheory : 0.0165778 s (109776 evaluations, 1819.84 s total)
[mcmc]  - Acceptance rate: 0.352
[mcmc]  - Convergence of means: R-1 = 0.017505 after 35104 accepted steps
[mcmc]  - Updated covariance matrix of proposal pdf.
[mcmc] Learn + convergence test @ 43920 samples accepted.
[likelihoodcollection] Average computation time:
   flamingo.inference.masked_ps.MaskedBandPowerLikelihood : 5.33057e-05 s (109878 evaluations, 5.85713 s total)
[theorycollection] Average computation time:
   flamingo.inference.masked_ps.MaskedTSZTheory : 0.0165776 s (109878 evaluations, 1821.51 s total)
[mcmc]  - Acceptance rate: 0.352
[mcmc]  - Convergence of means: R-1 = 0.017590 after 35136 accepted steps
[mcmc]  - Updated covariance matrix of proposal pdf.
[mcmc] Learn + convergence test @ 43960 samples accepted.
[likelihoodcollection] Average computation time:
   flamingo.inference.masked_ps.MaskedBandPowerLikelihood : 5.33105e-05 s (109965 evaluations, 5.86229 s total)
[theorycollection] Average computation time:
   flamingo.inference.masked_ps.MaskedTSZTheory : 0.0165779 s (109965 evaluations, 1822.98 s total)
[mcmc]  - Acceptance rate: 0.352
[mcmc]  - Convergence of means: R-1 = 0.017071 after 35168 accepted steps
[mcmc]  - Updated covariance matrix of proposal pdf.
[mcmc] Learn + convergence test @ 44000 samples accepted.
[likelihoodcollection] Average computation time:
   flamingo.inference.masked_ps.MaskedBandPowerLikelihood : 5.33083e-05 s (110064 evaluations, 5.86733 s total)
[theorycollection] Average computation time:
   flamingo.inference.masked_ps.MaskedTSZTheory : 0.0165777 s (110064 evaluations, 1824.61 s total)
[mcmc]  - Acceptance rate: 0.352
[mcmc]  - Convergence of means: R-1 = 0.016315 after 35200 accepted steps
[mcmc]  - Updated covariance matrix of proposal pdf.
[mcmc] Learn + convergence test @ 44040 samples accepted.
[likelihoodcollection] Average computation time:
   flamingo.inference.masked_ps.MaskedBandPowerLikelihood : 5.33095e-05 s (110143 evaluations, 5.87167 s total)
[theorycollection] Average computation time:
   flamingo.inference.masked_ps.MaskedTSZTheory : 0.0165778 s (110143 evaluations, 1825.93 s total)
[mcmc]  - Acceptance rate: 0.352
[mcmc]  - Convergence of means: R-1 = 0.015834 after 35232 accepted steps
[mcmc]  - Updated covariance matrix of proposal pdf.
[mcmc] Learn + convergence test @ 44080 samples accepted.
[likelihoodcollection] Average computation time:
   flamingo.inference.masked_ps.MaskedBandPowerLikelihood : 5.33058e-05 s (110239 evaluations, 5.87638 s total)
[theorycollection] Average computation time:
   flamingo.inference.masked_ps.MaskedTSZTheory : 0.0165777 s (110239 evaluations, 1827.51 s total)
[mcmc]  - Acceptance rate: 0.352
[mcmc]  - Convergence of means: R-1 = 0.016036 after 35264 accepted steps
[mcmc]  - Updated covariance matrix of proposal pdf.
[mcmc] Learn + convergence test @ 44120 samples accepted.
[likelihoodcollection] Average computation time:
   flamingo.inference.masked_ps.MaskedBandPowerLikelihood : 5.33087e-05 s (110346 evaluations, 5.8824 s total)
[theorycollection] Average computation time:
   flamingo.inference.masked_ps.MaskedTSZTheory : 0.0165776 s (110346 evaluations, 1829.28 s total)
[mcmc]  - Acceptance rate: 0.352
[mcmc]  - Convergence of means: R-1 = 0.015907 after 35296 accepted steps
[mcmc]  - Updated covariance matrix of proposal pdf.
[mcmc] Learn + convergence test @ 44160 samples accepted.
[likelihoodcollection] Average computation time:
   flamingo.inference.masked_ps.MaskedBandPowerLikelihood : 5.3308e-05 s (110429 evaluations, 5.88675 s total)
[theorycollection] Average computation time:
   flamingo.inference.masked_ps.MaskedTSZTheory : 0.0165777 s (110429 evaluations, 1830.66 s total)
[mcmc]  - Acceptance rate: 0.352
[mcmc]  - Convergence of means: R-1 = 0.015620 after 35328 accepted steps
[mcmc]  - Updated covariance matrix of proposal pdf.
[mcmc] Learn + convergence test @ 44200 samples accepted.
[likelihoodcollection] Average computation time:
   flamingo.inference.masked_ps.MaskedBandPowerLikelihood : 5.33051e-05 s (110521 evaluations, 5.89133 s total)
[theorycollection] Average computation time:
   flamingo.inference.masked_ps.MaskedTSZTheory : 0.0165774 s (110521 evaluations, 1832.15 s total)
[mcmc]  - Acceptance rate: 0.352
[mcmc]  - Convergence of means: R-1 = 0.015578 after 35360 accepted steps
[mcmc]  - Updated covariance matrix of proposal pdf.
[mcmc] Learn + convergence test @ 44240 samples accepted.
[likelihoodcollection] Average computation time:
   flamingo.inference.masked_ps.MaskedBandPowerLikelihood : 5.33038e-05 s (110642 evaluations, 5.89763 s total)
[theorycollection] Average computation time:
   flamingo.inference.masked_ps.MaskedTSZTheory : 0.0165773 s (110642 evaluations, 1834.15 s total)
[mcmc]  - Acceptance rate: 0.352
[mcmc]  - Convergence of means: R-1 = 0.015531 after 35392 accepted steps
[mcmc]  - Updated covariance matrix of proposal pdf.
[mcmc] Learn + convergence test @ 44280 samples accepted.
[likelihoodcollection] Average computation time:
   flamingo.inference.masked_ps.MaskedBandPowerLikelihood : 5.33071e-05 s (110809 evaluations, 5.9069 s total)
[theorycollection] Average computation time:
   flamingo.inference.masked_ps.MaskedTSZTheory : 0.0165775 s (110809 evaluations, 1836.93 s total)
[mcmc]  - Acceptance rate: 0.352
[mcmc]  - Convergence of means: R-1 = 0.015823 after 35424 accepted steps
[mcmc]  - Updated covariance matrix of proposal pdf.
[mcmc] Learn + convergence test @ 44320 samples accepted.
[likelihoodcollection] Average computation time:
   flamingo.inference.masked_ps.MaskedBandPowerLikelihood : 5.33078e-05 s (110956 evaluations, 5.91482 s total)
[theorycollection] Average computation time:
   flamingo.inference.masked_ps.MaskedTSZTheory : 0.0165768 s (110956 evaluations, 1839.3 s total)
[mcmc]  - Acceptance rate: 0.352
[mcmc]  - Convergence of means: R-1 = 0.015055 after 35456 accepted steps
[mcmc]  - Updated covariance matrix of proposal pdf.
[mcmc] Learn + convergence test @ 44360 samples accepted.
[likelihoodcollection] Average computation time:
   flamingo.inference.masked_ps.MaskedBandPowerLikelihood : 5.33098e-05 s (111085 evaluations, 5.92192 s total)
[theorycollection] Average computation time:
   flamingo.inference.masked_ps.MaskedTSZTheory : 0.0165768 s (111085 evaluations, 1841.43 s total)
[mcmc]  - Acceptance rate: 0.352
[mcmc]  - Convergence of means: R-1 = 0.014599 after 35488 accepted steps
[mcmc]  - Updated covariance matrix of proposal pdf.
[mcmc] Learn + convergence test @ 44400 samples accepted.
[likelihoodcollection] Average computation time:
   flamingo.inference.masked_ps.MaskedBandPowerLikelihood : 5.33126e-05 s (111185 evaluations, 5.92756 s total)
[theorycollection] Average computation time:
   flamingo.inference.masked_ps.MaskedTSZTheory : 0.0165766 s (111185 evaluations, 1843.07 s total)
[mcmc]  - Acceptance rate: 0.352
[mcmc]  - Convergence of means: R-1 = 0.014808 after 35520 accepted steps
[mcmc]  - Updated covariance matrix of proposal pdf.
[mcmc] Learn + convergence test @ 44440 samples accepted.
[likelihoodcollection] Average computation time:
   flamingo.inference.masked_ps.MaskedBandPowerLikelihood : 5.331e-05 s (111268 evaluations, 5.93169 s total)
[theorycollection] Average computation time:
   flamingo.inference.masked_ps.MaskedTSZTheory : 0.0165764 s (111268 evaluations, 1844.42 s total)
[mcmc]  - Acceptance rate: 0.352
[mcmc]  - Convergence of means: R-1 = 0.014652 after 35552 accepted steps
[mcmc]  - Updated covariance matrix of proposal pdf.
[mcmc] Learn + convergence test @ 44480 samples accepted.
[likelihoodcollection] Average computation time:
   flamingo.inference.masked_ps.MaskedBandPowerLikelihood : 5.33093e-05 s (111358 evaluations, 5.93641 s total)
[theorycollection] Average computation time:
   flamingo.inference.masked_ps.MaskedTSZTheory : 0.016576 s (111358 evaluations, 1845.87 s total)
[mcmc]  - Acceptance rate: 0.352
[mcmc]  - Convergence of means: R-1 = 0.014065 after 35584 accepted steps
[mcmc]  - Updated covariance matrix of proposal pdf.
[mcmc] Learn + convergence test @ 44520 samples accepted.
[likelihoodcollection] Average computation time:
   flamingo.inference.masked_ps.MaskedBandPowerLikelihood : 5.33079e-05 s (111454 evaluations, 5.94138 s total)
[theorycollection] Average computation time:
   flamingo.inference.masked_ps.MaskedTSZTheory : 0.0165759 s (111454 evaluations, 1847.46 s total)
[mcmc]  - Acceptance rate: 0.352
[mcmc]  - Convergence of means: R-1 = 0.014186 after 35616 accepted steps
[mcmc]  - Updated covariance matrix of proposal pdf.
[mcmc] Learn + convergence test @ 44560 samples accepted.
[likelihoodcollection] Average computation time:
   flamingo.inference.masked_ps.MaskedBandPowerLikelihood : 5.33086e-05 s (111564 evaluations, 5.94732 s total)
[theorycollection] Average computation time:
   flamingo.inference.masked_ps.MaskedTSZTheory : 0.0165759 s (111564 evaluations, 1849.27 s total)
[mcmc]  - Acceptance rate: 0.352
[mcmc]  - Convergence of means: R-1 = 0.014915 after 35648 accepted steps
[mcmc]  - Updated covariance matrix of proposal pdf.
[mcmc] Learn + convergence test @ 44600 samples accepted.
[likelihoodcollection] Average computation time:
   flamingo.inference.masked_ps.MaskedBandPowerLikelihood : 5.33074e-05 s (111687 evaluations, 5.95375 s total)
[theorycollection] Average computation time:
   flamingo.inference.masked_ps.MaskedTSZTheory : 0.016576 s (111687 evaluations, 1851.33 s total)
[mcmc]  - Acceptance rate: 0.352
[mcmc]  - Convergence of means: R-1 = 0.015074 after 35680 accepted steps
[mcmc]  - Updated covariance matrix of proposal pdf.
[mcmc] Learn + convergence test @ 44640 samples accepted.
[likelihoodcollection] Average computation time:
   flamingo.inference.masked_ps.MaskedBandPowerLikelihood : 5.33059e-05 s (111766 evaluations, 5.95779 s total)
[theorycollection] Average computation time:
   flamingo.inference.masked_ps.MaskedTSZTheory : 0.0165762 s (111766 evaluations, 1852.65 s total)
[mcmc]  - Acceptance rate: 0.352
[mcmc]  - Convergence of means: R-1 = 0.014561 after 35712 accepted steps
[mcmc]  - Updated covariance matrix of proposal pdf.
[mcmc] Learn + convergence test @ 44680 samples accepted.
[likelihoodcollection] Average computation time:
   flamingo.inference.masked_ps.MaskedBandPowerLikelihood : 5.33091e-05 s (111880 evaluations, 5.96422 s total)
[theorycollection] Average computation time:
   flamingo.inference.masked_ps.MaskedTSZTheory : 0.0165761 s (111880 evaluations, 1854.54 s total)
[mcmc]  - Acceptance rate: 0.352
[mcmc]  - Convergence of means: R-1 = 0.014065 after 35744 accepted steps
[mcmc]  - Updated covariance matrix of proposal pdf.
[mcmc] Learn + convergence test @ 44720 samples accepted.
[likelihoodcollection] Average computation time:
   flamingo.inference.masked_ps.MaskedBandPowerLikelihood : 5.33126e-05 s (111988 evaluations, 5.97038 s total)
[theorycollection] Average computation time:
   flamingo.inference.masked_ps.MaskedTSZTheory : 0.016576 s (111988 evaluations, 1856.31 s total)
[mcmc]  - Acceptance rate: 0.352
[mcmc]  - Convergence of means: R-1 = 0.013456 after 35776 accepted steps
[mcmc]  - Updated covariance matrix of proposal pdf.
[mcmc] Learn + convergence test @ 44760 samples accepted.
[likelihoodcollection] Average computation time:
   flamingo.inference.masked_ps.MaskedBandPowerLikelihood : 5.33124e-05 s (112099 evaluations, 5.97626 s total)
[theorycollection] Average computation time:
   flamingo.inference.masked_ps.MaskedTSZTheory : 0.0165759 s (112099 evaluations, 1858.14 s total)
[mcmc]  - Acceptance rate: 0.352
[mcmc]  - Convergence of means: R-1 = 0.013490 after 35808 accepted steps
[mcmc]  - Updated covariance matrix of proposal pdf.
[mcmc] Learn + convergence test @ 44800 samples accepted.
[likelihoodcollection] Average computation time:
   flamingo.inference.masked_ps.MaskedBandPowerLikelihood : 5.33121e-05 s (112214 evaluations, 5.98236 s total)
[theorycollection] Average computation time:
   flamingo.inference.masked_ps.MaskedTSZTheory : 0.0165762 s (112214 evaluations, 1860.08 s total)
[mcmc]  - Acceptance rate: 0.352
[mcmc]  - Convergence of means: R-1 = 0.013807 after 35840 accepted steps
[mcmc]  - Updated covariance matrix of proposal pdf.
[mcmc] Learn + convergence test @ 44840 samples accepted.
[likelihoodcollection] Average computation time:
   flamingo.inference.masked_ps.MaskedBandPowerLikelihood : 5.33082e-05 s (112301 evaluations, 5.98656 s total)
[theorycollection] Average computation time:
   flamingo.inference.masked_ps.MaskedTSZTheory : 0.0165761 s (112301 evaluations, 1861.51 s total)
[mcmc]  - Acceptance rate: 0.352
[mcmc]  - Convergence of means: R-1 = 0.014431 after 35872 accepted steps
[mcmc]  - Updated covariance matrix of proposal pdf.
[mcmc] Learn + convergence test @ 44880 samples accepted.
[likelihoodcollection] Average computation time:
   flamingo.inference.masked_ps.MaskedBandPowerLikelihood : 5.33096e-05 s (112393 evaluations, 5.99163 s total)
[theorycollection] Average computation time:
   flamingo.inference.masked_ps.MaskedTSZTheory : 0.0165762 s (112393 evaluations, 1863.05 s total)
[mcmc]  - Acceptance rate: 0.352
[mcmc]  - Convergence of means: R-1 = 0.014089 after 35904 accepted steps
[mcmc]  - Updated covariance matrix of proposal pdf.
[mcmc] Learn + convergence test @ 44920 samples accepted.
[likelihoodcollection] Average computation time:
   flamingo.inference.masked_ps.MaskedBandPowerLikelihood : 5.33124e-05 s (112472 evaluations, 5.99616 s total)
[theorycollection] Average computation time:
   flamingo.inference.masked_ps.MaskedTSZTheory : 0.0165766 s (112472 evaluations, 1864.4 s total)
[mcmc]  - Acceptance rate: 0.353
[mcmc]  - Convergence of means: R-1 = 0.014444 after 35936 accepted steps
[mcmc]  - Updated covariance matrix of proposal pdf.
[mcmc] Learn + convergence test @ 44960 samples accepted.
[likelihoodcollection] Average computation time:
   flamingo.inference.masked_ps.MaskedBandPowerLikelihood : 5.33148e-05 s (112585 evaluations, 6.00244 s total)
[theorycollection] Average computation time:
   flamingo.inference.masked_ps.MaskedTSZTheory : 0.0165767 s (112585 evaluations, 1866.29 s total)
[mcmc]  - Acceptance rate: 0.353
[mcmc]  - Convergence of means: R-1 = 0.014347 after 35968 accepted steps
[mcmc]  - Updated covariance matrix of proposal pdf.
[mcmc] Learn + convergence test @ 45000 samples accepted.
[likelihoodcollection] Average computation time:
   flamingo.inference.masked_ps.MaskedBandPowerLikelihood : 5.33167e-05 s (112675 evaluations, 6.00745 s total)
[theorycollection] Average computation time:
   flamingo.inference.masked_ps.MaskedTSZTheory : 0.0165767 s (112675 evaluations, 1867.78 s total)
[mcmc]  - Acceptance rate: 0.353
[mcmc]  - Convergence of means: R-1 = 0.014777 after 36000 accepted steps
[mcmc]  - Updated covariance matrix of proposal pdf.
[mcmc] Learn + convergence test @ 45040 samples accepted.
[likelihoodcollection] Average computation time:
   flamingo.inference.masked_ps.MaskedBandPowerLikelihood : 5.33147e-05 s (112760 evaluations, 6.01176 s total)
[theorycollection] Average computation time:
   flamingo.inference.masked_ps.MaskedTSZTheory : 0.0165767 s (112760 evaluations, 1869.19 s total)
[mcmc]  - Acceptance rate: 0.353
[mcmc]  - Convergence of means: R-1 = 0.015434 after 36032 accepted steps
[mcmc]  - Updated covariance matrix of proposal pdf.
[mcmc] Learn + convergence test @ 45080 samples accepted.
[likelihoodcollection] Average computation time:
   flamingo.inference.masked_ps.MaskedBandPowerLikelihood : 5.33166e-05 s (112864 evaluations, 6.01752 s total)
[theorycollection] Average computation time:
   flamingo.inference.masked_ps.MaskedTSZTheory : 0.0165768 s (112864 evaluations, 1870.92 s total)
[mcmc]  - Acceptance rate: 0.353
[mcmc]  - Convergence of means: R-1 = 0.016096 after 36064 accepted steps
[mcmc]  - Updated covariance matrix of proposal pdf.
[mcmc] Learn + convergence test @ 45120 samples accepted.
[likelihoodcollection] Average computation time:
   flamingo.inference.masked_ps.MaskedBandPowerLikelihood : 5.33218e-05 s (112990 evaluations, 6.02483 s total)
[theorycollection] Average computation time:
   flamingo.inference.masked_ps.MaskedTSZTheory : 0.0165768 s (112990 evaluations, 1873.01 s total)
[mcmc]  - Acceptance rate: 0.353
[mcmc]  - Convergence of means: R-1 = 0.016408 after 36096 accepted steps
[mcmc]  - Updated covariance matrix of proposal pdf.
[mcmc] Learn + convergence test @ 45160 samples accepted.
[likelihoodcollection] Average computation time:
   flamingo.inference.masked_ps.MaskedBandPowerLikelihood : 5.33217e-05 s (113093 evaluations, 6.03031 s total)
[theorycollection] Average computation time:
   flamingo.inference.masked_ps.MaskedTSZTheory : 0.0165767 s (113093 evaluations, 1874.71 s total)
[mcmc]  - Acceptance rate: 0.353
[mcmc]  - Convergence of means: R-1 = 0.017745 after 36128 accepted steps
[mcmc]  - Updated covariance matrix of proposal pdf.
[mcmc] Learn + convergence test @ 45200 samples accepted.
[likelihoodcollection] Average computation time:
   flamingo.inference.masked_ps.MaskedBandPowerLikelihood : 5.33216e-05 s (113180 evaluations, 6.03494 s total)
[theorycollection] Average computation time:
   flamingo.inference.masked_ps.MaskedTSZTheory : 0.0165767 s (113180 evaluations, 1876.15 s total)
[mcmc]  - Acceptance rate: 0.353
[mcmc]  - Convergence of means: R-1 = 0.019176 after 36160 accepted steps
[mcmc]  - Updated covariance matrix of proposal pdf.
[mcmc] Learn + convergence test @ 45240 samples accepted.
[likelihoodcollection] Average computation time:
   flamingo.inference.masked_ps.MaskedBandPowerLikelihood : 5.332e-05 s (113275 evaluations, 6.03982 s total)
[theorycollection] Average computation time:
   flamingo.inference.masked_ps.MaskedTSZTheory : 0.0165766 s (113275 evaluations, 1877.71 s total)
[mcmc]  - Acceptance rate: 0.353
[mcmc]  - Convergence of means: R-1 = 0.020521 after 36192 accepted steps
[mcmc]  - Updated covariance matrix of proposal pdf.
[mcmc] Progress @ 2026-08-03 00:43:58 : 125653 steps taken, and 45246 accepted.
[mcmc] Learn + convergence test @ 45280 samples accepted.
[likelihoodcollection] Average computation time:
   flamingo.inference.masked_ps.MaskedBandPowerLikelihood : 5.33228e-05 s (113366 evaluations, 6.04499 s total)
[theorycollection] Average computation time:
   flamingo.inference.masked_ps.MaskedTSZTheory : 0.0165765 s (113366 evaluations, 1879.21 s total)
[mcmc]  - Acceptance rate: 0.353
[mcmc]  - Convergence of means: R-1 = 0.021282 after 36224 accepted steps
[mcmc]  - Updated covariance matrix of proposal pdf.
[mcmc] Learn + convergence test @ 45320 samples accepted.
[likelihoodcollection] Average computation time:
   flamingo.inference.masked_ps.MaskedBandPowerLikelihood : 5.33257e-05 s (113501 evaluations, 6.05252 s total)
[theorycollection] Average computation time:
   flamingo.inference.masked_ps.MaskedTSZTheory : 0.0165765 s (113501 evaluations, 1881.45 s total)
[mcmc]  - Acceptance rate: 0.353
[mcmc]  - Convergence of means: R-1 = 0.022928 after 36256 accepted steps
[mcmc]  - Updated covariance matrix of proposal pdf.
[mcmc] Learn + convergence test @ 45360 samples accepted.
[likelihoodcollection] Average computation time:
   flamingo.inference.masked_ps.MaskedBandPowerLikelihood : 5.33244e-05 s (113593 evaluations, 6.05728 s total)
[theorycollection] Average computation time:
   flamingo.inference.masked_ps.MaskedTSZTheory : 0.0165769 s (113593 evaluations, 1883.01 s total)
[mcmc]  - Acceptance rate: 0.353
[mcmc]  - Convergence of means: R-1 = 0.023391 after 36288 accepted steps
[mcmc]  - Updated covariance matrix of proposal pdf.
[mcmc] Learn + convergence test @ 45400 samples accepted.
[likelihoodcollection] Average computation time:
   flamingo.inference.masked_ps.MaskedBandPowerLikelihood : 5.33277e-05 s (113668 evaluations, 6.06165 s total)
[theorycollection] Average computation time:
   flamingo.inference.masked_ps.MaskedTSZTheory : 0.0165769 s (113668 evaluations, 1884.26 s total)
[mcmc]  - Acceptance rate: 0.353
[mcmc]  - Convergence of means: R-1 = 0.024251 after 36320 accepted steps
[mcmc]  - Updated covariance matrix of proposal pdf.
[mcmc] Learn + convergence test @ 45440 samples accepted.
[likelihoodcollection] Average computation time:
   flamingo.inference.masked_ps.MaskedBandPowerLikelihood : 5.33295e-05 s (113756 evaluations, 6.06655 s total)
[theorycollection] Average computation time:
   flamingo.inference.masked_ps.MaskedTSZTheory : 0.0165768 s (113756 evaluations, 1885.71 s total)
[mcmc]  - Acceptance rate: 0.353
[mcmc]  - Convergence of means: R-1 = 0.024806 after 36352 accepted steps
[mcmc]  - Updated covariance matrix of proposal pdf.
[mcmc] Learn + convergence test @ 45480 samples accepted.
[likelihoodcollection] Average computation time:
   flamingo.inference.masked_ps.MaskedBandPowerLikelihood : 5.3326e-05 s (113869 evaluations, 6.07218 s total)
[theorycollection] Average computation time:
   flamingo.inference.masked_ps.MaskedTSZTheory : 0.0165766 s (113869 evaluations, 1887.56 s total)
[mcmc]  - Acceptance rate: 0.353
[mcmc]  - Convergence of means: R-1 = 0.025758 after 36384 accepted steps
[mcmc]  - Updated covariance matrix of proposal pdf.
[mcmc] Learn + convergence test @ 45520 samples accepted.
[likelihoodcollection] Average computation time:
   flamingo.inference.masked_ps.MaskedBandPowerLikelihood : 5.33253e-05 s (113964 evaluations, 6.07716 s total)
[theorycollection] Average computation time:
   flamingo.inference.masked_ps.MaskedTSZTheory : 0.0165765 s (113964 evaluations, 1889.12 s total)
[mcmc]  - Acceptance rate: 0.353
[mcmc]  - Convergence of means: R-1 = 0.025316 after 36416 accepted steps
[mcmc]  - Updated covariance matrix of proposal pdf.
[mcmc] Learn + convergence test @ 45560 samples accepted.
[likelihoodcollection] Average computation time:
   flamingo.inference.masked_ps.MaskedBandPowerLikelihood : 5.33259e-05 s (114064 evaluations, 6.08257 s total)
[theorycollection] Average computation time:
   flamingo.inference.masked_ps.MaskedTSZTheory : 0.0165763 s (114064 evaluations, 1890.76 s total)
[mcmc]  - Acceptance rate: 0.353
[mcmc]  - Convergence of means: R-1 = 0.025304 after 36448 accepted steps
[mcmc]  - Updated covariance matrix of proposal pdf.
[mcmc] Learn + convergence test @ 45600 samples accepted.
[likelihoodcollection] Average computation time:
   flamingo.inference.masked_ps.MaskedBandPowerLikelihood : 5.33247e-05 s (114162 evaluations, 6.08766 s total)
[theorycollection] Average computation time:
   flamingo.inference.masked_ps.MaskedTSZTheory : 0.0165764 s (114162 evaluations, 1892.4 s total)
[mcmc]  - Acceptance rate: 0.353
[mcmc]  - Convergence of means: R-1 = 0.025679 after 36480 accepted steps
[mcmc]  - Updated covariance matrix of proposal pdf.
[mcmc] Learn + convergence test @ 45640 samples accepted.
[likelihoodcollection] Average computation time:
   flamingo.inference.masked_ps.MaskedBandPowerLikelihood : 5.33215e-05 s (114260 evaluations, 6.09252 s total)
[theorycollection] Average computation time:
   flamingo.inference.masked_ps.MaskedTSZTheory : 0.0165762 s (114260 evaluations, 1893.99 s total)
[mcmc]  - Acceptance rate: 0.353
[mcmc]  - Convergence of means: R-1 = 0.027890 after 36512 accepted steps
[mcmc]  - Updated covariance matrix of proposal pdf.
[mcmc] Learn + convergence test @ 45680 samples accepted.
[likelihoodcollection] Average computation time:
   flamingo.inference.masked_ps.MaskedBandPowerLikelihood : 5.33198e-05 s (114382 evaluations, 6.09883 s total)
[theorycollection] Average computation time:
   flamingo.inference.masked_ps.MaskedTSZTheory : 0.016576 s (114382 evaluations, 1895.99 s total)
[mcmc]  - Acceptance rate: 0.353
[mcmc]  - Convergence of means: R-1 = 0.029544 after 36544 accepted steps
[mcmc]  - Updated covariance matrix of proposal pdf.
[mcmc] Learn + convergence test @ 45720 samples accepted.
[likelihoodcollection] Average computation time:
   flamingo.inference.masked_ps.MaskedBandPowerLikelihood : 5.332e-05 s (114485 evaluations, 6.10434 s total)
[theorycollection] Average computation time:
   flamingo.inference.masked_ps.MaskedTSZTheory : 0.0165757 s (114485 evaluations, 1897.67 s total)
[mcmc]  - Acceptance rate: 0.353
[mcmc]  - Convergence of means: R-1 = 0.029901 after 36576 accepted steps
[mcmc]  - Updated covariance matrix of proposal pdf.
[mcmc] Learn + convergence test @ 45760 samples accepted.
[likelihoodcollection] Average computation time:
   flamingo.inference.masked_ps.MaskedBandPowerLikelihood : 5.33237e-05 s (114583 evaluations, 6.10999 s total)
[theorycollection] Average computation time:
   flamingo.inference.masked_ps.MaskedTSZTheory : 0.0165755 s (114583 evaluations, 1899.27 s total)
[mcmc]  - Acceptance rate: 0.353
[mcmc]  - Convergence of means: R-1 = 0.029913 after 36608 accepted steps
[mcmc]  - Updated covariance matrix of proposal pdf.
[mcmc] Learn + convergence test @ 45800 samples accepted.
[likelihoodcollection] Average computation time:
   flamingo.inference.masked_ps.MaskedBandPowerLikelihood : 5.33235e-05 s (114684 evaluations, 6.11535 s total)
[theorycollection] Average computation time:
   flamingo.inference.masked_ps.MaskedTSZTheory : 0.0165756 s (114684 evaluations, 1900.96 s total)
[mcmc]  - Acceptance rate: 0.353
[mcmc]  - Convergence of means: R-1 = 0.030067 after 36640 accepted steps
[mcmc]  - Updated covariance matrix of proposal pdf.
[mcmc] Learn + convergence test @ 45840 samples accepted.
[likelihoodcollection] Average computation time:
   flamingo.inference.masked_ps.MaskedBandPowerLikelihood : 5.33256e-05 s (114761 evaluations, 6.1197 s total)
[theorycollection] Average computation time:
   flamingo.inference.masked_ps.MaskedTSZTheory : 0.0165755 s (114761 evaluations, 1902.22 s total)
[mcmc]  - Acceptance rate: 0.353
[mcmc]  - Convergence of means: R-1 = 0.029795 after 36672 accepted steps
[mcmc]  - Updated covariance matrix of proposal pdf.
[mcmc] Learn + convergence test @ 45880 samples accepted.
[likelihoodcollection] Average computation time:
   flamingo.inference.masked_ps.MaskedBandPowerLikelihood : 5.33259e-05 s (114851 evaluations, 6.12454 s total)
[theorycollection] Average computation time:
   flamingo.inference.masked_ps.MaskedTSZTheory : 0.0165756 s (114851 evaluations, 1903.73 s total)
[mcmc]  - Acceptance rate: 0.353
[mcmc]  - Convergence of means: R-1 = 0.028971 after 36704 accepted steps
[mcmc]  - Updated covariance matrix of proposal pdf.
[mcmc] Learn + convergence test @ 45920 samples accepted.
[likelihoodcollection] Average computation time:
   flamingo.inference.masked_ps.MaskedBandPowerLikelihood : 5.3323e-05 s (114953 evaluations, 6.12964 s total)
[theorycollection] Average computation time:
   flamingo.inference.masked_ps.MaskedTSZTheory : 0.0165755 s (114953 evaluations, 1905.41 s total)
[mcmc]  - Acceptance rate: 0.353
[mcmc]  - Convergence of means: R-1 = 0.029272 after 36736 accepted steps
[mcmc]  - Updated covariance matrix of proposal pdf.
[mcmc] Learn + convergence test @ 45960 samples accepted.
[likelihoodcollection] Average computation time:
   flamingo.inference.masked_ps.MaskedBandPowerLikelihood : 5.33213e-05 s (115061 evaluations, 6.1352 s total)
[theorycollection] Average computation time:
   flamingo.inference.masked_ps.MaskedTSZTheory : 0.0165756 s (115061 evaluations, 1907.2 s total)
[mcmc]  - Acceptance rate: 0.353
[mcmc]  - Convergence of means: R-1 = 0.029825 after 36768 accepted steps
[mcmc]  - Updated covariance matrix of proposal pdf.
[mcmc] Learn + convergence test @ 46000 samples accepted.
[likelihoodcollection] Average computation time:
   flamingo.inference.masked_ps.MaskedBandPowerLikelihood : 5.332e-05 s (115156 evaluations, 6.14012 s total)
[theorycollection] Average computation time:
   flamingo.inference.masked_ps.MaskedTSZTheory : 0.0165755 s (115156 evaluations, 1908.76 s total)
[mcmc]  - Acceptance rate: 0.353
[mcmc]  - Convergence of means: R-1 = 0.031004 after 36800 accepted steps
[mcmc]  - Updated covariance matrix of proposal pdf.
[mcmc] Learn + convergence test @ 46040 samples accepted.
[likelihoodcollection] Average computation time:
   flamingo.inference.masked_ps.MaskedBandPowerLikelihood : 5.33196e-05 s (115262 evaluations, 6.14572 s total)
[theorycollection] Average computation time:
   flamingo.inference.masked_ps.MaskedTSZTheory : 0.0165755 s (115262 evaluations, 1910.53 s total)
[mcmc]  - Acceptance rate: 0.353
[mcmc]  - Convergence of means: R-1 = 0.031511 after 36832 accepted steps
[mcmc]  - Updated covariance matrix of proposal pdf.
[mcmc] Learn + convergence test @ 46080 samples accepted.
[likelihoodcollection] Average computation time:
   flamingo.inference.masked_ps.MaskedBandPowerLikelihood : 5.33162e-05 s (115376 evaluations, 6.15141 s total)
[theorycollection] Average computation time:
   flamingo.inference.masked_ps.MaskedTSZTheory : 0.0165755 s (115376 evaluations, 1912.41 s total)
[mcmc]  - Acceptance rate: 0.353
[mcmc]  - Convergence of means: R-1 = 0.031241 after 36864 accepted steps
[mcmc]  - Updated covariance matrix of proposal pdf.
[mcmc] Learn + convergence test @ 46120 samples accepted.
[likelihoodcollection] Average computation time:
   flamingo.inference.masked_ps.MaskedBandPowerLikelihood : 5.33139e-05 s (115479 evaluations, 6.15664 s total)
[theorycollection] Average computation time:
   flamingo.inference.masked_ps.MaskedTSZTheory : 0.0165752 s (115479 evaluations, 1914.09 s total)
[mcmc]  - Acceptance rate: 0.353
[mcmc]  - Convergence of means: R-1 = 0.031663 after 36896 accepted steps
[mcmc]  - Updated covariance matrix of proposal pdf.
[mcmc] Learn + convergence test @ 46160 samples accepted.
[likelihoodcollection] Average computation time:
   flamingo.inference.masked_ps.MaskedBandPowerLikelihood : 5.33115e-05 s (115573 evaluations, 6.16138 s total)
[theorycollection] Average computation time:
   flamingo.inference.masked_ps.MaskedTSZTheory : 0.0165751 s (115573 evaluations, 1915.63 s total)
[mcmc]  - Acceptance rate: 0.353
[mcmc]  - Convergence of means: R-1 = 0.031856 after 36928 accepted steps
[mcmc]  - Updated covariance matrix of proposal pdf.
[mcmc] Learn + convergence test @ 46200 samples accepted.
[likelihoodcollection] Average computation time:
   flamingo.inference.masked_ps.MaskedBandPowerLikelihood : 5.33116e-05 s (115687 evaluations, 6.16746 s total)
[theorycollection] Average computation time:
   flamingo.inference.masked_ps.MaskedTSZTheory : 0.0165753 s (115687 evaluations, 1917.54 s total)
[mcmc]  - Acceptance rate: 0.353
[mcmc]  - Convergence of means: R-1 = 0.031246 after 36960 accepted steps
[mcmc]  - Updated covariance matrix of proposal pdf.
[mcmc] Learn + convergence test @ 46240 samples accepted.
[likelihoodcollection] Average computation time:
   flamingo.inference.masked_ps.MaskedBandPowerLikelihood : 5.33113e-05 s (115788 evaluations, 6.1728 s total)
[theorycollection] Average computation time:
   flamingo.inference.masked_ps.MaskedTSZTheory : 0.0165753 s (115788 evaluations, 1919.22 s total)
[mcmc]  - Acceptance rate: 0.353
[mcmc]  - Convergence of means: R-1 = 0.030933 after 36992 accepted steps
[mcmc]  - Updated covariance matrix of proposal pdf.
[mcmc] Learn + convergence test @ 46280 samples accepted.
[likelihoodcollection] Average computation time:
   flamingo.inference.masked_ps.MaskedBandPowerLikelihood : 5.3309e-05 s (115883 evaluations, 6.17761 s total)
[theorycollection] Average computation time:
   flamingo.inference.masked_ps.MaskedTSZTheory : 0.0165752 s (115883 evaluations, 1920.78 s total)
[mcmc]  - Acceptance rate: 0.353
[mcmc]  - Convergence of means: R-1 = 0.030593 after 37024 accepted steps
[mcmc]  - Updated covariance matrix of proposal pdf.
[mcmc] Learn + convergence test @ 46320 samples accepted.
[likelihoodcollection] Average computation time:
   flamingo.inference.masked_ps.MaskedBandPowerLikelihood : 5.3307e-05 s (115978 evaluations, 6.18244 s total)
[theorycollection] Average computation time:
   flamingo.inference.masked_ps.MaskedTSZTheory : 0.0165751 s (115978 evaluations, 1922.35 s total)
[mcmc]  - Acceptance rate: 0.353
[mcmc]  - Convergence of means: R-1 = 0.030940 after 37056 accepted steps
[mcmc]  - Updated covariance matrix of proposal pdf.
[mcmc] Learn + convergence test @ 46360 samples accepted.
[likelihoodcollection] Average computation time:
   flamingo.inference.masked_ps.MaskedBandPowerLikelihood : 5.33045e-05 s (116051 evaluations, 6.18604 s total)
[theorycollection] Average computation time:
   flamingo.inference.masked_ps.MaskedTSZTheory : 0.0165751 s (116051 evaluations, 1923.55 s total)
[mcmc]  - Acceptance rate: 0.353
[mcmc]  - Convergence of means: R-1 = 0.031054 after 37088 accepted steps
[mcmc]  - Updated covariance matrix of proposal pdf.
[mcmc] Learn + convergence test @ 46400 samples accepted.
[likelihoodcollection] Average computation time:
   flamingo.inference.masked_ps.MaskedBandPowerLikelihood : 5.33075e-05 s (116133 evaluations, 6.19076 s total)
[theorycollection] Average computation time:
   flamingo.inference.masked_ps.MaskedTSZTheory : 0.016575 s (116133 evaluations, 1924.91 s total)
[mcmc]  - Acceptance rate: 0.353
[mcmc]  - Convergence of means: R-1 = 0.031036 after 37120 accepted steps
[mcmc]  - Updated covariance matrix of proposal pdf.
[mcmc] Learn + convergence test @ 46440 samples accepted.
[likelihoodcollection] Average computation time:
   flamingo.inference.masked_ps.MaskedBandPowerLikelihood : 5.33068e-05 s (116263 evaluations, 6.19761 s total)
[theorycollection] Average computation time:
   flamingo.inference.masked_ps.MaskedTSZTheory : 0.0165749 s (116263 evaluations, 1927.05 s total)
[mcmc]  - Acceptance rate: 0.353
[mcmc]  - Convergence of means: R-1 = 0.031291 after 37152 accepted steps
[mcmc]  - Updated covariance matrix of proposal pdf.
[mcmc] Learn + convergence test @ 46480 samples accepted.
[likelihoodcollection] Average computation time:
   flamingo.inference.masked_ps.MaskedBandPowerLikelihood : 5.33052e-05 s (116366 evaluations, 6.20291 s total)
[theorycollection] Average computation time:
   flamingo.inference.masked_ps.MaskedTSZTheory : 0.0165747 s (116366 evaluations, 1928.73 s total)
[mcmc]  - Acceptance rate: 0.353
[mcmc]  - Convergence of means: R-1 = 0.031579 after 37184 accepted steps
[mcmc]  - Updated covariance matrix of proposal pdf.
[mcmc] Learn + convergence test @ 46520 samples accepted.
[likelihoodcollection] Average computation time:
   flamingo.inference.masked_ps.MaskedBandPowerLikelihood : 5.33034e-05 s (116462 evaluations, 6.20782 s total)
[theorycollection] Average computation time:
   flamingo.inference.masked_ps.MaskedTSZTheory : 0.0165745 s (116462 evaluations, 1930.3 s total)
[mcmc]  - Acceptance rate: 0.353
[mcmc]  - Convergence of means: R-1 = 0.031469 after 37216 accepted steps
[mcmc]  - Updated covariance matrix of proposal pdf.
[mcmc] Learn + convergence test @ 46560 samples accepted.
[likelihoodcollection] Average computation time:
   flamingo.inference.masked_ps.MaskedBandPowerLikelihood : 5.33012e-05 s (116580 evaluations, 6.21385 s total)
[theorycollection] Average computation time:
   flamingo.inference.masked_ps.MaskedTSZTheory : 0.0165745 s (116580 evaluations, 1932.25 s total)
[mcmc]  - Acceptance rate: 0.353
[mcmc]  - Convergence of means: R-1 = 0.031659 after 37248 accepted steps
[mcmc]  - Updated covariance matrix of proposal pdf.
[mcmc] Learn + convergence test @ 46600 samples accepted.
[likelihoodcollection] Average computation time:
   flamingo.inference.masked_ps.MaskedBandPowerLikelihood : 5.32991e-05 s (116675 evaluations, 6.21867 s total)
[theorycollection] Average computation time:
   flamingo.inference.masked_ps.MaskedTSZTheory : 0.0165743 s (116675 evaluations, 1933.81 s total)
[mcmc]  - Acceptance rate: 0.353
[mcmc]  - Convergence of means: R-1 = 0.031159 after 37280 accepted steps
[mcmc]  - Updated covariance matrix of proposal pdf.
[mcmc] Learn + convergence test @ 46640 samples accepted.
[likelihoodcollection] Average computation time:
   flamingo.inference.masked_ps.MaskedBandPowerLikelihood : 5.32976e-05 s (116762 evaluations, 6.22313 s total)
[theorycollection] Average computation time:
   flamingo.inference.masked_ps.MaskedTSZTheory : 0.0165745 s (116762 evaluations, 1935.28 s total)
[mcmc]  - Acceptance rate: 0.353
[mcmc]  - Convergence of means: R-1 = 0.030776 after 37312 accepted steps
[mcmc]  - Updated covariance matrix of proposal pdf.
[mcmc] Progress @ 2026-08-03 00:44:58 : 129569 steps taken, and 46675 accepted.
[mcmc] Learn + convergence test @ 46680 samples accepted.
[likelihoodcollection] Average computation time:
   flamingo.inference.masked_ps.MaskedBandPowerLikelihood : 5.32938e-05 s (116849 evaluations, 6.22733 s total)
[theorycollection] Average computation time:
   flamingo.inference.masked_ps.MaskedTSZTheory : 0.0165746 s (116849 evaluations, 1936.72 s total)
[mcmc]  - Acceptance rate: 0.353
[mcmc]  - Convergence of means: R-1 = 0.030598 after 37344 accepted steps
[mcmc]  - Updated covariance matrix of proposal pdf.
[mcmc] Learn + convergence test @ 46720 samples accepted.
[likelihoodcollection] Average computation time:
   flamingo.inference.masked_ps.MaskedBandPowerLikelihood : 5.32926e-05 s (116950 evaluations, 6.23257 s total)
[theorycollection] Average computation time:
   flamingo.inference.masked_ps.MaskedTSZTheory : 0.0165746 s (116950 evaluations, 1938.4 s total)
[mcmc]  - Acceptance rate: 0.353
[mcmc]  - Convergence of means: R-1 = 0.030831 after 37376 accepted steps
[mcmc]  - Updated covariance matrix of proposal pdf.
[mcmc] Learn + convergence test @ 46760 samples accepted.
[likelihoodcollection] Average computation time:
   flamingo.inference.masked_ps.MaskedBandPowerLikelihood : 5.32908e-05 s (117043 evaluations, 6.23732 s total)
[theorycollection] Average computation time:
   flamingo.inference.masked_ps.MaskedTSZTheory : 0.0165747 s (117043 evaluations, 1939.95 s total)
[mcmc]  - Acceptance rate: 0.353
[mcmc]  - Convergence of means: R-1 = 0.031487 after 37408 accepted steps
[mcmc]  - Updated covariance matrix of proposal pdf.
[mcmc] Learn + convergence test @ 46800 samples accepted.
[likelihoodcollection] Average computation time:
   flamingo.inference.masked_ps.MaskedBandPowerLikelihood : 5.32913e-05 s (117129 evaluations, 6.24196 s total)
[theorycollection] Average computation time:
   flamingo.inference.masked_ps.MaskedTSZTheory : 0.0165748 s (117129 evaluations, 1941.39 s total)
[mcmc]  - Acceptance rate: 0.353
[mcmc]  - Convergence of means: R-1 = 0.031083 after 37440 accepted steps
[mcmc]  - Updated covariance matrix of proposal pdf.
[mcmc] Learn + convergence test @ 46840 samples accepted.
[likelihoodcollection] Average computation time:
   flamingo.inference.masked_ps.MaskedBandPowerLikelihood : 5.3296e-05 s (117208 evaluations, 6.24672 s total)
[theorycollection] Average computation time:
   flamingo.inference.masked_ps.MaskedTSZTheory : 0.0165749 s (117208 evaluations, 1942.71 s total)
[mcmc]  - Acceptance rate: 0.353
[mcmc]  - Convergence of means: R-1 = 0.030959 after 37472 accepted steps
[mcmc]  - Updated covariance matrix of proposal pdf.
[mcmc] Learn + convergence test @ 46880 samples accepted.
[likelihoodcollection] Average computation time:
   flamingo.inference.masked_ps.MaskedBandPowerLikelihood : 5.32939e-05 s (117298 evaluations, 6.25127 s total)
[theorycollection] Average computation time:
   flamingo.inference.masked_ps.MaskedTSZTheory : 0.0165751 s (117298 evaluations, 1944.23 s total)
[mcmc]  - Acceptance rate: 0.353
[mcmc]  - Convergence of means: R-1 = 0.030661 after 37504 accepted steps
[mcmc]  - Updated covariance matrix of proposal pdf.
[mcmc] Learn + convergence test @ 46920 samples accepted.
[likelihoodcollection] Average computation time:
   flamingo.inference.masked_ps.MaskedBandPowerLikelihood : 5.32919e-05 s (117409 evaluations, 6.25695 s total)
[theorycollection] Average computation time:
   flamingo.inference.masked_ps.MaskedTSZTheory : 0.0165752 s (117409 evaluations, 1946.08 s total)
[mcmc]  - Acceptance rate: 0.353
[mcmc]  - Convergence of means: R-1 = 0.030096 after 37536 accepted steps
[mcmc]  - Updated covariance matrix of proposal pdf.
[mcmc] Learn + convergence test @ 46960 samples accepted.
[likelihoodcollection] Average computation time:
   flamingo.inference.masked_ps.MaskedBandPowerLikelihood : 5.32898e-05 s (117500 evaluations, 6.26156 s total)
[theorycollection] Average computation time:
   flamingo.inference.masked_ps.MaskedTSZTheory : 0.0165749 s (117500 evaluations, 1947.55 s total)
[mcmc]  - Acceptance rate: 0.353
[mcmc]  - Convergence of means: R-1 = 0.029523 after 37568 accepted steps
[mcmc]  - Updated covariance matrix of proposal pdf.
[mcmc] Learn + convergence test @ 47000 samples accepted.
[likelihoodcollection] Average computation time:
   flamingo.inference.masked_ps.MaskedBandPowerLikelihood : 5.32859e-05 s (117598 evaluations, 6.26632 s total)
[theorycollection] Average computation time:
   flamingo.inference.masked_ps.MaskedTSZTheory : 0.0165749 s (117598 evaluations, 1949.18 s total)
[mcmc]  - Acceptance rate: 0.353
[mcmc]  - Convergence of means: R-1 = 0.029582 after 37600 accepted steps
[mcmc]  - Updated covariance matrix of proposal pdf.
[mcmc] Learn + convergence test @ 47040 samples accepted.
[likelihoodcollection] Average computation time:
   flamingo.inference.masked_ps.MaskedBandPowerLikelihood : 5.32839e-05 s (117725 evaluations, 6.27284 s total)
[theorycollection] Average computation time:
   flamingo.inference.masked_ps.MaskedTSZTheory : 0.0165748 s (117725 evaluations, 1951.26 s total)
[mcmc]  - Acceptance rate: 0.353
[mcmc]  - Convergence of means: R-1 = 0.029447 after 37632 accepted steps
[mcmc]  - Updated covariance matrix of proposal pdf.
[mcmc] Learn + convergence test @ 47080 samples accepted.
[likelihoodcollection] Average computation time:
   flamingo.inference.masked_ps.MaskedBandPowerLikelihood : 5.32834e-05 s (117812 evaluations, 6.27743 s total)
[theorycollection] Average computation time:
   flamingo.inference.masked_ps.MaskedTSZTheory : 0.0165747 s (117812 evaluations, 1952.69 s total)
[mcmc]  - Acceptance rate: 0.353
[mcmc]  - Convergence of means: R-1 = 0.029508 after 37664 accepted steps
[mcmc]  - Updated covariance matrix of proposal pdf.
[mcmc] Learn + convergence test @ 47120 samples accepted.
[likelihoodcollection] Average computation time:
   flamingo.inference.masked_ps.MaskedBandPowerLikelihood : 5.32821e-05 s (117897 evaluations, 6.2818 s total)
[theorycollection] Average computation time:
   flamingo.inference.masked_ps.MaskedTSZTheory : 0.0165748 s (117897 evaluations, 1954.12 s total)
[mcmc]  - Acceptance rate: 0.353
[mcmc]  - Convergence of means: R-1 = 0.029293 after 37696 accepted steps
[mcmc]  - Updated covariance matrix of proposal pdf.
[mcmc] Learn + convergence test @ 47160 samples accepted.
[likelihoodcollection] Average computation time:
   flamingo.inference.masked_ps.MaskedBandPowerLikelihood : 5.32805e-05 s (117977 evaluations, 6.28587 s total)
[theorycollection] Average computation time:
   flamingo.inference.masked_ps.MaskedTSZTheory : 0.0165747 s (117977 evaluations, 1955.43 s total)
[mcmc]  - Acceptance rate: 0.353
[mcmc]  - Convergence of means: R-1 = 0.029607 after 37728 accepted steps
[mcmc]  - Updated covariance matrix of proposal pdf.
[mcmc] Learn + convergence test @ 47200 samples accepted.
[likelihoodcollection] Average computation time:
   flamingo.inference.masked_ps.MaskedBandPowerLikelihood : 5.32788e-05 s (118114 evaluations, 6.29297 s total)
[theorycollection] Average computation time:
   flamingo.inference.masked_ps.MaskedTSZTheory : 0.0165748 s (118114 evaluations, 1957.72 s total)
[mcmc]  - Acceptance rate: 0.353
[mcmc]  - Convergence of means: R-1 = 0.029487 after 37760 accepted steps
[mcmc]  - Updated covariance matrix of proposal pdf.
[mcmc] Learn + convergence test @ 47240 samples accepted.
[likelihoodcollection] Average computation time:
   flamingo.inference.masked_ps.MaskedBandPowerLikelihood : 5.3279e-05 s (118225 evaluations, 6.29891 s total)
[theorycollection] Average computation time:
   flamingo.inference.masked_ps.MaskedTSZTheory : 0.0165749 s (118225 evaluations, 1959.57 s total)
[mcmc]  - Acceptance rate: 0.353
[mcmc]  - Convergence of means: R-1 = 0.029220 after 37792 accepted steps
[mcmc]  - Updated covariance matrix of proposal pdf.
[mcmc] Learn + convergence test @ 47280 samples accepted.
[likelihoodcollection] Average computation time:
   flamingo.inference.masked_ps.MaskedBandPowerLikelihood : 5.32783e-05 s (118324 evaluations, 6.30411 s total)
[theorycollection] Average computation time:
   flamingo.inference.masked_ps.MaskedTSZTheory : 0.0165749 s (118324 evaluations, 1961.21 s total)
[mcmc]  - Acceptance rate: 0.353
[mcmc]  - Convergence of means: R-1 = 0.028774 after 37824 accepted steps
[mcmc]  - Updated covariance matrix of proposal pdf.
[mcmc] Learn + convergence test @ 47320 samples accepted.
[likelihoodcollection] Average computation time:
   flamingo.inference.masked_ps.MaskedBandPowerLikelihood : 5.32771e-05 s (118447 evaluations, 6.31051 s total)
[theorycollection] Average computation time:
   flamingo.inference.masked_ps.MaskedTSZTheory : 0.0165746 s (118447 evaluations, 1963.21 s total)
[mcmc]  - Acceptance rate: 0.353
[mcmc]  - Convergence of means: R-1 = 0.028334 after 37856 accepted steps
[mcmc]  - Updated covariance matrix of proposal pdf.
[mcmc] Learn + convergence test @ 47360 samples accepted.
[likelihoodcollection] Average computation time:
   flamingo.inference.masked_ps.MaskedBandPowerLikelihood : 5.32802e-05 s (118567 evaluations, 6.31727 s total)
[theorycollection] Average computation time:
   flamingo.inference.masked_ps.MaskedTSZTheory : 0.0165743 s (118567 evaluations, 1965.17 s total)
[mcmc]  - Acceptance rate: 0.353
[mcmc]  - Convergence of means: R-1 = 0.027789 after 37888 accepted steps
[mcmc]  - Updated covariance matrix of proposal pdf.
[mcmc] Learn + convergence test @ 47400 samples accepted.
[likelihoodcollection] Average computation time:
   flamingo.inference.masked_ps.MaskedBandPowerLikelihood : 5.32781e-05 s (118660 evaluations, 6.32198 s total)
[theorycollection] Average computation time:
   flamingo.inference.masked_ps.MaskedTSZTheory : 0.0165743 s (118660 evaluations, 1966.7 s total)
[mcmc]  - Acceptance rate: 0.353
[mcmc]  - Convergence of means: R-1 = 0.027995 after 37920 accepted steps
[mcmc]  - Updated covariance matrix of proposal pdf.
[mcmc] Learn + convergence test @ 47440 samples accepted.
[likelihoodcollection] Average computation time:
   flamingo.inference.masked_ps.MaskedBandPowerLikelihood : 5.3279e-05 s (118749 evaluations, 6.32682 s total)
[theorycollection] Average computation time:
   flamingo.inference.masked_ps.MaskedTSZTheory : 0.0165744 s (118749 evaluations, 1968.19 s total)
[mcmc]  - Acceptance rate: 0.353
[mcmc]  - Convergence of means: R-1 = 0.028220 after 37952 accepted steps
[mcmc]  - Updated covariance matrix of proposal pdf.
[mcmc] Learn + convergence test @ 47480 samples accepted.
[likelihoodcollection] Average computation time:
   flamingo.inference.masked_ps.MaskedBandPowerLikelihood : 5.32781e-05 s (118843 evaluations, 6.33173 s total)
[theorycollection] Average computation time:
   flamingo.inference.masked_ps.MaskedTSZTheory : 0.0165744 s (118843 evaluations, 1969.75 s total)
[mcmc]  - Acceptance rate: 0.353
[mcmc]  - Convergence of means: R-1 = 0.027821 after 37984 accepted steps
[mcmc]  - Updated covariance matrix of proposal pdf.
[mcmc] Learn + convergence test @ 47520 samples accepted.
[likelihoodcollection] Average computation time:
   flamingo.inference.masked_ps.MaskedBandPowerLikelihood : 5.32806e-05 s (118937 evaluations, 6.33703 s total)
[theorycollection] Average computation time:
   flamingo.inference.masked_ps.MaskedTSZTheory : 0.0165746 s (118937 evaluations, 1971.34 s total)
[mcmc]  - Acceptance rate: 0.353
[mcmc]  - Convergence of means: R-1 = 0.027988 after 38016 accepted steps
[mcmc]  - Updated covariance matrix of proposal pdf.
[mcmc] Learn + convergence test @ 47560 samples accepted.
[likelihoodcollection] Average computation time:
   flamingo.inference.masked_ps.MaskedBandPowerLikelihood : 5.32798e-05 s (119031 evaluations, 6.34194 s total)
[theorycollection] Average computation time:
   flamingo.inference.masked_ps.MaskedTSZTheory : 0.0165748 s (119031 evaluations, 1972.91 s total)
[mcmc]  - Acceptance rate: 0.353
[mcmc]  - Convergence of means: R-1 = 0.027820 after 38048 accepted steps
[mcmc]  - Updated covariance matrix of proposal pdf.
[mcmc] Learn + convergence test @ 47600 samples accepted.
[likelihoodcollection] Average computation time:
   flamingo.inference.masked_ps.MaskedBandPowerLikelihood : 5.32805e-05 s (119122 evaluations, 6.34688 s total)
[theorycollection] Average computation time:
   flamingo.inference.masked_ps.MaskedTSZTheory : 0.0165749 s (119122 evaluations, 1974.43 s total)
[mcmc]  - Acceptance rate: 0.353
[mcmc]  - Convergence of means: R-1 = 0.027822 after 38080 accepted steps
[mcmc]  - Updated covariance matrix of proposal pdf.
[mcmc] Learn + convergence test @ 47640 samples accepted.
[likelihoodcollection] Average computation time:
   flamingo.inference.masked_ps.MaskedBandPowerLikelihood : 5.32813e-05 s (119213 evaluations, 6.35182 s total)
[theorycollection] Average computation time:
   flamingo.inference.masked_ps.MaskedTSZTheory : 0.0165747 s (119213 evaluations, 1975.92 s total)
[mcmc]  - Acceptance rate: 0.353
[mcmc]  - Convergence of means: R-1 = 0.028152 after 38112 accepted steps
[mcmc]  - Updated covariance matrix of proposal pdf.
[mcmc] Learn + convergence test @ 47680 samples accepted.
[likelihoodcollection] Average computation time:
   flamingo.inference.masked_ps.MaskedBandPowerLikelihood : 5.32771e-05 s (119304 evaluations, 6.35617 s total)
[theorycollection] Average computation time:
   flamingo.inference.masked_ps.MaskedTSZTheory : 0.0165748 s (119304 evaluations, 1977.44 s total)
[mcmc]  - Acceptance rate: 0.353
[mcmc]  - Convergence of means: R-1 = 0.028296 after 38144 accepted steps
[mcmc]  - Updated covariance matrix of proposal pdf.
[mcmc] Learn + convergence test @ 47720 samples accepted.
[likelihoodcollection] Average computation time:
   flamingo.inference.masked_ps.MaskedBandPowerLikelihood : 5.32766e-05 s (119391 evaluations, 6.36074 s total)
[theorycollection] Average computation time:
   flamingo.inference.masked_ps.MaskedTSZTheory : 0.0165747 s (119391 evaluations, 1978.87 s total)
[mcmc]  - Acceptance rate: 0.353
[mcmc]  - Convergence of means: R-1 = 0.028620 after 38176 accepted steps
[mcmc]  - Updated covariance matrix of proposal pdf.
[mcmc] Learn + convergence test @ 47760 samples accepted.
[likelihoodcollection] Average computation time:
   flamingo.inference.masked_ps.MaskedBandPowerLikelihood : 5.32775e-05 s (119492 evaluations, 6.36624 s total)
[theorycollection] Average computation time:
   flamingo.inference.masked_ps.MaskedTSZTheory : 0.0165746 s (119492 evaluations, 1980.53 s total)
[mcmc]  - Acceptance rate: 0.353
[mcmc]  - Convergence of means: R-1 = 0.028505 after 38208 accepted steps
[mcmc]  - Updated covariance matrix of proposal pdf.
[mcmc] Learn + convergence test @ 47800 samples accepted.
[likelihoodcollection] Average computation time:
   flamingo.inference.masked_ps.MaskedBandPowerLikelihood : 5.32786e-05 s (119583 evaluations, 6.37122 s total)
[theorycollection] Average computation time:
   flamingo.inference.masked_ps.MaskedTSZTheory : 0.0165745 s (119583 evaluations, 1982.03 s total)
[mcmc]  - Acceptance rate: 0.353
[mcmc]  - Convergence of means: R-1 = 0.028469 after 38240 accepted steps
[mcmc]  - Updated covariance matrix of proposal pdf.
[mcmc] Learn + convergence test @ 47840 samples accepted.
[likelihoodcollection] Average computation time:
   flamingo.inference.masked_ps.MaskedBandPowerLikelihood : 5.32793e-05 s (119693 evaluations, 6.37716 s total)
[theorycollection] Average computation time:
   flamingo.inference.masked_ps.MaskedTSZTheory : 0.0165744 s (119693 evaluations, 1983.84 s total)
[mcmc]  - Acceptance rate: 0.353
[mcmc]  - Convergence of means: R-1 = 0.028258 after 38272 accepted steps
[mcmc]  - Updated covariance matrix of proposal pdf.
[mcmc] Learn + convergence test @ 47880 samples accepted.
[likelihoodcollection] Average computation time:
   flamingo.inference.masked_ps.MaskedBandPowerLikelihood : 5.32771e-05 s (119805 evaluations, 6.38286 s total)
[theorycollection] Average computation time:
   flamingo.inference.masked_ps.MaskedTSZTheory : 0.0165743 s (119805 evaluations, 1985.69 s total)
[mcmc]  - Acceptance rate: 0.353
[mcmc]  - Convergence of means: R-1 = 0.028253 after 38304 accepted steps
[mcmc]  - Updated covariance matrix of proposal pdf.
[mcmc] Learn + convergence test @ 47920 samples accepted.
[likelihoodcollection] Average computation time:
   flamingo.inference.masked_ps.MaskedBandPowerLikelihood : 5.32774e-05 s (119893 evaluations, 6.38758 s total)
[theorycollection] Average computation time:
   flamingo.inference.masked_ps.MaskedTSZTheory : 0.0165743 s (119893 evaluations, 1987.15 s total)
[mcmc]  - Acceptance rate: 0.353
[mcmc]  - Convergence of means: R-1 = 0.028196 after 38336 accepted steps
[mcmc]  - Updated covariance matrix of proposal pdf.
[mcmc] Learn + convergence test @ 47960 samples accepted.
[likelihoodcollection] Average computation time:
   flamingo.inference.masked_ps.MaskedBandPowerLikelihood : 5.32776e-05 s (120019 evaluations, 6.39433 s total)
[theorycollection] Average computation time:
   flamingo.inference.masked_ps.MaskedTSZTheory : 0.0165741 s (120019 evaluations, 1989.21 s total)
[mcmc]  - Acceptance rate: 0.353
[mcmc]  - Convergence of means: R-1 = 0.028296 after 38368 accepted steps
[mcmc]  - Updated covariance matrix of proposal pdf.
[mcmc] Learn + convergence test @ 48000 samples accepted.
[likelihoodcollection] Average computation time:
   flamingo.inference.masked_ps.MaskedBandPowerLikelihood : 5.32771e-05 s (120134 evaluations, 6.40039 s total)
[theorycollection] Average computation time:
   flamingo.inference.masked_ps.MaskedTSZTheory : 0.0165744 s (120134 evaluations, 1991.15 s total)
[mcmc]  - Acceptance rate: 0.353
[mcmc]  - Convergence of means: R-1 = 0.028261 after 38400 accepted steps
[mcmc]  - Updated covariance matrix of proposal pdf.
[mcmc] Learn + convergence test @ 48040 samples accepted.
[likelihoodcollection] Average computation time:
   flamingo.inference.masked_ps.MaskedBandPowerLikelihood : 5.32757e-05 s (120268 evaluations, 6.40736 s total)
[theorycollection] Average computation time:
   flamingo.inference.masked_ps.MaskedTSZTheory : 0.0165743 s (120268 evaluations, 1993.36 s total)
[mcmc]  - Acceptance rate: 0.353
[mcmc]  - Convergence of means: R-1 = 0.028523 after 38432 accepted steps
[mcmc]  - Updated covariance matrix of proposal pdf.
[mcmc] Progress @ 2026-08-03 00:45:58 : 133512 steps taken, and 48073 accepted.
[mcmc] Learn + convergence test @ 48080 samples accepted.
[likelihoodcollection] Average computation time:
   flamingo.inference.masked_ps.MaskedBandPowerLikelihood : 5.3278e-05 s (120392 evaluations, 6.41425 s total)
[theorycollection] Average computation time:
   flamingo.inference.masked_ps.MaskedTSZTheory : 0.0165743 s (120392 evaluations, 1995.41 s total)
[mcmc]  - Acceptance rate: 0.353
[mcmc]  - Convergence of means: R-1 = 0.028548 after 38464 accepted steps
[mcmc]  - Updated covariance matrix of proposal pdf.
[mcmc] Learn + convergence test @ 48120 samples accepted.
[likelihoodcollection] Average computation time:
   flamingo.inference.masked_ps.MaskedBandPowerLikelihood : 5.32784e-05 s (120503 evaluations, 6.4202 s total)
[theorycollection] Average computation time:
   flamingo.inference.masked_ps.MaskedTSZTheory : 0.0165744 s (120503 evaluations, 1997.27 s total)
[mcmc]  - Acceptance rate: 0.353
[mcmc]  - Convergence of means: R-1 = 0.028578 after 38496 accepted steps
[mcmc]  - Updated covariance matrix of proposal pdf.
[mcmc] Learn + convergence test @ 48160 samples accepted.
[likelihoodcollection] Average computation time:
   flamingo.inference.masked_ps.MaskedBandPowerLikelihood : 5.3278e-05 s (120588 evaluations, 6.42469 s total)
[theorycollection] Average computation time:
   flamingo.inference.masked_ps.MaskedTSZTheory : 0.0165744 s (120588 evaluations, 1998.67 s total)
[mcmc]  - Acceptance rate: 0.353
[mcmc]  - Convergence of means: R-1 = 0.028382 after 38528 accepted steps
[mcmc]  - Updated covariance matrix of proposal pdf.
[mcmc] Learn + convergence test @ 48200 samples accepted.
[likelihoodcollection] Average computation time:
   flamingo.inference.masked_ps.MaskedBandPowerLikelihood : 5.32798e-05 s (120685 evaluations, 6.43008 s total)
[theorycollection] Average computation time:
   flamingo.inference.masked_ps.MaskedTSZTheory : 0.0165744 s (120685 evaluations, 2000.29 s total)
[mcmc]  - Acceptance rate: 0.353
[mcmc]  - Convergence of means: R-1 = 0.028384 after 38560 accepted steps
[mcmc]  - Updated covariance matrix of proposal pdf.
[mcmc] Learn + convergence test @ 48240 samples accepted.
[likelihoodcollection] Average computation time:
   flamingo.inference.masked_ps.MaskedBandPowerLikelihood : 5.3282e-05 s (120769 evaluations, 6.43482 s total)
[theorycollection] Average computation time:
   flamingo.inference.masked_ps.MaskedTSZTheory : 0.0165746 s (120769 evaluations, 2001.7 s total)
[mcmc]  - Acceptance rate: 0.353
[mcmc]  - Convergence of means: R-1 = 0.028118 after 38592 accepted steps
[mcmc]  - Updated covariance matrix of proposal pdf.
[mcmc] Learn + convergence test @ 48280 samples accepted.
[likelihoodcollection] Average computation time:
   flamingo.inference.masked_ps.MaskedBandPowerLikelihood : 5.3282e-05 s (120871 evaluations, 6.44024 s total)
[theorycollection] Average computation time:
   flamingo.inference.masked_ps.MaskedTSZTheory : 0.0165747 s (120871 evaluations, 2003.4 s total)
[mcmc]  - Acceptance rate: 0.353
[mcmc]  - Convergence of means: R-1 = 0.027969 after 38624 accepted steps
[mcmc]  - Updated covariance matrix of proposal pdf.
[mcmc] Learn + convergence test @ 48320 samples accepted.
[likelihoodcollection] Average computation time:
   flamingo.inference.masked_ps.MaskedBandPowerLikelihood : 5.32821e-05 s (120973 evaluations, 6.4457 s total)
[theorycollection] Average computation time:
   flamingo.inference.masked_ps.MaskedTSZTheory : 0.0165746 s (120973 evaluations, 2005.08 s total)
[mcmc]  - Acceptance rate: 0.353
[mcmc]  - Convergence of means: R-1 = 0.027934 after 38656 accepted steps
[mcmc]  - Updated covariance matrix of proposal pdf.
[mcmc] Learn + convergence test @ 48360 samples accepted.
[likelihoodcollection] Average computation time:
   flamingo.inference.masked_ps.MaskedBandPowerLikelihood : 5.32814e-05 s (121078 evaluations, 6.45121 s total)
[theorycollection] Average computation time:
   flamingo.inference.masked_ps.MaskedTSZTheory : 0.0165748 s (121078 evaluations, 2006.84 s total)
[mcmc]  - Acceptance rate: 0.353
[mcmc]  - Convergence of means: R-1 = 0.028467 after 38688 accepted steps
[mcmc]  - Updated covariance matrix of proposal pdf.
[mcmc] Learn + convergence test @ 48400 samples accepted.
[likelihoodcollection] Average computation time:
   flamingo.inference.masked_ps.MaskedBandPowerLikelihood : 5.32794e-05 s (121187 evaluations, 6.45677 s total)
[theorycollection] Average computation time:
   flamingo.inference.masked_ps.MaskedTSZTheory : 0.0165748 s (121187 evaluations, 2008.65 s total)
[mcmc]  - Acceptance rate: 0.353
[mcmc]  - Convergence of means: R-1 = 0.027723 after 38720 accepted steps
[mcmc]  - Updated covariance matrix of proposal pdf.
[mcmc] Learn + convergence test @ 48440 samples accepted.
[likelihoodcollection] Average computation time:
   flamingo.inference.masked_ps.MaskedBandPowerLikelihood : 5.32794e-05 s (121315 evaluations, 6.46359 s total)
[theorycollection] Average computation time:
   flamingo.inference.masked_ps.MaskedTSZTheory : 0.0165748 s (121315 evaluations, 2010.77 s total)
[mcmc]  - Acceptance rate: 0.353
[mcmc]  - Convergence of means: R-1 = 0.027550 after 38752 accepted steps
[mcmc]  - Updated covariance matrix of proposal pdf.
[mcmc] Learn + convergence test @ 48480 samples accepted.
[likelihoodcollection] Average computation time:
   flamingo.inference.masked_ps.MaskedBandPowerLikelihood : 5.32813e-05 s (121439 evaluations, 6.47042 s total)
[theorycollection] Average computation time:
   flamingo.inference.masked_ps.MaskedTSZTheory : 0.0165749 s (121439 evaluations, 2012.83 s total)
[mcmc]  - Acceptance rate: 0.353
[mcmc]  - Convergence of means: R-1 = 0.027938 after 38784 accepted steps
[mcmc]  - Updated covariance matrix of proposal pdf.
[mcmc] Learn + convergence test @ 48520 samples accepted.
[likelihoodcollection] Average computation time:
   flamingo.inference.masked_ps.MaskedBandPowerLikelihood : 5.3278e-05 s (121545 evaluations, 6.47568 s total)
[theorycollection] Average computation time:
   flamingo.inference.masked_ps.MaskedTSZTheory : 0.0165747 s (121545 evaluations, 2014.58 s total)
[mcmc]  - Acceptance rate: 0.353
[mcmc]  - Convergence of means: R-1 = 0.027321 after 38816 accepted steps
[mcmc]  - Updated covariance matrix of proposal pdf.
[mcmc] Learn + convergence test @ 48560 samples accepted.
[likelihoodcollection] Average computation time:
   flamingo.inference.masked_ps.MaskedBandPowerLikelihood : 5.32799e-05 s (121645 evaluations, 6.48123 s total)
[theorycollection] Average computation time:
   flamingo.inference.masked_ps.MaskedTSZTheory : 0.0165749 s (121645 evaluations, 2016.25 s total)
[mcmc]  - Acceptance rate: 0.353
[mcmc]  - Convergence of means: R-1 = 0.026720 after 38848 accepted steps
[mcmc]  - Updated covariance matrix of proposal pdf.
[mcmc] Learn + convergence test @ 48600 samples accepted.
[likelihoodcollection] Average computation time:
   flamingo.inference.masked_ps.MaskedBandPowerLikelihood : 5.32829e-05 s (121754 evaluations, 6.4874 s total)
[theorycollection] Average computation time:
   flamingo.inference.masked_ps.MaskedTSZTheory : 0.0165751 s (121754 evaluations, 2018.08 s total)
[mcmc]  - Acceptance rate: 0.353
[mcmc]  - Convergence of means: R-1 = 0.026352 after 38880 accepted steps
[mcmc]  - Updated covariance matrix of proposal pdf.
[mcmc] Learn + convergence test @ 48640 samples accepted.
[likelihoodcollection] Average computation time:
   flamingo.inference.masked_ps.MaskedBandPowerLikelihood : 5.32828e-05 s (121854 evaluations, 6.49272 s total)
[theorycollection] Average computation time:
   flamingo.inference.masked_ps.MaskedTSZTheory : 0.016575 s (121854 evaluations, 2019.74 s total)
[mcmc]  - Acceptance rate: 0.353
[mcmc]  - Convergence of means: R-1 = 0.026517 after 38912 accepted steps
[mcmc]  - Updated covariance matrix of proposal pdf.
[mcmc] Learn + convergence test @ 48680 samples accepted.
[likelihoodcollection] Average computation time:
   flamingo.inference.masked_ps.MaskedBandPowerLikelihood : 5.32824e-05 s (121949 evaluations, 6.49773 s total)
[theorycollection] Average computation time:
   flamingo.inference.masked_ps.MaskedTSZTheory : 0.0165751 s (121949 evaluations, 2021.32 s total)
[mcmc]  - Acceptance rate: 0.353
[mcmc]  - Convergence of means: R-1 = 0.026598 after 38944 accepted steps
[mcmc]  - Updated covariance matrix of proposal pdf.
[mcmc] Learn + convergence test @ 48720 samples accepted.
[likelihoodcollection] Average computation time:
   flamingo.inference.masked_ps.MaskedBandPowerLikelihood : 5.32817e-05 s (122041 evaluations, 6.50255 s total)
[theorycollection] Average computation time:
   flamingo.inference.masked_ps.MaskedTSZTheory : 0.0165749 s (122041 evaluations, 2022.81 s total)
[mcmc]  - Acceptance rate: 0.353
[mcmc]  - Convergence of means: R-1 = 0.026732 after 38976 accepted steps
[mcmc]  - Updated covariance matrix of proposal pdf.
[mcmc] Learn + convergence test @ 48760 samples accepted.
[likelihoodcollection] Average computation time:
   flamingo.inference.masked_ps.MaskedBandPowerLikelihood : 5.32817e-05 s (122133 evaluations, 6.50746 s total)
[theorycollection] Average computation time:
   flamingo.inference.masked_ps.MaskedTSZTheory : 0.0165746 s (122133 evaluations, 2024.31 s total)
[mcmc]  - Acceptance rate: 0.353
[mcmc]  - Convergence of means: R-1 = 0.027365 after 39008 accepted steps
[mcmc]  - Updated covariance matrix of proposal pdf.
[mcmc] Learn + convergence test @ 48800 samples accepted.
[likelihoodcollection] Average computation time:
   flamingo.inference.masked_ps.MaskedBandPowerLikelihood : 5.32813e-05 s (122235 evaluations, 6.51284 s total)
[theorycollection] Average computation time:
   flamingo.inference.masked_ps.MaskedTSZTheory : 0.0165746 s (122235 evaluations, 2026 s total)
[mcmc]  - Acceptance rate: 0.353
[mcmc]  - Convergence of means: R-1 = 0.028413 after 39040 accepted steps
[mcmc]  - Updated covariance matrix of proposal pdf.
[mcmc] Learn + convergence test @ 48840 samples accepted.
[likelihoodcollection] Average computation time:
   flamingo.inference.masked_ps.MaskedBandPowerLikelihood : 5.3281e-05 s (122321 evaluations, 6.51738 s total)
[theorycollection] Average computation time:
   flamingo.inference.masked_ps.MaskedTSZTheory : 0.0165745 s (122321 evaluations, 2027.41 s total)
[mcmc]  - Acceptance rate: 0.353
[mcmc]  - Convergence of means: R-1 = 0.028792 after 39072 accepted steps
[mcmc]  - Updated covariance matrix of proposal pdf.
[mcmc] Learn + convergence test @ 48880 samples accepted.
[likelihoodcollection] Average computation time:
   flamingo.inference.masked_ps.MaskedBandPowerLikelihood : 5.32808e-05 s (122434 evaluations, 6.52338 s total)
[theorycollection] Average computation time:
   flamingo.inference.masked_ps.MaskedTSZTheory : 0.0165743 s (122434 evaluations, 2029.26 s total)
[mcmc]  - Acceptance rate: 0.353
[mcmc]  - Convergence of means: R-1 = 0.029183 after 39104 accepted steps
[mcmc]  - Updated covariance matrix of proposal pdf.
[mcmc] Learn + convergence test @ 48920 samples accepted.
[likelihoodcollection] Average computation time:
   flamingo.inference.masked_ps.MaskedBandPowerLikelihood : 5.32815e-05 s (122525 evaluations, 6.52832 s total)
[theorycollection] Average computation time:
   flamingo.inference.masked_ps.MaskedTSZTheory : 0.0165744 s (122525 evaluations, 2030.78 s total)
[mcmc]  - Acceptance rate: 0.353
[mcmc]  - Convergence of means: R-1 = 0.029318 after 39136 accepted steps
[mcmc]  - Updated covariance matrix of proposal pdf.
[mcmc] Learn + convergence test @ 48960 samples accepted.
[likelihoodcollection] Average computation time:
   flamingo.inference.masked_ps.MaskedBandPowerLikelihood : 5.32832e-05 s (122621 evaluations, 6.53364 s total)
[theorycollection] Average computation time:
   flamingo.inference.masked_ps.MaskedTSZTheory : 0.0165744 s (122621 evaluations, 2032.37 s total)
[mcmc]  - Acceptance rate: 0.353
[mcmc]  - Convergence of means: R-1 = 0.029632 after 39168 accepted steps
[mcmc]  - Updated covariance matrix of proposal pdf.
[mcmc] Learn + convergence test @ 49000 samples accepted.
[likelihoodcollection] Average computation time:
   flamingo.inference.masked_ps.MaskedBandPowerLikelihood : 5.32804e-05 s (122729 evaluations, 6.53905 s total)
[theorycollection] Average computation time:
   flamingo.inference.masked_ps.MaskedTSZTheory : 0.0165746 s (122729 evaluations, 2034.18 s total)
[mcmc]  - Acceptance rate: 0.353
[mcmc]  - Convergence of means: R-1 = 0.029370 after 39200 accepted steps
[mcmc]  - Updated covariance matrix of proposal pdf.
[mcmc] Learn + convergence test @ 49040 samples accepted.
[likelihoodcollection] Average computation time:
   flamingo.inference.masked_ps.MaskedBandPowerLikelihood : 5.3279e-05 s (122843 evaluations, 6.54495 s total)
[theorycollection] Average computation time:
   flamingo.inference.masked_ps.MaskedTSZTheory : 0.0165746 s (122843 evaluations, 2036.07 s total)
[mcmc]  - Acceptance rate: 0.353
[mcmc]  - Convergence of means: R-1 = 0.029085 after 39232 accepted steps
[mcmc]  - Updated covariance matrix of proposal pdf.
[mcmc] Learn + convergence test @ 49080 samples accepted.
[likelihoodcollection] Average computation time:
   flamingo.inference.masked_ps.MaskedBandPowerLikelihood : 5.32769e-05 s (122932 evaluations, 6.54944 s total)
[theorycollection] Average computation time:
   flamingo.inference.masked_ps.MaskedTSZTheory : 0.0165749 s (122932 evaluations, 2037.59 s total)
[mcmc]  - Acceptance rate: 0.353
[mcmc]  - Convergence of means: R-1 = 0.028792 after 39264 accepted steps
[mcmc]  - Updated covariance matrix of proposal pdf.
[mcmc] Learn + convergence test @ 49120 samples accepted.
[likelihoodcollection] Average computation time:
   flamingo.inference.masked_ps.MaskedBandPowerLikelihood : 5.32765e-05 s (123034 evaluations, 6.55483 s total)
[theorycollection] Average computation time:
   flamingo.inference.masked_ps.MaskedTSZTheory : 0.0165749 s (123034 evaluations, 2039.28 s total)
[mcmc]  - Acceptance rate: 0.353
[mcmc]  - Convergence of means: R-1 = 0.029014 after 39296 accepted steps
[mcmc]  - Updated covariance matrix of proposal pdf.
[mcmc] Learn + convergence test @ 49160 samples accepted.
[likelihoodcollection] Average computation time:
   flamingo.inference.masked_ps.MaskedBandPowerLikelihood : 5.32818e-05 s (123140 evaluations, 6.56113 s total)
[theorycollection] Average computation time:
   flamingo.inference.masked_ps.MaskedTSZTheory : 0.016575 s (123140 evaluations, 2041.04 s total)
[mcmc]  - Acceptance rate: 0.353
[mcmc]  - Convergence of means: R-1 = 0.026293 after 39328 accepted steps
[mcmc]  - Updated covariance matrix of proposal pdf.
[mcmc] Learn + convergence test @ 49200 samples accepted.
[likelihoodcollection] Average computation time:
   flamingo.inference.masked_ps.MaskedBandPowerLikelihood : 5.32824e-05 s (123216 evaluations, 6.56524 s total)
[theorycollection] Average computation time:
   flamingo.inference.masked_ps.MaskedTSZTheory : 0.016575 s (123216 evaluations, 2042.31 s total)
[mcmc]  - Acceptance rate: 0.353
[mcmc]  - Convergence of means: R-1 = 0.022634 after 39360 accepted steps
[mcmc]  - Updated covariance matrix of proposal pdf.
[mcmc] Learn + convergence test @ 49240 samples accepted.
[likelihoodcollection] Average computation time:
   flamingo.inference.masked_ps.MaskedBandPowerLikelihood : 5.32828e-05 s (123313 evaluations, 6.57046 s total)
[theorycollection] Average computation time:
   flamingo.inference.masked_ps.MaskedTSZTheory : 0.0165751 s (123313 evaluations, 2043.93 s total)
[mcmc]  - Acceptance rate: 0.353
[mcmc]  - Convergence of means: R-1 = 0.020368 after 39392 accepted steps
[mcmc]  - Updated covariance matrix of proposal pdf.
[mcmc] Learn + convergence test @ 49280 samples accepted.
[likelihoodcollection] Average computation time:
   flamingo.inference.masked_ps.MaskedBandPowerLikelihood : 5.32808e-05 s (123414 evaluations, 6.5756 s total)
[theorycollection] Average computation time:
   flamingo.inference.masked_ps.MaskedTSZTheory : 0.016575 s (123414 evaluations, 2045.59 s total)
[mcmc]  - Acceptance rate: 0.353
[mcmc]  - Convergence of means: R-1 = 0.018513 after 39424 accepted steps
[mcmc]  - Updated covariance matrix of proposal pdf.
[mcmc] Learn + convergence test @ 49320 samples accepted.
[likelihoodcollection] Average computation time:
   flamingo.inference.masked_ps.MaskedBandPowerLikelihood : 5.32816e-05 s (123480 evaluations, 6.57921 s total)
[theorycollection] Average computation time:
   flamingo.inference.masked_ps.MaskedTSZTheory : 0.016575 s (123480 evaluations, 2046.68 s total)
[mcmc]  - Acceptance rate: 0.353
[mcmc]  - Convergence of means: R-1 = 0.017707 after 39456 accepted steps
[mcmc]  - Updated covariance matrix of proposal pdf.
[mcmc] Learn + convergence test @ 49360 samples accepted.
[likelihoodcollection] Average computation time:
   flamingo.inference.masked_ps.MaskedBandPowerLikelihood : 5.32804e-05 s (123568 evaluations, 6.58375 s total)
[theorycollection] Average computation time:
   flamingo.inference.masked_ps.MaskedTSZTheory : 0.0165749 s (123568 evaluations, 2048.13 s total)
[mcmc]  - Acceptance rate: 0.354
[mcmc]  - Convergence of means: R-1 = 0.017731 after 39488 accepted steps
[mcmc]  - Updated covariance matrix of proposal pdf.
[mcmc] Learn + convergence test @ 49400 samples accepted.
[likelihoodcollection] Average computation time:
   flamingo.inference.masked_ps.MaskedBandPowerLikelihood : 5.32804e-05 s (123656 evaluations, 6.58844 s total)
[theorycollection] Average computation time:
   flamingo.inference.masked_ps.MaskedTSZTheory : 0.0165749 s (123656 evaluations, 2049.59 s total)
[mcmc]  - Acceptance rate: 0.354
[mcmc]  - Convergence of means: R-1 = 0.017484 after 39520 accepted steps
[mcmc]  - Updated covariance matrix of proposal pdf.
[mcmc] Learn + convergence test @ 49440 samples accepted.
[likelihoodcollection] Average computation time:
   flamingo.inference.masked_ps.MaskedBandPowerLikelihood : 5.32783e-05 s (123744 evaluations, 6.59287 s total)
[theorycollection] Average computation time:
   flamingo.inference.masked_ps.MaskedTSZTheory : 0.0165748 s (123744 evaluations, 2051.04 s total)
[mcmc]  - Acceptance rate: 0.354
[mcmc]  - Convergence of means: R-1 = 0.017589 after 39552 accepted steps
[mcmc]  - Updated covariance matrix of proposal pdf.
[mcmc] Learn + convergence test @ 49480 samples accepted.
[likelihoodcollection] Average computation time:
   flamingo.inference.masked_ps.MaskedBandPowerLikelihood : 5.32816e-05 s (123840 evaluations, 6.59839 s total)
[theorycollection] Average computation time:
   flamingo.inference.masked_ps.MaskedTSZTheory : 0.0165748 s (123840 evaluations, 2052.62 s total)
[mcmc]  - Acceptance rate: 0.354
[mcmc]  - Convergence of means: R-1 = 0.016634 after 39584 accepted steps
[mcmc]  - Updated covariance matrix of proposal pdf.
[mcmc] Progress @ 2026-08-03 00:46:58 : 137413 steps taken, and 49511 accepted.
[mcmc] Learn + convergence test @ 49520 samples accepted.
[likelihoodcollection] Average computation time:
   flamingo.inference.masked_ps.MaskedBandPowerLikelihood : 5.32838e-05 s (123923 evaluations, 6.60309 s total)
[theorycollection] Average computation time:
   flamingo.inference.masked_ps.MaskedTSZTheory : 0.016575 s (123923 evaluations, 2054.03 s total)
[mcmc]  - Acceptance rate: 0.354
[mcmc]  - Convergence of means: R-1 = 0.015916 after 39616 accepted steps
[mcmc]  - Updated covariance matrix of proposal pdf.
[mcmc] Learn + convergence test @ 49560 samples accepted.
[likelihoodcollection] Average computation time:
   flamingo.inference.masked_ps.MaskedBandPowerLikelihood : 5.32837e-05 s (124021 evaluations, 6.6083 s total)
[theorycollection] Average computation time:
   flamingo.inference.masked_ps.MaskedTSZTheory : 0.0165752 s (124021 evaluations, 2055.67 s total)
[mcmc]  - Acceptance rate: 0.354
[mcmc]  - Convergence of means: R-1 = 0.015409 after 39648 accepted steps
[mcmc]  - Updated covariance matrix of proposal pdf.
[mcmc] Learn + convergence test @ 49600 samples accepted.
[likelihoodcollection] Average computation time:
   flamingo.inference.masked_ps.MaskedBandPowerLikelihood : 5.32856e-05 s (124118 evaluations, 6.61371 s total)
[theorycollection] Average computation time:
   flamingo.inference.masked_ps.MaskedTSZTheory : 0.0165754 s (124118 evaluations, 2057.3 s total)
[mcmc]  - Acceptance rate: 0.354
[mcmc]  - Convergence of means: R-1 = 0.015025 after 39680 accepted steps
[mcmc]  - Updated covariance matrix of proposal pdf.
[mcmc] Learn + convergence test @ 49640 samples accepted.
[likelihoodcollection] Average computation time:
   flamingo.inference.masked_ps.MaskedBandPowerLikelihood : 5.32867e-05 s (124218 evaluations, 6.61916 s total)
[theorycollection] Average computation time:
   flamingo.inference.masked_ps.MaskedTSZTheory : 0.0165753 s (124218 evaluations, 2058.95 s total)
[mcmc]  - Acceptance rate: 0.354
[mcmc]  - Convergence of means: R-1 = 0.014680 after 39712 accepted steps
[mcmc]  - Updated covariance matrix of proposal pdf.
[mcmc] Learn + convergence test @ 49680 samples accepted.
[likelihoodcollection] Average computation time:
   flamingo.inference.masked_ps.MaskedBandPowerLikelihood : 5.32845e-05 s (124306 evaluations, 6.62359 s total)
[theorycollection] Average computation time:
   flamingo.inference.masked_ps.MaskedTSZTheory : 0.0165752 s (124306 evaluations, 2060.4 s total)
[mcmc]  - Acceptance rate: 0.354
[mcmc]  - Convergence of means: R-1 = 0.014758 after 39744 accepted steps
[mcmc]  - Updated covariance matrix of proposal pdf.
[mcmc] Learn + convergence test @ 49720 samples accepted.
[likelihoodcollection] Average computation time:
   flamingo.inference.masked_ps.MaskedBandPowerLikelihood : 5.32845e-05 s (124421 evaluations, 6.62971 s total)
[theorycollection] Average computation time:
   flamingo.inference.masked_ps.MaskedTSZTheory : 0.0165753 s (124421 evaluations, 2062.31 s total)
[mcmc]  - Acceptance rate: 0.354
[mcmc]  - Convergence of means: R-1 = 0.014696 after 39776 accepted steps
[mcmc]  - Updated covariance matrix of proposal pdf.
[mcmc] Learn + convergence test @ 49760 samples accepted.
[likelihoodcollection] Average computation time:
   flamingo.inference.masked_ps.MaskedBandPowerLikelihood : 5.32909e-05 s (124521 evaluations, 6.63584 s total)
[theorycollection] Average computation time:
   flamingo.inference.masked_ps.MaskedTSZTheory : 0.0165753 s (124521 evaluations, 2063.97 s total)
[mcmc]  - Acceptance rate: 0.354
[mcmc]  - Convergence of means: R-1 = 0.014980 after 39808 accepted steps
[mcmc]  - Updated covariance matrix of proposal pdf.
[mcmc] Learn + convergence test @ 49800 samples accepted.
[likelihoodcollection] Average computation time:
   flamingo.inference.masked_ps.MaskedBandPowerLikelihood : 5.32913e-05 s (124629 evaluations, 6.64164 s total)
[theorycollection] Average computation time:
   flamingo.inference.masked_ps.MaskedTSZTheory : 0.0165752 s (124629 evaluations, 2065.75 s total)
[mcmc]  - Acceptance rate: 0.354
[mcmc]  - Convergence of means: R-1 = 0.015349 after 39840 accepted steps
[mcmc]  - Updated covariance matrix of proposal pdf.
[mcmc] Learn + convergence test @ 49840 samples accepted.
[likelihoodcollection] Average computation time:
   flamingo.inference.masked_ps.MaskedBandPowerLikelihood : 5.32883e-05 s (124750 evaluations, 6.64771 s total)
[theorycollection] Average computation time:
   flamingo.inference.masked_ps.MaskedTSZTheory : 0.0165751 s (124750 evaluations, 2067.75 s total)
[mcmc]  - Acceptance rate: 0.354
[mcmc]  - Convergence of means: R-1 = 0.015515 after 39872 accepted steps
[mcmc]  - Updated covariance matrix of proposal pdf.
[mcmc] Learn + convergence test @ 49880 samples accepted.
[likelihoodcollection] Average computation time:
   flamingo.inference.masked_ps.MaskedBandPowerLikelihood : 5.32871e-05 s (124862 evaluations, 6.65353 s total)
[theorycollection] Average computation time:
   flamingo.inference.masked_ps.MaskedTSZTheory : 0.0165753 s (124862 evaluations, 2069.62 s total)
[mcmc]  - Acceptance rate: 0.354
[mcmc]  - Convergence of means: R-1 = 0.015913 after 39904 accepted steps
[mcmc]  - Updated covariance matrix of proposal pdf.
[mcmc] Learn + convergence test @ 49920 samples accepted.
[likelihoodcollection] Average computation time:
   flamingo.inference.masked_ps.MaskedBandPowerLikelihood : 5.32869e-05 s (124974 evaluations, 6.65948 s total)
[theorycollection] Average computation time:
   flamingo.inference.masked_ps.MaskedTSZTheory : 0.0165754 s (124974 evaluations, 2071.5 s total)
[mcmc]  - Acceptance rate: 0.354
[mcmc]  - Convergence of means: R-1 = 0.016265 after 39936 accepted steps
[mcmc]  - Updated covariance matrix of proposal pdf.
[mcmc] Learn + convergence test @ 49960 samples accepted.
[likelihoodcollection] Average computation time:
   flamingo.inference.masked_ps.MaskedBandPowerLikelihood : 5.32869e-05 s (125077 evaluations, 6.66496 s total)
[theorycollection] Average computation time:
   flamingo.inference.masked_ps.MaskedTSZTheory : 0.0165755 s (125077 evaluations, 2073.22 s total)
[mcmc]  - Acceptance rate: 0.354
[mcmc]  - Convergence of means: R-1 = 0.015915 after 39968 accepted steps
[mcmc]  - Updated covariance matrix of proposal pdf.
[mcmc] Learn + convergence test @ 50000 samples accepted.
[likelihoodcollection] Average computation time:
   flamingo.inference.masked_ps.MaskedBandPowerLikelihood : 5.32876e-05 s (125159 evaluations, 6.66942 s total)
[theorycollection] Average computation time:
   flamingo.inference.masked_ps.MaskedTSZTheory : 0.0165757 s (125159 evaluations, 2074.6 s total)
[mcmc]  - Acceptance rate: 0.354
[mcmc]  - Convergence of means: R-1 = 0.015874 after 40000 accepted steps
[mcmc]  - Updated covariance matrix of proposal pdf.
[mcmc] Learn + convergence test @ 50040 samples accepted.
[likelihoodcollection] Average computation time:
   flamingo.inference.masked_ps.MaskedBandPowerLikelihood : 5.32899e-05 s (125259 evaluations, 6.67503 s total)
[theorycollection] Average computation time:
   flamingo.inference.masked_ps.MaskedTSZTheory : 0.0165757 s (125259 evaluations, 2076.25 s total)
[mcmc]  - Acceptance rate: 0.354
[mcmc]  - Convergence of means: R-1 = 0.015544 after 40032 accepted steps
[mcmc]  - Updated covariance matrix of proposal pdf.
[mcmc] Learn + convergence test @ 50080 samples accepted.
[likelihoodcollection] Average computation time:
   flamingo.inference.masked_ps.MaskedBandPowerLikelihood : 5.32877e-05 s (125381 evaluations, 6.68126 s total)
[theorycollection] Average computation time:
   flamingo.inference.masked_ps.MaskedTSZTheory : 0.0165755 s (125381 evaluations, 2078.25 s total)
[mcmc]  - Acceptance rate: 0.354
[mcmc]  - Convergence of means: R-1 = 0.016206 after 40064 accepted steps
[mcmc]  - Updated covariance matrix of proposal pdf.
[mcmc] Learn + convergence test @ 50120 samples accepted.
[likelihoodcollection] Average computation time:
   flamingo.inference.masked_ps.MaskedBandPowerLikelihood : 5.32859e-05 s (125484 evaluations, 6.68652 s total)
[theorycollection] Average computation time:
   flamingo.inference.masked_ps.MaskedTSZTheory : 0.0165752 s (125484 evaluations, 2079.92 s total)
[mcmc]  - Acceptance rate: 0.354
[mcmc]  - Convergence of means: R-1 = 0.016418 after 40096 accepted steps
[mcmc]  - Updated covariance matrix of proposal pdf.
[mcmc] Learn + convergence test @ 50160 samples accepted.
[likelihoodcollection] Average computation time:
   flamingo.inference.masked_ps.MaskedBandPowerLikelihood : 5.32856e-05 s (125573 evaluations, 6.69123 s total)
[theorycollection] Average computation time:
   flamingo.inference.masked_ps.MaskedTSZTheory : 0.016575 s (125573 evaluations, 2081.37 s total)
[mcmc]  - Acceptance rate: 0.354
[mcmc]  - Convergence of means: R-1 = 0.016533 after 40128 accepted steps
[mcmc]  - Updated covariance matrix of proposal pdf.
[mcmc] Learn + convergence test @ 50200 samples accepted.
[likelihoodcollection] Average computation time:
   flamingo.inference.masked_ps.MaskedBandPowerLikelihood : 5.32867e-05 s (125665 evaluations, 6.69627 s total)
[theorycollection] Average computation time:
   flamingo.inference.masked_ps.MaskedTSZTheory : 0.0165748 s (125665 evaluations, 2082.87 s total)
[mcmc]  - Acceptance rate: 0.354
[mcmc]  - Convergence of means: R-1 = 0.016661 after 40160 accepted steps
[mcmc]  - Updated covariance matrix of proposal pdf.
[mcmc] Learn + convergence test @ 50240 samples accepted.
[likelihoodcollection] Average computation time:
   flamingo.inference.masked_ps.MaskedBandPowerLikelihood : 5.32901e-05 s (125757 evaluations, 6.70161 s total)
[theorycollection] Average computation time:
   flamingo.inference.masked_ps.MaskedTSZTheory : 0.016575 s (125757 evaluations, 2084.42 s total)
[mcmc]  - Acceptance rate: 0.354
[mcmc]  - Convergence of means: R-1 = 0.015574 after 40192 accepted steps
[mcmc]  - Updated covariance matrix of proposal pdf.
[mcmc] Learn + convergence test @ 50280 samples accepted.
[likelihoodcollection] Average computation time:
   flamingo.inference.masked_ps.MaskedBandPowerLikelihood : 5.32891e-05 s (125836 evaluations, 6.70569 s total)
[theorycollection] Average computation time:
   flamingo.inference.masked_ps.MaskedTSZTheory : 0.0165748 s (125836 evaluations, 2085.71 s total)
[mcmc]  - Acceptance rate: 0.354
[mcmc]  - Convergence of means: R-1 = 0.015004 after 40224 accepted steps
[mcmc]  - Updated covariance matrix of proposal pdf.
[mcmc] Learn + convergence test @ 50320 samples accepted.
[likelihoodcollection] Average computation time:
   flamingo.inference.masked_ps.MaskedBandPowerLikelihood : 5.32886e-05 s (125930 evaluations, 6.71064 s total)
[theorycollection] Average computation time:
   flamingo.inference.masked_ps.MaskedTSZTheory : 0.0165745 s (125930 evaluations, 2087.22 s total)
[mcmc]  - Acceptance rate: 0.354
[mcmc]  - Convergence of means: R-1 = 0.014642 after 40256 accepted steps
[mcmc]  - Updated covariance matrix of proposal pdf.
[mcmc] Learn + convergence test @ 50360 samples accepted.
[likelihoodcollection] Average computation time:
   flamingo.inference.masked_ps.MaskedBandPowerLikelihood : 5.3289e-05 s (126023 evaluations, 6.71564 s total)
[theorycollection] Average computation time:
   flamingo.inference.masked_ps.MaskedTSZTheory : 0.0165744 s (126023 evaluations, 2088.75 s total)
[mcmc]  - Acceptance rate: 0.354
[mcmc]  - Convergence of means: R-1 = 0.014729 after 40288 accepted steps
[mcmc]  - Updated covariance matrix of proposal pdf.
[mcmc] Learn + convergence test @ 50400 samples accepted.
[likelihoodcollection] Average computation time:
   flamingo.inference.masked_ps.MaskedBandPowerLikelihood : 5.32893e-05 s (126116 evaluations, 6.72064 s total)
[theorycollection] Average computation time:
   flamingo.inference.masked_ps.MaskedTSZTheory : 0.0165745 s (126116 evaluations, 2090.31 s total)
[mcmc]  - Acceptance rate: 0.354
[mcmc]  - Convergence of means: R-1 = 0.015118 after 40320 accepted steps
[mcmc]  - Updated covariance matrix of proposal pdf.
[mcmc] Learn + convergence test @ 50440 samples accepted.
[likelihoodcollection] Average computation time:
   flamingo.inference.masked_ps.MaskedBandPowerLikelihood : 5.32877e-05 s (126221 evaluations, 6.72603 s total)
[theorycollection] Average computation time:
   flamingo.inference.masked_ps.MaskedTSZTheory : 0.0165746 s (126221 evaluations, 2092.07 s total)
[mcmc]  - Acceptance rate: 0.354
[mcmc]  - Convergence of means: R-1 = 0.015521 after 40352 accepted steps
[mcmc]  - Updated covariance matrix of proposal pdf.
[mcmc] Learn + convergence test @ 50480 samples accepted.
[likelihoodcollection] Average computation time:
   flamingo.inference.masked_ps.MaskedBandPowerLikelihood : 5.32885e-05 s (126335 evaluations, 6.7322 s total)
[theorycollection] Average computation time:
   flamingo.inference.masked_ps.MaskedTSZTheory : 0.0165745 s (126335 evaluations, 2093.94 s total)
[mcmc]  - Acceptance rate: 0.354
[mcmc]  - Convergence of means: R-1 = 0.016140 after 40384 accepted steps
[mcmc]  - Updated covariance matrix of proposal pdf.
[mcmc] Learn + convergence test @ 50520 samples accepted.
[likelihoodcollection] Average computation time:
   flamingo.inference.masked_ps.MaskedBandPowerLikelihood : 5.3286e-05 s (126424 evaluations, 6.73663 s total)
[theorycollection] Average computation time:
   flamingo.inference.masked_ps.MaskedTSZTheory : 0.0165744 s (126424 evaluations, 2095.4 s total)
[mcmc]  - Acceptance rate: 0.354
[mcmc]  - Convergence of means: R-1 = 0.016812 after 40416 accepted steps
[mcmc]  - Updated covariance matrix of proposal pdf.
[mcmc] Learn + convergence test @ 50560 samples accepted.
[likelihoodcollection] Average computation time:
   flamingo.inference.masked_ps.MaskedBandPowerLikelihood : 5.32867e-05 s (126525 evaluations, 6.74209 s total)
[theorycollection] Average computation time:
   flamingo.inference.masked_ps.MaskedTSZTheory : 0.0165744 s (126525 evaluations, 2097.08 s total)
[mcmc]  - Acceptance rate: 0.354
[mcmc]  - Convergence of means: R-1 = 0.017024 after 40448 accepted steps
[mcmc]  - Updated covariance matrix of proposal pdf.
[mcmc] Learn + convergence test @ 50600 samples accepted.
[likelihoodcollection] Average computation time:
   flamingo.inference.masked_ps.MaskedBandPowerLikelihood : 5.32835e-05 s (126625 evaluations, 6.74703 s total)
[theorycollection] Average computation time:
   flamingo.inference.masked_ps.MaskedTSZTheory : 0.0165745 s (126625 evaluations, 2098.74 s total)
[mcmc]  - Acceptance rate: 0.354
[mcmc]  - Convergence of means: R-1 = 0.017172 after 40480 accepted steps
[mcmc]  - Updated covariance matrix of proposal pdf.
[mcmc] Learn + convergence test @ 50640 samples accepted.
[likelihoodcollection] Average computation time:
   flamingo.inference.masked_ps.MaskedBandPowerLikelihood : 5.32848e-05 s (126734 evaluations, 6.753 s total)
[theorycollection] Average computation time:
   flamingo.inference.masked_ps.MaskedTSZTheory : 0.0165744 s (126734 evaluations, 2100.54 s total)
[mcmc]  - Acceptance rate: 0.354
[mcmc]  - Convergence of means: R-1 = 0.017423 after 40512 accepted steps
[mcmc]  - Updated covariance matrix of proposal pdf.
[mcmc] Learn + convergence test @ 50680 samples accepted.
[likelihoodcollection] Average computation time:
   flamingo.inference.masked_ps.MaskedBandPowerLikelihood : 5.32862e-05 s (126856 evaluations, 6.75967 s total)
[theorycollection] Average computation time:
   flamingo.inference.masked_ps.MaskedTSZTheory : 0.0165745 s (126856 evaluations, 2102.57 s total)
[mcmc]  - Acceptance rate: 0.354
[mcmc]  - Convergence of means: R-1 = 0.018433 after 40544 accepted steps
[mcmc]  - Updated covariance matrix of proposal pdf.
[mcmc] Learn + convergence test @ 50720 samples accepted.
[likelihoodcollection] Average computation time:
   flamingo.inference.masked_ps.MaskedBandPowerLikelihood : 5.32887e-05 s (126959 evaluations, 6.76548 s total)
[theorycollection] Average computation time:
   flamingo.inference.masked_ps.MaskedTSZTheory : 0.0165745 s (126959 evaluations, 2104.29 s total)
[mcmc]  - Acceptance rate: 0.354
[mcmc]  - Convergence of means: R-1 = 0.019064 after 40576 accepted steps
[mcmc]  - Updated covariance matrix of proposal pdf.
[mcmc] Learn + convergence test @ 50760 samples accepted.
[likelihoodcollection] Average computation time:
   flamingo.inference.masked_ps.MaskedBandPowerLikelihood : 5.32926e-05 s (127047 evaluations, 6.77067 s total)
[theorycollection] Average computation time:
   flamingo.inference.masked_ps.MaskedTSZTheory : 0.0165746 s (127047 evaluations, 2105.76 s total)
[mcmc]  - Acceptance rate: 0.354
[mcmc]  - Convergence of means: R-1 = 0.018472 after 40608 accepted steps
[mcmc]  - Updated covariance matrix of proposal pdf.
[mcmc] Learn + convergence test @ 50800 samples accepted.
[likelihoodcollection] Average computation time:
   flamingo.inference.masked_ps.MaskedBandPowerLikelihood : 5.32942e-05 s (127144 evaluations, 6.77604 s total)
[theorycollection] Average computation time:
   flamingo.inference.masked_ps.MaskedTSZTheory : 0.0165746 s (127144 evaluations, 2107.36 s total)
[mcmc]  - Acceptance rate: 0.354
[mcmc]  - Convergence of means: R-1 = 0.018386 after 40640 accepted steps
[mcmc]  - Updated covariance matrix of proposal pdf.
[mcmc] Learn + convergence test @ 50840 samples accepted.
[likelihoodcollection] Average computation time:
   flamingo.inference.masked_ps.MaskedBandPowerLikelihood : 5.32935e-05 s (127267 evaluations, 6.7825 s total)
[theorycollection] Average computation time:
   flamingo.inference.masked_ps.MaskedTSZTheory : 0.0165749 s (127267 evaluations, 2109.44 s total)
[mcmc]  - Acceptance rate: 0.354
[mcmc]  - Convergence of means: R-1 = 0.018333 after 40672 accepted steps
[mcmc]  - Updated covariance matrix of proposal pdf.
[mcmc] Learn + convergence test @ 50880 samples accepted.
[likelihoodcollection] Average computation time:
   flamingo.inference.masked_ps.MaskedBandPowerLikelihood : 5.32947e-05 s (127370 evaluations, 6.78815 s total)
[theorycollection] Average computation time:
   flamingo.inference.masked_ps.MaskedTSZTheory : 0.016575 s (127370 evaluations, 2111.16 s total)
[mcmc]  - Acceptance rate: 0.354
[mcmc]  - Convergence of means: R-1 = 0.018681 after 40704 accepted steps
[mcmc]  - Updated covariance matrix of proposal pdf.
[mcmc] Progress @ 2026-08-03 00:47:58 : 141286 steps taken, and 50905 accepted.
[mcmc] Learn + convergence test @ 50920 samples accepted.
[likelihoodcollection] Average computation time:
   flamingo.inference.masked_ps.MaskedBandPowerLikelihood : 5.32932e-05 s (127470 evaluations, 6.79328 s total)
[theorycollection] Average computation time:
   flamingo.inference.masked_ps.MaskedTSZTheory : 0.016575 s (127470 evaluations, 2112.81 s total)
[mcmc]  - Acceptance rate: 0.354
[mcmc]  - Convergence of means: R-1 = 0.018417 after 40736 accepted steps
[mcmc]  - Updated covariance matrix of proposal pdf.
[mcmc] Learn + convergence test @ 50960 samples accepted.
[likelihoodcollection] Average computation time:
   flamingo.inference.masked_ps.MaskedBandPowerLikelihood : 5.32937e-05 s (127582 evaluations, 6.79932 s total)
[theorycollection] Average computation time:
   flamingo.inference.masked_ps.MaskedTSZTheory : 0.0165747 s (127582 evaluations, 2114.63 s total)
[mcmc]  - Acceptance rate: 0.354
[mcmc]  - Convergence of means: R-1 = 0.018737 after 40768 accepted steps
[mcmc]  - Updated covariance matrix of proposal pdf.
[mcmc] Learn + convergence test @ 51000 samples accepted.
[likelihoodcollection] Average computation time:
   flamingo.inference.masked_ps.MaskedBandPowerLikelihood : 5.32944e-05 s (127680 evaluations, 6.80463 s total)
[theorycollection] Average computation time:
   flamingo.inference.masked_ps.MaskedTSZTheory : 0.0165748 s (127680 evaluations, 2116.27 s total)
[mcmc]  - Acceptance rate: 0.354
[mcmc]  - Convergence of means: R-1 = 0.020333 after 40800 accepted steps
[mcmc]  - Updated covariance matrix of proposal pdf.
[mcmc] Learn + convergence test @ 51040 samples accepted.
[likelihoodcollection] Average computation time:
   flamingo.inference.masked_ps.MaskedBandPowerLikelihood : 5.32945e-05 s (127767 evaluations, 6.80928 s total)
[theorycollection] Average computation time:
   flamingo.inference.masked_ps.MaskedTSZTheory : 0.0165749 s (127767 evaluations, 2117.73 s total)
[mcmc]  - Acceptance rate: 0.354
[mcmc]  - Convergence of means: R-1 = 0.020591 after 40832 accepted steps
[mcmc]  - Updated covariance matrix of proposal pdf.
[mcmc] Learn + convergence test @ 51080 samples accepted.
[likelihoodcollection] Average computation time:
   flamingo.inference.masked_ps.MaskedBandPowerLikelihood : 5.32962e-05 s (127866 evaluations, 6.81477 s total)
[theorycollection] Average computation time:
   flamingo.inference.masked_ps.MaskedTSZTheory : 0.016575 s (127866 evaluations, 2119.37 s total)
[mcmc]  - Acceptance rate: 0.354
[mcmc]  - Convergence of means: R-1 = 0.020487 after 40864 accepted steps
[mcmc]  - Updated covariance matrix of proposal pdf.
[mcmc] Learn + convergence test @ 51120 samples accepted.
[likelihoodcollection] Average computation time:
   flamingo.inference.masked_ps.MaskedBandPowerLikelihood : 5.3294e-05 s (127967 evaluations, 6.81988 s total)
[theorycollection] Average computation time:
   flamingo.inference.masked_ps.MaskedTSZTheory : 0.0165751 s (127967 evaluations, 2121.06 s total)
[mcmc]  - Acceptance rate: 0.354
[mcmc]  - Convergence of means: R-1 = 0.020102 after 40896 accepted steps
[mcmc]  - Updated covariance matrix of proposal pdf.
[mcmc] Learn + convergence test @ 51160 samples accepted.
[likelihoodcollection] Average computation time:
   flamingo.inference.masked_ps.MaskedBandPowerLikelihood : 5.32944e-05 s (128063 evaluations, 6.82505 s total)
[theorycollection] Average computation time:
   flamingo.inference.masked_ps.MaskedTSZTheory : 0.0165753 s (128063 evaluations, 2122.68 s total)
[mcmc]  - Acceptance rate: 0.354
[mcmc]  - Convergence of means: R-1 = 0.020296 after 40928 accepted steps
[mcmc]  - Updated covariance matrix of proposal pdf.
[mcmc] Learn + convergence test @ 51200 samples accepted.
[likelihoodcollection] Average computation time:
   flamingo.inference.masked_ps.MaskedBandPowerLikelihood : 5.32942e-05 s (128154 evaluations, 6.82987 s total)
[theorycollection] Average computation time:
   flamingo.inference.masked_ps.MaskedTSZTheory : 0.0165754 s (128154 evaluations, 2124.2 s total)
[mcmc]  - Acceptance rate: 0.354
[mcmc]  - Convergence of means: R-1 = 0.020136 after 40960 accepted steps
[mcmc]  - Updated covariance matrix of proposal pdf.
[mcmc] Learn + convergence test @ 51240 samples accepted.
[likelihoodcollection] Average computation time:
   flamingo.inference.masked_ps.MaskedBandPowerLikelihood : 5.32952e-05 s (128243 evaluations, 6.83474 s total)
[theorycollection] Average computation time:
   flamingo.inference.masked_ps.MaskedTSZTheory : 0.0165753 s (128243 evaluations, 2125.67 s total)
[mcmc]  - Acceptance rate: 0.354
[mcmc]  - Convergence of means: R-1 = 0.019857 after 40992 accepted steps
[mcmc]  - Updated covariance matrix of proposal pdf.
[mcmc] Learn + convergence test @ 51280 samples accepted.
[likelihoodcollection] Average computation time:
   flamingo.inference.masked_ps.MaskedBandPowerLikelihood : 5.32966e-05 s (128364 evaluations, 6.84137 s total)
[theorycollection] Average computation time:
   flamingo.inference.masked_ps.MaskedTSZTheory : 0.016575 s (128364 evaluations, 2127.63 s total)
[mcmc]  - Acceptance rate: 0.354
[mcmc]  - Convergence of means: R-1 = 0.019743 after 41024 accepted steps
[mcmc]  - Updated covariance matrix of proposal pdf.
[mcmc] Learn + convergence test @ 51320 samples accepted.
[likelihoodcollection] Average computation time:
   flamingo.inference.masked_ps.MaskedBandPowerLikelihood : 5.32984e-05 s (128445 evaluations, 6.84591 s total)
[theorycollection] Average computation time:
   flamingo.inference.masked_ps.MaskedTSZTheory : 0.0165752 s (128445 evaluations, 2129 s total)
[mcmc]  - Acceptance rate: 0.354
[mcmc]  - Convergence of means: R-1 = 0.019330 after 41056 accepted steps
[mcmc]  - Updated covariance matrix of proposal pdf.
[mcmc] Learn + convergence test @ 51360 samples accepted.
[likelihoodcollection] Average computation time:
   flamingo.inference.masked_ps.MaskedBandPowerLikelihood : 5.32987e-05 s (128530 evaluations, 6.85048 s total)
[theorycollection] Average computation time:
   flamingo.inference.masked_ps.MaskedTSZTheory : 0.016575 s (128530 evaluations, 2130.39 s total)
[mcmc]  - Acceptance rate: 0.354
[mcmc]  - Convergence of means: R-1 = 0.019302 after 41088 accepted steps
[mcmc]  - Updated covariance matrix of proposal pdf.
[mcmc] Learn + convergence test @ 51400 samples accepted.
[likelihoodcollection] Average computation time:
   flamingo.inference.masked_ps.MaskedBandPowerLikelihood : 5.32976e-05 s (128627 evaluations, 6.85552 s total)
[theorycollection] Average computation time:
   flamingo.inference.masked_ps.MaskedTSZTheory : 0.0165751 s (128627 evaluations, 2132.01 s total)
[mcmc]  - Acceptance rate: 0.354
[mcmc]  - Convergence of means: R-1 = 0.020341 after 41120 accepted steps
[mcmc]  - Updated covariance matrix of proposal pdf.
[mcmc] Learn + convergence test @ 51440 samples accepted.
[likelihoodcollection] Average computation time:
   flamingo.inference.masked_ps.MaskedBandPowerLikelihood : 5.33002e-05 s (128752 evaluations, 6.86251 s total)
[theorycollection] Average computation time:
   flamingo.inference.masked_ps.MaskedTSZTheory : 0.0165752 s (128752 evaluations, 2134.09 s total)
[mcmc]  - Acceptance rate: 0.353
[mcmc]  - Convergence of means: R-1 = 0.019706 after 41152 accepted steps
[mcmc]  - Updated covariance matrix of proposal pdf.
[mcmc] Learn + convergence test @ 51480 samples accepted.
[likelihoodcollection] Average computation time:
   flamingo.inference.masked_ps.MaskedBandPowerLikelihood : 5.32988e-05 s (128847 evaluations, 6.8674 s total)
[theorycollection] Average computation time:
   flamingo.inference.masked_ps.MaskedTSZTheory : 0.0165751 s (128847 evaluations, 2135.65 s total)
[mcmc]  - Acceptance rate: 0.354
[mcmc]  - Convergence of means: R-1 = 0.019222 after 41184 accepted steps
[mcmc]  - Updated covariance matrix of proposal pdf.
[mcmc] Learn + convergence test @ 51520 samples accepted.
[likelihoodcollection] Average computation time:
   flamingo.inference.masked_ps.MaskedBandPowerLikelihood : 5.32967e-05 s (128933 evaluations, 6.8717 s total)
[theorycollection] Average computation time:
   flamingo.inference.masked_ps.MaskedTSZTheory : 0.0165749 s (128933 evaluations, 2137.06 s total)
[mcmc]  - Acceptance rate: 0.354
[mcmc]  - Convergence of means: R-1 = 0.019358 after 41216 accepted steps
[mcmc]  - Updated covariance matrix of proposal pdf.
[mcmc] Learn + convergence test @ 51560 samples accepted.
[likelihoodcollection] Average computation time:
   flamingo.inference.masked_ps.MaskedBandPowerLikelihood : 5.3297e-05 s (129031 evaluations, 6.87697 s total)
[theorycollection] Average computation time:
   flamingo.inference.masked_ps.MaskedTSZTheory : 0.0165748 s (129031 evaluations, 2138.67 s total)
[mcmc]  - Acceptance rate: 0.354
[mcmc]  - Convergence of means: R-1 = 0.018864 after 41248 accepted steps
[mcmc]  - Updated covariance matrix of proposal pdf.
[mcmc] Learn + convergence test @ 51600 samples accepted.
[likelihoodcollection] Average computation time:
   flamingo.inference.masked_ps.MaskedBandPowerLikelihood : 5.32934e-05 s (129117 evaluations, 6.88109 s total)
[theorycollection] Average computation time:
   flamingo.inference.masked_ps.MaskedTSZTheory : 0.0165748 s (129117 evaluations, 2140.08 s total)
[mcmc]  - Acceptance rate: 0.354
[mcmc]  - Convergence of means: R-1 = 0.019456 after 41280 accepted steps
[mcmc]  - Updated covariance matrix of proposal pdf.
[mcmc] Learn + convergence test @ 51640 samples accepted.
[likelihoodcollection] Average computation time:
   flamingo.inference.masked_ps.MaskedBandPowerLikelihood : 5.32946e-05 s (129213 evaluations, 6.88636 s total)
[theorycollection] Average computation time:
   flamingo.inference.masked_ps.MaskedTSZTheory : 0.0165748 s (129213 evaluations, 2141.68 s total)
[mcmc]  - Acceptance rate: 0.354
[mcmc]  - Convergence of means: R-1 = 0.019623 after 41312 accepted steps
[mcmc]  - Updated covariance matrix of proposal pdf.
[mcmc] Learn + convergence test @ 51680 samples accepted.
[likelihoodcollection] Average computation time:
   flamingo.inference.masked_ps.MaskedBandPowerLikelihood : 5.32928e-05 s (129335 evaluations, 6.89262 s total)
[theorycollection] Average computation time:
   flamingo.inference.masked_ps.MaskedTSZTheory : 0.0165747 s (129335 evaluations, 2143.69 s total)
[mcmc]  - Acceptance rate: 0.354
[mcmc]  - Convergence of means: R-1 = 0.019841 after 41344 accepted steps
[mcmc]  - Updated covariance matrix of proposal pdf.
[mcmc] Learn + convergence test @ 51720 samples accepted.
[likelihoodcollection] Average computation time:
   flamingo.inference.masked_ps.MaskedBandPowerLikelihood : 5.32919e-05 s (129431 evaluations, 6.89763 s total)
[theorycollection] Average computation time:
   flamingo.inference.masked_ps.MaskedTSZTheory : 0.0165744 s (129431 evaluations, 2145.25 s total)
[mcmc]  - Acceptance rate: 0.354
[mcmc]  - Convergence of means: R-1 = 0.019349 after 41376 accepted steps
[mcmc]  - Updated covariance matrix of proposal pdf.
[mcmc] Learn + convergence test @ 51760 samples accepted.
[likelihoodcollection] Average computation time:
   flamingo.inference.masked_ps.MaskedBandPowerLikelihood : 5.32941e-05 s (129529 evaluations, 6.90313 s total)
[theorycollection] Average computation time:
   flamingo.inference.masked_ps.MaskedTSZTheory : 0.0165745 s (129529 evaluations, 2146.87 s total)
[mcmc]  - Acceptance rate: 0.354
[mcmc]  - Convergence of means: R-1 = 0.019219 after 41408 accepted steps
[mcmc]  - Updated covariance matrix of proposal pdf.
[mcmc] Learn + convergence test @ 51800 samples accepted.
[likelihoodcollection] Average computation time:
   flamingo.inference.masked_ps.MaskedBandPowerLikelihood : 5.32944e-05 s (129621 evaluations, 6.90807 s total)
[theorycollection] Average computation time:
   flamingo.inference.masked_ps.MaskedTSZTheory : 0.0165743 s (129621 evaluations, 2148.37 s total)
[mcmc]  - Acceptance rate: 0.354
[mcmc]  - Convergence of means: R-1 = 0.017936 after 41440 accepted steps
[mcmc]  - Updated covariance matrix of proposal pdf.
[mcmc] Learn + convergence test @ 51840 samples accepted.
[likelihoodcollection] Average computation time:
   flamingo.inference.masked_ps.MaskedBandPowerLikelihood : 5.32941e-05 s (129713 evaluations, 6.91294 s total)
[theorycollection] Average computation time:
   flamingo.inference.masked_ps.MaskedTSZTheory : 0.0165742 s (129713 evaluations, 2149.89 s total)
[mcmc]  - Acceptance rate: 0.354
[mcmc]  - Convergence of means: R-1 = 0.017887 after 41472 accepted steps
[mcmc]  - Updated covariance matrix of proposal pdf.
[mcmc] Learn + convergence test @ 51880 samples accepted.
[likelihoodcollection] Average computation time:
   flamingo.inference.masked_ps.MaskedBandPowerLikelihood : 5.3295e-05 s (129850 evaluations, 6.92035 s total)
[theorycollection] Average computation time:
   flamingo.inference.masked_ps.MaskedTSZTheory : 0.0165739 s (129850 evaluations, 2152.12 s total)
[mcmc]  - Acceptance rate: 0.353
[mcmc]  - Convergence of means: R-1 = 0.017628 after 41504 accepted steps
[mcmc]  - Updated covariance matrix of proposal pdf.
[mcmc] Learn + convergence test @ 51920 samples accepted.
[likelihoodcollection] Average computation time:
   flamingo.inference.masked_ps.MaskedBandPowerLikelihood : 5.32923e-05 s (129943 evaluations, 6.92496 s total)
[theorycollection] Average computation time:
   flamingo.inference.masked_ps.MaskedTSZTheory : 0.0165738 s (129943 evaluations, 2153.65 s total)
[mcmc]  - Acceptance rate: 0.353
[mcmc]  - Convergence of means: R-1 = 0.018352 after 41536 accepted steps
[mcmc]  - Updated covariance matrix of proposal pdf.
[mcmc] Learn + convergence test @ 51960 samples accepted.
[likelihoodcollection] Average computation time:
   flamingo.inference.masked_ps.MaskedBandPowerLikelihood : 5.32913e-05 s (130041 evaluations, 6.93006 s total)
[theorycollection] Average computation time:
   flamingo.inference.masked_ps.MaskedTSZTheory : 0.0165737 s (130041 evaluations, 2155.26 s total)
[mcmc]  - Acceptance rate: 0.353
[mcmc]  - Convergence of means: R-1 = 0.018224 after 41568 accepted steps
[mcmc]  - Updated covariance matrix of proposal pdf.
[mcmc] Learn + convergence test @ 52000 samples accepted.
[likelihoodcollection] Average computation time:
   flamingo.inference.masked_ps.MaskedBandPowerLikelihood : 5.32942e-05 s (130141 evaluations, 6.93576 s total)
[theorycollection] Average computation time:
   flamingo.inference.masked_ps.MaskedTSZTheory : 0.0165736 s (130141 evaluations, 2156.9 s total)
[mcmc]  - Acceptance rate: 0.353
[mcmc]  - Convergence of means: R-1 = 0.018896 after 41600 accepted steps
[mcmc]  - Updated covariance matrix of proposal pdf.
[mcmc] Learn + convergence test @ 52040 samples accepted.
[likelihoodcollection] Average computation time:
   flamingo.inference.masked_ps.MaskedBandPowerLikelihood : 5.32954e-05 s (130227 evaluations, 6.9405 s total)
[theorycollection] Average computation time:
   flamingo.inference.masked_ps.MaskedTSZTheory : 0.0165736 s (130227 evaluations, 2158.33 s total)
[mcmc]  - Acceptance rate: 0.354
[mcmc]  - Convergence of means: R-1 = 0.019423 after 41632 accepted steps
[mcmc]  - Updated covariance matrix of proposal pdf.
[mcmc] Learn + convergence test @ 52080 samples accepted.
[likelihoodcollection] Average computation time:
   flamingo.inference.masked_ps.MaskedBandPowerLikelihood : 5.32978e-05 s (130342 evaluations, 6.94694 s total)
[theorycollection] Average computation time:
   flamingo.inference.masked_ps.MaskedTSZTheory : 0.0165733 s (130342 evaluations, 2160.2 s total)
[mcmc]  - Acceptance rate: 0.353
[mcmc]  - Convergence of means: R-1 = 0.018955 after 41664 accepted steps
[mcmc]  - Updated covariance matrix of proposal pdf.
[mcmc] Learn + convergence test @ 52120 samples accepted.
[likelihoodcollection] Average computation time:
   flamingo.inference.masked_ps.MaskedBandPowerLikelihood : 5.3298e-05 s (130430 evaluations, 6.95166 s total)
[theorycollection] Average computation time:
   flamingo.inference.masked_ps.MaskedTSZTheory : 0.0165733 s (130430 evaluations, 2161.66 s total)
[mcmc]  - Acceptance rate: 0.354
[mcmc]  - Convergence of means: R-1 = 0.018598 after 41696 accepted steps
[mcmc]  - Updated covariance matrix of proposal pdf.
[mcmc] Learn + convergence test @ 52160 samples accepted.
[likelihoodcollection] Average computation time:
   flamingo.inference.masked_ps.MaskedBandPowerLikelihood : 5.32993e-05 s (130544 evaluations, 6.95791 s total)
[theorycollection] Average computation time:
   flamingo.inference.masked_ps.MaskedTSZTheory : 0.0165734 s (130544 evaluations, 2163.56 s total)
[mcmc]  - Acceptance rate: 0.353
[mcmc]  - Convergence of means: R-1 = 0.017943 after 41728 accepted steps
[mcmc]  - Updated covariance matrix of proposal pdf.
[mcmc] Learn + convergence test @ 52200 samples accepted.
[likelihoodcollection] Average computation time:
   flamingo.inference.masked_ps.MaskedBandPowerLikelihood : 5.32983e-05 s (130656 evaluations, 6.96374 s total)
[theorycollection] Average computation time:
   flamingo.inference.masked_ps.MaskedTSZTheory : 0.0165737 s (130656 evaluations, 2165.45 s total)
[mcmc]  - Acceptance rate: 0.353
[mcmc]  - Convergence of means: R-1 = 0.018050 after 41760 accepted steps
[mcmc]  - Updated covariance matrix of proposal pdf.
[mcmc] Learn + convergence test @ 52240 samples accepted.
[likelihoodcollection] Average computation time:
   flamingo.inference.masked_ps.MaskedBandPowerLikelihood : 5.32998e-05 s (130747 evaluations, 6.96879 s total)
[theorycollection] Average computation time:
   flamingo.inference.masked_ps.MaskedTSZTheory : 0.0165735 s (130747 evaluations, 2166.94 s total)
[mcmc]  - Acceptance rate: 0.354
[mcmc]  - Convergence of means: R-1 = 0.018339 after 41792 accepted steps
[mcmc]  - Updated covariance matrix of proposal pdf.
[mcmc] Learn + convergence test @ 52280 samples accepted.
[likelihoodcollection] Average computation time:
   flamingo.inference.masked_ps.MaskedBandPowerLikelihood : 5.32992e-05 s (130836 evaluations, 6.97346 s total)
[theorycollection] Average computation time:
   flamingo.inference.masked_ps.MaskedTSZTheory : 0.0165733 s (130836 evaluations, 2168.39 s total)
[mcmc]  - Acceptance rate: 0.354
[mcmc]  - Convergence of means: R-1 = 0.018607 after 41824 accepted steps
[mcmc]  - Updated covariance matrix of proposal pdf.
[mcmc] Learn + convergence test @ 52320 samples accepted.
[likelihoodcollection] Average computation time:
   flamingo.inference.masked_ps.MaskedBandPowerLikelihood : 5.33e-05 s (130930 evaluations, 6.97857 s total)
[theorycollection] Average computation time:
   flamingo.inference.masked_ps.MaskedTSZTheory : 0.0165733 s (130930 evaluations, 2169.95 s total)
[mcmc]  - Acceptance rate: 0.354
[mcmc]  - Convergence of means: R-1 = 0.019129 after 41856 accepted steps
[mcmc]  - Updated covariance matrix of proposal pdf.
[mcmc] Progress @ 2026-08-03 00:48:58 : 145312 steps taken, and 52337 accepted.
[mcmc] Learn + convergence test @ 52360 samples accepted.
[likelihoodcollection] Average computation time:
   flamingo.inference.masked_ps.MaskedBandPowerLikelihood : 5.33022e-05 s (131042 evaluations, 6.98482 s total)
[theorycollection] Average computation time:
   flamingo.inference.masked_ps.MaskedTSZTheory : 0.0165734 s (131042 evaluations, 2171.81 s total)
[mcmc]  - Acceptance rate: 0.354
[mcmc]  - Convergence of means: R-1 = 0.018580 after 41888 accepted steps
[mcmc]  - Updated covariance matrix of proposal pdf.
[mcmc] Learn + convergence test @ 52400 samples accepted.
[likelihoodcollection] Average computation time:
   flamingo.inference.masked_ps.MaskedBandPowerLikelihood : 5.33017e-05 s (131163 evaluations, 6.99121 s total)
[theorycollection] Average computation time:
   flamingo.inference.masked_ps.MaskedTSZTheory : 0.0165735 s (131163 evaluations, 2173.83 s total)
[mcmc]  - Acceptance rate: 0.354
[mcmc]  - Convergence of means: R-1 = 0.018125 after 41920 accepted steps
[mcmc]  - Updated covariance matrix of proposal pdf.
[mcmc] Learn + convergence test @ 52440 samples accepted.
[likelihoodcollection] Average computation time:
   flamingo.inference.masked_ps.MaskedBandPowerLikelihood : 5.33023e-05 s (131287 evaluations, 6.99789 s total)
[theorycollection] Average computation time:
   flamingo.inference.masked_ps.MaskedTSZTheory : 0.0165734 s (131287 evaluations, 2175.87 s total)
[mcmc]  - Acceptance rate: 0.353
[mcmc]  - Convergence of means: R-1 = 0.017516 after 41952 accepted steps
[mcmc]  - Updated covariance matrix of proposal pdf.
[mcmc] Learn + convergence test @ 52480 samples accepted.
[likelihoodcollection] Average computation time:
   flamingo.inference.masked_ps.MaskedBandPowerLikelihood : 5.33028e-05 s (131391 evaluations, 7.00351 s total)
[theorycollection] Average computation time:
   flamingo.inference.masked_ps.MaskedTSZTheory : 0.0165734 s (131391 evaluations, 2177.59 s total)
[mcmc]  - Acceptance rate: 0.353
[mcmc]  - Convergence of means: R-1 = 0.017781 after 41984 accepted steps
[mcmc]  - Updated covariance matrix of proposal pdf.
[mcmc] Learn + convergence test @ 52520 samples accepted.
[likelihoodcollection] Average computation time:
   flamingo.inference.masked_ps.MaskedBandPowerLikelihood : 5.3302e-05 s (131494 evaluations, 7.00889 s total)
[theorycollection] Average computation time:
   flamingo.inference.masked_ps.MaskedTSZTheory : 0.0165733 s (131494 evaluations, 2179.29 s total)
[mcmc]  - Acceptance rate: 0.353
[mcmc]  - Convergence of means: R-1 = 0.018250 after 42016 accepted steps
[mcmc]  - Updated covariance matrix of proposal pdf.
[mcmc] Learn + convergence test @ 52560 samples accepted.
[likelihoodcollection] Average computation time:
   flamingo.inference.masked_ps.MaskedBandPowerLikelihood : 5.32987e-05 s (131605 evaluations, 7.01438 s total)
[theorycollection] Average computation time:
   flamingo.inference.masked_ps.MaskedTSZTheory : 0.0165731 s (131605 evaluations, 2181.1 s total)
[mcmc]  - Acceptance rate: 0.353
[mcmc]  - Convergence of means: R-1 = 0.018283 after 42048 accepted steps
[mcmc]  - Updated covariance matrix of proposal pdf.
[mcmc] Learn + convergence test @ 52600 samples accepted.
[likelihoodcollection] Average computation time:
   flamingo.inference.masked_ps.MaskedBandPowerLikelihood : 5.32959e-05 s (131701 evaluations, 7.01913 s total)
[theorycollection] Average computation time:
   flamingo.inference.masked_ps.MaskedTSZTheory : 0.0165728 s (131701 evaluations, 2182.65 s total)
[mcmc]  - Acceptance rate: 0.353
[mcmc]  - Convergence of means: R-1 = 0.018513 after 42080 accepted steps
[mcmc]  - Updated covariance matrix of proposal pdf.
[mcmc] Learn + convergence test @ 52640 samples accepted.
[likelihoodcollection] Average computation time:
   flamingo.inference.masked_ps.MaskedBandPowerLikelihood : 5.32988e-05 s (131805 evaluations, 7.02505 s total)
[theorycollection] Average computation time:
   flamingo.inference.masked_ps.MaskedTSZTheory : 0.016573 s (131805 evaluations, 2184.4 s total)
[mcmc]  - Acceptance rate: 0.353
[mcmc]  - Convergence of means: R-1 = 0.017962 after 42112 accepted steps
[mcmc]  - Updated covariance matrix of proposal pdf.
[mcmc] Learn + convergence test @ 52680 samples accepted.
[likelihoodcollection] Average computation time:
   flamingo.inference.masked_ps.MaskedBandPowerLikelihood : 5.33003e-05 s (131891 evaluations, 7.02983 s total)
[theorycollection] Average computation time:
   flamingo.inference.masked_ps.MaskedTSZTheory : 0.0165731 s (131891 evaluations, 2185.84 s total)
[mcmc]  - Acceptance rate: 0.353
[mcmc]  - Convergence of means: R-1 = 0.018011 after 42144 accepted steps
[mcmc]  - Updated covariance matrix of proposal pdf.
[mcmc] Learn + convergence test @ 52720 samples accepted.
[likelihoodcollection] Average computation time:
   flamingo.inference.masked_ps.MaskedBandPowerLikelihood : 5.32994e-05 s (131995 evaluations, 7.03525 s total)
[theorycollection] Average computation time:
   flamingo.inference.masked_ps.MaskedTSZTheory : 0.016573 s (131995 evaluations, 2187.55 s total)
[mcmc]  - Acceptance rate: 0.353
[mcmc]  - Convergence of means: R-1 = 0.017670 after 42176 accepted steps
[mcmc]  - Updated covariance matrix of proposal pdf.
[mcmc] Learn + convergence test @ 52760 samples accepted.
[likelihoodcollection] Average computation time:
   flamingo.inference.masked_ps.MaskedBandPowerLikelihood : 5.32989e-05 s (132089 evaluations, 7.0402 s total)
[theorycollection] Average computation time:
   flamingo.inference.masked_ps.MaskedTSZTheory : 0.0165728 s (132089 evaluations, 2189.08 s total)
[mcmc]  - Acceptance rate: 0.353
[mcmc]  - Convergence of means: R-1 = 0.017461 after 42208 accepted steps
[mcmc]  - Updated covariance matrix of proposal pdf.
[mcmc] Learn + convergence test @ 52800 samples accepted.
[likelihoodcollection] Average computation time:
   flamingo.inference.masked_ps.MaskedBandPowerLikelihood : 5.32972e-05 s (132210 evaluations, 7.04643 s total)
[theorycollection] Average computation time:
   flamingo.inference.masked_ps.MaskedTSZTheory : 0.0165724 s (132210 evaluations, 2191.04 s total)
[mcmc]  - Acceptance rate: 0.353
[mcmc]  - Convergence of means: R-1 = 0.017178 after 42240 accepted steps
[mcmc]  - Updated covariance matrix of proposal pdf.
[mcmc] Learn + convergence test @ 52840 samples accepted.
[likelihoodcollection] Average computation time:
   flamingo.inference.masked_ps.MaskedBandPowerLikelihood : 5.32964e-05 s (132302 evaluations, 7.05123 s total)
[theorycollection] Average computation time:
   flamingo.inference.masked_ps.MaskedTSZTheory : 0.0165725 s (132302 evaluations, 2192.57 s total)
[mcmc]  - Acceptance rate: 0.353
[mcmc]  - Convergence of means: R-1 = 0.017216 after 42272 accepted steps
[mcmc]  - Updated covariance matrix of proposal pdf.
[mcmc] Learn + convergence test @ 52880 samples accepted.
[likelihoodcollection] Average computation time:
   flamingo.inference.masked_ps.MaskedBandPowerLikelihood : 5.32969e-05 s (132391 evaluations, 7.05602 s total)
[theorycollection] Average computation time:
   flamingo.inference.masked_ps.MaskedTSZTheory : 0.0165724 s (132391 evaluations, 2194.04 s total)
[mcmc]  - Acceptance rate: 0.353
[mcmc]  - Convergence of means: R-1 = 0.017478 after 42304 accepted steps
[mcmc]  - Updated covariance matrix of proposal pdf.
[mcmc] Learn + convergence test @ 52920 samples accepted.
[likelihoodcollection] Average computation time:
   flamingo.inference.masked_ps.MaskedBandPowerLikelihood : 5.32977e-05 s (132482 evaluations, 7.06098 s total)
[theorycollection] Average computation time:
   flamingo.inference.masked_ps.MaskedTSZTheory : 0.0165724 s (132482 evaluations, 2195.55 s total)
[mcmc]  - Acceptance rate: 0.354
[mcmc]  - Convergence of means: R-1 = 0.017622 after 42336 accepted steps
[mcmc]  - Updated covariance matrix of proposal pdf.
[mcmc] Learn + convergence test @ 52960 samples accepted.
[likelihoodcollection] Average computation time:
   flamingo.inference.masked_ps.MaskedBandPowerLikelihood : 5.32943e-05 s (132560 evaluations, 7.0647 s total)
[theorycollection] Average computation time:
   flamingo.inference.masked_ps.MaskedTSZTheory : 0.0165724 s (132560 evaluations, 2196.84 s total)
[mcmc]  - Acceptance rate: 0.354
[mcmc]  - Convergence of means: R-1 = 0.017852 after 42368 accepted steps
[mcmc]  - Updated covariance matrix of proposal pdf.
[mcmc] Learn + convergence test @ 53000 samples accepted.
[likelihoodcollection] Average computation time:
   flamingo.inference.masked_ps.MaskedBandPowerLikelihood : 5.3296e-05 s (132663 evaluations, 7.07041 s total)
[theorycollection] Average computation time:
   flamingo.inference.masked_ps.MaskedTSZTheory : 0.0165725 s (132663 evaluations, 2198.55 s total)
[mcmc]  - Acceptance rate: 0.354
[mcmc]  - Convergence of means: R-1 = 0.018409 after 42400 accepted steps
[mcmc]  - Updated covariance matrix of proposal pdf.
[mcmc] Learn + convergence test @ 53040 samples accepted.
[likelihoodcollection] Average computation time:
   flamingo.inference.masked_ps.MaskedBandPowerLikelihood : 5.32938e-05 s (132758 evaluations, 7.07518 s total)
[theorycollection] Average computation time:
   flamingo.inference.masked_ps.MaskedTSZTheory : 0.0165721 s (132758 evaluations, 2200.08 s total)
[mcmc]  - Acceptance rate: 0.354
[mcmc]  - Convergence of means: R-1 = 0.018863 after 42432 accepted steps
[mcmc]  - Updated covariance matrix of proposal pdf.
[mcmc] Learn + convergence test @ 53080 samples accepted.
[likelihoodcollection] Average computation time:
   flamingo.inference.masked_ps.MaskedBandPowerLikelihood : 5.32954e-05 s (132877 evaluations, 7.08173 s total)
[theorycollection] Average computation time:
   flamingo.inference.masked_ps.MaskedTSZTheory : 0.0165721 s (132877 evaluations, 2202.05 s total)
[mcmc]  - Acceptance rate: 0.354
[mcmc]  - Convergence of means: R-1 = 0.018870 after 42464 accepted steps
[mcmc]  - Updated covariance matrix of proposal pdf.
[mcmc] Learn + convergence test @ 53120 samples accepted.
[likelihoodcollection] Average computation time:
   flamingo.inference.masked_ps.MaskedBandPowerLikelihood : 5.32969e-05 s (132977 evaluations, 7.08727 s total)
[theorycollection] Average computation time:
   flamingo.inference.masked_ps.MaskedTSZTheory : 0.0165722 s (132977 evaluations, 2203.72 s total)
[mcmc]  - Acceptance rate: 0.354
[mcmc]  - Convergence of means: R-1 = 0.018376 after 42496 accepted steps
[mcmc]  - Updated covariance matrix of proposal pdf.
[mcmc] Learn + convergence test @ 53160 samples accepted.
[likelihoodcollection] Average computation time:
   flamingo.inference.masked_ps.MaskedBandPowerLikelihood : 5.32963e-05 s (133077 evaluations, 7.09251 s total)
[theorycollection] Average computation time:
   flamingo.inference.masked_ps.MaskedTSZTheory : 0.0165721 s (133077 evaluations, 2205.37 s total)
[mcmc]  - Acceptance rate: 0.354
[mcmc]  - Convergence of means: R-1 = 0.018215 after 42528 accepted steps
[mcmc]  - Updated covariance matrix of proposal pdf.
[mcmc] Learn + convergence test @ 53200 samples accepted.
[likelihoodcollection] Average computation time:
   flamingo.inference.masked_ps.MaskedBandPowerLikelihood : 5.32936e-05 s (133173 evaluations, 7.09727 s total)
[theorycollection] Average computation time:
   flamingo.inference.masked_ps.MaskedTSZTheory : 0.0165721 s (133173 evaluations, 2206.95 s total)
[mcmc]  - Acceptance rate: 0.354
[mcmc]  - Convergence of means: R-1 = 0.017821 after 42560 accepted steps
[mcmc]  - Updated covariance matrix of proposal pdf.
[mcmc] Learn + convergence test @ 53240 samples accepted.
[likelihoodcollection] Average computation time:
   flamingo.inference.masked_ps.MaskedBandPowerLikelihood : 5.32928e-05 s (133278 evaluations, 7.10276 s total)
[theorycollection] Average computation time:
   flamingo.inference.masked_ps.MaskedTSZTheory : 0.0165722 s (133278 evaluations, 2208.71 s total)
[mcmc]  - Acceptance rate: 0.354
[mcmc]  - Convergence of means: R-1 = 0.017139 after 42592 accepted steps
[mcmc]  - Updated covariance matrix of proposal pdf.
[mcmc] Learn + convergence test @ 53280 samples accepted.
[likelihoodcollection] Average computation time:
   flamingo.inference.masked_ps.MaskedBandPowerLikelihood : 5.32897e-05 s (133367 evaluations, 7.10709 s total)
[theorycollection] Average computation time:
   flamingo.inference.masked_ps.MaskedTSZTheory : 0.0165721 s (133367 evaluations, 2210.17 s total)
[mcmc]  - Acceptance rate: 0.354
[mcmc]  - Convergence of means: R-1 = 0.017185 after 42624 accepted steps
[mcmc]  - Updated covariance matrix of proposal pdf.
[mcmc] Learn + convergence test @ 53320 samples accepted.
[likelihoodcollection] Average computation time:
   flamingo.inference.masked_ps.MaskedBandPowerLikelihood : 5.32874e-05 s (133466 evaluations, 7.11205 s total)
[theorycollection] Average computation time:
   flamingo.inference.masked_ps.MaskedTSZTheory : 0.0165717 s (133466 evaluations, 2211.76 s total)
[mcmc]  - Acceptance rate: 0.354
[mcmc]  - Convergence of means: R-1 = 0.017515 after 42656 accepted steps
[mcmc]  - Updated covariance matrix of proposal pdf.
[mcmc] Learn + convergence test @ 53360 samples accepted.
[likelihoodcollection] Average computation time:
   flamingo.inference.masked_ps.MaskedBandPowerLikelihood : 5.32868e-05 s (133564 evaluations, 7.1172 s total)
[theorycollection] Average computation time:
   flamingo.inference.masked_ps.MaskedTSZTheory : 0.0165716 s (133564 evaluations, 2213.37 s total)
[mcmc]  - Acceptance rate: 0.354
[mcmc]  - Convergence of means: R-1 = 0.017074 after 42688 accepted steps
[mcmc]  - Updated covariance matrix of proposal pdf.
[mcmc] Learn + convergence test @ 53400 samples accepted.
[likelihoodcollection] Average computation time:
   flamingo.inference.masked_ps.MaskedBandPowerLikelihood : 5.32868e-05 s (133670 evaluations, 7.12285 s total)
[theorycollection] Average computation time:
   flamingo.inference.masked_ps.MaskedTSZTheory : 0.0165717 s (133670 evaluations, 2215.14 s total)
[mcmc]  - Acceptance rate: 0.354
[mcmc]  - Convergence of means: R-1 = 0.017376 after 42720 accepted steps
[mcmc]  - Updated covariance matrix of proposal pdf.
[mcmc] Learn + convergence test @ 53440 samples accepted.
[likelihoodcollection] Average computation time:
   flamingo.inference.masked_ps.MaskedBandPowerLikelihood : 5.32865e-05 s (133757 evaluations, 7.12744 s total)
[theorycollection] Average computation time:
   flamingo.inference.masked_ps.MaskedTSZTheory : 0.0165718 s (133757 evaluations, 2216.6 s total)
[mcmc]  - Acceptance rate: 0.354
[mcmc]  - Convergence of means: R-1 = 0.017626 after 42752 accepted steps
[mcmc]  - Updated covariance matrix of proposal pdf.
[mcmc] Learn + convergence test @ 53480 samples accepted.
[likelihoodcollection] Average computation time:
   flamingo.inference.masked_ps.MaskedBandPowerLikelihood : 5.32866e-05 s (133858 evaluations, 7.13283 s total)
[theorycollection] Average computation time:
   flamingo.inference.masked_ps.MaskedTSZTheory : 0.0165717 s (133858 evaluations, 2218.26 s total)
[mcmc]  - Acceptance rate: 0.354
[mcmc]  - Convergence of means: R-1 = 0.017776 after 42784 accepted steps
[mcmc]  - Updated covariance matrix of proposal pdf.
[mcmc] Learn + convergence test @ 53520 samples accepted.
[likelihoodcollection] Average computation time:
   flamingo.inference.masked_ps.MaskedBandPowerLikelihood : 5.32887e-05 s (134002 evaluations, 7.1408 s total)
[theorycollection] Average computation time:
   flamingo.inference.masked_ps.MaskedTSZTheory : 0.0165718 s (134002 evaluations, 2220.66 s total)
[mcmc]  - Acceptance rate: 0.354
[mcmc]  - Convergence of means: R-1 = 0.018244 after 42816 accepted steps
[mcmc]  - Updated covariance matrix of proposal pdf.
[mcmc] Learn + convergence test @ 53560 samples accepted.
[likelihoodcollection] Average computation time:
   flamingo.inference.masked_ps.MaskedBandPowerLikelihood : 5.32897e-05 s (134076 evaluations, 7.14487 s total)
[theorycollection] Average computation time:
   flamingo.inference.masked_ps.MaskedTSZTheory : 0.0165718 s (134076 evaluations, 2221.88 s total)
[mcmc]  - Acceptance rate: 0.354
[mcmc]  - Convergence of means: R-1 = 0.018567 after 42848 accepted steps
[mcmc]  - Updated covariance matrix of proposal pdf.
[mcmc] Learn + convergence test @ 53600 samples accepted.
[likelihoodcollection] Average computation time:
   flamingo.inference.masked_ps.MaskedBandPowerLikelihood : 5.32872e-05 s (134164 evaluations, 7.14923 s total)
[theorycollection] Average computation time:
   flamingo.inference.masked_ps.MaskedTSZTheory : 0.0165715 s (134164 evaluations, 2223.31 s total)
[mcmc]  - Acceptance rate: 0.354
[mcmc]  - Convergence of means: R-1 = 0.018592 after 42880 accepted steps
[mcmc]  - Updated covariance matrix of proposal pdf.
[mcmc] Learn + convergence test @ 53640 samples accepted.
[likelihoodcollection] Average computation time:
   flamingo.inference.masked_ps.MaskedBandPowerLikelihood : 5.32872e-05 s (134273 evaluations, 7.15503 s total)
[theorycollection] Average computation time:
   flamingo.inference.masked_ps.MaskedTSZTheory : 0.0165715 s (134273 evaluations, 2225.11 s total)
[mcmc]  - Acceptance rate: 0.354
[mcmc]  - Convergence of means: R-1 = 0.018437 after 42912 accepted steps
[mcmc]  - Updated covariance matrix of proposal pdf.
[mcmc] Learn + convergence test @ 53680 samples accepted.
[likelihoodcollection] Average computation time:
   flamingo.inference.masked_ps.MaskedBandPowerLikelihood : 5.32876e-05 s (134350 evaluations, 7.15919 s total)
[theorycollection] Average computation time:
   flamingo.inference.masked_ps.MaskedTSZTheory : 0.0165715 s (134350 evaluations, 2226.38 s total)
[mcmc]  - Acceptance rate: 0.354
[mcmc]  - Convergence of means: R-1 = 0.018386 after 42944 accepted steps
[mcmc]  - Updated covariance matrix of proposal pdf.
[mcmc] Learn + convergence test @ 53720 samples accepted.
[likelihoodcollection] Average computation time:
   flamingo.inference.masked_ps.MaskedBandPowerLikelihood : 5.32871e-05 s (134456 evaluations, 7.16476 s total)
[theorycollection] Average computation time:
   flamingo.inference.masked_ps.MaskedTSZTheory : 0.0165713 s (134456 evaluations, 2228.11 s total)
[mcmc]  - Acceptance rate: 0.354
[mcmc]  - Convergence of means: R-1 = 0.018286 after 42976 accepted steps
[mcmc]  - Updated covariance matrix of proposal pdf.
[mcmc] Progress @ 2026-08-03 00:49:58 : 149233 steps taken, and 53747 accepted.
[mcmc] Learn + convergence test @ 53760 samples accepted.
[likelihoodcollection] Average computation time:
   flamingo.inference.masked_ps.MaskedBandPowerLikelihood : 5.32882e-05 s (134552 evaluations, 7.17003 s total)
[theorycollection] Average computation time:
   flamingo.inference.masked_ps.MaskedTSZTheory : 0.0165713 s (134552 evaluations, 2229.7 s total)
[mcmc]  - Acceptance rate: 0.354
[mcmc]  - Convergence of means: R-1 = 0.018103 after 43008 accepted steps
[mcmc]  - Updated covariance matrix of proposal pdf.
[mcmc] Learn + convergence test @ 53800 samples accepted.
[likelihoodcollection] Average computation time:
   flamingo.inference.masked_ps.MaskedBandPowerLikelihood : 5.32884e-05 s (134638 evaluations, 7.17465 s total)
[theorycollection] Average computation time:
   flamingo.inference.masked_ps.MaskedTSZTheory : 0.0165712 s (134638 evaluations, 2231.12 s total)
[mcmc]  - Acceptance rate: 0.354
[mcmc]  - Convergence of means: R-1 = 0.018134 after 43040 accepted steps
[mcmc]  - Updated covariance matrix of proposal pdf.
[mcmc] Learn + convergence test @ 53840 samples accepted.
[likelihoodcollection] Average computation time:
   flamingo.inference.masked_ps.MaskedBandPowerLikelihood : 5.3287e-05 s (134758 evaluations, 7.18085 s total)
[theorycollection] Average computation time:
   flamingo.inference.masked_ps.MaskedTSZTheory : 0.0165713 s (134758 evaluations, 2233.12 s total)
[mcmc]  - Acceptance rate: 0.354
[mcmc]  - Convergence of means: R-1 = 0.018125 after 43072 accepted steps
[mcmc]  - Updated covariance matrix of proposal pdf.
[mcmc] Learn + convergence test @ 53880 samples accepted.
[likelihoodcollection] Average computation time:
   flamingo.inference.masked_ps.MaskedBandPowerLikelihood : 5.32891e-05 s (134834 evaluations, 7.18518 s total)
[theorycollection] Average computation time:
   flamingo.inference.masked_ps.MaskedTSZTheory : 0.0165715 s (134834 evaluations, 2234.4 s total)
[mcmc]  - Acceptance rate: 0.354
[mcmc]  - Convergence of means: R-1 = 0.018035 after 43104 accepted steps
[mcmc]  - Updated covariance matrix of proposal pdf.
[mcmc] Learn + convergence test @ 53920 samples accepted.
[likelihoodcollection] Average computation time:
   flamingo.inference.masked_ps.MaskedBandPowerLikelihood : 5.32902e-05 s (134945 evaluations, 7.19125 s total)
[theorycollection] Average computation time:
   flamingo.inference.masked_ps.MaskedTSZTheory : 0.0165714 s (134945 evaluations, 2236.22 s total)
[mcmc]  - Acceptance rate: 0.354
[mcmc]  - Convergence of means: R-1 = 0.018048 after 43136 accepted steps
[mcmc]  - Updated covariance matrix of proposal pdf.
[mcmc] Learn + convergence test @ 53960 samples accepted.
[likelihoodcollection] Average computation time:
   flamingo.inference.masked_ps.MaskedBandPowerLikelihood : 5.32906e-05 s (135036 evaluations, 7.19615 s total)
[theorycollection] Average computation time:
   flamingo.inference.masked_ps.MaskedTSZTheory : 0.0165715 s (135036 evaluations, 2237.75 s total)
[mcmc]  - Acceptance rate: 0.354
[mcmc]  - Convergence of means: R-1 = 0.018412 after 43168 accepted steps
[mcmc]  - Updated covariance matrix of proposal pdf.
[mcmc] Learn + convergence test @ 54000 samples accepted.
[likelihoodcollection] Average computation time:
   flamingo.inference.masked_ps.MaskedBandPowerLikelihood : 5.32878e-05 s (135120 evaluations, 7.20024 s total)
[theorycollection] Average computation time:
   flamingo.inference.masked_ps.MaskedTSZTheory : 0.0165713 s (135120 evaluations, 2239.11 s total)
[mcmc]  - Acceptance rate: 0.354
[mcmc]  - Convergence of means: R-1 = 0.018199 after 43200 accepted steps
[mcmc]  - Updated covariance matrix of proposal pdf.
[mcmc] Learn + convergence test @ 54040 samples accepted.
[likelihoodcollection] Average computation time:
   flamingo.inference.masked_ps.MaskedBandPowerLikelihood : 5.32877e-05 s (135238 evaluations, 7.20652 s total)
[theorycollection] Average computation time:
   flamingo.inference.masked_ps.MaskedTSZTheory : 0.0165712 s (135238 evaluations, 2241.06 s total)
[mcmc]  - Acceptance rate: 0.354
[mcmc]  - Convergence of means: R-1 = 0.018050 after 43232 accepted steps
[mcmc]  - Updated covariance matrix of proposal pdf.
[mcmc] Learn + convergence test @ 54080 samples accepted.
[likelihoodcollection] Average computation time:
   flamingo.inference.masked_ps.MaskedBandPowerLikelihood : 5.32887e-05 s (135313 evaluations, 7.21065 s total)
[theorycollection] Average computation time:
   flamingo.inference.masked_ps.MaskedTSZTheory : 0.0165714 s (135313 evaluations, 2242.33 s total)
[mcmc]  - Acceptance rate: 0.354
[mcmc]  - Convergence of means: R-1 = 0.017872 after 43264 accepted steps
[mcmc]  - Updated covariance matrix of proposal pdf.
[mcmc] Learn + convergence test @ 54120 samples accepted.
[likelihoodcollection] Average computation time:
   flamingo.inference.masked_ps.MaskedBandPowerLikelihood : 5.32889e-05 s (135452 evaluations, 7.21808 s total)
[theorycollection] Average computation time:
   flamingo.inference.masked_ps.MaskedTSZTheory : 0.0165715 s (135452 evaluations, 2244.64 s total)
[mcmc]  - Acceptance rate: 0.354
[mcmc]  - Convergence of means: R-1 = 0.017836 after 43296 accepted steps
[mcmc]  - Updated covariance matrix of proposal pdf.
[mcmc] Learn + convergence test @ 54160 samples accepted.
[likelihoodcollection] Average computation time:
   flamingo.inference.masked_ps.MaskedBandPowerLikelihood : 5.32881e-05 s (135552 evaluations, 7.22331 s total)
[theorycollection] Average computation time:
   flamingo.inference.masked_ps.MaskedTSZTheory : 0.0165716 s (135552 evaluations, 2246.31 s total)
[mcmc]  - Acceptance rate: 0.354
[mcmc]  - Convergence of means: R-1 = 0.017520 after 43328 accepted steps
[mcmc]  - Updated covariance matrix of proposal pdf.
[mcmc] Learn + convergence test @ 54200 samples accepted.
[likelihoodcollection] Average computation time:
   flamingo.inference.masked_ps.MaskedBandPowerLikelihood : 5.32893e-05 s (135647 evaluations, 7.22853 s total)
[theorycollection] Average computation time:
   flamingo.inference.masked_ps.MaskedTSZTheory : 0.0165712 s (135647 evaluations, 2247.84 s total)
[mcmc]  - Acceptance rate: 0.354
[mcmc]  - Convergence of means: R-1 = 0.017389 after 43360 accepted steps
[mcmc]  - Updated covariance matrix of proposal pdf.
[mcmc] Learn + convergence test @ 54240 samples accepted.
[likelihoodcollection] Average computation time:
   flamingo.inference.masked_ps.MaskedBandPowerLikelihood : 5.32903e-05 s (135747 evaluations, 7.23399 s total)
[theorycollection] Average computation time:
   flamingo.inference.masked_ps.MaskedTSZTheory : 0.0165711 s (135747 evaluations, 2249.47 s total)
[mcmc]  - Acceptance rate: 0.354
[mcmc]  - Convergence of means: R-1 = 0.017750 after 43392 accepted steps
[mcmc]  - Updated covariance matrix of proposal pdf.
[mcmc] Learn + convergence test @ 54280 samples accepted.
[likelihoodcollection] Average computation time:
   flamingo.inference.masked_ps.MaskedBandPowerLikelihood : 5.32906e-05 s (135832 evaluations, 7.23857 s total)
[theorycollection] Average computation time:
   flamingo.inference.masked_ps.MaskedTSZTheory : 0.0165713 s (135832 evaluations, 2250.91 s total)
[mcmc]  - Acceptance rate: 0.354
[mcmc]  - Convergence of means: R-1 = 0.017641 after 43424 accepted steps
[mcmc]  - Updated covariance matrix of proposal pdf.
[mcmc] Learn + convergence test @ 54320 samples accepted.
[likelihoodcollection] Average computation time:
   flamingo.inference.masked_ps.MaskedBandPowerLikelihood : 5.32903e-05 s (135927 evaluations, 7.24359 s total)
[theorycollection] Average computation time:
   flamingo.inference.masked_ps.MaskedTSZTheory : 0.0165713 s (135927 evaluations, 2252.48 s total)
[mcmc]  - Acceptance rate: 0.354
[mcmc]  - Convergence of means: R-1 = 0.017695 after 43456 accepted steps
[mcmc]  - Updated covariance matrix of proposal pdf.
[mcmc] Learn + convergence test @ 54360 samples accepted.
[likelihoodcollection] Average computation time:
   flamingo.inference.masked_ps.MaskedBandPowerLikelihood : 5.32925e-05 s (136035 evaluations, 7.24964 s total)
[theorycollection] Average computation time:
   flamingo.inference.masked_ps.MaskedTSZTheory : 0.0165711 s (136035 evaluations, 2254.25 s total)
[mcmc]  - Acceptance rate: 0.354
[mcmc]  - Convergence of means: R-1 = 0.018224 after 43488 accepted steps
[mcmc]  - Updated covariance matrix of proposal pdf.
[mcmc] Learn + convergence test @ 54400 samples accepted.
[likelihoodcollection] Average computation time:
   flamingo.inference.masked_ps.MaskedBandPowerLikelihood : 5.32892e-05 s (136137 evaluations, 7.25463 s total)
[theorycollection] Average computation time:
   flamingo.inference.masked_ps.MaskedTSZTheory : 0.0165708 s (136137 evaluations, 2255.9 s total)
[mcmc]  - Acceptance rate: 0.354
[mcmc]  - Convergence of means: R-1 = 0.018806 after 43520 accepted steps
[mcmc]  - Updated covariance matrix of proposal pdf.
[mcmc] Learn + convergence test @ 54440 samples accepted.
[likelihoodcollection] Average computation time:
   flamingo.inference.masked_ps.MaskedBandPowerLikelihood : 5.32914e-05 s (136218 evaluations, 7.25925 s total)
[theorycollection] Average computation time:
   flamingo.inference.masked_ps.MaskedTSZTheory : 0.016571 s (136218 evaluations, 2257.26 s total)
[mcmc]  - Acceptance rate: 0.354
[mcmc]  - Convergence of means: R-1 = 0.019396 after 43552 accepted steps
[mcmc]  - Updated covariance matrix of proposal pdf.
[mcmc] Learn + convergence test @ 54480 samples accepted.
[likelihoodcollection] Average computation time:
   flamingo.inference.masked_ps.MaskedBandPowerLikelihood : 5.32932e-05 s (136294 evaluations, 7.26354 s total)
[theorycollection] Average computation time:
   flamingo.inference.masked_ps.MaskedTSZTheory : 0.0165711 s (136294 evaluations, 2258.55 s total)
[mcmc]  - Acceptance rate: 0.354
[mcmc]  - Convergence of means: R-1 = 0.019430 after 43584 accepted steps
[mcmc]  - Updated covariance matrix of proposal pdf.
[mcmc] Learn + convergence test @ 54520 samples accepted.
[likelihoodcollection] Average computation time:
   flamingo.inference.masked_ps.MaskedBandPowerLikelihood : 5.32955e-05 s (136401 evaluations, 7.26956 s total)
[theorycollection] Average computation time:
   flamingo.inference.masked_ps.MaskedTSZTheory : 0.0165711 s (136401 evaluations, 2260.32 s total)
[mcmc]  - Acceptance rate: 0.354
[mcmc]  - Convergence of means: R-1 = 0.019165 after 43616 accepted steps
[mcmc]  - Updated covariance matrix of proposal pdf.
[mcmc] Learn + convergence test @ 54560 samples accepted.
[likelihoodcollection] Average computation time:
   flamingo.inference.masked_ps.MaskedBandPowerLikelihood : 5.32947e-05 s (136526 evaluations, 7.27611 s total)
[theorycollection] Average computation time:
   flamingo.inference.masked_ps.MaskedTSZTheory : 0.0165709 s (136526 evaluations, 2262.36 s total)
[mcmc]  - Acceptance rate: 0.354
[mcmc]  - Convergence of means: R-1 = 0.019044 after 43648 accepted steps
[mcmc]  - Updated covariance matrix of proposal pdf.
[mcmc] Learn + convergence test @ 54600 samples accepted.
[likelihoodcollection] Average computation time:
   flamingo.inference.masked_ps.MaskedBandPowerLikelihood : 5.32923e-05 s (136630 evaluations, 7.28132 s total)
[theorycollection] Average computation time:
   flamingo.inference.masked_ps.MaskedTSZTheory : 0.0165705 s (136630 evaluations, 2264.02 s total)
[mcmc]  - Acceptance rate: 0.354
[mcmc]  - Convergence of means: R-1 = 0.018543 after 43680 accepted steps
[mcmc]  - Updated covariance matrix of proposal pdf.
[mcmc] Learn + convergence test @ 54640 samples accepted.
[likelihoodcollection] Average computation time:
   flamingo.inference.masked_ps.MaskedBandPowerLikelihood : 5.32952e-05 s (136725 evaluations, 7.28679 s total)
[theorycollection] Average computation time:
   flamingo.inference.masked_ps.MaskedTSZTheory : 0.0165703 s (136725 evaluations, 2265.58 s total)
[mcmc]  - Acceptance rate: 0.354
[mcmc]  - Convergence of means: R-1 = 0.018263 after 43712 accepted steps
[mcmc]  - Updated covariance matrix of proposal pdf.
[mcmc] Learn + convergence test @ 54680 samples accepted.
[likelihoodcollection] Average computation time:
   flamingo.inference.masked_ps.MaskedBandPowerLikelihood : 5.32944e-05 s (136814 evaluations, 7.29141 s total)
[theorycollection] Average computation time:
   flamingo.inference.masked_ps.MaskedTSZTheory : 0.0165704 s (136814 evaluations, 2267.06 s total)
[mcmc]  - Acceptance rate: 0.354
[mcmc]  - Convergence of means: R-1 = 0.017602 after 43744 accepted steps
[mcmc]  - Updated covariance matrix of proposal pdf.
[mcmc] Learn + convergence test @ 54720 samples accepted.
[likelihoodcollection] Average computation time:
   flamingo.inference.masked_ps.MaskedBandPowerLikelihood : 5.32973e-05 s (136929 evaluations, 7.29794 s total)
[theorycollection] Average computation time:
   flamingo.inference.masked_ps.MaskedTSZTheory : 0.0165705 s (136929 evaluations, 2268.99 s total)
[mcmc]  - Acceptance rate: 0.354
[mcmc]  - Convergence of means: R-1 = 0.017236 after 43776 accepted steps
[mcmc]  - Updated covariance matrix of proposal pdf.
[mcmc] Learn + convergence test @ 54760 samples accepted.
[likelihoodcollection] Average computation time:
   flamingo.inference.masked_ps.MaskedBandPowerLikelihood : 5.32986e-05 s (137031 evaluations, 7.30356 s total)
[theorycollection] Average computation time:
   flamingo.inference.masked_ps.MaskedTSZTheory : 0.0165704 s (137031 evaluations, 2270.66 s total)
[mcmc]  - Acceptance rate: 0.354
[mcmc]  - Convergence of means: R-1 = 0.016872 after 43808 accepted steps
[mcmc]  - Updated covariance matrix of proposal pdf.
[mcmc] Learn + convergence test @ 54800 samples accepted.
[likelihoodcollection] Average computation time:
   flamingo.inference.masked_ps.MaskedBandPowerLikelihood : 5.32981e-05 s (137123 evaluations, 7.30839 s total)
[theorycollection] Average computation time:
   flamingo.inference.masked_ps.MaskedTSZTheory : 0.0165705 s (137123 evaluations, 2272.2 s total)
[mcmc]  - Acceptance rate: 0.354
[mcmc]  - Convergence of means: R-1 = 0.016479 after 43840 accepted steps
[mcmc]  - Updated covariance matrix of proposal pdf.
[mcmc] Learn + convergence test @ 54840 samples accepted.
[likelihoodcollection] Average computation time:
   flamingo.inference.masked_ps.MaskedBandPowerLikelihood : 5.3299e-05 s (137208 evaluations, 7.31306 s total)
[theorycollection] Average computation time:
   flamingo.inference.masked_ps.MaskedTSZTheory : 0.0165706 s (137208 evaluations, 2273.62 s total)
[mcmc]  - Acceptance rate: 0.354
[mcmc]  - Convergence of means: R-1 = 0.015966 after 43872 accepted steps
[mcmc]  - Updated covariance matrix of proposal pdf.
[mcmc] Learn + convergence test @ 54880 samples accepted.
[likelihoodcollection] Average computation time:
   flamingo.inference.masked_ps.MaskedBandPowerLikelihood : 5.32994e-05 s (137318 evaluations, 7.31897 s total)
[theorycollection] Average computation time:
   flamingo.inference.masked_ps.MaskedTSZTheory : 0.0165706 s (137318 evaluations, 2275.44 s total)
[mcmc]  - Acceptance rate: 0.354
[mcmc]  - Convergence of means: R-1 = 0.015854 after 43904 accepted steps
[mcmc]  - Updated covariance matrix of proposal pdf.
[mcmc] Learn + convergence test @ 54920 samples accepted.
[likelihoodcollection] Average computation time:
   flamingo.inference.masked_ps.MaskedBandPowerLikelihood : 5.33007e-05 s (137416 evaluations, 7.32437 s total)
[theorycollection] Average computation time:
   flamingo.inference.masked_ps.MaskedTSZTheory : 0.0165706 s (137416 evaluations, 2277.06 s total)
[mcmc]  - Acceptance rate: 0.354
[mcmc]  - Convergence of means: R-1 = 0.015559 after 43936 accepted steps
[mcmc]  - Updated covariance matrix of proposal pdf.
[mcmc] Learn + convergence test @ 54960 samples accepted.
[likelihoodcollection] Average computation time:
   flamingo.inference.masked_ps.MaskedBandPowerLikelihood : 5.32997e-05 s (137540 evaluations, 7.33084 s total)
[theorycollection] Average computation time:
   flamingo.inference.masked_ps.MaskedTSZTheory : 0.0165705 s (137540 evaluations, 2279.1 s total)
[mcmc]  - Acceptance rate: 0.354
[mcmc]  - Convergence of means: R-1 = 0.015318 after 43968 accepted steps
[mcmc]  - Updated covariance matrix of proposal pdf.
[mcmc] Learn + convergence test @ 55000 samples accepted.
[likelihoodcollection] Average computation time:
   flamingo.inference.masked_ps.MaskedBandPowerLikelihood : 5.32992e-05 s (137620 evaluations, 7.33503 s total)
[theorycollection] Average computation time:
   flamingo.inference.masked_ps.MaskedTSZTheory : 0.0165704 s (137620 evaluations, 2280.42 s total)
[mcmc]  - Acceptance rate: 0.354
[mcmc]  - Convergence of means: R-1 = 0.014070 after 44000 accepted steps
[mcmc]  - Updated covariance matrix of proposal pdf.
[mcmc] Learn + convergence test @ 55040 samples accepted.
[likelihoodcollection] Average computation time:
   flamingo.inference.masked_ps.MaskedBandPowerLikelihood : 5.33002e-05 s (137701 evaluations, 7.33949 s total)
[theorycollection] Average computation time:
   flamingo.inference.masked_ps.MaskedTSZTheory : 0.0165705 s (137701 evaluations, 2281.78 s total)
[mcmc]  - Acceptance rate: 0.354
[mcmc]  - Convergence of means: R-1 = 0.013371 after 44032 accepted steps
[mcmc]  - Updated covariance matrix of proposal pdf.
[mcmc] Learn + convergence test @ 55080 samples accepted.
[likelihoodcollection] Average computation time:
   flamingo.inference.masked_ps.MaskedBandPowerLikelihood : 5.33005e-05 s (137799 evaluations, 7.34475 s total)
[theorycollection] Average computation time:
   flamingo.inference.masked_ps.MaskedTSZTheory : 0.0165705 s (137799 evaluations, 2283.4 s total)
[mcmc]  - Acceptance rate: 0.354
[mcmc]  - Convergence of means: R-1 = 0.013408 after 44064 accepted steps
[mcmc]  - Updated covariance matrix of proposal pdf.
[mcmc] Learn + convergence test @ 55120 samples accepted.
[likelihoodcollection] Average computation time:
   flamingo.inference.masked_ps.MaskedBandPowerLikelihood : 5.32991e-05 s (137894 evaluations, 7.34962 s total)
[theorycollection] Average computation time:
   flamingo.inference.masked_ps.MaskedTSZTheory : 0.0165705 s (137894 evaluations, 2284.98 s total)
[mcmc]  - Acceptance rate: 0.354
[mcmc]  - Convergence of means: R-1 = 0.013444 after 44096 accepted steps
[mcmc]  - Updated covariance matrix of proposal pdf.
[mcmc] Learn + convergence test @ 55160 samples accepted.
[likelihoodcollection] Average computation time:
   flamingo.inference.masked_ps.MaskedBandPowerLikelihood : 5.33018e-05 s (138050 evaluations, 7.35831 s total)
[theorycollection] Average computation time:
   flamingo.inference.masked_ps.MaskedTSZTheory : 0.0165708 s (138050 evaluations, 2287.6 s total)
[mcmc]  - Acceptance rate: 0.354
[mcmc]  - Convergence of means: R-1 = 0.013452 after 44128 accepted steps
[mcmc]  - Updated covariance matrix of proposal pdf.
[mcmc] Progress @ 2026-08-03 00:50:58 : 153057 steps taken, and 55165 accepted.
[mcmc] Learn + convergence test @ 55200 samples accepted.
[likelihoodcollection] Average computation time:
   flamingo.inference.masked_ps.MaskedBandPowerLikelihood : 5.33012e-05 s (138195 evaluations, 7.36596 s total)
[theorycollection] Average computation time:
   flamingo.inference.masked_ps.MaskedTSZTheory : 0.0165708 s (138195 evaluations, 2290.01 s total)
[mcmc]  - Acceptance rate: 0.354
[mcmc]  - Convergence of means: R-1 = 0.013569 after 44160 accepted steps
[mcmc]  - Updated covariance matrix of proposal pdf.
[mcmc] Learn + convergence test @ 55240 samples accepted.
[likelihoodcollection] Average computation time:
   flamingo.inference.masked_ps.MaskedBandPowerLikelihood : 5.33036e-05 s (138311 evaluations, 7.37248 s total)
[theorycollection] Average computation time:
   flamingo.inference.masked_ps.MaskedTSZTheory : 0.016571 s (138311 evaluations, 2291.95 s total)
[mcmc]  - Acceptance rate: 0.354
[mcmc]  - Convergence of means: R-1 = 0.013667 after 44192 accepted steps
[mcmc]  - Updated covariance matrix of proposal pdf.
[mcmc] Learn + convergence test @ 55280 samples accepted.
[likelihoodcollection] Average computation time:
   flamingo.inference.masked_ps.MaskedBandPowerLikelihood : 5.33042e-05 s (138423 evaluations, 7.37852 s total)
[theorycollection] Average computation time:
   flamingo.inference.masked_ps.MaskedTSZTheory : 0.016571 s (138423 evaluations, 2293.81 s total)
[mcmc]  - Acceptance rate: 0.354
[mcmc]  - Convergence of means: R-1 = 0.012488 after 44224 accepted steps
[mcmc]  - Updated covariance matrix of proposal pdf.
[mcmc] Learn + convergence test @ 55320 samples accepted.
[likelihoodcollection] Average computation time:
   flamingo.inference.masked_ps.MaskedBandPowerLikelihood : 5.33046e-05 s (138519 evaluations, 7.3837 s total)
[theorycollection] Average computation time:
   flamingo.inference.masked_ps.MaskedTSZTheory : 0.0165711 s (138519 evaluations, 2295.41 s total)
[mcmc]  - Acceptance rate: 0.354
[mcmc]  - Convergence of means: R-1 = 0.011278 after 44256 accepted steps
[mcmc]  - Updated covariance matrix of proposal pdf.
[mcmc] Learn + convergence test @ 55360 samples accepted.
[likelihoodcollection] Average computation time:
   flamingo.inference.masked_ps.MaskedBandPowerLikelihood : 5.3305e-05 s (138621 evaluations, 7.38919 s total)
[theorycollection] Average computation time:
   flamingo.inference.masked_ps.MaskedTSZTheory : 0.0165711 s (138621 evaluations, 2297.1 s total)
[mcmc]  - Acceptance rate: 0.354
[mcmc]  - Convergence of means: R-1 = 0.010473 after 44288 accepted steps
[mcmc]  - Updated covariance matrix of proposal pdf.
[mcmc] Learn + convergence test @ 55400 samples accepted.
[likelihoodcollection] Average computation time:
   flamingo.inference.masked_ps.MaskedBandPowerLikelihood : 5.33025e-05 s (138712 evaluations, 7.3937 s total)
[theorycollection] Average computation time:
   flamingo.inference.masked_ps.MaskedTSZTheory : 0.0165706 s (138712 evaluations, 2298.55 s total)
[mcmc]  - Acceptance rate: 0.354
[mcmc]  - Convergence of means: R-1 = 0.010084 after 44320 accepted steps
[mcmc]  - Updated covariance matrix of proposal pdf.
[mcmc] Learn + convergence test @ 55440 samples accepted.
[likelihoodcollection] Average computation time:
   flamingo.inference.masked_ps.MaskedBandPowerLikelihood : 5.33026e-05 s (138822 evaluations, 7.39957 s total)
[theorycollection] Average computation time:
   flamingo.inference.masked_ps.MaskedTSZTheory : 0.0165704 s (138822 evaluations, 2300.33 s total)
[mcmc]  - Acceptance rate: 0.353
[mcmc]  - Convergence of means: R-1 = 0.010212 after 44352 accepted steps
[mcmc]  - Updated covariance matrix of proposal pdf.
[mcmc] Learn + convergence test @ 55480 samples accepted.
[likelihoodcollection] Average computation time:
   flamingo.inference.masked_ps.MaskedBandPowerLikelihood : 5.32994e-05 s (138940 evaluations, 7.40542 s total)
[theorycollection] Average computation time:
   flamingo.inference.masked_ps.MaskedTSZTheory : 0.0165696 s (138940 evaluations, 2302.19 s total)
[mcmc]  - Acceptance rate: 0.353
[mcmc]  - Convergence of means: R-1 = 0.010515 after 44384 accepted steps
[mcmc]  - Updated covariance matrix of proposal pdf.
[mcmc] Learn + convergence test @ 55520 samples accepted.
[likelihoodcollection] Average computation time:
   flamingo.inference.masked_ps.MaskedBandPowerLikelihood : 5.33006e-05 s (139040 evaluations, 7.41092 s total)
[theorycollection] Average computation time:
   flamingo.inference.masked_ps.MaskedTSZTheory : 0.0165697 s (139040 evaluations, 2303.85 s total)
[mcmc]  - Acceptance rate: 0.353
[mcmc]  - Convergence of means: R-1 = 0.010456 after 44416 accepted steps
[mcmc]  - Updated covariance matrix of proposal pdf.
[mcmc] Learn + convergence test @ 55560 samples accepted.
[likelihoodcollection] Average computation time:
   flamingo.inference.masked_ps.MaskedBandPowerLikelihood : 5.32983e-05 s (139131 evaluations, 7.41544 s total)
[theorycollection] Average computation time:
   flamingo.inference.masked_ps.MaskedTSZTheory : 0.0165697 s (139131 evaluations, 2305.36 s total)
[mcmc]  - Acceptance rate: 0.353
[mcmc]  - Convergence of means: R-1 = 0.010420 after 44448 accepted steps
[mcmc]  - Updated covariance matrix of proposal pdf.
[mcmc] Learn + convergence test @ 55600 samples accepted.
[likelihoodcollection] Average computation time:
   flamingo.inference.masked_ps.MaskedBandPowerLikelihood : 5.32974e-05 s (139214 evaluations, 7.41975 s total)
[theorycollection] Average computation time:
   flamingo.inference.masked_ps.MaskedTSZTheory : 0.0165697 s (139214 evaluations, 2306.74 s total)
[mcmc]  - Acceptance rate: 0.354
[mcmc]  - Convergence of means: R-1 = 0.010431 after 44480 accepted steps
[mcmc]  - Updated covariance matrix of proposal pdf.
[mcmc] Learn + convergence test @ 55640 samples accepted.
[likelihoodcollection] Average computation time:
   flamingo.inference.masked_ps.MaskedBandPowerLikelihood : 5.32974e-05 s (139296 evaluations, 7.42411 s total)
[theorycollection] Average computation time:
   flamingo.inference.masked_ps.MaskedTSZTheory : 0.0165696 s (139296 evaluations, 2308.08 s total)
[mcmc]  - Acceptance rate: 0.354
[mcmc]  - Convergence of means: R-1 = 0.010236 after 44512 accepted steps
[mcmc]  - Updated covariance matrix of proposal pdf.
[mcmc] Learn + convergence test @ 55680 samples accepted.
[likelihoodcollection] Average computation time:
   flamingo.inference.masked_ps.MaskedBandPowerLikelihood : 5.33027e-05 s (139429 evaluations, 7.43194 s total)
[theorycollection] Average computation time:
   flamingo.inference.masked_ps.MaskedTSZTheory : 0.0165699 s (139429 evaluations, 2310.32 s total)
[mcmc]  - Acceptance rate: 0.353
[mcmc]  - Convergence of means: R-1 = 0.009994 after 44544 accepted steps
[mcmc]  - Updated covariance matrix of proposal pdf.
[mcmc] Learn + convergence test @ 55720 samples accepted.
[likelihoodcollection] Average computation time:
   flamingo.inference.masked_ps.MaskedBandPowerLikelihood : 5.33054e-05 s (139521 evaluations, 7.43723 s total)
[theorycollection] Average computation time:
   flamingo.inference.masked_ps.MaskedTSZTheory : 0.0165697 s (139521 evaluations, 2311.83 s total)
[mcmc]  - Acceptance rate: 0.354
[mcmc]  - Convergence of means: R-1 = 0.009885 after 44576 accepted steps
[mcmc]  - Convergence of bounds: R-1 = 0.076917 after 55720 accepted steps
[mcmc] The run has converged!
[mcmc] Sampling complete after 55720 accepted steps.
[flamingo.inference.masked_ps.maskedbandpowerlikelihood] Average evaluation time for flamingo.inference.masked_ps.MaskedBandPowerLikelihood: 5.33054e-05 s  (139521 evaluations)
[flamingo.inference.masked_ps.maskedtsztheory] Average evaluation time for flamingo.inference.masked_ps.MaskedTSZTheory: 0.0165697 s  (139521 evaluations)
